사고번호,사고일시,요일,시군구,사고내용,사망자수,중상자수,경상자수,부상신고자수,사고유형,법규위반,노면상태,기상상태,도로형태,가해운전자 차종,가해운전자 성별,가해운전자 연령,가해운전자 상해정도,피해운전자 차종,피해운전자 성별,피해운전자 연령,피해운전자 상해정도
2019020300100047,2019년 2월 3일 01시,일요일,전라남도 목포시 항동,중상사고,0,1,0,0,차대사람 - 기타,중앙선침범,건조,맑음,단일로 - 기타,승합,남,81세,상해없음,보행자,여,84세,중상
2019020300100089,2019년 2월 3일 03시,일요일,전라남도 여수시 여서동,중상사고,0,1,0,0,차대사람 - 횡단중,안전운전불이행,젖음/습기,비,교차로 - 교차로안,화물,남,45세,상해없음,보행자,여,50세,중상
2019020300100122,2019년 2월 3일 05시,일요일,전라남도 광양시 중동,경상사고,0,0,1,0,차대차 - 측면충돌,신호위반,젖음/습기,비,교차로 - 교차로안,승용,남,58세,상해없음,승용,남,58세,상해없음
2019020300100149,2019년 2월 3일 08시,일요일,전라남도 무안군 삼향읍,경상사고,0,0,3,0,차대차 - 추돌,안전운전불이행,건조,맑음,단일로 - 기타,승용,여,49세,상해없음,승용,여,43세,경상
2019020300100164,2019년 2월 3일 09시,일요일,전라남도 장흥군 장흥읍,중상사고,0,1,2,0,차대차 - 측면충돌,신호위반,젖음/습기,비,교차로 - 교차로안,화물,남,77세,상해없음,승용,남,32세,경상
2019020300100165,2019년 2월 3일 09시,일요일,전라남도 장흥군 장흥읍,경상사고,0,0,2,0,차대차 - 측면충돌,안전운전불이행,젖음/습기,비,교차로 - 교차로부근,승용,남,64세,상해없음,승용,남,49세,경상
2019020300100180,2019년 2월 3일 10시,일요일,전라남도 목포시 해안동4가,중상사고,0,1,0,0,차대차 - 측면충돌,안전운전불이행,젖음/습기,흐림,단일로 - 기타,화물,여,60세,상해없음,자전거,남,76세,중상
2019020300100181,2019년 2월 3일 10시,일요일,전라남도 화순군 도곡면,경상사고,0,0,1,0,차대차 - 측면충돌,과속,젖음/습기,비,단일로 - 기타,승용,여,39세,경상,승용,남,23세,상해없음
2019020300100204,2019년 2월 3일 11시,일요일,전라남도 목포시 상동,경상사고,0,0,1,0,차대차 - 측면충돌,안전운전불이행,젖음/습기,흐림,단일로 - 기타,승용,여,55세,경상,승용,남,54세,상해없음
2019020300100205,2019년 2월 3일 11시,일요일,전라남도 나주시 빛가람동,경상사고,0,0,1,0,차대차 - 측면충돌,신호위반,젖음/습기,비,교차로 - 교차로안,화물,남,57세,상해없음,이륜,남,22세,경상
2019020300100221,2019년 2월 3일 12시,일요일,전라남도 순천시 남정동,경상사고,0,0,1,0,차대차 - 기타,안전운전불이행,젖음/습기,맑음,단일로 - 기타,승용,남,72세,상해없음,원동기,남,68세,경상
2019020300100268,2019년 2월 3일 14시,일요일,전라남도 함평군 함평읍,경상사고,0,0,1,0,차대사람 - 기타,안전운전불이행,젖음/습기,비,교차로 - 교차로부근,승용,남,45세,상해없음,보행자,남,41세,경상
2019020300100269,2019년 2월 3일 14시,일요일,전라남도 강진군 군동면,부상신고사고,0,0,0,1,차량단독 - 공작물충돌,안전운전불이행,젖음/습기,비,단일로 - 기타,화물,남,34세,상해없음,,,,
2019020300100270,2019년 2월 3일 14시,일요일,전라남도 무안군 삼향읍,경상사고,0,0,1,0,차대차 - 정면충돌,안전운전불이행,건조,맑음,교차로 - 교차로안,승용,남,42세,상해없음,승용,남,45세,경상
2019020300100291,2019년 2월 3일 15시,일요일,전라남도 순천시 해룡면,경상사고,0,0,2,0,차대차 - 측면충돌,안전운전불이행,건조,맑음,단일로 - 기타,승합,남,39세,상해없음,승용,남,56세,경상
2019020300100292,2019년 2월 3일 15시,일요일,전라남도 순천시 장천동,경상사고,0,0,1,0,차량단독 - 기타,안전운전불이행,건조,맑음,기타 - 기타,승합,남,55세,상해없음,,,,
2019020300100293,2019년 2월 3일 15시,일요일,전라남도 강진군 칠량면,중상사고,0,4,0,1,차대차 - 정면충돌,중앙선침범,젖음/습기,비,단일로 - 기타,승용,남,55세,중상,승용,남,48세,중상
2019020300100320,2019년 2월 3일 16시,일요일,전라남도 목포시 상동,경상사고,0,0,1,0,차대차 - 정면충돌,교차로운행방법위반,건조,맑음,교차로 - 교차로안,승용,남,53세,상해없음,이륜,남,18세,경상
2019020300100321,2019년 2월 3일 16시,일요일,전라남도 목포시 상동,경상사고,0,0,3,0,차대차 - 측면충돌,안전운전불이행,건조,흐림,단일로 - 기타,승용,여,36세,경상,승용,남,61세,경상
2019020300100322,2019년 2월 3일 16시,일요일,전라남도 화순군 화순읍,경상사고,0,0,4,0,차대차 - 기타,직진우회전진행방해,건조,흐림,교차로 - 교차로안,승용,남,29세,경상,승용,남,42세,상해없음
2019020300100340,2019년 2월 3일 17시,일요일,전라남도 신안군 압해읍,경상사고,0,0,4,0,차대차 - 측면충돌,안전운전불이행,건조,맑음,단일로 - 기타,승용,남,80세,경상,승용,여,58세,경상
2019020300100341,2019년 2월 3일 17시,일요일,전라남도 순천시 해룡면,경상사고,0,0,2,0,차대차 - 기타,안전운전불이행,젖음/습기,비,단일로 - 기타,승용,여,33세,상해없음,승용,여,26세,경상
2019020300100375,2019년 2월 3일 18시,일요일,전라남도 여수시 학동,경상사고,0,0,1,0,차대차 - 기타,안전운전불이행,건조,맑음,교차로 - 교차로안,승용,남,37세,상해없음,승용,남,39세,경상
2019020300100376,2019년 2월 3일 18시,일요일,전라남도 순천시 해룡면,중상사고,0,1,0,0,차대사람 - 횡단중,보행자보호의무위반,젖음/습기,비,교차로 - 교차로횡단보도내,승용,남,45세,상해없음,보행자,여,36세,중상
2019020300100377,2019년 2월 3일 18시,일요일,전라남도 나주시 성북동,경상사고,0,0,1,0,차대차 - 후진중충돌,안전운전불이행,젖음/습기,비,주차장 - 주차장,승용,남,59세,상해없음,승용,남,38세,경상
2019020300100378,2019년 2월 3일 18시,일요일,전라남도 영암군 영암읍,경상사고,0,0,1,0,차량단독 - 공작물충돌,안전운전불이행,젖음/습기,비,단일로 - 기타,승용,남,20세,경상,,,,
2019020300100379,2019년 2월 3일 18시,일요일,전라남도 강진군 강진읍,경상사고,0,0,1,0,차대사람 - 길가장자리구역통행중,안전운전불이행,젖음/습기,비,단일로 - 기타,승용,여,46세,상해없음,보행자,남,50세,경상
2019020300100439,2019년 2월 3일 20시,일요일,전라남도 여수시 학동,경상사고,0,0,1,0,차대차 - 기타,교차로운행방법위반,건조,맑음,교차로 - 교차로안,승용,남,32세,경상,승용,남,60세,상해없음
2019020300100440,2019년 2월 3일 20시,일요일,전라남도 순천시 오천동,경상사고,0,0,5,0,차대차 - 기타,중앙선침범,건조,맑음,교차로 - 교차로안,승용,여,60세,상해없음,승용,여,61세,경상
2019020300100461,2019년 2월 3일 21시,일요일,전라남도 여수시 여서동,부상신고사고,0,0,0,1,차대차 - 측면충돌,직진우회전진행방해,건조,맑음,교차로 - 교차로안,승용,여,49세,상해없음,이륜,남,19세,부상신고
2019020300100462,2019년 2월 3일 21시,일요일,전라남도 진도군 의신면,중상사고,0,3,0,0,차량단독 - 공작물충돌,안전운전불이행,젖음/습기,흐림,단일로 - 기타,화물,남,25세,중상,,,,
2019020300100463,2019년 2월 3일 21시,일요일,전라남도 광양시 광양읍,중상사고,0,1,1,0,차대차 - 기타,안전운전불이행,건조,흐림,교차로 - 교차로부근,승용,남,26세,상해없음,승용,남,50세,경상
2019020300100479,2019년 2월 3일 22시,일요일,전라남도 목포시 산정동,경상사고,0,0,2,0,차대차 - 측면충돌,안전운전불이행,건조,맑음,교차로 - 교차로부근,승용,남,56세,상해없음,승용,남,28세,경상
2019020400100029,2019년 2월 4일 00시,월요일,전라남도 순천시 조례동,경상사고,0,0,2,0,차대사람 - 횡단중,안전운전불이행,건조,맑음,교차로 - 교차로부근,승용,남,45세,상해없음,보행자,남,36세,경상
2019020400100063,2019년 2월 4일 03시,월요일,전라남도 목포시 상동,경상사고,0,0,1,0,차대사람 - 횡단중,안전운전불이행,젖음/습기,흐림,단일로 - 기타,승용,여,55세,상해없음,보행자,여,27세,경상
2019020400100082,2019년 2월 4일 07시,월요일,전라남도 여수시 국동,중상사고,0,1,1,0,차대차 - 기타,중앙선침범,건조,맑음,단일로 - 기타,화물,여,64세,경상,승용,남,69세,중상
2019020400100099,2019년 2월 4일 09시,월요일,전라남도 순천시 풍덕동,경상사고,0,0,1,0,차대사람 - 차도통행중,직진우회전진행방해,건조,맑음,교차로 - 교차로안,승용,남,60세,상해없음,보행자,여,52세,경상
2019020400100113,2019년 2월 4일 10시,월요일,전라남도 나주시 동강면,중상사고,0,1,5,0,차대차 - 측면충돌,신호위반,건조,맑음,교차로 - 교차로안,화물,남,64세,경상,승용,남,47세,경상
2019020400100114,2019년 2월 4일 10시,월요일,전라남도 광양시 진상면,중상사고,0,1,1,0,차대차 - 추돌,안전거리미확보,건조,맑음,단일로 - 기타,승용,여,48세,상해없음,승용,남,46세,상해없음
2019020400100152,2019년 2월 4일 12시,월요일,전라남도 여수시 종화동,중상사고,0,1,0,0,차대사람 - 길가장자리구역통행중,안전운전불이행,건조,맑음,단일로 - 기타,승용,여,62세,상해없음,보행자,남,51세,중상
2019020400100153,2019년 2월 4일 12시,월요일,전라남도 여수시 미평동,경상사고,0,0,2,0,차대차 - 측면충돌,교차로운행방법위반,건조,맑음,교차로 - 교차로안,이륜,남,25세,경상,승용,남,26세,경상
2019020400100176,2019년 2월 4일 13시,월요일,전라남도 나주시 삼영동,경상사고,0,0,4,0,차대차 - 기타,교차로운행방법위반,건조,맑음,교차로 - 교차로부근,승용,남,43세,기타불명,승용,남,42세,경상
2019020400100206,2019년 2월 4일 14시,월요일,전라남도 여수시 신기동,경상사고,0,0,1,0,차대차 - 측면충돌,교차로운행방법위반,건조,맑음,교차로 - 교차로안,이륜,남,35세,경상,승용,남,41세,상해없음
2019020400100238,2019년 2월 4일 16시,월요일,전라남도 함평군 해보면,경상사고,0,0,1,0,차량단독 - 전도전복 - 전도,안전운전불이행,건조,맑음,단일로 - 지하차도(도로)내,이륜,남,49세,경상,,,,
2019020400100239,2019년 2월 4일 16시,월요일,전라남도 광양시 광양읍,부상신고사고,0,0,0,1,차대차 - 기타,안전운전불이행,건조,맑음,단일로 - 기타,승용,남,49세,부상신고,승용,남,25세,기타불명
2019020400100259,2019년 2월 4일 17시,월요일,전라남도 목포시 산정동,경상사고,0,0,2,0,차대차 - 기타,안전운전불이행,건조,맑음,단일로 - 기타,승용,남,40세,경상,승용,남,62세,경상
2019020400100260,2019년 2월 4일 17시,월요일,전라남도 고흥군 과역면,경상사고,0,0,1,0,차대차 - 기타,안전운전불이행,건조,맑음,단일로 - 기타,승용,남,66세,상해없음,승용,여,64세,경상
2019020400100261,2019년 2월 4일 17시,월요일,전라남도 무안군 현경면,경상사고,0,0,1,0,차대차 - 추돌,안전운전불이행,건조,맑음,단일로 - 기타,승용,여,38세,상해없음,승용,남,52세,경상
2019020400100295,2019년 2월 4일 19시,월요일,전라남도 순천시 해룡면,중상사고,0,1,0,0,차대차 - 측면충돌,기타,건조,맑음,단일로 - 기타,승용,남,53세,상해없음,승용,남,50세,상해없음
2019020400100316,2019년 2월 4일 20시,월요일,전라남도 목포시 북교동,경상사고,0,0,1,0,차대사람 - 횡단중,보행자보호의무위반,건조,맑음,교차로 - 교차로안,승용,여,48세,상해없음,보행자,남,38세,경상
2019020400100317,2019년 2월 4일 20시,월요일,전라남도 영암군 덕진면,부상신고사고,0,0,0,1,차대사람 - 기타,안전운전불이행,건조,맑음,교차로 - 교차로부근,승용,남,37세,상해없음,보행자,여,33세,부상신고
2019020400100342,2019년 2월 4일 21시,월요일,전라남도 여수시 학동,경상사고,0,0,9,0,차대차 - 측면충돌,교차로운행방법위반,건조,맑음,교차로 - 교차로안,승용,남,52세,경상,승용,남,35세,경상
2019020400100343,2019년 2월 4일 21시,월요일,전라남도 화순군 이양면,부상신고사고,0,0,0,1,차량단독 - 기타,안전운전불이행,건조,맑음,단일로 - 기타,승용,남,45세,부상신고,,,,
2019020400100365,2019년 2월 4일 23시,월요일,전라남도 목포시 옥암동,사망사고,1,0,0,0,차대사람 - 기타,안전운전불이행,건조,흐림,단일로 - 기타,승용,남,20세,상해없음,보행자,남,26세,사망
2019020500100049,2019년 2월 5일 03시,화요일,전라남도 순천시 연향동,경상사고,0,0,1,0,차량단독 - 전도전복 - 전복,안전운전불이행,건조,맑음,단일로 - 기타,승용,남,33세,경상,,,,
2019020500100064,2019년 2월 5일 06시,화요일,전라남도 담양군 담양읍,중상사고,0,1,0,0,차대차 - 측면충돌,신호위반,건조,맑음,교차로 - 교차로안,승용,여,55세,상해없음,자전거,남,83세,중상
2019020500100104,2019년 2월 5일 11시,화요일,전라남도 고흥군 동강면,경상사고,0,0,11,0,차대차 - 추돌,안전운전불이행,건조,맑음,단일로 - 기타,승용,남,48세,경상,승용,남,51세,경상
2019020500100123,2019년 2월 5일 12시,화요일,전라남도 고흥군 대서면,경상사고,0,0,1,0,차대사람 - 기타,안전운전불이행,건조,맑음,단일로 - 기타,화물,남,44세,상해없음,보행자,여,43세,경상
2019020500100145,2019년 2월 5일 13시,화요일,전라남도 나주시 왕곡면,중상사고,0,1,4,1,차대차 - 추돌,안전거리미확보,건조,맑음,단일로 - 기타,승용,여,23세,상해없음,승용,남,44세,경상
2019020500100146,2019년 2월 5일 13시,화요일,전라남도 고흥군 동강면,경상사고,0,0,3,1,차대차 - 추돌,안전운전불이행,건조,맑음,단일로 - 기타,승용,남,31세,상해없음,승용,남,41세,경상
2019020500100147,2019년 2월 5일 13시,화요일,전라남도 장성군 장성읍,경상사고,0,0,2,0,차대차 - 추돌,안전운전불이행,건조,맑음,단일로 - 기타,승용,남,46세,상해없음,승용,남,29세,상해없음
2019020500100181,2019년 2월 5일 14시,화요일,전라남도 신안군 비금면,부상신고사고,0,0,0,1,차량단독 - 전도전복 - 전도,안전운전불이행,건조,맑음,단일로 - 기타,이륜,남,71세,부상신고,,,,
2019020500100182,2019년 2월 5일 14시,화요일,전라남도 순천시 남내동,중상사고,0,1,0,0,차대사람 - 횡단중,보행자보호의무위반,건조,맑음,단일로 - 기타,승용,남,27세,상해없음,보행자,남,63세,중상
2019020500100199,2019년 2월 5일 15시,화요일,전라남도 목포시 달동,중상사고,0,2,0,1,차량단독 - 공작물충돌,안전운전불이행,건조,맑음,단일로 - 기타,승용,여,40세,부상신고,,,,
2019020500100200,2019년 2월 5일 15시,화요일,전라남도 장흥군 회진면,중상사고,0,1,3,0,차대차 - 측면충돌,중앙선침범,건조,맑음,단일로 - 기타,승용,남,77세,경상,승용,여,50세,중상
2019020500100201,2019년 2월 5일 15시,화요일,전라남도 고흥군 풍양면,중상사고,0,1,3,0,차대차 - 측면충돌,교차로운행방법위반,건조,맑음,교차로 - 교차로안,화물,남,67세,경상,승용,남,49세,경상
2019020500100202,2019년 2월 5일 15시,화요일,전라남도 화순군 춘양면,경상사고,0,0,3,1,차대차 - 추돌,안전거리미확보,건조,맑음,단일로 - 기타,승용,남,60세,부상신고,승용,남,48세,경상
2019020500100223,2019년 2월 5일 16시,화요일,전라남도 여수시 안산동,중상사고,0,1,0,0,차대차 - 측면충돌,신호위반,건조,맑음,교차로 - 교차로안,승용,남,43세,상해없음,이륜,남,35세,중상
2019020500100224,2019년 2월 5일 16시,화요일,전라남도 순천시 매곡동,경상사고,0,0,2,0,차대차 - 기타,안전운전불이행,건조,맑음,단일로 - 기타,승용,남,63세,상해없음,승용,여,47세,경상
2019020500100225,2019년 2월 5일 16시,화요일,전라남도 함평군 함평읍,경상사고,0,0,1,0,차대차 - 기타,중앙선침범,건조,맑음,기타 - 기타,승용,남,70세,상해없음,승용,남,37세,상해없음
2019020500100244,2019년 2월 5일 17시,화요일,전라남도 고흥군 동강면,경상사고,0,0,2,0,차대차 - 측면충돌,교차로운행방법위반,건조,맑음,교차로 - 교차로안,승용,여,40세,상해없음,화물,남,30세,경상
2019020500100255,2019년 2월 5일 18시,화요일,전라남도 해남군 해남읍,경상사고,0,0,10,0,차대차 - 추돌,안전운전불이행,건조,맑음,단일로 - 기타,승용,여,42세,경상,승용,남,25세,경상
2019020500100256,2019년 2월 5일 18시,화요일,전라남도 함평군 함평읍,경상사고,0,0,2,0,차대차 - 추돌,안전운전불이행,건조,맑음,단일로 - 기타,화물,남,32세,상해없음,승용,남,60세,경상
2019020500100289,2019년 2월 5일 19시,화요일,전라남도 나주시 용산동,경상사고,0,0,1,0,차대사람 - 횡단중,안전운전불이행,건조,맑음,기타 - 기타,화물,남,52세,상해없음,보행자,남,32세,경상
2019020500100290,2019년 2월 5일 19시,화요일,전라남도 장성군 장성읍,경상사고,0,0,1,0,차대차 - 측면충돌,중앙선침범,건조,맑음,단일로 - 기타,승용,남,71세,상해없음,승용,여,37세,상해없음
2019020600100031,2019년 2월 6일 01시,수요일,전라남도 장흥군 장흥읍,중상사고,0,2,2,0,차대차 - 측면충돌,직진우회전진행방해,건조,맑음,교차로 - 교차로안,승용,남,56세,중상,승용,남,18세,경상
2019020600100121,2019년 2월 6일 12시,수요일,전라남도 화순군 한천면,경상사고,0,0,3,0,차대차 - 기타,차로위반,건조,맑음,단일로 - 기타,승용,남,23세,경상,승용,남,33세,경상
2019020600100144,2019년 2월 6일 13시,수요일,전라남도 해남군 송지면,경상사고,0,0,1,0,차대사람 - 기타,안전운전불이행,건조,맑음,기타 - 기타,승용,여,69세,상해없음,보행자,남,57세,경상
2019020600100145,2019년 2월 6일 13시,수요일,전라남도 광양시 중동,중상사고,0,1,0,0,차대차 - 측면충돌,교차로운행방법위반,건조,맑음,교차로 - 교차로안,승용,여,21세,기타불명,이륜,남,25세,중상
2019020600100168,2019년 2월 6일 14시,수요일,전라남도 목포시 용해동,경상사고,0,0,3,0,차대차 - 측면충돌,안전운전불이행,건조,맑음,단일로 - 기타,승용,여,45세,경상,승용,남,27세,경상
2019020600100169,2019년 2월 6일 14시,수요일,전라남도 순천시 해룡면,경상사고,0,0,5,0,차대차 - 기타,안전거리미확보,건조,맑음,단일로 - 기타,승용,남,60세,상해없음,승용,남,44세,경상
2019020600100189,2019년 2월 6일 15시,수요일,전라남도 여수시 화양면,경상사고,0,0,3,0,차대차 - 측면충돌,기타,건조,맑음,교차로 - 교차로안,승용,남,45세,상해없음,승용,남,24세,경상
2019020600100214,2019년 2월 6일 16시,수요일,전라남도 순천시 조곡동,경상사고,0,0,1,0,차대차 - 추돌,교차로운행방법위반,건조,맑음,교차로 - 교차로안,화물,남,27세,상해없음,승용,남,59세,경상
2019020600100255,2019년 2월 6일 18시,수요일,전라남도 여수시 소호동,중상사고,0,1,0,0,차대사람 - 횡단중,신호위반,건조,맑음,단일로 - 기타,승용,남,55세,상해없음,보행자,남,58세,중상
2019020600100256,2019년 2월 6일 18시,수요일,전라남도 보성군 조성면,경상사고,0,0,1,0,차대차 - 추돌,안전운전불이행,건조,맑음,교차로 - 교차로부근,승용,여,43세,상해없음,승용,여,46세,경상
2019020600100257,2019년 2월 6일 18시,수요일,전라남도 광양시 중동,경상사고,0,0,1,1,차대차 - 기타,안전운전불이행,건조,맑음,교차로 - 교차로부근,이륜,남,19세,부상신고,승용,남,35세,상해없음
2019020600100307,2019년 2월 6일 20시,수요일,전라남도 목포시 용당동,중상사고,0,1,0,0,차대차 - 기타,안전운전불이행,건조,맑음,교차로 - 교차로안,승용,여,46세,상해없음,이륜,남,53세,중상
2019020600100345,2019년 2월 6일 22시,수요일,전라남도 여수시 학동,중상사고,0,1,0,0,차대차 - 측면충돌,안전운전불이행,건조,맑음,교차로 - 교차로부근,승합,남,50세,상해없음,이륜,남,35세,중상
2019020600100357,2019년 2월 6일 23시,수요일,전라남도 목포시 옥암동,경상사고,0,0,1,0,차대차 - 기타,교차로운행방법위반,건조,맑음,교차로 - 교차로안,승용,남,59세,상해없음,승용,남,41세,경상
2019020700100028,2019년 2월 7일 00시,목요일,전라남도 광양시 중동,부상신고사고,0,0,0,2,차대차 - 추돌,안전운전불이행,건조,흐림,교차로 - 교차로부근,승용,남,47세,상해없음,승용,남,48세,부상신고
2019020700100074,2019년 2월 7일 05시,목요일,전라남도 순천시 조례동,경상사고,0,0,1,0,차대차 - 기타,안전거리미확보,건조,맑음,단일로 - 기타,승용,여,61세,상해없음,승용,남,54세,경상
2019020700100103,2019년 2월 7일 07시,목요일,전라남도 목포시 상동,경상사고,0,0,1,0,차대사람 - 차도통행중,안전운전불이행,건조,맑음,교차로 - 교차로부근,승용,남,25세,상해없음,보행자,여,73세,경상
2019020700100104,2019년 2월 7일 07시,목요일,전라남도 영광군 영광읍,경상사고,0,0,1,0,차대차 - 측면충돌,안전운전불이행,건조,맑음,단일로 - 기타,승용,남,56세,상해없음,원동기,남,69세,경상
2019020700100125,2019년 2월 7일 08시,목요일,전라남도 목포시 옥암동,중상사고,0,2,2,0,차대차 - 추돌,안전거리미확보,건조,맑음,단일로 - 기타,승합,남,48세,상해없음,승용,남,40세,중상
2019020700100126,2019년 2월 7일 08시,목요일,전라남도 순천시 용당동,경상사고,0,0,1,0,차대차 - 측면충돌,안전운전불이행,건조,맑음,교차로 - 교차로안,승용,남,56세,상해없음,승용,남,55세,경상
2019020700100127,2019년 2월 7일 08시,목요일,전라남도 진도군 임회면,경상사고,0,0,2,0,차대차 - 기타,중앙선침범,건조,맑음,단일로 - 기타,승용,남,47세,경상,승용,남,46세,경상
2019020700100152,2019년 2월 7일 09시,목요일,전라남도 영광군 백수읍,경상사고,0,0,1,0,차대차 - 측면충돌,직진우회전진행방해,건조,맑음,교차로 - 교차로안,승용,여,54세,경상,건설기계,남,45세,상해없음
2019020700100174,2019년 2월 7일 10시,목요일,전라남도 해남군 송지면,경상사고,0,0,1,0,차대차 - 후진중충돌,안전운전불이행,건조,맑음,단일로 - 기타,화물,남,57세,상해없음,승용,여,51세,경상
2019020700100245,2019년 2월 7일 13시,목요일,전라남도 여수시 학동,경상사고,0,0,1,0,차대차 - 측면충돌,안전운전불이행,건조,맑음,교차로 - 교차로안,건설기계,남,69세,상해없음,승용,남,30세,경상
2019020700100280,2019년 2월 7일 14시,목요일,전라남도 목포시 대양동,경상사고,0,0,2,0,차대차 - 정면충돌,직진우회전진행방해,건조,맑음,교차로 - 교차로안,승용,남,27세,상해없음,승용,남,58세,경상
2019020700100281,2019년 2월 7일 14시,목요일,전라남도 순천시 석현동,중상사고,0,1,0,0,차대사람 - 횡단중,보행자보호의무위반,건조,맑음,교차로 - 교차로횡단보도내,승용,여,59세,상해없음,보행자,여,11세,중상
2019020700100282,2019년 2월 7일 14시,목요일,전라남도 강진군 강진읍,경상사고,0,0,1,0,차대사람 - 횡단중,보행자보호의무위반,건조,맑음,교차로 - 교차로횡단보도내,승용,여,53세,상해없음,보행자,남,10세,경상
2019020700100314,2019년 2월 7일 15시,목요일,전라남도 목포시 옥암동,경상사고,0,0,1,0,차대차 - 정면충돌,교차로운행방법위반,건조,맑음,교차로 - 교차로안,승합,남,39세,상해없음,이륜,남,18세,경상
2019020700100315,2019년 2월 7일 15시,목요일,전라남도 목포시 상동,경상사고,0,0,1,0,차대사람 - 차도통행중,안전운전불이행,건조,맑음,교차로 - 교차로안,승용,남,53세,상해없음,보행자,여,77세,경상
2019020700100345,2019년 2월 7일 16시,목요일,전라남도 목포시 상동,경상사고,0,0,2,0,차대차 - 기타,안전운전불이행,건조,맑음,단일로 - 기타,승용,여,40세,상해없음,승용,남,37세,경상
2019020700100346,2019년 2월 7일 16시,목요일,전라남도 목포시 용당동,경상사고,0,0,1,0,차대차 - 측면충돌,직진우회전진행방해,건조,맑음,교차로 - 교차로안,승용,남,59세,상해없음,승용,남,42세,경상
2019020700100347,2019년 2월 7일 16시,목요일,전라남도 여수시 관문동,경상사고,0,0,1,0,차대차 - 측면충돌,직진우회전진행방해,건조,맑음,교차로 - 교차로안,승용,남,42세,상해없음,승합,남,51세,상해없음
2019020700100387,2019년 2월 7일 17시,목요일,전라남도 순천시 남정동,경상사고,0,0,1,0,차대차 - 기타,교차로운행방법위반,건조,맑음,교차로 - 교차로부근,승용,남,51세,상해없음,승용,남,70세,경상
2019020700100388,2019년 2월 7일 17시,목요일,전라남도 해남군 황산면,경상사고,0,0,1,0,차대차 - 측면충돌,교차로운행방법위반,건조,맑음,교차로 - 교차로안,승용,남,43세,상해없음,승용,남,67세,경상
2019020700100423,2019년 2월 7일 18시,목요일,전라남도 목포시 석현동,경상사고,0,0,2,0,차대차 - 추돌,안전운전불이행,건조,맑음,교차로 - 교차로부근,승용,남,54세,상해없음,승용,남,34세,경상
2019020700100424,2019년 2월 7일 18시,목요일,전라남도 여수시 화장동,경상사고,0,0,2,0,차대차 - 측면충돌,안전운전불이행,건조,맑음,교차로 - 교차로안,승용,남,56세,상해없음,승용,남,27세,경상
2019020700100425,2019년 2월 7일 18시,목요일,전라남도 함평군 신광면,사망사고,1,0,0,0,차대사람 - 길가장자리구역통행중,안전운전불이행,건조,맑음,단일로 - 기타,승용,남,57세,상해없음,보행자,남,90세 이상,사망
2019020700100426,2019년 2월 7일 18시,목요일,전라남도 영암군 삼호읍,경상사고,0,0,1,0,차대차 - 측면충돌,안전운전불이행,건조,맑음,단일로 - 기타,승용,여,25세,경상,승합,기타불명,미분류,기타불명
2019020700100460,2019년 2월 7일 19시,목요일,전라남도 여수시 중앙동,경상사고,0,0,1,0,차대차 - 측면충돌,안전운전불이행,건조,맑음,교차로 - 교차로안,승용,남,39세,상해없음,승용,남,27세,경상
2019020700100481,2019년 2월 7일 20시,목요일,전라남도 여수시 여서동,중상사고,0,1,0,0,차대차 - 측면충돌,중앙선침범,건조,맑음,교차로 - 교차로부근,승용,남,42세,상해없음,이륜,남,31세,중상
2019020700100482,2019년 2월 7일 20시,목요일,전라남도 순천시 해룡면,경상사고,0,0,1,0,차량단독 - 기타,안전운전불이행,건조,맑음,단일로 - 기타,승용,남,30세,경상,,,,
2019020700100483,2019년 2월 7일 20시,목요일,전라남도 영암군 삼호읍,중상사고,0,1,2,0,차대차 - 측면충돌,안전운전불이행,건조,맑음,교차로 - 교차로안,승합,남,39세,경상,승용,남,27세,중상
2019020700100501,2019년 2월 7일 21시,목요일,전라남도 목포시 산정동,경상사고,0,0,1,0,차대사람 - 차도통행중,안전운전불이행,건조,맑음,단일로 - 기타,기타불명,기타불명,미분류,기타불명,보행자,여,39세,경상
2019020700100502,2019년 2월 7일 21시,목요일,전라남도 나주시 토계동,경상사고,0,0,1,0,차량단독 - 공작물충돌,안전운전불이행,건조,맑음,교차로 - 교차로부근,화물,남,57세,경상,,,,
2019020700100520,2019년 2월 7일 22시,목요일,전라남도 순천시 장천동,경상사고,0,0,1,0,차대차 - 추돌,안전운전불이행,건조,맑음,교차로 - 교차로부근,승용,남,58세,상해없음,승용,남,44세,경상
2019020800100022,2019년 2월 8일 00시,금요일,전라남도 순천시 연향동,경상사고,0,0,1,0,차대사람 - 기타,안전운전불이행,건조,맑음,단일로 - 기타,승용,남,64세,상해없음,보행자,남,27세,경상
2019020800100041,2019년 2월 8일 03시,금요일,전라남도 고흥군 고흥읍,경상사고,0,0,4,0,차량단독 - 주/정차차량 충돌,안전운전불이행,건조,맑음,단일로 - 기타,승용,남,19세,경상,,,,
2019020800100080,2019년 2월 8일 07시,금요일,전라남도 여수시 선원동,경상사고,0,0,1,0,차대차 - 측면충돌,안전운전불이행,건조,맑음,교차로 - 교차로안,승용,여,28세,상해없음,승용,남,30세,경상
2019020800100101,2019년 2월 8일 08시,금요일,전라남도 해남군 옥천면,경상사고,0,0,2,0,차대차 - 기타,신호위반,건조,맑음,단일로 - 터널,승용,여,62세,경상,화물,남,49세,경상