사고번호,사고일시,요일,시군구,사고내용,사망자수,중상자수,경상자수,부상신고자수,사고유형,법규위반,노면상태,기상상태,도로형태,가해운전자 차종,가해운전자 성별,가해운전자 연령,가해운전자 상해정도,피해운전자 차종,피해운전자 성별,피해운전자 연령,피해운전자 상해정도
2019021400100167,2019년 2월 14일 10시,목요일,전라남도 목포시 상동,경상사고,0,0,1,0,차대사람 - 기타,안전운전불이행,건조,맑음,단일로 - 기타,화물,남,41세,상해없음,보행자,여,37세,경상
2019021400100168,2019년 2월 14일 10시,목요일,전라남도 광양시 옥곡면,중상사고,0,1,0,0,차대차 - 측면충돌,직진우회전진행방해,건조,맑음,교차로 - 교차로안,이륜,남,79세,중상,승용,남,22세,상해없음
2019021400100258,2019년 2월 14일 13시,목요일,전라남도 광양시 중동,경상사고,0,0,1,1,차대차 - 기타,안전운전불이행,건조,맑음,단일로 - 기타,승용,남,35세,부상신고,승용,여,37세,경상
2019021400100282,2019년 2월 14일 14시,목요일,전라남도 여수시 교동,경상사고,0,0,1,0,차대사람 - 길가장자리구역통행중,안전운전불이행,건조,맑음,교차로 - 교차로안,화물,남,43세,상해없음,보행자,남,58세,경상
2019021400100283,2019년 2월 14일 14시,목요일,전라남도 여수시 공화동,경상사고,0,0,2,0,차대차 - 측면충돌,차로위반,건조,맑음,교차로 - 교차로안,이륜,남,72세,상해없음,승용,여,41세,경상
2019021400100284,2019년 2월 14일 14시,목요일,전라남도 여수시 돌산읍,경상사고,0,0,3,0,차대차 - 측면충돌,안전운전불이행,건조,맑음,교차로 - 교차로안,승용,여,29세,경상,승용,남,67세,경상
2019021400100285,2019년 2월 14일 14시,목요일,전라남도 완도군 완도읍,중상사고,0,1,0,0,차대차 - 측면충돌,안전운전불이행,건조,맑음,단일로 - 기타,승용,여,26세,상해없음,이륜,여,24세,중상
2019021400100286,2019년 2월 14일 14시,목요일,전라남도 광양시 마동,경상사고,0,0,1,0,차대차 - 추돌,안전운전불이행,건조,맑음,교차로 - 교차로안,승용,여,58세,상해없음,승용,남,27세,경상
2019021400100352,2019년 2월 14일 16시,목요일,전라남도 나주시 운곡동,경상사고,0,0,1,0,차대사람 - 기타,안전운전불이행,건조,맑음,단일로 - 기타,화물,남,33세,상해없음,보행자,남,62세,경상
2019021400100380,2019년 2월 14일 17시,목요일,전라남도 목포시 옥암동,경상사고,0,0,2,0,차대차 - 측면충돌,신호위반,건조,맑음,교차로 - 교차로안,승용,여,34세,경상,승용,여,49세,경상
2019021400100381,2019년 2월 14일 17시,목요일,전라남도 영광군 법성면,중상사고,0,1,1,0,차대차 - 기타,기타,건조,맑음,교차로 - 교차로안,화물,남,69세,중상,승용,남,48세,상해없음
2019021400100425,2019년 2월 14일 18시,목요일,전라남도 목포시 용해동,경상사고,0,0,1,0,차대사람 - 차도통행중,안전운전불이행,건조,맑음,교차로 - 교차로부근,승용,남,57세,상해없음,보행자,남,15세,경상
2019021400100426,2019년 2월 14일 18시,목요일,전라남도 목포시 상동,경상사고,0,0,1,0,차대차 - 기타,직진우회전진행방해,건조,맑음,교차로 - 교차로부근,승용,남,60세,상해없음,승용,여,57세,경상
2019021400100427,2019년 2월 14일 18시,목요일,전라남도 여수시 신월동,경상사고,0,0,1,0,차대차 - 추돌,안전운전불이행,건조,맑음,단일로 - 기타,승용,여,35세,상해없음,승용,남,31세,경상
2019021400100474,2019년 2월 14일 19시,목요일,전라남도 순천시 장천동,경상사고,0,0,1,0,차대차 - 측면충돌,불법유턴,건조,맑음,교차로 - 교차로안,승용,남,66세,상해없음,화물,남,60세,경상
2019021400100510,2019년 2월 14일 20시,목요일,전라남도 나주시 남평읍,중상사고,0,1,0,0,차대사람 - 횡단중,안전운전불이행,건조,맑음,단일로 - 기타,승용,남,53세,상해없음,보행자,남,66세,중상
2019021400100511,2019년 2월 14일 20시,목요일,전라남도 영광군 영광읍,경상사고,0,0,1,0,차대차 - 측면충돌,안전거리미확보,건조,맑음,단일로 - 기타,승용,남,19세,상해없음,승용,남,58세,경상
2019021400100535,2019년 2월 14일 21시,목요일,전라남도 여수시 신기동,경상사고,0,0,1,0,차대사람 - 길가장자리구역통행중,안전운전불이행,건조,맑음,단일로 - 기타,화물,남,47세,상해없음,보행자,남,23세,경상
2019021400100565,2019년 2월 14일 22시,목요일,전라남도 순천시 해룡면,중상사고,0,1,1,0,차대차 - 측면충돌,신호위반,건조,맑음,교차로 - 교차로안,승용,남,24세,상해없음,승용,남,25세,중상
2019021400100582,2019년 2월 14일 23시,목요일,전라남도 장흥군 관산읍,중상사고,0,1,0,0,차대차 - 추돌,안전운전불이행,건조,맑음,단일로 - 기타,화물,남,52세,상해없음,승용,여,36세,중상
2019021500100118,2019년 2월 15일 07시,금요일,전라남도 여수시 여천동,경상사고,0,0,1,0,차대차 - 추돌,안전운전불이행,건조,맑음,단일로 - 기타,승용,남,25세,상해없음,승용,남,34세,경상
2019021500100175,2019년 2월 15일 08시,금요일,전라남도 순천시 오천동,경상사고,0,0,1,0,차대차 - 측면충돌,안전운전불이행,건조,맑음,교차로 - 교차로안,화물,남,59세,상해없음,승용,남,48세,경상
2019021500100215,2019년 2월 15일 09시,금요일,전라남도 나주시 다시면,중상사고,0,3,1,1,차대차 - 측면충돌,직진우회전진행방해,건조,맑음,교차로 - 교차로안,승용,여,60세,부상신고,승용,여,70세,중상
2019021500100245,2019년 2월 15일 10시,금요일,전라남도 목포시 상동,경상사고,0,0,5,0,차대차 - 추돌,안전운전불이행,건조,맑음,단일로 - 기타,승용,남,71세,상해없음,승용,남,52세,경상
2019021500100278,2019년 2월 15일 11시,금요일,전라남도 고흥군 도양읍,경상사고,0,0,1,0,차대차 - 정면충돌,안전운전불이행,건조,맑음,단일로 - 기타,이륜,여,40세,경상,화물,남,53세,상해없음
2019021500100279,2019년 2월 15일 11시,금요일,전라남도 무안군 현경면,경상사고,0,0,1,0,차대차 - 추돌,안전운전불이행,건조,맑음,교차로 - 교차로부근,승용,남,69세,상해없음,승용,여,44세,경상
2019021500100334,2019년 2월 15일 13시,금요일,전라남도 함평군 해보면,경상사고,0,0,1,0,차량단독 - 기타,안전운전불이행,건조,맑음,단일로 - 기타,승용,남,49세,경상,,,,
2019021500100374,2019년 2월 15일 14시,금요일,전라남도 여수시 소라면,경상사고,0,0,1,0,차대차 - 측면충돌,안전거리미확보,건조,맑음,단일로 - 기타,승용,남,61세,상해없음,건설기계,남,67세,경상
2019021500100375,2019년 2월 15일 14시,금요일,전라남도 순천시 조례동,경상사고,0,0,1,0,차대차 - 기타,안전운전불이행,건조,맑음,교차로 - 교차로부근,화물,남,59세,상해없음,승용,여,58세,경상
2019021500100376,2019년 2월 15일 14시,금요일,전라남도 나주시 삼영동,경상사고,0,0,1,0,차대차 - 기타,안전운전불이행,건조,맑음,교차로 - 교차로안,화물,남,48세,상해없음,승용,남,55세,상해없음
2019021500100377,2019년 2월 15일 14시,금요일,전라남도 담양군 금성면,경상사고,0,0,3,0,차대차 - 측면충돌,교차로운행방법위반,건조,흐림,교차로 - 교차로안,승용,남,64세,상해없음,승용,여,61세,경상
2019021500100406,2019년 2월 15일 15시,금요일,전라남도 화순군 도곡면,경상사고,0,0,2,0,차대차 - 기타,중앙선침범,건조,맑음,교차로 - 교차로안,특수,남,40세,상해없음,화물,남,42세,경상
2019021500100407,2019년 2월 15일 15시,금요일,전라남도 담양군 담양읍,경상사고,0,0,1,0,차대사람 - 기타,안전운전불이행,건조,흐림,단일로 - 기타,이륜,남,77세,상해없음,보행자,남,67세,경상
2019021500100434,2019년 2월 15일 16시,금요일,전라남도 순천시 가곡동,경상사고,0,0,1,0,차대차 - 측면충돌,안전운전불이행,건조,맑음,단일로 - 기타,승용,여,39세,상해없음,승용,남,43세,경상
2019021500100472,2019년 2월 15일 17시,금요일,전라남도 순천시 해룡면,경상사고,0,0,2,0,차대차 - 측면충돌,교차로운행방법위반,건조,맑음,교차로 - 교차로안,승용,남,36세,경상,특수,남,36세,경상
2019021500100511,2019년 2월 15일 18시,금요일,전라남도 영광군 영광읍,경상사고,0,0,2,0,차대차 - 후진중충돌,안전운전불이행,건조,맑음,교차로 - 교차로안,화물,남,55세,경상,승용,여,44세,경상
2019021500100512,2019년 2월 15일 18시,금요일,전라남도 광양시 금호동,경상사고,0,0,1,0,차대차 - 추돌,안전거리미확보,건조,맑음,단일로 - 기타,승용,남,22세,상해없음,승용,남,61세,경상
2019021500100570,2019년 2월 15일 19시,금요일,전라남도 목포시 용해동,경상사고,0,0,4,0,차대차 - 측면충돌,신호위반,건조,맑음,단일로 - 기타,승용,여,60세,경상,승용,남,50세,경상
2019021500100571,2019년 2월 15일 19시,금요일,전라남도 목포시 옥암동,경상사고,0,0,4,0,차대차 - 측면충돌,안전운전불이행,건조,맑음,교차로 - 교차로안,승용,남,23세,경상,승용,남,30세,경상
2019021500100572,2019년 2월 15일 19시,금요일,전라남도 여수시 미평동,경상사고,0,0,1,0,차대차 - 측면충돌,교차로운행방법위반,건조,맑음,교차로 - 교차로안,승용,남,29세,상해없음,이륜,남,31세,경상
2019021500100573,2019년 2월 15일 19시,금요일,전라남도 순천시 연향동,부상신고사고,0,0,0,1,차대사람 - 기타,신호위반,건조,맑음,교차로 - 교차로횡단보도내,화물,여,63세,상해없음,보행자,남,26세,부상신고
2019021500100574,2019년 2월 15일 19시,금요일,전라남도 고흥군 두원면,중상사고,0,1,0,0,차량단독 - 도로외이탈 - 추락,안전운전불이행,건조,맑음,단일로 - 기타,화물,남,65세,중상,,,,
2019021500100575,2019년 2월 15일 19시,금요일,전라남도 해남군 북평면,경상사고,0,0,1,0,차대차 - 기타,신호위반,건조,맑음,교차로 - 교차로안,화물,남,36세,상해없음,화물,남,63세,경상
2019021500100640,2019년 2월 15일 21시,금요일,전라남도 목포시 옥암동,경상사고,0,0,3,0,차대차 - 기타,교차로운행방법위반,건조,맑음,교차로 - 교차로안,승용,여,29세,경상,승용,남,49세,경상
2019021500100641,2019년 2월 15일 21시,금요일,전라남도 여수시 선원동,경상사고,0,0,3,0,차대차 - 기타,안전운전불이행,건조,맑음,교차로 - 교차로부근,승용,남,24세,상해없음,승용,남,49세,상해없음
2019021500100659,2019년 2월 15일 22시,금요일,전라남도 진도군 조도면,경상사고,0,0,2,0,차량단독 - 공작물충돌,안전운전불이행,건조,맑음,단일로 - 기타,승용,남,68세,상해없음,,,,
2019021500100682,2019년 2월 15일 23시,금요일,전라남도 순천시 조례동,경상사고,0,0,1,0,차대차 - 기타,차로위반,건조,맑음,교차로 - 교차로안,화물,남,49세,상해없음,승용,남,38세,경상
2019021600100065,2019년 2월 16일 03시,토요일,전라남도 광양시 중동,중상사고,0,1,1,0,차대차 - 측면충돌,안전운전불이행,건조,맑음,교차로 - 교차로안,승용,남,59세,상해없음,화물,남,39세,중상
2019021600100092,2019년 2월 16일 06시,토요일,전라남도 순천시 해룡면,중상사고,0,1,0,0,차대차 - 측면충돌,신호위반,건조,맑음,교차로 - 교차로안,승용,남,44세,상해없음,승용,여,31세,중상
2019021600100108,2019년 2월 16일 07시,토요일,전라남도 목포시 대성동,사망사고,1,0,0,0,차대사람 - 기타,안전운전불이행,건조,맑음,교차로 - 교차로횡단보도내,승용,남,67세,상해없음,보행자,여,80세,사망
2019021600100122,2019년 2월 16일 08시,토요일,전라남도 장성군 장성읍,경상사고,0,0,1,0,차대사람 - 기타,안전운전불이행,건조,맑음,단일로 - 기타,화물,여,60세,상해없음,보행자,여,81세,경상
2019021600100142,2019년 2월 16일 09시,토요일,전라남도 신안군 압해읍,중상사고,0,1,0,0,차대차 - 기타,중앙선침범,건조,맑음,단일로 - 기타,화물,여,69세,중상,건설기계,남,34세,상해없음
2019021600100143,2019년 2월 16일 09시,토요일,전라남도 영광군 영광읍,중상사고,0,1,0,0,차대차 - 측면충돌,직진우회전진행방해,건조,맑음,교차로 - 교차로안,승용,여,44세,상해없음,원동기,남,79세,중상
2019021600100161,2019년 2월 16일 10시,토요일,전라남도 광양시 중동,경상사고,0,0,2,0,차대차 - 기타,안전운전불이행,건조,맑음,교차로 - 교차로부근,화물,남,69세,상해없음,승용,남,43세,경상
2019021600100193,2019년 2월 16일 11시,토요일,전라남도 나주시 송월동,중상사고,0,2,0,0,차대차 - 측면충돌,안전운전불이행,건조,맑음,교차로 - 교차로안,승용,남,58세,중상,승용,남,39세,중상
2019021600100194,2019년 2월 16일 11시,토요일,전라남도 담양군 대전면,경상사고,0,0,2,0,차량단독 - 전도전복 - 전도,안전운전불이행,젖음/습기,눈,단일로 - 기타,화물,남,44세,경상,,,,
2019021600100223,2019년 2월 16일 12시,토요일,전라남도 순천시 해룡면,경상사고,0,0,11,0,차대차 - 추돌,안전운전불이행,건조,맑음,단일로 - 기타,승용,남,68세,상해없음,승용,남,33세,경상
2019021600100261,2019년 2월 16일 13시,토요일,전라남도 여수시 돌산읍,경상사고,0,0,2,0,차대차 - 기타,차로위반,건조,맑음,단일로 - 기타,승용,남,69세,상해없음,승용,여,59세,경상
2019021600100335,2019년 2월 16일 15시,토요일,전라남도 순천시 풍덕동,경상사고,0,0,1,0,차대사람 - 기타,안전운전불이행,건조,맑음,교차로 - 교차로안,승용,남,63세,상해없음,보행자,남,40세,경상
2019021600100336,2019년 2월 16일 15시,토요일,전라남도 보성군 조성면,경상사고,0,0,4,0,차대차 - 측면충돌,직진우회전진행방해,건조,맑음,교차로 - 교차로안,화물,여,69세,상해없음,화물,남,62세,경상
2019021600100337,2019년 2월 16일 15시,토요일,전라남도 화순군 동면,경상사고,0,0,4,0,차대차 - 기타,안전운전불이행,건조,맑음,단일로 - 기타,승용,여,57세,상해없음,승용,남,34세,경상
2019021600100416,2019년 2월 16일 17시,토요일,전라남도 담양군 용면,중상사고,0,1,0,0,차대사람 - 기타,안전운전불이행,건조,맑음,단일로 - 기타,화물,남,67세,상해없음,보행자,여,86세,중상
2019021600100417,2019년 2월 16일 17시,토요일,전라남도 담양군 담양읍,경상사고,0,0,1,0,차대차 - 기타,안전운전불이행,건조,맑음,교차로 - 교차로안,승용,남,67세,상해없음,승용,남,18세,경상
2019021600100418,2019년 2월 16일 17시,토요일,전라남도 광양시 중동,경상사고,0,0,1,0,차대차 - 측면충돌,불법유턴,건조,맑음,단일로 - 기타,승용,남,45세,상해없음,승용,남,29세,경상
2019021600100463,2019년 2월 16일 18시,토요일,전라남도 목포시 옥암동,중상사고,0,1,0,0,차대차 - 기타,안전운전불이행,건조,맑음,단일로 - 기타,승용,남,57세,상해없음,이륜,남,63세,중상
2019021600100497,2019년 2월 16일 19시,토요일,전라남도 순천시 석현동,경상사고,0,0,1,0,차대차 - 측면충돌,신호위반,건조,맑음,교차로 - 교차로안,이륜,남,75세,상해없음,승용,여,66세,경상
2019021600100534,2019년 2월 16일 20시,토요일,전라남도 여수시 국동,부상신고사고,0,0,0,1,차량단독 - 기타,안전운전불이행,건조,맑음,단일로 - 기타,이륜,남,50세,부상신고,,,,
2019021600100566,2019년 2월 16일 21시,토요일,전라남도 나주시 송월동,중상사고,0,1,4,0,차대차 - 측면충돌,직진우회전진행방해,건조,맑음,교차로 - 교차로안,승용,남,74세,중상,승합,남,33세,경상
2019021600100609,2019년 2월 16일 23시,토요일,전라남도 목포시 옥암동,경상사고,0,0,1,0,차대차 - 기타,안전운전불이행,건조,맑음,기타 - 기타,승용,남,23세,상해없음,승용,남,30세,경상
2019021700100140,2019년 2월 17일 09시,일요일,전라남도 담양군 담양읍,경상사고,0,0,2,0,차대차 - 기타,안전운전불이행,건조,맑음,단일로 - 기타,승합,남,50세,상해없음,승용,남,76세,경상
2019021700100218,2019년 2월 17일 13시,일요일,전라남도 여수시 소호동,부상신고사고,0,0,0,2,차대차 - 측면충돌,신호위반,건조,맑음,교차로 - 교차로안,승용,남,51세,부상신고,승용,남,72세,부상신고
2019021700100241,2019년 2월 17일 14시,일요일,전라남도 장성군 북하면,중상사고,0,2,2,1,차대차 - 기타,교차로운행방법위반,건조,맑음,교차로 - 교차로안,승용,여,47세,부상신고,승용,남,63세,경상
2019021700100268,2019년 2월 17일 15시,일요일,전라남도 장성군 장성읍,경상사고,0,0,2,0,차대차 - 기타,과속,건조,맑음,단일로 - 터널,승용,남,46세,상해없음,승용,남,19세,경상
2019021700100321,2019년 2월 17일 17시,일요일,전라남도 순천시 풍덕동,중상사고,0,1,0,0,차대차 - 측면충돌,안전거리미확보,건조,맑음,단일로 - 기타,이륜,남,46세,중상,승합,남,62세,상해없음
2019021700100322,2019년 2월 17일 17시,일요일,전라남도 담양군 봉산면,중상사고,0,3,3,0,차대차 - 추돌,차로위반,건조,맑음,단일로 - 기타,승용,남,69세,상해없음,승합,남,39세,경상
2019021700100323,2019년 2월 17일 17시,일요일,전라남도 곡성군 겸면,중상사고,0,1,0,0,차량단독 - 기타,안전운전불이행,건조,맑음,기타 - 기타,승합,남,60세,상해없음,,,,
2019021700100355,2019년 2월 17일 18시,일요일,전라남도 장흥군 장흥읍,중상사고,0,1,0,0,차대차 - 정면충돌,신호위반,건조,맑음,단일로 - 기타,개인형이동수단(PM),남,28세,중상,화물,여,66세,상해없음
2019021700100356,2019년 2월 17일 18시,일요일,전라남도 광양시 중동,경상사고,0,0,1,0,차대차 - 측면충돌,중앙선침범,건조,맑음,기타 - 기타,이륜,남,80세,경상,승용,남,38세,상해없음
2019021700100442,2019년 2월 17일 21시,일요일,전라남도 보성군 벌교읍,중상사고,0,1,2,0,차대차 - 측면충돌,직진우회전진행방해,건조,맑음,교차로 - 교차로안,승용,남,21세,중상,승용,남,51세,경상
2019021800100043,2019년 2월 18일 02시,월요일,전라남도 광양시 봉강면,중상사고,0,1,0,0,차대차 - 측면충돌,안전운전불이행,건조,흐림,교차로 - 교차로안,승용,남,64세,상해없음,자전거,여,74세,중상
2019021800100080,2019년 2월 18일 06시,월요일,전라남도 고흥군 도화면,중상사고,0,1,0,0,차량단독 - 기타,기타,건조,맑음,단일로 - 기타,승합,남,58세,기타불명,,,,
2019021800100081,2019년 2월 18일 06시,월요일,전라남도 장성군 황룡면,부상신고사고,0,0,0,1,차대차 - 기타,신호위반,건조,맑음,교차로 - 교차로안,승용,남,39세,부상신고,승용,남,35세,상해없음
2019021800100139,2019년 2월 18일 08시,월요일,전라남도 광양시 중동,경상사고,0,0,1,0,차대차 - 측면충돌,신호위반,건조,맑음,교차로 - 교차로안,승용,여,28세,상해없음,승용,여,29세,경상
2019021800100140,2019년 2월 18일 08시,월요일,전라남도 순천시 교량동,경상사고,0,0,3,0,차대차 - 추돌,차로위반,건조,맑음,단일로 - 기타,승용,여,23세,상해없음,승합,남,49세,경상
2019021800100214,2019년 2월 18일 11시,월요일,전라남도 목포시 상동,경상사고,0,0,1,0,차대차 - 측면충돌,안전운전불이행,건조,맑음,단일로 - 기타,화물,남,57세,상해없음,이륜,남,23세,경상
2019021800100215,2019년 2월 18일 11시,월요일,전라남도 장성군 장성읍,경상사고,0,0,2,0,차대차 - 측면충돌,직진우회전진행방해,건조,맑음,교차로 - 교차로안,승용,여,42세,경상,승용,남,73세,경상
2019021800100244,2019년 2월 18일 12시,월요일,전라남도 목포시 석현동,경상사고,0,0,3,0,차대차 - 측면충돌,안전운전불이행,건조,맑음,단일로 - 기타,승용,여,54세,경상,승용,여,37세,경상
2019021800100245,2019년 2월 18일 12시,월요일,전라남도 고흥군 도양읍,경상사고,0,0,1,0,차대사람 - 기타,안전운전불이행,건조,맑음,단일로 - 기타,승용,여,37세,상해없음,보행자,남,80세,경상
2019021800100246,2019년 2월 18일 12시,월요일,전라남도 담양군 고서면,중상사고,0,1,1,0,차대차 - 측면충돌,신호위반,건조,맑음,교차로 - 교차로안,화물,남,60세,상해없음,승용,남,74세,중상
2019021800100269,2019년 2월 18일 13시,월요일,전라남도 여수시 학동,경상사고,0,0,2,0,차대차 - 측면충돌,안전운전불이행,건조,맑음,교차로 - 교차로안,승용,여,48세,상해없음,이륜,남,84세,경상
2019021800100291,2019년 2월 18일 14시,월요일,전라남도 목포시 상동,경상사고,0,0,1,0,차대차 - 측면충돌,안전운전불이행,건조,맑음,단일로 - 기타,승용,여,48세,기타불명,승용,여,25세,경상
2019021800100292,2019년 2월 18일 14시,월요일,전라남도 영암군 영암읍,경상사고,0,0,1,0,차대사람 - 횡단중,안전운전불이행,건조,맑음,교차로 - 교차로부근,승용,남,68세,상해없음,보행자,남,8세,경상
2019021800100315,2019년 2월 18일 15시,월요일,전라남도 완도군 완도읍,중상사고,0,2,0,0,차대차 - 측면충돌,중앙선침범,건조,맑음,교차로 - 교차로부근,승합,남,30세,상해없음,화물,남,77세,중상
2019021800100339,2019년 2월 18일 16시,월요일,전라남도 여수시 신기동,경상사고,0,0,2,0,차대차 - 측면충돌,안전운전불이행,건조,맑음,단일로 - 기타,화물,남,60세,상해없음,승합,남,70세,경상
2019021800100340,2019년 2월 18일 16시,월요일,전라남도 강진군 군동면,경상사고,0,0,1,0,차대차 - 정면충돌,중앙선침범,건조,맑음,단일로 - 기타,승용,남,62세,상해없음,화물,남,63세,경상
2019021800100382,2019년 2월 18일 17시,월요일,전라남도 순천시 인월동,경상사고,0,0,2,0,차대차 - 추돌,안전운전불이행,건조,맑음,단일로 - 기타,화물,남,29세,상해없음,승용,남,59세,경상
2019021800100383,2019년 2월 18일 17시,월요일,전라남도 순천시 생목동,경상사고,0,0,1,0,차대차 - 기타,직진우회전진행방해,건조,맑음,교차로 - 교차로안,화물,남,36세,기타불명,승용,남,40세,경상
2019021800100384,2019년 2월 18일 17시,월요일,전라남도 담양군 대전면,중상사고,0,1,2,0,차대차 - 측면충돌,직진우회전진행방해,건조,흐림,교차로 - 교차로안,승용,여,68세,중상,승용,여,50세,경상
2019021800100421,2019년 2월 18일 18시,월요일,전라남도 해남군 해남읍,중상사고,0,1,0,0,차대차 - 기타,안전운전불이행,건조,맑음,교차로 - 교차로안,승용,여,46세,상해없음,자전거,남,72세,중상
2019021800100422,2019년 2월 18일 18시,월요일,전라남도 곡성군 삼기면,경상사고,0,0,2,0,차대차 - 측면충돌,안전운전불이행,젖음/습기,흐림,단일로 - 기타,승용,남,62세,경상,승용,남,47세,경상
2019021800100423,2019년 2월 18일 18시,월요일,전라남도 무안군 삼향읍,경상사고,0,0,2,0,차대차 - 추돌,안전운전불이행,건조,맑음,교차로 - 교차로안,승용,남,59세,상해없음,승용,남,53세,경상
2019021800100513,2019년 2월 18일 21시,월요일,전라남도 목포시 옥암동,경상사고,0,0,3,0,차대차 - 추돌,안전거리미확보,젖음/습기,비,단일로 - 기타,승용,남,36세,상해없음,승용,여,55세,경상
2019021800100514,2019년 2월 18일 21시,월요일,전라남도 여수시 학동,경상사고,0,0,1,0,차대사람 - 길가장자리구역통행중,교차로운행방법위반,젖음/습기,비,교차로 - 교차로안,승용,남,66세,상해없음,보행자,남,43세,경상
2019021800100515,2019년 2월 18일 21시,월요일,전라남도 광양시 마동,경상사고,0,0,2,0,차대차 - 측면충돌,신호위반,건조,맑음,교차로 - 교차로안,승용,남,40세,상해없음,승용,남,44세,경상
2019021800100539,2019년 2월 18일 22시,월요일,전라남도 무안군 몽탄면,경상사고,0,0,1,0,차대차 - 추돌,안전운전불이행,젖음/습기,비,단일로 - 교량,승용,남,55세,상해없음,화물,남,48세,경상
2019021800100540,2019년 2월 18일 22시,월요일,전라남도 목포시 용해동,중상사고,0,1,0,0,차대차 - 측면충돌,안전운전불이행,젖음/습기,비,단일로 - 기타,승용,남,79세,중상,승합,남,60세,상해없음
2019021800100541,2019년 2월 18일 22시,월요일,전라남도 여수시 화장동,경상사고,0,0,1,0,차대사람 - 횡단중,안전운전불이행,젖음/습기,비,교차로 - 교차로안,승용,남,30세,상해없음,보행자,남,49세,경상
2019021800100542,2019년 2월 18일 22시,월요일,전라남도 여수시 덕충동,경상사고,0,0,1,0,차대차 - 측면충돌,교차로운행방법위반,건조,맑음,교차로 - 교차로안,승용,여,50세,상해없음,승용,여,43세,경상
2019021800100569,2019년 2월 18일 23시,월요일,전라남도 목포시 죽교동,경상사고,0,0,1,0,차량단독 - 기타,안전운전불이행,건조,맑음,단일로 - 기타,승용,여,43세,경상,,,,
2019021800100570,2019년 2월 18일 23시,월요일,전라남도 목포시 옥암동,경상사고,0,0,2,0,차대차 - 기타,안전운전불이행,건조,맑음,단일로 - 기타,승용,여,18세,상해없음,승용,남,32세,경상
2019021800100571,2019년 2월 18일 23시,월요일,전라남도 순천시 동외동,경상사고,0,0,3,0,차대차 - 추돌,안전운전불이행,건조,맑음,교차로 - 교차로부근,승용,남,40세,상해없음,승용,남,25세,경상
2019021800100572,2019년 2월 18일 23시,월요일,전라남도 완도군 완도읍,경상사고,0,0,1,0,차대차 - 측면충돌,안전운전불이행,젖음/습기,비,교차로 - 교차로부근,승용,남,21세,상해없음,화물,남,39세,경상
2019021900100039,2019년 2월 19일 01시,화요일,전라남도 목포시 산정동,중상사고,0,1,1,0,차대사람 - 기타,중앙선침범,건조,맑음,단일로 - 기타,승용,남,68세,상해없음,보행자,남,50세,중상
2019021900100056,2019년 2월 19일 02시,화요일,전라남도 고흥군 고흥읍,경상사고,0,0,1,0,차대차 - 추돌,안전운전불이행,젖음/습기,비,단일로 - 기타,승용,남,23세,경상,승합,남,54세,상해없음
2019021900100134,2019년 2월 19일 08시,화요일,전라남도 여수시 봉산동,경상사고,0,0,1,0,차대차 - 측면충돌,교차로운행방법위반,젖음/습기,비,교차로 - 교차로안,승용,남,31세,경상,화물,남,38세,상해없음
2019021900100135,2019년 2월 19일 08시,화요일,전라남도 나주시 삼도동,경상사고,0,0,3,0,차대차 - 측면충돌,안전운전불이행,젖음/습기,비,교차로 - 교차로안,승용,남,40세,경상,승용,남,23세,경상
2019021900100136,2019년 2월 19일 08시,화요일,전라남도 장성군 삼계면,경상사고,0,0,1,0,차대차 - 추돌,안전운전불이행,젖음/습기,비,단일로 - 기타,승용,남,36세,상해없음,승용,여,43세,경상
2019021900100137,2019년 2월 19일 08시,화요일,전라남도 강진군 강진읍,중상사고,0,1,0,0,차대사람 - 횡단중,보행자보호의무위반,젖음/습기,비,교차로 - 교차로안,승용,여,44세,상해없음,보행자,여,77세,중상
2019021900100170,2019년 2월 19일 09시,화요일,전라남도 영암군 삼호읍,경상사고,0,0,1,0,차대차 - 측면충돌,직진우회전진행방해,젖음/습기,비,교차로 - 교차로안,승용,남,62세,경상,특수,남,51세,상해없음
2019021900100171,2019년 2월 19일 09시,화요일,전라남도 장성군 장성읍,경상사고,0,0,1,0,차대차 - 측면충돌,안전운전불이행,젖음/습기,비,교차로 - 교차로안,화물,남,66세,상해없음,승용,여,54세,경상
2019021900100172,2019년 2월 19일 09시,화요일,전라남도 강진군 성전면,경상사고,0,0,1,0,차량단독 - 전도전복 - 전복,안전운전불이행,젖음/습기,비,단일로 - 기타,승용,남,47세,경상,,,,
2019021900100194,2019년 2월 19일 10시,화요일,전라남도 순천시 조례동,경상사고,0,0,3,0,차대차 - 측면충돌,안전운전불이행,젖음/습기,비,교차로 - 교차로부근,화물,남,30세,경상,승합,남,72세,경상
2019021900100195,2019년 2월 19일 10시,화요일,전라남도 나주시 남내동,경상사고,0,0,1,0,차대사람 - 횡단중,안전운전불이행,건조,맑음,교차로 - 교차로안,화물,남,60세,상해없음,보행자,여,76세,경상
2019021900100196,2019년 2월 19일 10시,화요일,전라남도 나주시 성북동,경상사고,0,0,3,0,차대차 - 측면충돌,직진우회전진행방해,건조,맑음,교차로 - 교차로안,승용,여,58세,경상,승용,남,34세,경상