사고번호,사고일시,요일,시군구,사고내용,사망자수,중상자수,경상자수,부상신고자수,사고유형,법규위반,노면상태,기상상태,도로형태,가해운전자 차종,가해운전자 성별,가해운전자 연령,가해운전자 상해정도,피해운전자 차종,피해운전자 성별,피해운전자 연령,피해운전자 상해정도
2019021900100224,2019년 2월 19일 11시,화요일,전라남도 목포시 상동,경상사고,0,0,4,0,차대차 - 기타,직진우회전진행방해,젖음/습기,비,교차로 - 교차로안,화물,남,54세,경상,승용,남,63세,경상
2019021900100249,2019년 2월 19일 12시,화요일,전라남도 장성군 장성읍,중상사고,0,1,0,0,차대차 - 측면충돌,안전운전불이행,젖음/습기,비,교차로 - 교차로안,이륜,남,88세,중상,승합,남,65세,상해없음
2019021900100269,2019년 2월 19일 13시,화요일,전라남도 광양시 태인동,중상사고,0,1,0,0,차대차 - 기타,신호위반,젖음/습기,비,교차로 - 교차로안,승용,여,64세,상해없음,승용,여,39세,중상
2019021900100301,2019년 2월 19일 14시,화요일,전라남도 목포시 용당동,경상사고,0,0,1,0,차대차 - 측면충돌,안전거리미확보,건조,맑음,교차로 - 교차로안,자전거,남,72세,경상,승합,남,55세,상해없음
2019021900100302,2019년 2월 19일 14시,화요일,전라남도 목포시 산정동,경상사고,0,0,2,0,차대차 - 추돌,안전거리미확보,건조,맑음,단일로 - 기타,화물,남,49세,상해없음,화물,남,37세,경상
2019021900100303,2019년 2월 19일 14시,화요일,전라남도 목포시 산정동,경상사고,0,0,4,0,차대차 - 측면충돌,안전운전불이행,건조,맑음,교차로 - 교차로부근,승용,남,81세,경상,승용,남,35세,경상
2019021900100304,2019년 2월 19일 14시,화요일,전라남도 여수시 미평동,중상사고,0,1,0,0,차대차 - 추돌,안전운전불이행,건조,맑음,단일로 - 기타,승용,남,67세,상해없음,승용,여,28세,중상
2019021900100305,2019년 2월 19일 14시,화요일,전라남도 순천시 조례동,경상사고,0,0,1,0,차대차 - 기타,교차로운행방법위반,젖음/습기,흐림,교차로 - 교차로안,승용,여,41세,상해없음,이륜,남,17세,경상
2019021900100306,2019년 2월 19일 14시,화요일,전라남도 보성군 벌교읍,경상사고,0,0,2,0,차대차 - 추돌,안전운전불이행,젖음/습기,맑음,단일로 - 기타,화물,남,45세,상해없음,승용,여,62세,경상
2019021900100333,2019년 2월 19일 15시,화요일,전라남도 순천시 해룡면,중상사고,0,3,2,0,차대차 - 기타,직진우회전진행방해,건조,맑음,교차로 - 교차로안,승용,여,51세,경상,승용,남,49세,중상
2019021900100334,2019년 2월 19일 15시,화요일,전라남도 해남군 해남읍,경상사고,0,0,1,0,차대차 - 측면충돌,교차로운행방법위반,건조,맑음,교차로 - 교차로안,자전거,남,57세,경상,화물,남,65세,상해없음
2019021900100378,2019년 2월 19일 17시,화요일,전라남도 여수시 학동,경상사고,0,0,1,0,차대차 - 측면충돌,안전거리미확보,건조,맑음,교차로 - 교차로부근,건설기계,남,45세,상해없음,승용,남,38세,경상
2019021900100415,2019년 2월 19일 18시,화요일,전라남도 나주시 송월동,경상사고,0,0,2,0,차대차 - 측면충돌,교차로운행방법위반,건조,맑음,교차로 - 교차로안,승합,남,61세,경상,승용,여,52세,경상
2019021900100416,2019년 2월 19일 18시,화요일,전라남도 나주시 빛가람동,경상사고,0,0,2,0,차대차 - 측면충돌,안전운전불이행,건조,맑음,기타 - 기타,승용,여,34세,경상,승용,여,28세,경상
2019021900100417,2019년 2월 19일 18시,화요일,전라남도 고흥군 금산면,중상사고,0,1,0,0,차량단독 - 공작물충돌,안전운전불이행,건조,맑음,교차로 - 교차로부근,화물,여,60세,중상,,,,
2019021900100455,2019년 2월 19일 19시,화요일,전라남도 순천시 연향동,경상사고,0,0,1,0,차대사람 - 기타,안전운전불이행,건조,맑음,단일로 - 기타,승용,여,48세,상해없음,보행자,남,61세,경상
2019021900100484,2019년 2월 19일 20시,화요일,전라남도 해남군 해남읍,중상사고,0,1,0,0,차량단독 - 공작물충돌,안전운전불이행,젖음/습기,비,단일로 - 기타,승용,남,67세,중상,,,,
2019021900100500,2019년 2월 19일 21시,화요일,전라남도 순천시 오천동,중상사고,0,1,1,0,차대차 - 기타,직진우회전진행방해,건조,맑음,교차로 - 교차로안,승용,남,21세,경상,승용,남,39세,중상
2019022000100024,2019년 2월 20일 00시,수요일,전라남도 함평군 엄다면,중상사고,0,1,0,0,차대차 - 추돌,차로위반,건조,맑음,단일로 - 기타,화물,남,75세,상해없음,화물,남,44세,상해없음
2019022000100053,2019년 2월 20일 04시,수요일,전라남도 광양시 광영동,경상사고,0,0,2,0,차대차 - 기타,신호위반,건조,맑음,교차로 - 교차로안,승용,남,61세,경상,승용,여,50세,경상
2019022000100060,2019년 2월 20일 05시,수요일,전라남도 여수시 웅천동,경상사고,0,0,2,0,차대차 - 정면충돌,신호위반,건조,맑음,교차로 - 교차로안,승용,여,54세,경상,승용,남,68세,경상
2019022000100061,2019년 2월 20일 05시,수요일,전라남도 장성군 남면,중상사고,0,1,0,0,차대사람 - 기타,안전운전불이행,건조,맑음,단일로 - 기타,화물,남,53세,상해없음,보행자,남,54세,중상
2019022000100073,2019년 2월 20일 06시,수요일,전라남도 나주시 남평읍,경상사고,0,0,1,0,차대차 - 측면충돌,직진우회전진행방해,건조,맑음,교차로 - 교차로안,화물,남,33세,상해없음,승용,남,65세,경상
2019022000100117,2019년 2월 20일 08시,수요일,전라남도 여수시 학동,경상사고,0,0,3,0,차대차 - 추돌,교차로운행방법위반,건조,맑음,교차로 - 교차로안,승용,남,58세,경상,승용,여,40세,경상
2019022000100118,2019년 2월 20일 08시,수요일,전라남도 고흥군 점암면,중상사고,0,1,1,0,차대차 - 기타,안전거리미확보,건조,맑음,단일로 - 기타,승용,남,67세,중상,승용,여,52세,경상
2019022000100119,2019년 2월 20일 08시,수요일,전라남도 보성군 벌교읍,경상사고,0,0,1,0,차대사람 - 기타,안전운전불이행,건조,맑음,단일로 - 기타,승용,남,67세,상해없음,보행자,여,74세,경상
2019022000100146,2019년 2월 20일 09시,수요일,전라남도 화순군 화순읍,경상사고,0,0,2,1,차대차 - 측면충돌,안전거리미확보,건조,맑음,단일로 - 터널,승용,남,57세,부상신고,건설기계,남,53세,경상
2019022000100205,2019년 2월 20일 11시,수요일,전라남도 여수시 화장동,경상사고,0,0,1,0,차대사람 - 기타,안전운전불이행,건조,맑음,단일로 - 기타,화물,남,64세,상해없음,보행자,여,90세 이상,경상
2019022000100225,2019년 2월 20일 12시,수요일,전라남도 여수시 덕충동,경상사고,0,0,2,0,차대차 - 측면충돌,안전거리미확보,건조,맑음,단일로 - 기타,승용,여,23세,경상,건설기계,남,42세,상해없음
2019022000100226,2019년 2월 20일 12시,수요일,전라남도 화순군 화순읍,경상사고,0,0,2,0,차대차 - 측면충돌,안전운전불이행,건조,맑음,단일로 - 기타,화물,남,60세,상해없음,승용,남,33세,경상
2019022000100227,2019년 2월 20일 12시,수요일,전라남도 완도군 완도읍,경상사고,0,0,1,0,차량단독 - 공작물충돌,기타,건조,맑음,단일로 - 기타,화물,남,30세,경상,,,,
2019022000100228,2019년 2월 20일 12시,수요일,전라남도 무안군 삼향읍,경상사고,0,0,2,0,차대차 - 측면충돌,안전운전불이행,건조,맑음,단일로 - 기타,승합,남,58세,상해없음,승용,남,38세,경상
2019022000100258,2019년 2월 20일 13시,수요일,전라남도 고흥군 고흥읍,중상사고,0,2,4,0,차대차 - 추돌,안전거리미확보,건조,맑음,단일로 - 기타,특수,여,56세,경상,승용,여,54세,경상
2019022000100282,2019년 2월 20일 14시,수요일,전라남도 순천시 동외동,중상사고,0,1,0,0,차대차 - 추돌,교차로운행방법위반,건조,맑음,교차로 - 교차로안,화물,남,75세,상해없음,이륜,남,65세,상해없음
2019022000100283,2019년 2월 20일 14시,수요일,전라남도 순천시 월등면,경상사고,0,0,1,0,차대사람 - 기타,안전거리미확보,건조,맑음,단일로 - 기타,화물,남,35세,상해없음,보행자,남,89세,경상
2019022000100284,2019년 2월 20일 14시,수요일,전라남도 화순군 동면,경상사고,0,0,5,0,차대차 - 추돌,안전거리미확보,건조,맑음,교차로 - 교차로부근,승용,남,62세,경상,승용,여,57세,경상
2019022000100345,2019년 2월 20일 16시,수요일,전라남도 목포시 산정동,중상사고,0,1,0,0,차대사람 - 횡단중,보행자보호의무위반,건조,맑음,단일로 - 기타,승용,여,58세,상해없음,보행자,여,85세,중상
2019022000100346,2019년 2월 20일 16시,수요일,전라남도 순천시 해룡면,경상사고,0,0,2,1,차대차 - 측면충돌,신호위반,건조,맑음,교차로 - 교차로안,승용,여,43세,상해없음,승합,남,59세,경상
2019022000100347,2019년 2월 20일 16시,수요일,전라남도 영암군 삼호읍,경상사고,0,0,1,0,차대사람 - 횡단중,안전운전불이행,건조,맑음,교차로 - 교차로부근,승용,여,39세,상해없음,보행자,남,31세,경상
2019022000100375,2019년 2월 20일 17시,수요일,전라남도 목포시 용당동,경상사고,0,0,2,0,차대차 - 기타,중앙선침범,건조,맑음,교차로 - 교차로부근,승용,여,61세,경상,승용,여,39세,경상
2019022000100376,2019년 2월 20일 17시,수요일,전라남도 영암군 삼호읍,경상사고,0,0,1,0,차량단독 - 도로외이탈 - 기타,안전운전불이행,건조,맑음,교차로 - 교차로부근,승용,남,29세,경상,,,,
2019022000100410,2019년 2월 20일 18시,수요일,전라남도 목포시 용당동,중상사고,0,1,0,0,차대차 - 기타,기타,건조,맑음,교차로 - 교차로안,이륜,남,56세,중상,승용,여,46세,상해없음
2019022000100411,2019년 2월 20일 18시,수요일,전라남도 장성군 삼계면,경상사고,0,0,1,0,차대사람 - 기타,안전운전불이행,건조,맑음,단일로 - 기타,승용,여,46세,상해없음,보행자,남,7세,경상
2019022000100508,2019년 2월 20일 21시,수요일,전라남도 목포시 상동,중상사고,0,1,0,0,차대사람 - 기타,안전운전불이행,건조,맑음,기타 - 기타,승용,여,49세,상해없음,보행자,남,53세,중상
2019022000100509,2019년 2월 20일 21시,수요일,전라남도 순천시 매곡동,경상사고,0,0,1,0,차량단독 - 공작물충돌,안전운전불이행,건조,기타,단일로 - 기타,승용,남,45세,경상,,,,
2019022100100049,2019년 2월 21일 03시,목요일,전라남도 순천시 장천동,중상사고,0,1,0,0,차대사람 - 기타,보행자보호의무위반,건조,맑음,단일로 - 기타,승용,여,21세,상해없음,보행자,남,53세,중상
2019022100100058,2019년 2월 21일 04시,목요일,전라남도 목포시 연산동,경상사고,0,0,1,0,차대차 - 측면충돌,안전운전불이행,건조,맑음,단일로 - 기타,승용,여,57세,상해없음,승용,남,43세,경상
2019022100100073,2019년 2월 21일 06시,목요일,전라남도 무안군 일로읍,경상사고,0,0,1,0,차대차 - 기타,안전운전불이행,건조,맑음,단일로 - 기타,화물,남,59세,상해없음,승용,남,51세,경상
2019022100100164,2019년 2월 21일 09시,목요일,전라남도 고흥군 금산면,중상사고,0,1,0,0,차대차 - 측면충돌,교차로운행방법위반,건조,맑음,교차로 - 교차로안,이륜,남,80세,중상,화물,남,42세,상해없음
2019022100100192,2019년 2월 21일 10시,목요일,전라남도 여수시 소호동,중상사고,0,1,0,0,차대사람 - 기타,안전운전불이행,건조,맑음,교차로 - 교차로부근,승용,남,41세,상해없음,보행자,남,78세,중상
2019022100100253,2019년 2월 21일 12시,목요일,전라남도 나주시 경현동,경상사고,0,0,1,0,차대차 - 측면충돌,안전거리미확보,건조,맑음,단일로 - 기타,승용,남,68세,상해없음,이륜,남,76세,경상
2019022100100254,2019년 2월 21일 12시,목요일,전라남도 보성군 미력면,부상신고사고,0,0,0,1,차대차 - 기타,기타,건조,맑음,단일로 - 기타,화물,남,63세,상해없음,자전거,남,15세,부상신고
2019022100100255,2019년 2월 21일 12시,목요일,전라남도 화순군 화순읍,경상사고,0,0,2,0,차대차 - 기타,안전운전불이행,건조,맑음,단일로 - 기타,건설기계,남,61세,상해없음,사륜오토바이(ATV),남,75세,경상
2019022100100256,2019년 2월 21일 12시,목요일,전라남도 광양시 중동,중상사고,0,1,0,0,차대차 - 측면충돌,교차로운행방법위반,건조,맑음,교차로 - 교차로안,승용,남,49세,상해없음,이륜,남,72세,중상
2019022100100285,2019년 2월 21일 13시,목요일,전라남도 순천시 조례동,경상사고,0,0,1,0,차대사람 - 차도통행중,안전운전불이행,건조,맑음,단일로 - 기타,승용,여,58세,상해없음,보행자,남,57세,경상
2019022100100286,2019년 2월 21일 13시,목요일,전라남도 강진군 마량면,경상사고,0,0,1,0,차대사람 - 길가장자리구역통행중,안전운전불이행,건조,맑음,단일로 - 기타,승용,남,50세,상해없음,보행자,여,63세,경상
2019022100100287,2019년 2월 21일 13시,목요일,전라남도 강진군 강진읍,경상사고,0,0,1,0,차량단독 - 공작물충돌,안전운전불이행,건조,맑음,단일로 - 기타,승용,여,27세,경상,,,,
2019022100100352,2019년 2월 21일 15시,목요일,전라남도 여수시 둔덕동,경상사고,0,0,1,0,차대차 - 측면충돌,차로위반,건조,맑음,단일로 - 기타,이륜,남,66세,경상,승용,여,64세,상해없음
2019022100100353,2019년 2월 21일 15시,목요일,전라남도 순천시 연향동,경상사고,0,0,2,0,차대차 - 추돌,안전운전불이행,건조,맑음,교차로 - 교차로부근,승용,남,53세,상해없음,승용,남,34세,경상
2019022100100354,2019년 2월 21일 15시,목요일,전라남도 영광군 백수읍,경상사고,0,0,2,0,차대차 - 추돌,안전운전불이행,건조,맑음,단일로 - 기타,화물,남,62세,경상,승용,남,50세,경상
2019022100100355,2019년 2월 21일 15시,목요일,전라남도 광양시 진월면,중상사고,0,1,0,0,차대차 - 측면충돌,불법유턴,건조,맑음,교차로 - 교차로횡단보도내,승용,남,50세,중상,건설기계,남,54세,상해없음
2019022100100379,2019년 2월 21일 16시,목요일,전라남도 여수시 봉산동,경상사고,0,0,2,0,차대차 - 측면충돌,신호위반,건조,맑음,교차로 - 교차로안,승용,여,63세,상해없음,승용,남,63세,경상
2019022100100380,2019년 2월 21일 16시,목요일,전라남도 나주시 부덕동,경상사고,0,0,4,0,차대차 - 추돌,안전거리미확보,건조,맑음,교차로 - 교차로안,화물,남,22세,경상,화물,남,76세,경상
2019022100100381,2019년 2월 21일 16시,목요일,전라남도 나주시 부덕동,경상사고,0,0,2,0,차대차 - 추돌,안전거리미확보,건조,맑음,교차로 - 교차로안,화물,남,64세,상해없음,화물,남,22세,경상
2019022100100382,2019년 2월 21일 16시,목요일,전라남도 구례군 마산면,부상신고사고,0,0,0,1,차대차 - 측면충돌,안전운전불이행,건조,맑음,단일로 - 기타,이륜,남,33세,부상신고,승용,여,51세,상해없음
2019022100100413,2019년 2월 21일 17시,목요일,전라남도 여수시 학동,중상사고,0,1,0,0,차대사람 - 기타,안전운전불이행,건조,맑음,교차로 - 교차로부근,승용,여,49세,상해없음,보행자,여,70세,중상
2019022100100414,2019년 2월 21일 17시,목요일,전라남도 광양시 광양읍,경상사고,0,0,2,0,차대차 - 측면충돌,차로위반,건조,맑음,단일로 - 기타,화물,남,64세,경상,승용,여,46세,경상
2019022100100455,2019년 2월 21일 18시,목요일,전라남도 광양시 중동,경상사고,0,0,1,0,차대차 - 측면충돌,신호위반,건조,맑음,교차로 - 교차로안,승용,남,22세,상해없음,승용,남,27세,경상
2019022100100507,2019년 2월 21일 19시,목요일,전라남도 목포시 용해동,경상사고,0,0,1,0,차대사람 - 기타,보행자보호의무위반,건조,맑음,교차로 - 교차로부근,승용,여,48세,상해없음,보행자,남,33세,경상
2019022100100544,2019년 2월 21일 20시,목요일,전라남도 목포시 옥암동,부상신고사고,0,0,0,1,차대차 - 측면충돌,안전운전불이행,건조,맑음,단일로 - 기타,이륜,남,34세,부상신고,화물,남,59세,상해없음
2019022100100578,2019년 2월 21일 21시,목요일,전라남도 여수시 신월동,경상사고,0,0,2,0,차대차 - 추돌,안전운전불이행,건조,맑음,교차로 - 교차로부근,승용,남,35세,상해없음,승용,남,58세,경상
2019022100100598,2019년 2월 21일 22시,목요일,전라남도 순천시 오천동,경상사고,0,0,1,0,차대차 - 측면충돌,안전운전불이행,건조,맑음,교차로 - 교차로부근,승용,남,33세,상해없음,승용,남,32세,경상
2019022200100028,2019년 2월 22일 00시,금요일,전라남도 광양시 중동,중상사고,0,1,7,0,차대차 - 측면충돌,신호위반,건조,맑음,교차로 - 교차로안,승용,남,38세,상해없음,승용,남,63세,경상
2019022200100060,2019년 2월 22일 03시,금요일,전라남도 여수시 미평동,부상신고사고,0,0,0,1,차량단독 - 공작물충돌,안전운전불이행,건조,맑음,단일로 - 기타,승용,남,24세,부상신고,,,,
2019022200100069,2019년 2월 22일 04시,금요일,전라남도 광양시 성황동,경상사고,0,0,2,0,차량단독 - 공작물충돌,안전운전불이행,건조,맑음,단일로 - 기타,승용,남,21세,상해없음,,,,
2019022200100099,2019년 2월 22일 06시,금요일,전라남도 광양시 광양읍,사망사고,1,0,1,0,차대차 - 추돌,안전운전불이행,건조,맑음,단일로 - 기타,승용,남,28세,사망,특수,남,39세,경상
2019022200100115,2019년 2월 22일 07시,금요일,전라남도 여수시 봉산동,경상사고,0,0,1,0,차대차 - 정면충돌,중앙선침범,건조,맑음,단일로 - 기타,승용,남,64세,상해없음,승용,남,29세,경상
2019022200100140,2019년 2월 22일 08시,금요일,전라남도 보성군 보성읍,경상사고,0,0,1,0,차대차 - 측면충돌,직진우회전진행방해,건조,맑음,교차로 - 교차로안,승용,남,62세,상해없음,승용,남,59세,경상
2019022200100141,2019년 2월 22일 08시,금요일,전라남도 완도군 금일읍,경상사고,0,0,1,0,차대차 - 정면충돌,중앙선침범,건조,맑음,단일로 - 기타,승용,여,33세,상해없음,화물,남,36세,경상
2019022200100211,2019년 2월 22일 11시,금요일,전라남도 여수시 신기동,중상사고,0,1,0,0,차대차 - 측면충돌,안전운전불이행,건조,맑음,단일로 - 기타,자전거,남,69세,중상,화물,남,51세,상해없음
2019022200100212,2019년 2월 22일 11시,금요일,전라남도 순천시 중앙동,경상사고,0,0,1,0,차대사람 - 차도통행중,안전운전불이행,건조,맑음,단일로 - 기타,승용,남,56세,기타불명,보행자,남,26세,경상
2019022200100213,2019년 2월 22일 11시,금요일,전라남도 완도군 완도읍,경상사고,0,0,1,0,차대차 - 측면충돌,안전운전불이행,건조,맑음,교차로 - 교차로안,승용,남,49세,상해없음,화물,남,45세,경상
2019022200100214,2019년 2월 22일 11시,금요일,전라남도 무안군 삼향읍,경상사고,0,0,1,0,차대차 - 측면충돌,안전운전불이행,건조,맑음,교차로 - 교차로부근,승용,여,26세,기타불명,승용,남,64세,경상
2019022200100250,2019년 2월 22일 12시,금요일,전라남도 목포시 옥암동,중상사고,0,1,2,0,차대차 - 기타,안전운전불이행,건조,맑음,교차로 - 교차로안,이륜,남,51세,경상,승용,남,50세,중상
2019022200100251,2019년 2월 22일 12시,금요일,전라남도 고흥군 포두면,중상사고,0,4,0,0,차대차 - 정면충돌,안전운전불이행,건조,맑음,교차로 - 교차로안,승용,남,59세,중상,화물,남,61세,중상
2019022200100309,2019년 2월 22일 14시,금요일,전라남도 완도군 완도읍,경상사고,0,0,1,0,차대사람 - 차도통행중,안전운전불이행,건조,맑음,단일로 - 기타,승용,여,52세,상해없음,보행자,여,66세,경상
2019022200100350,2019년 2월 22일 15시,금요일,전라남도 강진군 칠량면,중상사고,0,1,0,0,차대사람 - 기타,기타,건조,맑음,단일로 - 기타,승합,남,55세,상해없음,보행자,여,80세,중상
2019022200100376,2019년 2월 22일 16시,금요일,전라남도 장흥군 대덕읍,중상사고,0,1,0,0,차대차 - 측면충돌,기타,건조,맑음,교차로 - 교차로안,화물,남,40세,상해없음,이륜,여,62세,중상
2019022200100427,2019년 2월 22일 18시,금요일,전라남도 해남군 황산면,중상사고,0,1,0,0,차량단독 - 전도전복 - 전도,안전운전불이행,건조,맑음,단일로 - 기타,이륜,남,58세,중상,,,,
2019022200100468,2019년 2월 22일 19시,금요일,전라남도 목포시 용해동,경상사고,0,0,1,0,차대차 - 기타,안전운전불이행,건조,맑음,교차로 - 교차로부근,승용,남,52세,상해없음,이륜,남,48세,경상
2019022200100469,2019년 2월 22일 19시,금요일,전라남도 순천시 서면,중상사고,0,1,1,0,차대차 - 측면충돌,안전운전불이행,건조,맑음,교차로 - 교차로안,자전거,남,11세,경상,승용,여,35세,상해없음
2019022200100558,2019년 2월 22일 21시,금요일,전라남도 목포시 금동1가,중상사고,0,1,0,0,차대사람 - 기타,안전운전불이행,건조,맑음,기타 - 기타,승용,남,54세,상해없음,보행자,여,51세,중상
2019022200100593,2019년 2월 22일 22시,금요일,전라남도 목포시 옥암동,중상사고,0,1,0,0,차대사람 - 횡단중,보행자보호의무위반,건조,맑음,교차로 - 교차로부근,승용,남,54세,상해없음,보행자,남,61세,중상
2019022300100063,2019년 2월 23일 02시,토요일,전라남도 목포시 석현동,경상사고,0,0,4,0,차대차 - 측면충돌,안전운전불이행,젖음/습기,안개,단일로 - 기타,승용,남,26세,경상,승용,남,40세,경상
2019022300100100,2019년 2월 23일 05시,토요일,전라남도 여수시 여서동,중상사고,0,1,0,0,차대차 - 측면충돌,신호위반,건조,맑음,교차로 - 교차로안,승용,남,65세,상해없음,자전거,남,79세,중상
2019022300100127,2019년 2월 23일 07시,토요일,전라남도 여수시 돌산읍,경상사고,0,0,1,0,차대차 - 정면충돌,중앙선침범,건조,맑음,단일로 - 기타,승용,여,30세,상해없음,승용,여,49세,경상
2019022300100128,2019년 2월 23일 07시,토요일,전라남도 영암군 금정면,경상사고,0,0,3,0,차대차 - 측면충돌,기타,건조,맑음,교차로 - 교차로안,승용,남,58세,경상,승용,남,37세,경상
2019022300100129,2019년 2월 23일 07시,토요일,전라남도 영암군 삼호읍,경상사고,0,0,3,0,차대차 - 측면충돌,안전운전불이행,건조,맑음,단일로 - 기타,승용,남,31세,경상,승용,남,37세,경상
2019022300100147,2019년 2월 23일 08시,토요일,전라남도 순천시 조례동,경상사고,0,0,1,0,차대차 - 기타,신호위반,건조,맑음,교차로 - 교차로안,화물,남,58세,상해없음,승용,남,26세,경상
2019022300100148,2019년 2월 23일 08시,토요일,전라남도 장흥군 관산읍,중상사고,0,2,1,0,차량단독 - 공작물충돌,안전운전불이행,건조,맑음,단일로 - 기타,승용,남,69세,경상,,,,
2019022300100174,2019년 2월 23일 09시,토요일,전라남도 해남군 해남읍,경상사고,0,0,1,0,차대차 - 측면충돌,안전운전불이행,건조,맑음,교차로 - 교차로안,승용,여,38세,상해없음,승용,여,63세,경상
2019022300100235,2019년 2월 23일 11시,토요일,전라남도 목포시 연산동,경상사고,0,0,1,0,차대차 - 추돌,안전운전불이행,건조,맑음,단일로 - 기타,승용,남,61세,상해없음,승용,남,52세,경상
2019022300100236,2019년 2월 23일 11시,토요일,전라남도 광양시 중동,경상사고,0,0,1,0,차대차 - 측면충돌,차로위반,건조,맑음,교차로 - 교차로부근,승용,남,28세,상해없음,승용,남,74세,상해없음
2019022300100237,2019년 2월 23일 11시,토요일,전라남도 광양시 광양읍,중상사고,0,1,0,0,차대사람 - 기타,안전운전불이행,건조,맑음,기타 - 기타,건설기계,남,56세,상해없음,보행자,남,46세,중상
2019022300100272,2019년 2월 23일 12시,토요일,전라남도 여수시 학동,경상사고,0,0,3,0,차대차 - 측면충돌,안전거리미확보,건조,맑음,교차로 - 교차로안,화물,남,63세,상해없음,승용,여,45세,경상
2019022300100309,2019년 2월 23일 13시,토요일,전라남도 나주시 성북동,경상사고,0,0,2,0,차대차 - 측면충돌,안전운전불이행,건조,맑음,교차로 - 교차로안,승용,남,28세,상해없음,승용,남,36세,경상
2019022300100310,2019년 2월 23일 13시,토요일,전라남도 함평군 학교면,부상신고사고,0,0,0,1,차량단독 - 도로외이탈 - 추락,안전운전불이행,건조,맑음,단일로 - 기타,이륜,남,48세,부상신고,,,,
2019022300100383,2019년 2월 23일 15시,토요일,전라남도 여수시 관문동,경상사고,0,0,1,0,차대차 - 기타,안전운전불이행,건조,맑음,교차로 - 교차로안,승용,남,41세,상해없음,승용,여,70세,경상
2019022300100410,2019년 2월 23일 16시,토요일,전라남도 여수시 미평동,경상사고,0,0,1,0,차대차 - 측면충돌,안전운전불이행,건조,맑음,단일로 - 기타,원동기,남,38세,경상,승용,남,56세,상해없음
2019022300100411,2019년 2월 23일 16시,토요일,전라남도 영암군 삼호읍,경상사고,0,0,2,0,차대차 - 정면충돌,신호위반,건조,맑음,교차로 - 교차로안,승용,여,37세,경상,승용,여,41세,경상
2019022300100475,2019년 2월 23일 18시,토요일,전라남도 순천시 연향동,경상사고,0,0,3,0,차대차 - 측면충돌,안전운전불이행,건조,맑음,교차로 - 교차로안,승용,여,60세,상해없음,승용,남,36세,경상
2019022300100518,2019년 2월 23일 19시,토요일,전라남도 여수시 군자동,경상사고,0,0,1,0,차대사람 - 횡단중,보행자보호의무위반,건조,맑음,교차로 - 교차로부근,승용,남,38세,상해없음,보행자,남,48세,경상
2019022300100539,2019년 2월 23일 20시,토요일,전라남도 신안군 자은면,사망사고,1,2,1,0,차대사람 - 기타,안전운전불이행,건조,맑음,단일로 - 기타,화물,남,36세,상해없음,보행자,남,70세,사망
2019022300100559,2019년 2월 23일 21시,토요일,전라남도 목포시 달동,중상사고,0,3,0,0,차대차 - 측면충돌,교차로운행방법위반,건조,맑음,교차로 - 교차로안,화물,남,60세,중상,승용,남,25세,중상
2019022300100560,2019년 2월 23일 21시,토요일,전라남도 순천시 서면,경상사고,0,0,3,0,차대차 - 측면충돌,신호위반,건조,맑음,교차로 - 교차로안,화물,남,59세,상해없음,승용,여,43세,경상
2019022300100602,2019년 2월 23일 23시,토요일,전라남도 순천시 연향동,경상사고,0,0,1,0,차대차 - 기타,직진우회전진행방해,건조,맑음,교차로 - 교차로안,승용,남,53세,상해없음,이륜,남,19세,경상
2019022400100055,2019년 2월 24일 04시,일요일,전라남도 무안군 삼향읍,경상사고,0,0,1,0,차대차 - 추돌,교차로운행방법위반,건조,맑음,교차로 - 교차로안,승용,남,38세,상해없음,승용,남,55세,경상
2019022400100067,2019년 2월 24일 06시,일요일,전라남도 광양시 마동,부상신고사고,0,0,0,1,차량단독 - 전도전복 - 전도,안전운전불이행,건조,맑음,단일로 - 터널,승용,남,35세,부상신고,,,,
2019022400100105,2019년 2월 24일 10시,일요일,전라남도 장흥군 장흥읍,중상사고,0,2,0,0,차량단독 - 전도전복 - 전도,안전운전불이행,건조,맑음,교차로 - 교차로안,승용,남,63세,중상,,,,
2019022400100106,2019년 2월 24일 10시,일요일,전라남도 영암군 삼호읍,경상사고,0,0,3,0,차대차 - 측면충돌,안전운전불이행,건조,맑음,교차로 - 교차로안,승용,남,59세,경상,승용,남,63세,경상
2019022400100126,2019년 2월 24일 11시,일요일,전라남도 강진군 성전면,중상사고,0,1,1,0,차량단독 - 공작물충돌,안전운전불이행,건조,맑음,단일로 - 기타,승용,남,51세,상해없음,,,,
2019022400100155,2019년 2월 24일 12시,일요일,전라남도 해남군 화산면,중상사고,0,1,0,0,차대사람 - 차도통행중,안전운전불이행,건조,맑음,교차로 - 교차로안,화물,남,67세,상해없음,보행자,남,77세,중상
2019022400100229,2019년 2월 24일 14시,일요일,전라남도 여수시 여서동,경상사고,0,0,1,0,차대차 - 측면충돌,중앙선침범,건조,맑음,교차로 - 교차로부근,승용,남,51세,상해없음,승용,남,71세,경상
2019022400100230,2019년 2월 24일 14시,일요일,전라남도 나주시 노안면,중상사고,0,1,0,0,차대사람 - 횡단중,안전운전불이행,건조,맑음,단일로 - 기타,자전거,남,58세,중상,보행자,여,40세,상해없음