사고번호,사고일시,요일,시군구,사고내용,사망자수,중상자수,경상자수,부상신고자수,사고유형,법규위반,노면상태,기상상태,도로형태,가해운전자 차종,가해운전자 성별,가해운전자 연령,가해운전자 상해정도,피해운전자 차종,피해운전자 성별,피해운전자 연령,피해운전자 상해정도
2019030700100252,2019년 3월 7일 12시,목요일,전라남도 순천시 해룡면,경상사고,0,0,2,0,차대차 - 기타,직진우회전진행방해,건조,맑음,교차로 - 교차로안,화물,남,28세,경상,승용,여,37세,경상
2019030700100253,2019년 3월 7일 12시,목요일,전라남도 광양시 금호동,경상사고,0,0,2,0,차대차 - 측면충돌,교차로운행방법위반,건조,맑음,교차로 - 교차로안,승용,남,62세,상해없음,승용,여,53세,경상
2019030700100281,2019년 3월 7일 13시,목요일,전라남도 여수시 만흥동,경상사고,0,0,2,0,차대사람 - 길가장자리구역통행중,안전운전불이행,건조,맑음,단일로 - 기타,승용,여,20세,상해없음,보행자,여,20세,경상
2019030700100312,2019년 3월 7일 14시,목요일,전라남도 목포시 상동,경상사고,0,0,1,0,차대차 - 기타,신호위반,건조,맑음,교차로 - 교차로안,승용,남,64세,상해없음,승용,여,49세,경상
2019030700100348,2019년 3월 7일 15시,목요일,전라남도 순천시 별량면,경상사고,0,0,2,0,차대차 - 기타,안전운전불이행,건조,맑음,교차로 - 교차로부근,승용,남,50세,상해없음,승용,여,65세,경상
2019030700100349,2019년 3월 7일 15시,목요일,전라남도 순천시 덕월동,중상사고,0,1,0,0,차대차 - 측면충돌,신호위반,건조,맑음,교차로 - 교차로안,승용,여,50세,상해없음,이륜,남,23세,중상
2019030700100378,2019년 3월 7일 16시,목요일,전라남도 순천시 조곡동,중상사고,0,1,4,0,차대차 - 정면충돌,중앙선침범,건조,맑음,단일로 - 기타,승용,남,62세,상해없음,승용,남,70세,경상
2019030700100379,2019년 3월 7일 16시,목요일,전라남도 고흥군 금산면,중상사고,0,1,1,0,차량단독 - 전도전복 - 전복,안전운전불이행,건조,맑음,기타 - 기타,승용,여,69세,경상,,,,
2019030700100380,2019년 3월 7일 16시,목요일,전라남도 담양군 담양읍,중상사고,0,1,0,0,차대차 - 기타,중앙선침범,건조,맑음,단일로 - 기타,승합,남,55세,상해없음,이륜,남,35세,중상
2019030700100457,2019년 3월 7일 18시,목요일,전라남도 순천시 조곡동,중상사고,0,1,0,0,차대사람 - 횡단중,신호위반,건조,맑음,단일로 - 기타,화물,남,61세,상해없음,보행자,남,5세,중상
2019030700100501,2019년 3월 7일 19시,목요일,전라남도 여수시 고소동,경상사고,0,0,1,0,차대차 - 기타,신호위반,젖음/습기,비,교차로 - 교차로안,승용,여,40세,상해없음,승용,남,19세,경상
2019030700100502,2019년 3월 7일 19시,목요일,전라남도 순천시 풍덕동,중상사고,0,1,0,0,차대차 - 측면충돌,교차로운행방법위반,건조,맑음,교차로 - 교차로안,승용,남,60세,상해없음,승용,여,50세,중상
2019030700100503,2019년 3월 7일 19시,목요일,전라남도 고흥군 도양읍,경상사고,0,0,1,0,차대차 - 측면충돌,안전운전불이행,건조,맑음,단일로 - 기타,승용,남,47세,상해없음,승용,여,43세,경상
2019030700100504,2019년 3월 7일 19시,목요일,전라남도 영광군 백수읍,중상사고,0,1,0,0,차대사람 - 차도통행중,안전운전불이행,건조,맑음,단일로 - 기타,화물,남,72세,상해없음,보행자,여,81세,중상
2019030800100043,2019년 3월 8일 03시,금요일,전라남도 곡성군 곡성읍,경상사고,0,0,1,0,차대차 - 추돌,직진우회전진행방해,건조,맑음,교차로 - 교차로안,화물,남,46세,상해없음,이륜,남,83세,경상
2019030800100048,2019년 3월 8일 04시,금요일,전라남도 순천시 석현동,경상사고,0,0,1,0,차량단독 - 공작물충돌,안전운전불이행,건조,맑음,단일로 - 기타,이륜,남,18세,경상,,,,
2019030800100077,2019년 3월 8일 06시,금요일,전라남도 광양시 광양읍,경상사고,0,0,2,0,차대차 - 측면충돌,안전운전불이행,건조,맑음,교차로 - 교차로안,승용,남,64세,상해없음,승용,남,26세,경상
2019030800100099,2019년 3월 8일 07시,금요일,전라남도 나주시 산포면,경상사고,0,0,2,0,차대차 - 추돌,안전거리미확보,젖음/습기,안개,단일로 - 기타,화물,남,45세,상해없음,화물,남,45세,경상
2019030800100100,2019년 3월 8일 07시,금요일,전라남도 나주시 산포면,경상사고,0,0,1,0,차대차 - 추돌,안전거리미확보,젖음/습기,안개,단일로 - 기타,승용,남,42세,상해없음,승용,남,56세,경상
2019030800100101,2019년 3월 8일 07시,금요일,전라남도 고흥군 동강면,중상사고,0,1,0,0,차대차 - 측면충돌,교차로운행방법위반,건조,맑음,교차로 - 교차로안,승용,여,62세,상해없음,이륜,여,70세,중상
2019030800100102,2019년 3월 8일 07시,금요일,전라남도 해남군 해남읍,중상사고,0,1,0,0,차대차 - 추돌,안전운전불이행,건조,맑음,단일로 - 기타,승용,남,41세,상해없음,화물,남,60세,중상
2019030800100190,2019년 3월 8일 09시,금요일,전라남도 화순군 화순읍,경상사고,0,0,2,0,차대차 - 측면충돌,직진우회전진행방해,건조,맑음,교차로 - 교차로안,승용,남,65세,경상,승용,남,55세,경상
2019030800100231,2019년 3월 8일 10시,금요일,전라남도 영암군 삼호읍,경상사고,0,0,2,0,차대차 - 기타,안전운전불이행,건조,맑음,교차로 - 교차로안,특수,남,51세,상해없음,승용,여,56세,경상
2019030800100267,2019년 3월 8일 11시,금요일,전라남도 해남군 해남읍,경상사고,0,0,2,0,차대차 - 정면충돌,중앙선침범,건조,맑음,교차로 - 교차로부근,승합,남,55세,상해없음,승용,남,45세,경상
2019030800100268,2019년 3월 8일 11시,금요일,전라남도 해남군 문내면,경상사고,0,0,1,0,차대차 - 추돌,안전운전불이행,건조,맑음,교차로 - 교차로부근,화물,남,59세,상해없음,승용,여,34세,경상
2019030800100269,2019년 3월 8일 11시,금요일,전라남도 구례군 구례읍,경상사고,0,0,1,0,차대차 - 측면충돌,교차로운행방법위반,건조,맑음,교차로 - 교차로안,이륜,남,33세,경상,승용,여,50세,상해없음
2019030800100309,2019년 3월 8일 12시,금요일,전라남도 광양시 중동,경상사고,0,0,2,0,차대차 - 측면충돌,교차로운행방법위반,건조,맑음,교차로 - 교차로안,화물,남,74세,상해없음,승용,남,65세,경상
2019030800100310,2019년 3월 8일 12시,금요일,전라남도 광양시 황길동,경상사고,0,0,1,0,차대차 - 측면충돌,교차로운행방법위반,건조,맑음,교차로 - 교차로안,승합,남,59세,상해없음,건설기계,남,54세,경상
2019030800100347,2019년 3월 8일 13시,금요일,전라남도 여수시 충무동,경상사고,0,0,1,0,차대차 - 기타,차로위반,건조,맑음,단일로 - 기타,이륜,남,52세,상해없음,승용,남,54세,경상
2019030800100384,2019년 3월 8일 14시,금요일,전라남도 여수시 국동,경상사고,0,0,1,0,차대차 - 측면충돌,안전운전불이행,건조,맑음,교차로 - 교차로안,자전거,남,20세,경상,화물,남,51세,상해없음
2019030800100385,2019년 3월 8일 14시,금요일,전라남도 장흥군 장흥읍,경상사고,0,0,1,0,차대사람 - 차도통행중,안전운전불이행,건조,맑음,단일로 - 기타,승용,여,64세,상해없음,보행자,여,17세,경상
2019030800100421,2019년 3월 8일 15시,금요일,전라남도 목포시 산정동,경상사고,0,0,1,1,차대차 - 측면충돌,안전운전불이행,건조,맑음,교차로 - 교차로부근,승용,여,68세,부상신고,승용,여,71세,경상
2019030800100422,2019년 3월 8일 15시,금요일,전라남도 담양군 봉산면,중상사고,0,1,0,0,차량단독 - 공작물충돌,안전운전불이행,건조,맑음,단일로 - 기타,승용,여,53세,중상,,,,
2019030800100457,2019년 3월 8일 16시,금요일,전라남도 고흥군 도양읍,중상사고,0,1,0,0,차대사람 - 차도통행중,안전운전불이행,건조,맑음,단일로 - 기타,승합,남,79세,상해없음,보행자,남,77세,중상
2019030800100502,2019년 3월 8일 17시,금요일,전라남도 순천시 남정동,경상사고,0,0,1,0,차대차 - 측면충돌,안전거리미확보,건조,맑음,교차로 - 교차로안,승용,남,70세,상해없음,승합,여,45세,경상
2019030800100503,2019년 3월 8일 17시,금요일,전라남도 장흥군 관산읍,사망사고,1,2,0,0,차량단독 - 전도전복 - 전도,안전운전불이행,건조,맑음,단일로 - 기타,승용,여,42세,중상,,,,
2019030800100555,2019년 3월 8일 18시,금요일,전라남도 여수시 웅천동,경상사고,0,0,1,0,차대차 - 측면충돌,교차로운행방법위반,건조,맑음,교차로 - 교차로안,승용,여,37세,상해없음,승용,남,24세,경상
2019030800100556,2019년 3월 8일 18시,금요일,전라남도 구례군 토지면,경상사고,0,0,4,0,차대차 - 측면충돌,중앙선침범,건조,맑음,단일로 - 기타,화물,남,40세,상해없음,승용,남,33세,경상
2019030800100610,2019년 3월 8일 19시,금요일,전라남도 해남군 문내면,중상사고,0,1,0,0,차대사람 - 기타,안전운전불이행,건조,맑음,기타 - 기타,화물,남,66세,상해없음,보행자,여,62세,중상
2019030800100652,2019년 3월 8일 20시,금요일,전라남도 나주시 대호동,경상사고,0,0,2,0,차대차 - 정면충돌,신호위반,건조,맑음,교차로 - 교차로안,승용,여,52세,상해없음,승용,여,59세,경상
2019030800100653,2019년 3월 8일 20시,금요일,전라남도 무안군 일로읍,경상사고,0,0,3,0,차대차 - 기타,기타,건조,맑음,교차로 - 교차로안,기타불명,기타불명,미분류,기타불명,승용,여,49세,경상
2019030800100706,2019년 3월 8일 22시,금요일,전라남도 담양군 봉산면,중상사고,0,4,1,0,차대차 - 정면충돌,중앙선침범,건조,맑음,단일로 - 기타,승용,남,44세,중상,승용,남,50세,중상
2019030900100031,2019년 3월 9일 00시,토요일,전라남도 목포시 금동2가,경상사고,0,0,2,0,차대차 - 기타,교차로운행방법위반,건조,맑음,교차로 - 교차로안,승용,남,60세,경상,승용,여,50세,경상
2019030900100032,2019년 3월 9일 00시,토요일,전라남도 순천시 연향동,경상사고,0,0,4,0,차대차 - 추돌,안전운전불이행,건조,맑음,단일로 - 기타,승용,남,63세,상해없음,승용,여,31세,경상
2019030900100046,2019년 3월 9일 01시,토요일,전라남도 목포시 상동,경상사고,0,0,5,0,차대차 - 기타,직진우회전진행방해,건조,맑음,교차로 - 교차로안,승용,여,19세,경상,승용,남,21세,경상
2019030900100047,2019년 3월 9일 01시,토요일,전라남도 여수시 학동,경상사고,0,0,1,0,차대차 - 추돌,안전운전불이행,건조,맑음,교차로 - 교차로안,승용,남,27세,상해없음,승용,남,55세,경상
2019030900100048,2019년 3월 9일 01시,토요일,전라남도 광양시 성황동,경상사고,0,0,2,0,차대차 - 추돌,안전운전불이행,건조,맑음,단일로 - 기타,승용,여,40세,상해없음,승용,남,49세,경상
2019030900100124,2019년 3월 9일 07시,토요일,전라남도 고흥군 풍양면,중상사고,0,2,0,0,차대차 - 측면충돌,안전운전불이행,건조,맑음,단일로 - 기타,승합,남,63세,상해없음,승용,남,30세,중상
2019030900100151,2019년 3월 9일 08시,토요일,전라남도 순천시 해룡면,경상사고,0,0,2,0,차대차 - 측면충돌,직진우회전진행방해,건조,맑음,교차로 - 교차로안,승용,여,55세,경상,승용,남,50세,경상
2019030900100152,2019년 3월 9일 08시,토요일,전라남도 고흥군 도화면,사망사고,1,0,0,0,차량단독 - 전도전복 - 전도,안전운전불이행,건조,맑음,단일로 - 기타,이륜,남,82세,사망,,,,
2019030900100153,2019년 3월 9일 08시,토요일,전라남도 함평군 학교면,경상사고,0,0,1,0,차대사람 - 길가장자리구역통행중,안전운전불이행,건조,맑음,교차로 - 교차로부근,화물,남,68세,상해없음,보행자,여,81세,경상
2019030900100154,2019년 3월 9일 08시,토요일,전라남도 장성군 장성읍,중상사고,0,4,1,0,차대차 - 측면충돌,신호위반,건조,흐림,교차로 - 교차로안,승용,남,78세,중상,승용,남,61세,경상
2019030900100176,2019년 3월 9일 09시,토요일,전라남도 목포시 달동,경상사고,0,0,1,0,차대차 - 측면충돌,신호위반,건조,맑음,교차로 - 교차로안,승용,남,39세,상해없음,승용,남,40세,경상
2019030900100177,2019년 3월 9일 09시,토요일,전라남도 해남군 해남읍,경상사고,0,0,1,0,차대차 - 측면충돌,직진우회전진행방해,건조,맑음,교차로 - 교차로안,승합,남,59세,상해없음,화물,남,60세,상해없음
2019030900100178,2019년 3월 9일 09시,토요일,전라남도 담양군 대전면,중상사고,0,1,0,0,차대차 - 추돌,안전운전불이행,건조,맑음,단일로 - 기타,화물,남,38세,상해없음,농기계,남,58세,중상
2019030900100202,2019년 3월 9일 10시,토요일,전라남도 목포시 용당동,중상사고,0,1,0,0,차대사람 - 횡단중,안전운전불이행,건조,맑음,교차로 - 교차로안,승용,여,47세,상해없음,보행자,여,79세,중상
2019030900100203,2019년 3월 9일 10시,토요일,전라남도 강진군 군동면,중상사고,0,1,1,0,차대차 - 추돌,안전운전불이행,건조,흐림,기타 - 기타,사륜오토바이(ATV),남,79세,상해없음,승용,남,57세,경상
2019030900100258,2019년 3월 9일 12시,토요일,전라남도 목포시 옥암동,경상사고,0,0,2,0,차대차 - 기타,교차로운행방법위반,건조,맑음,교차로 - 교차로안,승용,남,45세,상해없음,승용,남,31세,경상
2019030900100259,2019년 3월 9일 12시,토요일,전라남도 화순군 화순읍,중상사고,0,1,0,0,차대차 - 측면충돌,직진우회전진행방해,건조,맑음,교차로 - 교차로안,이륜,남,54세,중상,화물,남,51세,상해없음
2019030900100260,2019년 3월 9일 12시,토요일,전라남도 화순군 화순읍,중상사고,0,1,0,0,차대차 - 측면충돌,직진우회전진행방해,건조,맑음,교차로 - 교차로안,이륜,여,28세,중상,승용,남,39세,상해없음
2019030900100337,2019년 3월 9일 14시,토요일,전라남도 여수시 학동,경상사고,0,0,1,0,차대차 - 추돌,안전운전불이행,건조,맑음,단일로 - 기타,승용,여,66세,상해없음,승용,여,25세,경상
2019030900100338,2019년 3월 9일 14시,토요일,전라남도 해남군 마산면,경상사고,0,0,3,0,차대차 - 측면충돌,직진우회전진행방해,건조,맑음,교차로 - 교차로안,승용,여,53세,경상,승용,남,69세,상해없음
2019030900100339,2019년 3월 9일 14시,토요일,전라남도 해남군 산이면,경상사고,0,0,1,1,차대차 - 측면충돌,안전운전불이행,건조,맑음,교차로 - 교차로부근,건설기계,남,75세,상해없음,승용,여,34세,경상
2019030900100372,2019년 3월 9일 15시,토요일,전라남도 순천시 연향동,경상사고,0,0,3,0,차대차 - 추돌,안전거리미확보,건조,맑음,단일로 - 기타,승용,남,69세,상해없음,승용,남,60세,경상
2019030900100373,2019년 3월 9일 15시,토요일,전라남도 보성군 보성읍,경상사고,0,0,1,0,차대사람 - 기타,안전운전불이행,건조,맑음,주차장 - 주차장,화물,남,72세,상해없음,보행자,남,53세,경상
2019030900100416,2019년 3월 9일 16시,토요일,전라남도 고흥군 점암면,경상사고,0,0,1,0,차대차 - 측면충돌,교차로운행방법위반,건조,맑음,교차로 - 교차로안,농기계,남,59세,경상,승용,남,51세,상해없음
2019030900100417,2019년 3월 9일 16시,토요일,전라남도 영광군 영광읍,경상사고,0,0,2,0,차대차 - 측면충돌,안전운전불이행,건조,맑음,교차로 - 교차로안,승용,남,29세,경상,승용,여,35세,경상
2019030900100451,2019년 3월 9일 17시,토요일,전라남도 광양시 광양읍,경상사고,0,0,1,0,차대차 - 측면충돌,신호위반,건조,맑음,교차로 - 교차로안,승용,여,51세,상해없음,이륜,남,25세,경상
2019030900100484,2019년 3월 9일 18시,토요일,전라남도 신안군 안좌면,중상사고,0,1,0,0,차대차 - 후진중충돌,안전운전불이행,건조,맑음,단일로 - 기타,승용,남,57세,상해없음,이륜,남,66세,중상
2019030900100485,2019년 3월 9일 18시,토요일,전라남도 보성군 벌교읍,경상사고,0,0,2,0,차대차 - 추돌,안전운전불이행,건조,맑음,교차로 - 교차로부근,승용,남,50세,상해없음,승용,남,51세,경상
2019030900100486,2019년 3월 9일 18시,토요일,전라남도 영암군 삼호읍,경상사고,0,0,3,0,차대차 - 추돌,안전운전불이행,젖음/습기,비,교차로 - 교차로부근,승용,남,32세,상해없음,승용,남,49세,경상
2019030900100526,2019년 3월 9일 19시,토요일,전라남도 목포시 옥암동,경상사고,0,0,2,0,차대차 - 추돌,안전거리미확보,젖음/습기,비,교차로 - 교차로부근,이륜,남,33세,상해없음,승용,여,56세,경상
2019030900100527,2019년 3월 9일 19시,토요일,전라남도 여수시 학동,경상사고,0,0,1,0,차대차 - 기타,불법유턴,건조,맑음,교차로 - 교차로안,승용,남,62세,상해없음,개인형이동수단(PM),남,38세,경상
2019030900100528,2019년 3월 9일 19시,토요일,전라남도 순천시 조례동,중상사고,0,1,0,0,차대차 - 측면충돌,안전운전불이행,건조,맑음,교차로 - 교차로안,승용,여,26세,상해없음,이륜,남,24세,중상
2019030900100529,2019년 3월 9일 19시,토요일,전라남도 무안군 무안읍,경상사고,0,0,2,0,차대사람 - 횡단중,안전운전불이행,건조,맑음,교차로 - 교차로안,이륜,남,21세,경상,보행자,남,12세,경상
2019030900100573,2019년 3월 9일 20시,토요일,전라남도 광양시 중동,중상사고,0,1,1,0,차대차 - 추돌,안전운전불이행,건조,맑음,교차로 - 교차로부근,승용,남,55세,상해없음,승용,여,53세,경상
2019030900100629,2019년 3월 9일 22시,토요일,전라남도 여수시 안산동,경상사고,0,0,1,0,차대차 - 정면충돌,중앙선침범,젖음/습기,비,단일로 - 기타,승용,남,38세,상해없음,승용,남,65세,경상
2019031000100054,2019년 3월 10일 02시,일요일,전라남도 여수시 학동,부상신고사고,0,0,0,1,차대사람 - 횡단중,안전운전불이행,젖음/습기,비,단일로 - 기타,승용,남,60세,상해없음,보행자,남,42세,부상신고
2019031000100093,2019년 3월 10일 05시,일요일,전라남도 순천시 연향동,경상사고,0,0,2,0,차대차 - 기타,직진우회전진행방해,젖음/습기,비,교차로 - 교차로안,승용,남,33세,상해없음,승용,남,35세,경상
2019031000100094,2019년 3월 10일 05시,일요일,전라남도 영광군 영광읍,경상사고,0,0,1,0,차대사람 - 횡단중,안전운전불이행,젖음/습기,비,기타 - 기타,승용,남,68세,상해없음,보행자,여,59세,경상
2019031000100100,2019년 3월 10일 06시,일요일,전라남도 담양군 고서면,중상사고,0,1,1,0,차량단독 - 전도전복 - 전복,안전운전불이행,건조,맑음,단일로 - 기타,승용,남,61세,경상,,,,
2019031000100128,2019년 3월 10일 09시,일요일,전라남도 함평군 신광면,경상사고,0,0,4,0,차대차 - 측면충돌,기타,젖음/습기,비,교차로 - 교차로안,승용,남,71세,상해없음,승합,남,66세,경상
2019031000100140,2019년 3월 10일 10시,일요일,전라남도 보성군 득량면,경상사고,0,0,4,0,차대차 - 추돌,안전운전불이행,젖음/습기,비,단일로 - 기타,승용,남,69세,경상,승용,여,45세,경상
2019031000100171,2019년 3월 10일 12시,일요일,전라남도 목포시 용당동,경상사고,0,0,1,0,차대차 - 기타,안전운전불이행,건조,맑음,단일로 - 기타,자전거,남,86세,경상,승용,남,51세,상해없음
2019031000100172,2019년 3월 10일 12시,일요일,전라남도 목포시 상동,경상사고,0,0,1,0,차대차 - 기타,안전운전불이행,젖음/습기,비,기타 - 기타,이륜,남,22세,경상,승용,남,54세,상해없음
2019031000100173,2019년 3월 10일 12시,일요일,전라남도 여수시 충무동,경상사고,0,0,1,0,차대차 - 측면충돌,안전운전불이행,건조,맑음,단일로 - 기타,승용,남,55세,상해없음,승용,남,37세,경상
2019031000100174,2019년 3월 10일 12시,일요일,전라남도 순천시 연향동,경상사고,0,0,1,0,차대차 - 측면충돌,안전운전불이행,젖음/습기,비,단일로 - 기타,승용,여,52세,상해없음,승용,남,64세,경상
2019031000100199,2019년 3월 10일 13시,일요일,전라남도 목포시 옥암동,경상사고,0,0,2,0,차대사람 - 횡단중,보행자보호의무위반,젖음/습기,비,교차로 - 교차로횡단보도내,승용,남,78세,상해없음,보행자,남,2세,경상
2019031000100200,2019년 3월 10일 13시,일요일,전라남도 영광군 영광읍,부상신고사고,0,0,0,1,차대차 - 측면충돌,안전거리미확보,젖음/습기,비,단일로 - 기타,승용,남,69세,상해없음,원동기,남,52세,부상신고
2019031000100253,2019년 3월 10일 15시,일요일,전라남도 순천시 해룡면,경상사고,0,0,2,0,차대차 - 측면충돌,안전운전불이행,건조,맑음,단일로 - 기타,승용,여,49세,상해없음,승용,남,64세,경상
2019031000100254,2019년 3월 10일 15시,일요일,전라남도 나주시 이창동,경상사고,0,0,1,0,차대차 - 측면충돌,안전운전불이행,건조,맑음,교차로 - 교차로안,승합,남,41세,상해없음,승용,남,43세,경상
2019031000100255,2019년 3월 10일 15시,일요일,전라남도 영암군 삼호읍,사망사고,1,0,2,0,차대차 - 측면충돌,중앙선침범,젖음/습기,맑음,단일로 - 기타,화물,남,53세,경상,화물,남,61세,사망
2019031000100283,2019년 3월 10일 16시,일요일,전라남도 영광군 영광읍,경상사고,0,0,2,0,차대차 - 추돌,안전운전불이행,건조,맑음,단일로 - 기타,승용,여,50세,상해없음,승용,여,44세,경상
2019031000100313,2019년 3월 10일 17시,일요일,전라남도 순천시 조례동,경상사고,0,0,1,0,차대차 - 기타,안전운전불이행,젖음/습기,비,단일로 - 기타,이륜,남,41세,상해없음,이륜,남,24세,경상
2019031000100342,2019년 3월 10일 18시,일요일,전라남도 순천시 해룡면,중상사고,0,1,0,0,차대차 - 기타,직진우회전진행방해,건조,맑음,교차로 - 교차로안,승용,남,30세,상해없음,이륜,남,53세,중상
2019031000100387,2019년 3월 10일 19시,일요일,전라남도 여수시 소라면,경상사고,0,0,1,0,차대차 - 추돌,안전운전불이행,젖음/습기,비,단일로 - 기타,승용,남,25세,상해없음,승용,남,41세,경상
2019031000100446,2019년 3월 10일 21시,일요일,전라남도 여수시 여서동,경상사고,0,0,1,0,차량단독 - 기타,안전운전불이행,건조,맑음,단일로 - 기타,승용,남,81세,상해없음,,,,
2019031000100447,2019년 3월 10일 21시,일요일,전라남도 순천시 연향동,경상사고,0,0,1,0,차대차 - 측면충돌,교차로운행방법위반,건조,맑음,교차로 - 교차로안,승용,남,23세,상해없음,승용,여,45세,경상
2019031000100467,2019년 3월 10일 22시,일요일,전라남도 목포시 대성동,경상사고,0,0,1,0,차대사람 - 기타,안전운전불이행,건조,맑음,기타 - 기타,이륜,남,27세,상해없음,보행자,남,71세,경상
2019031000100468,2019년 3월 10일 22시,일요일,전라남도 목포시 산정동,경상사고,0,0,1,0,차대사람 - 기타,안전운전불이행,건조,맑음,기타 - 기타,승용,남,69세,상해없음,보행자,남,51세,경상
2019031000100469,2019년 3월 10일 22시,일요일,전라남도 목포시 용당동,중상사고,0,1,0,0,차대사람 - 횡단중,보행자보호의무위반,건조,맑음,교차로 - 교차로횡단보도내,화물,남,67세,상해없음,보행자,남,42세,중상
2019031000100470,2019년 3월 10일 22시,일요일,전라남도 무안군 삼향읍,경상사고,0,0,1,0,차대차 - 측면충돌,신호위반,젖음/습기,비,교차로 - 교차로안,승용,남,37세,상해없음,승용,남,44세,경상
2019031000100471,2019년 3월 10일 22시,일요일,전라남도 광양시 광양읍,경상사고,0,0,1,0,차대차 - 추돌,안전운전불이행,건조,흐림,교차로 - 교차로부근,승용,남,64세,상해없음,승용,남,29세,경상
2019031100100133,2019년 3월 11일 08시,월요일,전라남도 여수시 율촌면,중상사고,0,1,0,0,차대차 - 측면충돌,중앙선침범,건조,맑음,단일로 - 기타,승용,남,47세,상해없음,승용,남,47세,중상
2019031100100134,2019년 3월 11일 08시,월요일,전라남도 여수시 학동,경상사고,0,0,3,0,차대차 - 추돌,안전거리미확보,건조,맑음,단일로 - 기타,승용,여,52세,상해없음,승용,남,39세,경상
2019031100100135,2019년 3월 11일 08시,월요일,전라남도 순천시 장천동,중상사고,0,1,0,0,차대차 - 기타,안전운전불이행,건조,맑음,단일로 - 기타,승합,남,60세,상해없음,이륜,남,80세,중상
2019031100100136,2019년 3월 11일 08시,월요일,전라남도 장성군 북하면,경상사고,0,0,1,0,차량단독 - 전도전복 - 전도,안전운전불이행,건조,맑음,단일로 - 기타,이륜,남,72세,경상,,,,
2019031100100160,2019년 3월 11일 09시,월요일,전라남도 보성군 득량면,경상사고,0,0,1,0,차량단독 - 공작물충돌,안전운전불이행,건조,맑음,단일로 - 기타,화물,남,45세,경상,,,,
2019031100100183,2019년 3월 11일 10시,월요일,전라남도 완도군 고금면,경상사고,0,0,1,0,차대차 - 측면충돌,안전운전불이행,건조,흐림,교차로 - 교차로안,승용,여,58세,경상,승용,남,41세,상해없음
2019031100100184,2019년 3월 11일 10시,월요일,전라남도 진도군 진도읍,중상사고,0,1,0,0,차대차 - 추돌,안전거리미확보,젖음/습기,흐림,교차로 - 교차로부근,승용,여,57세,상해없음,승용,남,64세,중상
2019031100100206,2019년 3월 11일 11시,월요일,전라남도 여수시 율촌면,중상사고,0,1,0,0,차대차 - 기타,교차로운행방법위반,건조,맑음,교차로 - 교차로안,화물,남,55세,상해없음,화물,남,62세,중상
2019031100100231,2019년 3월 11일 12시,월요일,전라남도 목포시 산정동,중상사고,0,1,1,0,차대차 - 기타,안전운전불이행,건조,맑음,교차로 - 교차로부근,자전거,남,86세,중상,이륜,남,23세,경상
2019031100100263,2019년 3월 11일 13시,월요일,전라남도 목포시 옥암동,경상사고,0,0,1,0,차대차 - 측면충돌,안전운전불이행,건조,맑음,교차로 - 교차로부근,화물,여,58세,상해없음,화물,남,55세,경상
2019031100100264,2019년 3월 11일 13시,월요일,전라남도 여수시 선원동,중상사고,0,1,0,0,차대사람 - 횡단중,안전운전불이행,건조,맑음,기타 - 기타,화물,남,40세,상해없음,보행자,여,69세,중상
2019031100100265,2019년 3월 11일 13시,월요일,전라남도 해남군 화원면,중상사고,0,1,1,0,차대차 - 추돌,안전운전불이행,건조,맑음,단일로 - 기타,화물,남,52세,상해없음,화물,남,32세,경상
2019031100100266,2019년 3월 11일 13시,월요일,전라남도 완도군 완도읍,경상사고,0,0,1,0,차대차 - 추돌,안전운전불이행,건조,맑음,교차로 - 교차로부근,승용,남,30세,상해없음,화물,남,65세,경상
2019031100100296,2019년 3월 11일 14시,월요일,전라남도 목포시 상동,중상사고,0,1,0,0,차대사람 - 기타,직진우회전진행방해,젖음/습기,비,교차로 - 교차로부근,화물,남,46세,상해없음,보행자,남,76세,중상
2019031100100329,2019년 3월 11일 15시,월요일,전라남도 목포시 용해동,경상사고,0,0,1,0,차대차 - 측면충돌,안전운전불이행,건조,맑음,단일로 - 기타,승합,여,37세,상해없음,승용,여,44세,경상
2019031100100330,2019년 3월 11일 15시,월요일,전라남도 순천시 연향동,경상사고,0,0,1,0,차대차 - 기타,안전운전불이행,건조,맑음,교차로 - 교차로부근,승용,남,55세,상해없음,승용,여,37세,경상
2019031100100331,2019년 3월 11일 15시,월요일,미분류 미분류 미분류,경상사고,0,0,1,0,차대차 - 추돌,기타,젖음/습기,비,단일로 - 기타,화물,남,40세,상해없음,승용,남,58세,경상
2019031100100365,2019년 3월 11일 16시,월요일,전라남도 목포시 대성동,중상사고,0,1,0,0,차대사람 - 횡단중,안전운전불이행,젖음/습기,흐림,단일로 - 기타,화물,남,28세,상해없음,보행자,남,6세,중상
2019031100100366,2019년 3월 11일 16시,월요일,전라남도 여수시 여서동,경상사고,0,0,1,0,차대차 - 측면충돌,교차로운행방법위반,건조,맑음,교차로 - 교차로안,승용,남,55세,상해없음,승용,여,51세,경상
2019031100100394,2019년 3월 11일 17시,월요일,전라남도 목포시 용해동,경상사고,0,0,2,0,차대차 - 추돌,안전운전불이행,젖음/습기,흐림,단일로 - 기타,화물,남,59세,상해없음,승용,여,37세,경상