사고번호,사고일시,요일,시군구,사고내용,사망자수,중상자수,경상자수,부상신고자수,사고유형,법규위반,노면상태,기상상태,도로형태,가해운전자 차종,가해운전자 성별,가해운전자 연령,가해운전자 상해정도,피해운전자 차종,피해운전자 성별,피해운전자 연령,피해운전자 상해정도
2019031900100531,2019년 3월 19일 22시,화요일,전라남도 목포시 상동,경상사고,0,0,3,0,차대차 - 후진중충돌,안전운전불이행,건조,맑음,교차로 - 교차로부근,승용,남,39세,상해없음,승용,남,41세,경상
2019031900100552,2019년 3월 19일 23시,화요일,전라남도 여수시 소호동,경상사고,0,0,2,0,차대차 - 기타,안전운전불이행,건조,맑음,교차로 - 교차로안,승용,남,44세,상해없음,승용,남,63세,경상
2019032000100044,2019년 3월 20일 01시,수요일,전라남도 화순군 도곡면,경상사고,0,0,3,0,차대차 - 측면충돌,안전운전불이행,건조,흐림,단일로 - 기타,승용,여,52세,상해없음,승용,남,31세,경상
2019032000100051,2019년 3월 20일 02시,수요일,전라남도 여수시 안산동,경상사고,0,0,1,0,차대차 - 정면충돌,신호위반,건조,맑음,교차로 - 교차로안,승용,남,47세,상해없음,승용,여,26세,경상
2019032000100114,2019년 3월 20일 07시,수요일,전라남도 목포시 용해동,경상사고,0,0,2,0,차대차 - 추돌,안전거리미확보,건조,맑음,단일로 - 기타,승용,남,25세,경상,승용,남,59세,경상
2019032000100155,2019년 3월 20일 08시,수요일,전라남도 목포시 용해동,경상사고,0,0,3,0,차대사람 - 횡단중,신호위반,건조,맑음,교차로 - 교차로횡단보도내,승용,남,44세,상해없음,보행자,남,6세,경상
2019032000100156,2019년 3월 20일 08시,수요일,전라남도 신안군 도초면,경상사고,0,0,1,0,차대차 - 정면충돌,중앙선침범,건조,맑음,단일로 - 기타,화물,남,71세,상해없음,화물,남,59세,경상
2019032000100157,2019년 3월 20일 08시,수요일,전라남도 보성군 벌교읍,중상사고,0,1,0,0,철길건널목 - 철길건널목,기타,건조,맑음,단일로 - 철길건널목,화물,남,70세,중상,기타불명,남,53세,상해없음
2019032000100158,2019년 3월 20일 08시,수요일,전라남도 영암군 삼호읍,경상사고,0,0,2,0,차대차 - 정면충돌,안전운전불이행,건조,맑음,교차로 - 교차로안,승용,남,70세,경상,승용,남,44세,경상
2019032000100193,2019년 3월 20일 09시,수요일,전라남도 목포시 용당동,경상사고,0,0,2,0,차대차 - 기타,교차로운행방법위반,건조,맑음,교차로 - 교차로안,승용,남,67세,경상,승용,여,38세,경상
2019032000100194,2019년 3월 20일 09시,수요일,전라남도 영암군 덕진면,경상사고,0,0,2,0,차대차 - 기타,안전운전불이행,건조,맑음,교차로 - 교차로부근,화물,남,67세,기타불명,화물,남,63세,경상
2019032000100212,2019년 3월 20일 10시,수요일,전라남도 해남군 해남읍,경상사고,0,0,1,0,차대사람 - 보도통행중,기타,건조,맑음,단일로 - 기타,이륜,남,46세,상해없음,보행자,남,63세,경상
2019032000100213,2019년 3월 20일 10시,수요일,전라남도 영암군 삼호읍,중상사고,0,1,3,0,차대차 - 측면충돌,안전운전불이행,건조,맑음,교차로 - 교차로안,승용,남,36세,경상,화물,남,76세,경상
2019032000100258,2019년 3월 20일 12시,수요일,전라남도 목포시 상동,경상사고,0,0,1,0,차대차 - 기타,안전운전불이행,건조,맑음,교차로 - 교차로부근,승용,남,78세,상해없음,승용,여,57세,경상
2019032000100259,2019년 3월 20일 12시,수요일,전라남도 무안군 현경면,중상사고,0,1,0,0,차대차 - 측면충돌,중앙선침범,건조,맑음,단일로 - 기타,화물,남,77세,상해없음,승용,남,62세,중상
2019032000100325,2019년 3월 20일 14시,수요일,전라남도 목포시 석현동,경상사고,0,0,3,0,차대차 - 기타,안전운전불이행,젖음/습기,비,단일로 - 기타,화물,남,31세,상해없음,승용,남,75세,경상
2019032000100326,2019년 3월 20일 14시,수요일,전라남도 해남군 송지면,중상사고,0,2,0,0,차량단독 - 도로외이탈 - 추락,안전운전불이행,젖음/습기,비,단일로 - 기타,화물,남,66세,중상,,,,
2019032000100327,2019년 3월 20일 14시,수요일,전라남도 함평군 월야면,중상사고,0,1,0,0,차대차 - 측면충돌,안전운전불이행,젖음/습기,비,교차로 - 교차로안,건설기계,남,58세,상해없음,승용,남,67세,중상
2019032000100328,2019년 3월 20일 14시,수요일,전라남도 광양시 광양읍,중상사고,0,1,0,0,차대차 - 추돌,교차로운행방법위반,건조,흐림,교차로 - 교차로안,승용,여,36세,상해없음,자전거,남,65세,중상
2019032000100362,2019년 3월 20일 15시,수요일,전라남도 여수시 웅천동,경상사고,0,0,1,0,차대차 - 추돌,안전운전불이행,젖음/습기,비,교차로 - 교차로부근,승용,남,67세,상해없음,승용,여,39세,경상
2019032000100363,2019년 3월 20일 15시,수요일,전라남도 장흥군 장흥읍,부상신고사고,0,0,0,1,차량단독 - 도로외이탈 - 기타,안전운전불이행,젖음/습기,비,단일로 - 기타,화물,남,54세,부상신고,,,,
2019032000100364,2019년 3월 20일 15시,수요일,전라남도 해남군 해남읍,경상사고,0,0,2,0,차대차 - 추돌,안전운전불이행,젖음/습기,비,단일로 - 기타,승용,여,35세,상해없음,승용,여,40세,경상
2019032000100399,2019년 3월 20일 16시,수요일,전라남도 목포시 상동,경상사고,0,0,2,0,차대차 - 기타,직진우회전진행방해,젖음/습기,비,교차로 - 교차로안,승용,여,20세,경상,이륜,남,29세,경상
2019032000100400,2019년 3월 20일 16시,수요일,전라남도 강진군 신전면,경상사고,0,0,1,0,차대차 - 측면충돌,직진우회전진행방해,젖음/습기,비,교차로 - 교차로안,화물,남,66세,경상,승합,남,51세,상해없음
2019032000100439,2019년 3월 20일 17시,수요일,전라남도 목포시 옥암동,경상사고,0,0,2,0,차대차 - 측면충돌,신호위반,젖음/습기,비,교차로 - 교차로안,이륜,남,23세,상해없음,승용,남,37세,경상
2019032000100440,2019년 3월 20일 17시,수요일,전라남도 여수시 학동,경상사고,0,0,1,0,차대차 - 측면충돌,안전운전불이행,건조,맑음,교차로 - 교차로안,승용,남,33세,상해없음,이륜,남,25세,경상
2019032000100441,2019년 3월 20일 17시,수요일,전라남도 순천시 풍덕동,경상사고,0,0,1,0,차대차 - 기타,안전운전불이행,건조,맑음,단일로 - 기타,화물,남,50세,상해없음,승용,여,58세,경상
2019032000100442,2019년 3월 20일 17시,수요일,전라남도 강진군 강진읍,경상사고,0,0,1,0,차대차 - 측면충돌,신호위반,젖음/습기,비,교차로 - 교차로안,승용,남,68세,상해없음,승용,여,43세,경상
2019032000100484,2019년 3월 20일 18시,수요일,전라남도 화순군 화순읍,중상사고,0,1,0,0,차대사람 - 횡단중,안전운전불이행,젖음/습기,비,단일로 - 기타,승용,여,46세,상해없음,보행자,여,74세,중상
2019032000100485,2019년 3월 20일 18시,수요일,전라남도 광양시 광양읍,경상사고,0,0,1,0,차대차 - 추돌,불법유턴,건조,맑음,교차로 - 교차로안,승용,남,61세,상해없음,승용,남,49세,경상
2019032000100591,2019년 3월 20일 20시,수요일,전라남도 신안군 지도읍,경상사고,0,0,1,0,차대차 - 기타,중앙선침범,젖음/습기,비,단일로 - 기타,원동기,남,78세,경상,승용,남,38세,상해없음
2019032000100592,2019년 3월 20일 20시,수요일,전라남도 여수시 돌산읍,경상사고,0,0,1,0,차대차 - 후진중충돌,안전운전불이행,젖음/습기,비,단일로 - 기타,승용,남,42세,상해없음,승용,남,40세,상해없음
2019032000100642,2019년 3월 20일 21시,수요일,전라남도 목포시 온금동,중상사고,0,1,0,0,차대사람 - 기타,안전운전불이행,젖음/습기,맑음,단일로 - 기타,승용,남,42세,상해없음,보행자,남,54세,중상
2019032000100704,2019년 3월 20일 22시,수요일,전라남도 영암군 삼호읍,경상사고,0,0,1,0,차대차 - 측면충돌,중앙선침범,젖음/습기,비,단일로 - 기타,승용,남,38세,상해없음,승용,여,40세,경상
2019032100100041,2019년 3월 21일 01시,목요일,전라남도 여수시 신월동,중상사고,0,2,0,0,차대차 - 추돌,안전운전불이행,젖음/습기,비,교차로 - 교차로부근,승용,남,58세,중상,승용,남,44세,기타불명
2019032100100042,2019년 3월 21일 01시,목요일,전라남도 순천시 왕지동,경상사고,0,0,1,0,차량단독 - 기타,안전운전불이행,건조,맑음,단일로 - 기타,승용,남,39세,경상,,,,
2019032100100043,2019년 3월 21일 01시,목요일,전라남도 담양군 담양읍,경상사고,0,0,2,0,차대차 - 측면충돌,신호위반,젖음/습기,맑음,교차로 - 교차로안,승용,남,41세,상해없음,승용,남,55세,경상
2019032100100095,2019년 3월 21일 06시,목요일,전라남도 영암군 영암읍,경상사고,0,0,1,0,차대차 - 측면충돌,신호위반,건조,맑음,교차로 - 교차로안,화물,남,61세,경상,승용,남,51세,상해없음
2019032100100113,2019년 3월 21일 07시,목요일,전라남도 신안군 암태면,사망사고,1,1,0,0,차대사람 - 횡단중,안전운전불이행,건조,맑음,단일로 - 기타,승용,여,59세,상해없음,보행자,남,5세,사망
2019032100100114,2019년 3월 21일 07시,목요일,전라남도 고흥군 고흥읍,중상사고,0,1,2,0,차대차 - 측면충돌,교차로운행방법위반,건조,맑음,교차로 - 교차로안,승용,여,33세,경상,승용,남,79세,중상
2019032100100157,2019년 3월 21일 08시,목요일,전라남도 목포시 상동,경상사고,0,0,1,0,차대차 - 후진중충돌,안전운전불이행,건조,맑음,교차로 - 교차로안,승용,남,40세,상해없음,승용,여,31세,경상
2019032100100158,2019년 3월 21일 08시,목요일,전라남도 해남군 북평면,경상사고,0,0,4,0,차대차 - 후진중충돌,안전운전불이행,건조,맑음,단일로 - 기타,승용,여,57세,상해없음,화물,남,73세,경상
2019032100100159,2019년 3월 21일 08시,목요일,전라남도 강진군 군동면,경상사고,0,0,1,0,차대차 - 기타,교차로운행방법위반,건조,흐림,교차로 - 교차로안,승용,남,76세,상해없음,승용,여,38세,경상
2019032100100193,2019년 3월 21일 09시,목요일,전라남도 여수시 선원동,경상사고,0,0,1,0,차대차 - 측면충돌,신호위반,건조,맑음,교차로 - 교차로안,승용,여,44세,상해없음,승용,남,58세,경상
2019032100100194,2019년 3월 21일 09시,목요일,전라남도 나주시 왕곡면,경상사고,0,0,4,0,차대차 - 측면충돌,교차로운행방법위반,건조,맑음,교차로 - 교차로안,승용,남,53세,경상,화물,남,70세,경상
2019032100100195,2019년 3월 21일 09시,목요일,전라남도 무안군 해제면,경상사고,0,0,1,0,차량단독 - 도로외이탈 - 기타,안전운전불이행,건조,맑음,교차로 - 교차로부근,승용,남,66세,경상,,,,
2019032100100220,2019년 3월 21일 10시,목요일,전라남도 여수시 월내동,경상사고,0,0,2,0,차대차 - 측면충돌,안전거리미확보,건조,맑음,단일로 - 기타,건설기계,남,53세,상해없음,승용,여,44세,경상
2019032100100221,2019년 3월 21일 10시,목요일,전라남도 여수시 남산동,경상사고,0,0,2,0,차대차 - 측면충돌,차로위반,건조,맑음,단일로 - 기타,승용,남,59세,상해없음,승용,남,50세,경상
2019032100100222,2019년 3월 21일 10시,목요일,전라남도 여수시 율촌면,경상사고,0,0,2,0,차대차 - 기타,중앙선침범,건조,맑음,교차로 - 교차로안,승용,남,65세,상해없음,승합,남,61세,경상
2019032100100223,2019년 3월 21일 10시,목요일,전라남도 순천시 조례동,경상사고,0,0,1,0,차량단독 - 공작물충돌,안전운전불이행,건조,맑음,교차로 - 교차로부근,승용,남,24세,상해없음,,,,
2019032100100224,2019년 3월 21일 10시,목요일,전라남도 영암군 군서면,경상사고,0,0,1,0,차량단독 - 도로외이탈 - 추락,안전운전불이행,건조,맑음,단일로 - 기타,승용,남,23세,경상,,,,
2019032100100225,2019년 3월 21일 10시,목요일,전라남도 강진군 군동면,중상사고,0,1,0,0,차대차 - 측면충돌,교차로운행방법위반,건조,흐림,교차로 - 교차로안,승용,남,50세,상해없음,승용,여,65세,중상
2019032100100226,2019년 3월 21일 10시,목요일,전라남도 광양시 중동,경상사고,0,0,1,0,차대차 - 추돌,안전거리미확보,건조,맑음,교차로 - 교차로안,승용,여,52세,상해없음,승용,남,55세,경상
2019032100100310,2019년 3월 21일 13시,목요일,전라남도 무안군 청계면,경상사고,0,0,2,0,차대차 - 기타,안전운전불이행,건조,맑음,기타 - 기타,이륜,남,20세,경상,승용,여,22세,경상
2019032100100311,2019년 3월 21일 13시,목요일,전라남도 광양시 마동,경상사고,0,0,3,0,차대차 - 기타,교차로운행방법위반,건조,맑음,교차로 - 교차로안,승용,여,34세,경상,화물,남,55세,경상
2019032100100333,2019년 3월 21일 14시,목요일,전라남도 여수시 주삼동,경상사고,0,0,1,0,차대차 - 정면충돌,중앙선침범,건조,맑음,단일로 - 기타,이륜,남,24세,상해없음,화물,남,33세,경상
2019032100100334,2019년 3월 21일 14시,목요일,전라남도 순천시 가곡동,중상사고,0,1,0,0,차대사람 - 횡단중,보행자보호의무위반,건조,맑음,단일로 - 기타,승용,남,47세,상해없음,보행자,여,61세,중상
2019032100100366,2019년 3월 21일 15시,목요일,전라남도 나주시 송월동,중상사고,0,1,0,0,차대차 - 기타,안전운전불이행,건조,맑음,단일로 - 기타,승용,남,61세,상해없음,화물,남,44세,중상
2019032100100367,2019년 3월 21일 15시,목요일,전라남도 나주시 봉황면,사망사고,1,0,0,0,차량단독 - 도로외이탈 - 추락,안전운전불이행,건조,맑음,단일로 - 기타,화물,남,62세,사망,,,,
2019032100100405,2019년 3월 21일 16시,목요일,전라남도 완도군 완도읍,경상사고,0,0,1,0,차대차 - 기타,안전운전불이행,건조,맑음,교차로 - 교차로부근,자전거,남,70세,경상,승용,여,40세,상해없음
2019032100100437,2019년 3월 21일 17시,목요일,전라남도 목포시 용당동,경상사고,0,0,1,0,차대차 - 추돌,안전운전불이행,건조,맑음,기타 - 기타,승용,남,63세,상해없음,승용,남,60세,경상
2019032100100438,2019년 3월 21일 17시,목요일,전라남도 목포시 용해동,경상사고,0,0,2,0,차대차 - 측면충돌,안전운전불이행,건조,흐림,단일로 - 기타,승용,여,38세,경상,승용,남,61세,경상
2019032100100486,2019년 3월 21일 18시,목요일,전라남도 광양시 마동,경상사고,0,0,1,0,차대차 - 측면충돌,안전거리미확보,건조,맑음,단일로 - 기타,승용,남,25세,상해없음,이륜,남,27세,경상
2019032100100523,2019년 3월 21일 19시,목요일,전라남도 목포시 상동,부상신고사고,0,0,0,1,차대차 - 측면충돌,신호위반,건조,맑음,교차로 - 교차로안,이륜,남,40세,부상신고,승용,남,34세,상해없음
2019032100100524,2019년 3월 21일 19시,목요일,전라남도 순천시 조례동,중상사고,0,1,0,0,차대사람 - 길가장자리구역통행중,안전운전불이행,건조,맑음,교차로 - 교차로안,화물,남,68세,상해없음,보행자,여,79세,중상
2019032100100525,2019년 3월 21일 19시,목요일,전라남도 광양시 중동,경상사고,0,0,1,0,차대차 - 기타,안전거리미확보,건조,맑음,교차로 - 교차로부근,승용,여,57세,상해없음,승용,남,63세,경상
2019032100100590,2019년 3월 21일 21시,목요일,전라남도 순천시 연향동,중상사고,0,1,0,0,차대사람 - 기타,안전운전불이행,건조,맑음,단일로 - 기타,화물,남,45세,상해없음,보행자,여,61세,중상
2019032100100616,2019년 3월 21일 22시,목요일,전라남도 목포시 옥암동,경상사고,0,0,5,0,차대차 - 추돌,안전운전불이행,건조,맑음,교차로 - 교차로부근,승용,남,40세,상해없음,승용,여,23세,경상
2019032200100062,2019년 3월 22일 04시,금요일,전라남도 해남군 화원면,경상사고,0,0,1,0,차대차 - 기타,교차로운행방법위반,건조,맑음,교차로 - 교차로안,승용,남,57세,상해없음,이륜,남,60세,경상
2019032200100101,2019년 3월 22일 07시,금요일,전라남도 화순군 능주면,경상사고,0,0,1,0,차대사람 - 기타,안전운전불이행,건조,맑음,단일로 - 기타,화물,남,60세,상해없음,보행자,남,59세,경상
2019032200100191,2019년 3월 22일 10시,금요일,전라남도 해남군 마산면,경상사고,0,0,3,1,차량단독 - 기타,안전운전불이행,건조,맑음,단일로 - 기타,승용,남,18세,경상,,,,
2019032200100216,2019년 3월 22일 11시,금요일,전라남도 여수시 학동,경상사고,0,0,1,0,차대차 - 추돌,안전운전불이행,건조,맑음,교차로 - 교차로부근,화물,남,58세,상해없음,이륜,남,71세,경상
2019032200100246,2019년 3월 22일 12시,금요일,전라남도 목포시 상동,경상사고,0,0,1,0,차대차 - 측면충돌,안전운전불이행,건조,맑음,단일로 - 기타,승용,남,68세,상해없음,화물,남,38세,경상
2019032200100247,2019년 3월 22일 12시,금요일,전라남도 여수시 화치동,경상사고,0,0,4,0,차대차 - 측면충돌,교차로운행방법위반,건조,맑음,교차로 - 교차로안,승용,남,33세,경상,승용,남,24세,경상
2019032200100248,2019년 3월 22일 12시,금요일,전라남도 나주시 성북동,경상사고,0,0,2,0,차대차 - 측면충돌,안전운전불이행,건조,맑음,교차로 - 교차로안,승용,여,62세,경상,이륜,남,38세,경상
2019032200100269,2019년 3월 22일 13시,금요일,전라남도 목포시 상동,경상사고,0,0,4,0,차대차 - 기타,안전운전불이행,건조,맑음,교차로 - 교차로부근,승용,남,19세,상해없음,승용,남,39세,경상
2019032200100270,2019년 3월 22일 13시,금요일,전라남도 장성군 삼계면,경상사고,0,0,1,0,차량단독 - 기타,안전운전불이행,건조,맑음,단일로 - 기타,이륜,남,45세,경상,,,,
2019032200100313,2019년 3월 22일 14시,금요일,전라남도 여수시 신기동,경상사고,0,0,1,0,차대차 - 측면충돌,신호위반,건조,맑음,교차로 - 교차로안,승합,여,62세,상해없음,승용,여,30세,경상
2019032200100343,2019년 3월 22일 15시,금요일,전라남도 여수시 학동,중상사고,0,1,0,0,차량단독 - 기타,안전운전불이행,건조,맑음,단일로 - 기타,승합,남,62세,상해없음,,,,
2019032200100381,2019년 3월 22일 16시,금요일,전라남도 여수시 신기동,경상사고,0,0,1,0,차대사람 - 기타,안전운전불이행,건조,맑음,단일로 - 기타,자전거,남,72세,상해없음,보행자,여,80세,경상
2019032200100382,2019년 3월 22일 16시,금요일,전라남도 장성군 삼계면,중상사고,0,2,4,0,차대차 - 추돌,안전운전불이행,건조,맑음,단일로 - 기타,승용,여,31세,중상,화물,남,58세,중상
2019032200100426,2019년 3월 22일 17시,금요일,전라남도 장성군 황룡면,중상사고,0,1,0,0,차대차 - 정면충돌,안전운전불이행,건조,맑음,단일로 - 기타,승용,여,57세,상해없음,이륜,남,75세,중상
2019032200100483,2019년 3월 22일 18시,금요일,전라남도 목포시 산정동,경상사고,0,0,3,0,차대차 - 추돌,직진우회전진행방해,건조,맑음,교차로 - 교차로부근,승용,여,58세,상해없음,승용,남,39세,경상
2019032200100598,2019년 3월 22일 21시,금요일,전라남도 무안군 삼향읍,중상사고,0,1,2,0,차대차 - 측면충돌,기타,건조,맑음,교차로 - 교차로안,이륜,남,22세,중상,승용,남,32세,경상
2019032200100623,2019년 3월 22일 22시,금요일,전라남도 목포시 옥암동,경상사고,0,0,2,0,차대차 - 기타,안전운전불이행,건조,맑음,단일로 - 기타,승용,여,24세,상해없음,승용,남,36세,경상
2019032200100624,2019년 3월 22일 22시,금요일,전라남도 나주시 남평읍,중상사고,0,1,0,0,차량단독 - 도로외이탈 - 추락,안전운전불이행,건조,맑음,단일로 - 기타,승용,남,53세,중상,,,,
2019032200100652,2019년 3월 22일 23시,금요일,전라남도 광양시 광양읍,경상사고,0,0,1,0,차량단독 - 공작물충돌,안전운전불이행,건조,맑음,단일로 - 기타,승용,남,49세,상해없음,,,,
2019032300100111,2019년 3월 23일 07시,토요일,전라남도 목포시 죽교동,경상사고,0,0,1,0,차대차 - 추돌,안전거리미확보,건조,맑음,단일로 - 교량,승용,남,30세,상해없음,화물,남,35세,경상
2019032300100112,2019년 3월 23일 07시,토요일,전라남도 나주시 왕곡면,사망사고,1,1,1,0,차대차 - 정면충돌,중앙선침범,건조,맑음,교차로 - 교차로부근,화물,남,60세,사망,화물,남,57세,경상
2019032300100113,2019년 3월 23일 07시,토요일,전라남도 곡성군 곡성읍,경상사고,0,0,1,0,차대차 - 기타,신호위반,건조,맑음,교차로 - 교차로안,건설기계,남,51세,상해없음,화물,남,29세,경상
2019032300100156,2019년 3월 23일 09시,토요일,전라남도 순천시 조례동,중상사고,0,1,0,0,차대사람 - 기타,안전운전불이행,건조,맑음,기타 - 기타,승합,남,57세,상해없음,보행자,남,72세,중상
2019032300100157,2019년 3월 23일 09시,토요일,전라남도 구례군 구례읍,경상사고,0,0,1,0,차대차 - 기타,교차로운행방법위반,건조,맑음,교차로 - 교차로안,이륜,여,60세,경상,승용,여,66세,상해없음
2019032300100178,2019년 3월 23일 10시,토요일,전라남도 여수시 신월동,경상사고,0,0,2,0,차대차 - 추돌,안전운전불이행,건조,맑음,단일로 - 기타,승용,남,46세,상해없음,승용,여,59세,경상
2019032300100179,2019년 3월 23일 10시,토요일,전라남도 순천시 풍덕동,중상사고,0,1,1,0,차대차 - 기타,불법유턴,건조,맑음,단일로 - 기타,승용,남,71세,중상,승용,남,60세,경상
2019032300100180,2019년 3월 23일 10시,토요일,전라남도 곡성군 겸면,중상사고,0,1,0,0,차대사람 - 기타,안전운전불이행,건조,맑음,교차로 - 교차로안,화물,남,58세,상해없음,보행자,남,59세,중상
2019032300100215,2019년 3월 23일 11시,토요일,전라남도 무안군 일로읍,중상사고,0,2,0,0,차대차 - 추돌,교차로운행방법위반,건조,맑음,교차로 - 교차로안,승합,남,56세,상해없음,이륜,남,80세,중상
2019032300100252,2019년 3월 23일 12시,토요일,전라남도 함평군 월야면,부상신고사고,0,0,0,1,차대차 - 측면충돌,신호위반,건조,맑음,교차로 - 교차로안,이륜,남,70세,부상신고,승용,여,53세,상해없음
2019032300100253,2019년 3월 23일 12시,토요일,전라남도 강진군 옴천면,경상사고,0,0,1,0,차대차 - 측면충돌,중앙선침범,건조,맑음,단일로 - 기타,이륜,남,42세,경상,승용,남,30세,상해없음
2019032300100295,2019년 3월 23일 13시,토요일,전라남도 해남군 송지면,경상사고,0,0,1,0,차대차 - 측면충돌,신호위반,건조,맑음,교차로 - 교차로안,승용,여,20세,상해없음,승용,남,30세,경상
2019032300100296,2019년 3월 23일 13시,토요일,전라남도 장성군 장성읍,경상사고,0,0,2,0,차대차 - 기타,안전운전불이행,젖음/습기,비,단일로 - 기타,승용,남,63세,상해없음,승용,남,37세,경상
2019032300100338,2019년 3월 23일 14시,토요일,전라남도 목포시 옥암동,경상사고,0,0,1,0,차대사람 - 기타,보행자보호의무위반,건조,맑음,교차로 - 교차로횡단보도내,승용,남,44세,상해없음,보행자,남,16세,경상
2019032300100339,2019년 3월 23일 14시,토요일,전라남도 광양시 진상면,경상사고,0,0,1,0,차대차 - 측면충돌,교차로운행방법위반,건조,맑음,교차로 - 교차로안,승용,여,48세,상해없음,이륜,남,43세,경상
2019032300100370,2019년 3월 23일 15시,토요일,전라남도 보성군 회천면,경상사고,0,0,1,0,차대차 - 측면충돌,안전운전불이행,젖음/습기,비,단일로 - 기타,승용,남,35세,상해없음,승용,남,59세,상해없음
2019032300100371,2019년 3월 23일 15시,토요일,전라남도 강진군 성전면,경상사고,0,0,3,0,차대차 - 측면충돌,신호위반,건조,맑음,교차로 - 교차로안,화물,남,53세,상해없음,승용,여,24세,경상
2019032300100414,2019년 3월 23일 16시,토요일,전라남도 여수시 소라면,중상사고,0,1,0,0,차대차 - 정면충돌,중앙선침범,젖음/습기,비,단일로 - 기타,승용,남,43세,상해없음,화물,남,62세,중상
2019032300100415,2019년 3월 23일 16시,토요일,전라남도 여수시 여서동,경상사고,0,0,1,0,차대차 - 측면충돌,교차로운행방법위반,건조,맑음,교차로 - 교차로안,승용,남,36세,상해없음,승용,남,38세,경상
2019032300100416,2019년 3월 23일 16시,토요일,전라남도 장성군 장성읍,경상사고,0,0,1,0,차대차 - 측면충돌,안전운전불이행,건조,맑음,교차로 - 교차로부근,승용,남,24세,상해없음,승용,여,26세,경상
2019032300100455,2019년 3월 23일 17시,토요일,전라남도 화순군 북면,중상사고,0,1,3,0,차량단독 - 도로외이탈 - 추락,안전운전불이행,건조,맑음,단일로 - 기타,승용,남,64세,상해없음,,,,
2019032300100477,2019년 3월 23일 18시,토요일,전라남도 순천시 생목동,경상사고,0,0,1,0,차대차 - 측면충돌,안전운전불이행,건조,맑음,교차로 - 교차로안,이륜,남,75세,상해없음,이륜,남,36세,경상
2019032300100511,2019년 3월 23일 19시,토요일,전라남도 목포시 산정동,경상사고,0,0,1,0,차대사람 - 기타,안전운전불이행,건조,맑음,단일로 - 기타,승용,여,39세,상해없음,보행자,남,23세,경상
2019032300100512,2019년 3월 23일 19시,토요일,전라남도 여수시 돌산읍,중상사고,0,1,0,0,차대사람 - 횡단중,안전운전불이행,건조,맑음,교차로 - 교차로안,승용,남,45세,상해없음,보행자,여,44세,중상
2019032300100513,2019년 3월 23일 19시,토요일,전라남도 해남군 해남읍,경상사고,0,0,3,0,차대차 - 추돌,안전운전불이행,건조,맑음,단일로 - 기타,승용,남,69세,상해없음,승용,여,38세,경상
2019032300100514,2019년 3월 23일 19시,토요일,전라남도 화순군 화순읍,사망사고,1,0,0,0,차대사람 - 보도통행중,안전운전불이행,건조,맑음,단일로 - 기타,이륜,남,20세,상해없음,보행자,여,9세,사망
2019032400100100,2019년 3월 24일 06시,일요일,전라남도 완도군 고금면,중상사고,0,1,0,0,차대사람 - 횡단중,안전운전불이행,건조,맑음,교차로 - 교차로횡단보도내,승용,여,64세,상해없음,보행자,여,64세,중상
2019032400100121,2019년 3월 24일 08시,일요일,전라남도 나주시 산포면,경상사고,0,0,1,0,차대차 - 추돌,안전거리미확보,건조,맑음,교차로 - 교차로부근,화물,남,61세,상해없음,승용,여,48세,경상
2019032400100122,2019년 3월 24일 08시,일요일,전라남도 광양시 광양읍,경상사고,0,0,1,0,차대사람 - 기타,안전운전불이행,건조,맑음,교차로 - 교차로횡단보도내,화물,남,59세,상해없음,보행자,남,79세,경상
2019032400100131,2019년 3월 24일 09시,일요일,전라남도 목포시 무안동,경상사고,0,0,1,0,차대사람 - 횡단중,보행자보호의무위반,건조,맑음,교차로 - 교차로횡단보도내,승합,남,44세,상해없음,보행자,여,64세,경상
2019032400100132,2019년 3월 24일 09시,일요일,전라남도 여수시 중앙동,경상사고,0,0,3,0,차대차 - 측면충돌,중앙선침범,건조,맑음,교차로 - 교차로부근,화물,남,76세,상해없음,승용,남,48세,경상
2019032400100221,2019년 3월 24일 12시,일요일,전라남도 목포시 상동,경상사고,0,0,3,0,차대차 - 측면충돌,차로위반,건조,맑음,단일로 - 기타,이륜,남,17세,상해없음,승용,여,31세,경상
2019032400100250,2019년 3월 24일 13시,일요일,전라남도 목포시 상동,경상사고,0,0,1,0,차대차 - 기타,안전운전불이행,건조,맑음,기타 - 기타,승용,남,81세,상해없음,자전거,남,13세,경상
2019032400100278,2019년 3월 24일 14시,일요일,전라남도 목포시 옥암동,경상사고,0,0,1,0,차대차 - 기타,안전운전불이행,건조,맑음,단일로 - 기타,화물,남,70세,상해없음,승합,남,73세,경상
2019032400100279,2019년 3월 24일 14시,일요일,전라남도 여수시 종화동,경상사고,0,0,1,0,차대차 - 측면충돌,교차로운행방법위반,건조,맑음,교차로 - 교차로안,승용,남,56세,상해없음,승용,남,22세,경상
2019032400100280,2019년 3월 24일 14시,일요일,전라남도 담양군 담양읍,중상사고,0,1,0,0,차대사람 - 횡단중,과속,건조,맑음,교차로 - 교차로안,승용,남,66세,상해없음,보행자,여,62세,중상
2019032400100281,2019년 3월 24일 14시,일요일,전라남도 담양군 가사문학면,경상사고,0,0,1,0,차량단독 - 공작물충돌,안전운전불이행,건조,맑음,단일로 - 기타,승용,남,51세,경상,,,,