사고번호,사고일시,요일,시군구,사고내용,사망자수,중상자수,경상자수,부상신고자수,사고유형,법규위반,노면상태,기상상태,도로형태,가해운전자 차종,가해운전자 성별,가해운전자 연령,가해운전자 상해정도,피해운전자 차종,피해운전자 성별,피해운전자 연령,피해운전자 상해정도
2019032400100282,2019년 3월 24일 14시,일요일,전라남도 광양시 다압면,중상사고,0,1,1,0,차대차 - 기타,안전운전불이행,건조,맑음,기타 - 기타,자전거,남,49세,중상,자전거,여,59세,경상
2019032400100316,2019년 3월 24일 15시,일요일,전라남도 목포시 용당동,중상사고,0,3,0,0,차대차 - 측면충돌,안전운전불이행,건조,맑음,교차로 - 교차로안,승용,남,36세,중상,승용,남,52세,중상
2019032400100348,2019년 3월 24일 16시,일요일,전라남도 여수시 둔덕동,경상사고,0,0,6,0,차대차 - 추돌,안전운전불이행,건조,맑음,단일로 - 기타,승용,남,37세,상해없음,승용,남,38세,경상
2019032400100379,2019년 3월 24일 17시,일요일,전라남도 강진군 성전면,경상사고,0,0,2,0,차대차 - 측면충돌,안전거리미확보,건조,맑음,단일로 - 기타,승용,여,32세,상해없음,승용,여,29세,경상
2019032400100432,2019년 3월 24일 19시,일요일,전라남도 나주시 금천면,경상사고,0,0,2,0,차대차 - 측면충돌,안전운전불이행,건조,맑음,교차로 - 교차로안,승용,남,28세,상해없음,승용,남,47세,경상
2019032400100433,2019년 3월 24일 19시,일요일,전라남도 나주시 송월동,경상사고,0,0,1,0,차대차 - 추돌,안전운전불이행,건조,맑음,교차로 - 교차로부근,승용,남,59세,상해없음,승용,남,57세,경상
2019032400100434,2019년 3월 24일 19시,일요일,전라남도 장성군 삼서면,중상사고,0,1,1,0,차대차 - 기타,안전운전불이행,건조,맑음,교차로 - 교차로안,승용,여,58세,중상,승용,남,30세,경상
2019032400100435,2019년 3월 24일 19시,일요일,전라남도 구례군 산동면,경상사고,0,0,1,0,차대차 - 측면충돌,안전운전불이행,건조,맑음,단일로 - 기타,화물,남,68세,상해없음,승용,여,30세,경상
2019032400100456,2019년 3월 24일 20시,일요일,전라남도 목포시 옥암동,경상사고,0,0,1,0,차대사람 - 기타,안전운전불이행,건조,맑음,교차로 - 교차로부근,이륜,남,50세,상해없음,보행자,남,17세,경상
2019032400100457,2019년 3월 24일 20시,일요일,전라남도 목포시 산정동,중상사고,0,1,1,0,차대차 - 기타,중앙선침범,건조,맑음,단일로 - 기타,자전거,남,47세,중상,승용,남,58세,상해없음
2019032400100458,2019년 3월 24일 20시,일요일,전라남도 순천시 해룡면,경상사고,0,0,2,0,차대차 - 측면충돌,직진우회전진행방해,건조,맑음,교차로 - 교차로안,승용,남,32세,경상,승용,남,45세,경상
2019032400100459,2019년 3월 24일 20시,일요일,전라남도 고흥군 고흥읍,중상사고,0,2,1,0,차대차 - 측면충돌,교차로운행방법위반,건조,맑음,교차로 - 교차로안,승용,여,25세,중상,화물,남,60세,중상
2019032400100489,2019년 3월 24일 21시,일요일,전라남도 고흥군 과역면,경상사고,0,0,1,0,차량단독 - 공작물충돌,안전운전불이행,건조,맑음,교차로 - 교차로안,승용,남,25세,상해없음,,,,
2019032500100076,2019년 3월 25일 07시,월요일,전라남도 해남군 화원면,중상사고,0,1,0,0,차대차 - 추돌,안전운전불이행,건조,맑음,단일로 - 기타,건설기계,남,32세,상해없음,농기계,남,76세,중상
2019032500100077,2019년 3월 25일 07시,월요일,전라남도 해남군 북평면,경상사고,0,0,3,0,차대차 - 측면충돌,안전운전불이행,건조,맑음,단일로 - 기타,승용,여,39세,상해없음,승용,여,66세,경상
2019032500100078,2019년 3월 25일 07시,월요일,전라남도 진도군 진도읍,경상사고,0,0,1,0,차대차 - 기타,교차로운행방법위반,건조,맑음,교차로 - 교차로안,자전거,남,51세,경상,승용,남,57세,상해없음
2019032500100079,2019년 3월 25일 07시,월요일,전라남도 광양시 중동,경상사고,0,0,1,0,차대차 - 추돌,신호위반,건조,맑음,교차로 - 교차로안,화물,남,57세,상해없음,화물,남,47세,경상
2019032500100121,2019년 3월 25일 08시,월요일,전라남도 장성군 장성읍,경상사고,0,0,2,0,차대차 - 추돌,안전운전불이행,건조,맑음,교차로 - 교차로안,화물,여,71세,경상,승용,남,43세,경상
2019032500100159,2019년 3월 25일 09시,월요일,전라남도 순천시 동외동,경상사고,0,0,1,0,차대차 - 기타,안전운전불이행,건조,맑음,교차로 - 교차로안,승용,남,72세,상해없음,승용,여,47세,경상
2019032500100160,2019년 3월 25일 09시,월요일,전라남도 보성군 보성읍,경상사고,0,0,1,0,차대차 - 측면충돌,안전거리미확보,건조,맑음,교차로 - 교차로안,화물,남,59세,상해없음,승용,여,42세,경상
2019032500100161,2019년 3월 25일 09시,월요일,전라남도 화순군 화순읍,중상사고,0,1,1,0,차대차 - 기타,안전운전불이행,건조,맑음,교차로 - 교차로부근,승용,남,33세,중상,건설기계,남,49세,경상
2019032500100189,2019년 3월 25일 10시,월요일,전라남도 장성군 삼계면,부상신고사고,0,0,0,1,차대차 - 측면충돌,안전운전불이행,건조,맑음,단일로 - 기타,자전거,여,69세,부상신고,승용,남,40세,상해없음
2019032500100218,2019년 3월 25일 11시,월요일,전라남도 목포시 죽교동,경상사고,0,0,1,0,차량단독 - 전도전복 - 전도,안전운전불이행,건조,맑음,단일로 - 기타,이륜,남,32세,경상,,,,
2019032500100244,2019년 3월 25일 12시,월요일,전라남도 여수시 선원동,경상사고,0,0,1,0,차대사람 - 기타,보행자보호의무위반,건조,맑음,교차로 - 교차로횡단보도내,화물,남,44세,상해없음,보행자,여,58세,경상
2019032500100245,2019년 3월 25일 12시,월요일,전라남도 고흥군 풍양면,경상사고,0,0,1,0,차대차 - 측면충돌,교차로운행방법위반,건조,맑음,교차로 - 교차로안,승용,기타불명,미분류,기타불명,승용,여,62세,경상
2019032500100270,2019년 3월 25일 13시,월요일,전라남도 강진군 강진읍,중상사고,0,1,0,0,차대차 - 측면충돌,교차로운행방법위반,건조,맑음,교차로 - 교차로안,화물,남,61세,상해없음,자전거,여,65세,중상
2019032500100303,2019년 3월 25일 14시,월요일,전라남도 여수시 오림동,중상사고,0,1,0,0,차량단독 - 전도전복 - 전도,안전운전불이행,건조,맑음,단일로 - 기타,이륜,남,73세,중상,,,,
2019032500100304,2019년 3월 25일 14시,월요일,전라남도 보성군 벌교읍,중상사고,0,1,1,0,차대차 - 추돌,안전거리미확보,건조,맑음,단일로 - 기타,건설기계,남,66세,상해없음,화물,남,59세,경상
2019032500100305,2019년 3월 25일 14시,월요일,전라남도 광양시 광양읍,경상사고,0,0,1,0,차대차 - 측면충돌,안전운전불이행,건조,맑음,단일로 - 기타,승용,여,36세,상해없음,이륜,여,67세,경상
2019032500100333,2019년 3월 25일 15시,월요일,전라남도 무안군 삼향읍,경상사고,0,0,1,0,차대차 - 추돌,교차로운행방법위반,건조,맑음,교차로 - 교차로안,승용,여,29세,상해없음,승용,여,35세,경상
2019032500100371,2019년 3월 25일 16시,월요일,전라남도 여수시 만흥동,경상사고,0,0,1,0,차대차 - 측면충돌,신호위반,건조,맑음,교차로 - 교차로안,화물,남,64세,상해없음,승용,여,50세,경상
2019032500100372,2019년 3월 25일 16시,월요일,전라남도 보성군 벌교읍,경상사고,0,0,2,0,차대차 - 측면충돌,안전운전불이행,건조,맑음,주차장 - 주차장,승용,여,36세,상해없음,승용,기타불명,미분류,기타불명
2019032500100413,2019년 3월 25일 17시,월요일,전라남도 목포시 산정동,경상사고,0,0,1,0,차대차 - 측면충돌,신호위반,건조,맑음,교차로 - 교차로횡단보도내,승용,남,59세,상해없음,자전거,남,58세,경상
2019032500100414,2019년 3월 25일 17시,월요일,전라남도 목포시 상동,경상사고,0,0,1,0,차대차 - 기타,안전운전불이행,건조,맑음,단일로 - 기타,기타불명,기타불명,미분류,기타불명,승합,남,57세,경상
2019032500100415,2019년 3월 25일 17시,월요일,전라남도 나주시 공산면,중상사고,0,1,1,0,차대차 - 측면충돌,직진우회전진행방해,건조,맑음,교차로 - 교차로안,화물,남,64세,경상,화물,남,60세,중상
2019032500100416,2019년 3월 25일 17시,월요일,전라남도 보성군 벌교읍,경상사고,0,0,2,0,차대차 - 측면충돌,안전운전불이행,건조,맑음,단일로 - 기타,승용,남,69세,경상,화물,남,51세,경상
2019032500100458,2019년 3월 25일 18시,월요일,전라남도 장성군 장성읍,경상사고,0,0,1,0,차대사람 - 횡단중,안전운전불이행,건조,맑음,단일로 - 기타,승용,남,41세,상해없음,보행자,남,11세,경상
2019032500100499,2019년 3월 25일 19시,월요일,전라남도 나주시 남평읍,경상사고,0,0,3,0,차대차 - 기타,신호위반,건조,맑음,교차로 - 교차로안,승용,여,29세,경상,승용,여,37세,경상
2019032500100528,2019년 3월 25일 20시,월요일,전라남도 목포시 용당동,경상사고,0,0,5,0,차대차 - 추돌,안전운전불이행,건조,맑음,단일로 - 기타,승용,남,41세,상해없음,승용,남,27세,경상
2019032500100529,2019년 3월 25일 20시,월요일,전라남도 함평군 월야면,중상사고,0,1,1,0,차대차 - 측면충돌,안전운전불이행,건조,맑음,단일로 - 기타,건설기계,남,67세,중상,승용,남,38세,경상
2019032500100530,2019년 3월 25일 20시,월요일,전라남도 영암군 서호면,경상사고,0,0,1,0,차량단독 - 기타,안전운전불이행,건조,맑음,교차로 - 교차로부근,승합,남,57세,상해없음,,,,
2019032500100531,2019년 3월 25일 20시,월요일,전라남도 광양시 도이동,부상신고사고,0,0,0,1,차대차 - 기타,안전거리미확보,건조,맑음,교차로 - 교차로부근,승용,남,18세,상해없음,승용,남,22세,부상신고
2019032500100565,2019년 3월 25일 21시,월요일,전라남도 광양시 중동,경상사고,0,0,3,0,차대차 - 정면충돌,신호위반,건조,맑음,교차로 - 교차로안,화물,여,53세,경상,승용,남,29세,경상
2019032500100566,2019년 3월 25일 21시,월요일,전라남도 광양시 중동,사망사고,1,1,0,0,차대사람 - 횡단중,과속,건조,맑음,단일로 - 기타,승용,남,51세,상해없음,보행자,남,49세,사망
2019032500100593,2019년 3월 25일 22시,월요일,전라남도 고흥군 동강면,경상사고,0,0,2,0,차대차 - 측면충돌,중앙선침범,건조,맑음,단일로 - 기타,승용,남,44세,경상,승용,남,30세,경상
2019032600100092,2019년 3월 26일 06시,화요일,전라남도 구례군 구례읍,부상신고사고,0,0,0,1,차대차 - 기타,안전운전불이행,건조,맑음,단일로 - 기타,이륜,남,63세,부상신고,승합,남,55세,상해없음
2019032600100107,2019년 3월 26일 07시,화요일,전라남도 화순군 도곡면,사망사고,1,0,0,0,차대사람 - 기타,안전운전불이행,건조,맑음,단일로 - 기타,승용,남,54세,상해없음,보행자,남,72세,사망
2019032600100137,2019년 3월 26일 08시,화요일,전라남도 목포시 상동,중상사고,0,1,0,0,차대차 - 측면충돌,신호위반,건조,맑음,교차로 - 교차로안,이륜,남,79세,중상,승용,남,63세,상해없음
2019032600100172,2019년 3월 26일 09시,화요일,전라남도 화순군 화순읍,중상사고,0,1,0,0,차대사람 - 기타,중앙선침범,건조,맑음,단일로 - 기타,승용,남,51세,상해없음,보행자,남,80세,중상
2019032600100196,2019년 3월 26일 10시,화요일,전라남도 구례군 구례읍,경상사고,0,0,2,0,차대차 - 측면충돌,안전운전불이행,건조,맑음,단일로 - 기타,승용,남,68세,경상,승용,남,38세,경상
2019032600100232,2019년 3월 26일 11시,화요일,전라남도 목포시 산정동,경상사고,0,0,2,0,차대차 - 측면충돌,직진우회전진행방해,건조,맑음,교차로 - 교차로안,승용,여,56세,경상,승용,남,68세,경상
2019032600100233,2019년 3월 26일 11시,화요일,전라남도 순천시 연향동,경상사고,0,0,1,0,차대차 - 측면충돌,안전운전불이행,건조,맑음,단일로 - 기타,승합,여,39세,상해없음,승용,남,69세,경상
2019032600100265,2019년 3월 26일 12시,화요일,전라남도 장흥군 장흥읍,경상사고,0,0,2,0,차대차 - 측면충돌,신호위반,건조,맑음,교차로 - 교차로안,승용,여,66세,경상,승용,여,34세,경상
2019032600100325,2019년 3월 26일 14시,화요일,전라남도 여수시 학동,경상사고,0,0,1,0,차대차 - 측면충돌,차로위반,건조,맑음,단일로 - 기타,승용,남,59세,상해없음,승용,여,64세,경상
2019032600100346,2019년 3월 26일 15시,화요일,전라남도 곡성군 곡성읍,경상사고,0,0,1,0,차대차 - 기타,안전운전불이행,건조,맑음,주차장 - 주차장,승용,남,80세,상해없음,승용,여,53세,경상
2019032600100394,2019년 3월 26일 16시,화요일,전라남도 여수시 봉계동,중상사고,0,1,0,0,차대차 - 측면충돌,신호위반,건조,맑음,교차로 - 교차로안,특수,남,50세,중상,특수,남,51세,상해없음
2019032600100395,2019년 3월 26일 16시,화요일,전라남도 여수시 중흥동,경상사고,0,0,2,0,차대차 - 측면충돌,안전운전불이행,건조,맑음,단일로 - 기타,건설기계,남,51세,경상,화물,남,38세,경상
2019032600100396,2019년 3월 26일 16시,화요일,전라남도 여수시 교동,경상사고,0,0,1,0,차대차 - 기타,기타,건조,맑음,단일로 - 기타,승용,남,58세,상해없음,승용,여,40세,경상
2019032600100397,2019년 3월 26일 16시,화요일,전라남도 무안군 무안읍,경상사고,0,0,1,0,차대차 - 기타,안전운전불이행,건조,맑음,교차로 - 교차로안,승합,남,42세,상해없음,승합,여,51세,상해없음
2019032600100441,2019년 3월 26일 17시,화요일,전라남도 여수시 문수동,경상사고,0,0,1,0,차대차 - 후진중충돌,안전운전불이행,건조,맑음,단일로 - 기타,승용,남,61세,상해없음,승용,남,63세,상해없음
2019032600100442,2019년 3월 26일 17시,화요일,전라남도 강진군 칠량면,부상신고사고,0,0,0,1,차량단독 - 공작물충돌,중앙선침범,건조,맑음,단일로 - 기타,화물,남,71세,부상신고,,,,
2019032600100443,2019년 3월 26일 17시,화요일,전라남도 담양군 대전면,경상사고,0,0,2,0,차대차 - 추돌,안전운전불이행,건조,맑음,교차로 - 교차로부근,화물,남,60세,상해없음,승용,남,28세,경상
2019032600100553,2019년 3월 26일 20시,화요일,전라남도 목포시 용당동,경상사고,0,0,1,0,차대차 - 기타,안전운전불이행,건조,맑음,교차로 - 교차로횡단보도내,이륜,남,24세,상해없음,자전거,남,62세,경상
2019032600100554,2019년 3월 26일 20시,화요일,전라남도 순천시 조례동,경상사고,0,0,1,0,차대차 - 측면충돌,교차로운행방법위반,건조,맑음,교차로 - 교차로안,승용,남,65세,상해없음,승용,여,65세,경상
2019032600100555,2019년 3월 26일 20시,화요일,전라남도 장흥군 장흥읍,경상사고,0,0,1,1,차대차 - 기타,안전운전불이행,건조,맑음,단일로 - 기타,화물,남,50세,경상,화물,남,39세,상해없음
2019032600100582,2019년 3월 26일 21시,화요일,전라남도 여수시 웅천동,경상사고,0,0,2,0,차대차 - 측면충돌,신호위반,건조,맑음,교차로 - 교차로안,승용,남,64세,상해없음,승용,남,63세,경상
2019032600100583,2019년 3월 26일 21시,화요일,전라남도 해남군 마산면,경상사고,0,0,1,0,차대차 - 추돌,안전운전불이행,건조,맑음,교차로 - 교차로부근,승용,여,49세,상해없음,승합,여,47세,경상
2019032700100025,2019년 3월 27일 00시,수요일,전라남도 목포시 산정동,중상사고,0,1,0,0,차대사람 - 횡단중,안전운전불이행,건조,맑음,단일로 - 기타,화물,남,43세,상해없음,보행자,여,87세,중상
2019032700100099,2019년 3월 27일 07시,수요일,전라남도 목포시 해안동3가,중상사고,0,1,0,0,차대차 - 측면충돌,직진우회전진행방해,건조,맑음,교차로 - 교차로안,이륜,남,75세,중상,승용,남,62세,상해없음
2019032700100100,2019년 3월 27일 07시,수요일,전라남도 나주시 용산동,경상사고,0,0,1,0,차대사람 - 기타,기타,건조,맑음,기타 - 기타,승합,남,51세,상해없음,보행자,여,18세,경상
2019032700100101,2019년 3월 27일 07시,수요일,전라남도 장흥군 회진면,경상사고,0,0,1,0,차대차 - 측면충돌,직진우회전진행방해,건조,맑음,교차로 - 교차로안,승용,여,49세,상해없음,이륜,남,82세,경상
2019032700100141,2019년 3월 27일 08시,수요일,전라남도 함평군 손불면,중상사고,0,1,0,0,차대차 - 정면충돌,중앙선침범,건조,맑음,교차로 - 교차로부근,승용,남,51세,상해없음,이륜,여,67세,중상
2019032700100142,2019년 3월 27일 08시,수요일,전라남도 구례군 구례읍,경상사고,0,0,1,0,차대사람 - 횡단중,안전운전불이행,건조,맑음,교차로 - 교차로부근,화물,남,52세,상해없음,보행자,여,6세,경상
2019032700100176,2019년 3월 27일 09시,수요일,전라남도 목포시 용해동,경상사고,0,0,3,0,차대차 - 측면충돌,교차로운행방법위반,건조,맑음,교차로 - 교차로안,승용,남,72세,경상,승용,남,33세,경상
2019032700100177,2019년 3월 27일 09시,수요일,전라남도 영암군 삼호읍,경상사고,0,0,1,0,차대차 - 추돌,안전운전불이행,건조,맑음,교차로 - 교차로부근,승용,여,57세,상해없음,승용,여,54세,경상
2019032700100208,2019년 3월 27일 10시,수요일,전라남도 순천시 조례동,중상사고,0,1,0,0,차대차 - 측면충돌,중앙선침범,건조,맑음,교차로 - 교차로부근,승용,남,70세,상해없음,이륜,남,37세,중상
2019032700100209,2019년 3월 27일 10시,수요일,전라남도 해남군 송지면,경상사고,0,0,1,0,차대사람 - 기타,안전운전불이행,건조,맑음,교차로 - 교차로부근,승용,여,71세,상해없음,보행자,여,42세,경상
2019032700100226,2019년 3월 27일 11시,수요일,전라남도 나주시 경현동,경상사고,0,0,2,0,차대차 - 측면충돌,차로위반,건조,맑음,단일로 - 기타,화물,남,64세,상해없음,승용,남,33세,경상
2019032700100227,2019년 3월 27일 11시,수요일,전라남도 강진군 강진읍,중상사고,0,1,0,0,차대차 - 기타,교차로운행방법위반,건조,맑음,교차로 - 교차로안,승용,여,39세,상해없음,이륜,남,83세,중상
2019032700100228,2019년 3월 27일 11시,수요일,전라남도 담양군 담양읍,경상사고,0,0,3,0,차대차 - 측면충돌,교차로운행방법위반,건조,맑음,교차로 - 교차로안,승용,남,56세,상해없음,승용,여,60세,경상
2019032700100229,2019년 3월 27일 11시,수요일,전라남도 광양시 중동,경상사고,0,0,2,0,차대차 - 추돌,안전운전불이행,건조,맑음,단일로 - 기타,화물,남,49세,상해없음,승용,여,40세,경상
2019032700100257,2019년 3월 27일 12시,수요일,전라남도 목포시 명륜동,경상사고,0,0,1,0,차대차 - 기타,안전운전불이행,건조,맑음,단일로 - 기타,승용,여,62세,상해없음,승용,여,36세,경상
2019032700100258,2019년 3월 27일 12시,수요일,전라남도 순천시 옥천동,중상사고,0,1,0,0,차대사람 - 기타,안전운전불이행,건조,맑음,단일로 - 기타,승용,여,66세,상해없음,보행자,남,58세,중상
2019032700100280,2019년 3월 27일 13시,수요일,전라남도 여수시 여서동,경상사고,0,0,1,0,차대차 - 측면충돌,안전운전불이행,건조,맑음,교차로 - 교차로안,승합,남,64세,상해없음,승용,남,36세,경상
2019032700100307,2019년 3월 27일 14시,수요일,전라남도 여수시 적량동,경상사고,0,0,1,0,차대차 - 측면충돌,안전거리미확보,건조,맑음,단일로 - 기타,특수,남,53세,상해없음,승용,남,52세,경상
2019032700100308,2019년 3월 27일 14시,수요일,전라남도 순천시 연향동,중상사고,0,2,0,0,차대차 - 측면충돌,안전운전불이행,건조,맑음,교차로 - 교차로안,이륜,남,65세,중상,승용,남,66세,상해없음
2019032700100309,2019년 3월 27일 14시,수요일,전라남도 나주시 세지면,중상사고,0,1,0,0,차량단독 - 공작물충돌,안전운전불이행,건조,맑음,기타 - 기타,농기계,남,71세,중상,,,,
2019032700100336,2019년 3월 27일 15시,수요일,전라남도 함평군 손불면,부상신고사고,0,0,0,1,차대차 - 측면충돌,안전운전불이행,건조,맑음,단일로 - 기타,자전거,여,67세,부상신고,승용,남,61세,상해없음
2019032700100475,2019년 3월 27일 19시,수요일,전라남도 여수시 둔덕동,경상사고,0,0,4,0,차대차 - 추돌,안전운전불이행,건조,맑음,교차로 - 교차로부근,승용,여,40세,상해없음,승용,남,60세,경상
2019032700100476,2019년 3월 27일 19시,수요일,전라남도 여수시 선원동,경상사고,0,0,1,0,차대사람 - 횡단중,보행자보호의무위반,건조,맑음,교차로 - 교차로부근,승용,여,42세,상해없음,보행자,남,51세,경상
2019032700100477,2019년 3월 27일 19시,수요일,전라남도 여수시 문수동,중상사고,0,1,0,0,차대사람 - 기타,안전운전불이행,건조,맑음,기타 - 기타,승용,남,48세,상해없음,보행자,남,56세,중상
2019032700100524,2019년 3월 27일 21시,수요일,전라남도 순천시 인제동,중상사고,0,1,1,0,차대차 - 정면충돌,안전운전불이행,건조,맑음,교차로 - 교차로안,승용,남,71세,경상,승합,남,45세,중상
2019032800100038,2019년 3월 28일 01시,목요일,전라남도 목포시 상동,경상사고,0,0,3,0,차대차 - 측면충돌,안전운전불이행,건조,맑음,단일로 - 기타,승용,여,55세,상해없음,승용,남,48세,경상
2019032800100048,2019년 3월 28일 02시,목요일,전라남도 순천시 연향동,경상사고,0,0,1,0,차대차 - 측면충돌,교차로운행방법위반,건조,맑음,교차로 - 교차로안,승용,남,24세,상해없음,승용,남,64세,경상
2019032800100072,2019년 3월 28일 06시,목요일,전라남도 담양군 담양읍,경상사고,0,0,1,0,차대차 - 측면충돌,직진우회전진행방해,건조,맑음,교차로 - 교차로안,화물,남,63세,상해없음,승용,남,57세,경상
2019032800100098,2019년 3월 28일 07시,목요일,전라남도 신안군 증도면,중상사고,0,1,0,0,차대차 - 기타,중앙선침범,건조,맑음,단일로 - 기타,승용,남,52세,상해없음,이륜,남,37세,중상
2019032800100133,2019년 3월 28일 08시,목요일,전라남도 여수시 문수동,경상사고,0,0,1,0,차대차 - 측면충돌,안전운전불이행,건조,맑음,단일로 - 기타,승용,남,41세,상해없음,승용,남,63세,경상
2019032800100134,2019년 3월 28일 08시,목요일,전라남도 광양시 금호동,경상사고,0,0,1,0,차대사람 - 기타,안전운전불이행,건조,맑음,기타 - 기타,승용,남,54세,상해없음,보행자,남,35세,경상
2019032800100169,2019년 3월 28일 09시,목요일,전라남도 순천시 해룡면,경상사고,0,0,1,0,차대사람 - 횡단중,보행자보호의무위반,건조,맑음,교차로 - 교차로횡단보도내,승용,남,52세,상해없음,보행자,여,58세,경상
2019032800100170,2019년 3월 28일 09시,목요일,전라남도 장흥군 대덕읍,중상사고,0,1,0,0,차대차 - 추돌,안전운전불이행,건조,맑음,단일로 - 기타,이륜,남,79세,중상,승용,남,61세,상해없음
2019032800100195,2019년 3월 28일 10시,목요일,전라남도 여수시 웅천동,중상사고,0,1,0,0,차대차 - 측면충돌,교차로운행방법위반,건조,맑음,교차로 - 교차로안,이륜,남,63세,중상,승용,여,39세,상해없음
2019032800100196,2019년 3월 28일 10시,목요일,전라남도 순천시 매곡동,중상사고,0,1,0,0,차대사람 - 횡단중,보행자보호의무위반,건조,맑음,단일로 - 기타,승용,여,58세,상해없음,보행자,여,87세,중상
2019032800100197,2019년 3월 28일 10시,목요일,전라남도 순천시 매곡동,중상사고,0,1,0,0,차대차 - 측면충돌,교차로운행방법위반,건조,맑음,교차로 - 교차로안,화물,남,51세,상해없음,자전거,남,70세,중상
2019032800100198,2019년 3월 28일 10시,목요일,전라남도 보성군 회천면,경상사고,0,0,3,0,차대차 - 정면충돌,신호위반,건조,맑음,교차로 - 교차로안,화물,남,61세,경상,승용,여,51세,경상
2019032800100237,2019년 3월 28일 11시,목요일,전라남도 나주시 산포면,경상사고,0,0,3,0,차대차 - 추돌,안전운전불이행,건조,맑음,교차로 - 교차로부근,승용,남,72세,경상,승용,남,44세,경상
2019032800100238,2019년 3월 28일 11시,목요일,전라남도 영암군 삼호읍,경상사고,0,0,3,0,차대차 - 측면충돌,신호위반,건조,맑음,교차로 - 교차로안,화물,여,43세,경상,승용,여,50세,경상
2019032800100239,2019년 3월 28일 11시,목요일,전라남도 광양시 중동,중상사고,0,1,0,0,차대차 - 측면충돌,교차로운행방법위반,건조,맑음,교차로 - 교차로안,화물,남,45세,상해없음,이륜,남,45세,중상
2019032800100240,2019년 3월 28일 11시,목요일,전라남도 광양시 마동,경상사고,0,0,2,0,차대차 - 기타,안전운전불이행,건조,맑음,단일로 - 기타,승용,남,48세,경상,승용,여,40세,경상
2019032800100289,2019년 3월 28일 13시,목요일,전라남도 구례군 구례읍,경상사고,0,0,1,0,차대사람 - 기타,안전운전불이행,건조,맑음,단일로 - 기타,승용,남,78세,상해없음,보행자,여,61세,경상
2019032800100318,2019년 3월 28일 14시,목요일,전라남도 순천시 매곡동,경상사고,0,0,2,0,차대차 - 측면충돌,안전운전불이행,건조,맑음,단일로 - 기타,승용,남,20세,경상,승용,남,23세,경상
2019032800100319,2019년 3월 28일 14시,목요일,전라남도 해남군 해남읍,중상사고,0,1,0,0,차대사람 - 기타,안전운전불이행,건조,맑음,단일로 - 기타,화물,남,27세,상해없음,보행자,남,48세,중상
2019032800100320,2019년 3월 28일 14시,목요일,전라남도 담양군 가사문학면,경상사고,0,0,3,0,차대차 - 측면충돌,직진우회전진행방해,건조,맑음,교차로 - 교차로안,승용,남,69세,경상,화물,남,27세,경상
2019032800100321,2019년 3월 28일 14시,목요일,전라남도 구례군 구례읍,중상사고,0,1,0,0,차대차 - 측면충돌,교차로운행방법위반,건조,맑음,교차로 - 교차로안,승용,여,66세,상해없음,이륜,여,53세,중상
2019032800100353,2019년 3월 28일 15시,목요일,전라남도 순천시 풍덕동,경상사고,0,0,1,0,차대차 - 측면충돌,안전운전불이행,건조,맑음,단일로 - 기타,승용,남,55세,상해없음,자전거,남,24세,경상
2019032800100354,2019년 3월 28일 15시,목요일,전라남도 나주시 금천면,경상사고,0,0,4,0,차대차 - 측면충돌,안전운전불이행,건조,맑음,교차로 - 교차로부근,승합,남,38세,상해없음,승용,여,26세,경상
2019032800100355,2019년 3월 28일 15시,목요일,전라남도 해남군 산이면,경상사고,0,0,2,0,차대차 - 기타,안전운전불이행,건조,맑음,단일로 - 기타,화물,남,65세,상해없음,승용,남,39세,경상
2019032800100356,2019년 3월 28일 15시,목요일,전라남도 화순군 동복면,중상사고,0,1,0,0,차량단독 - 기타,안전운전불이행,건조,맑음,단일로 - 기타,이륜,남,46세,상해없음,,,,
2019032800100399,2019년 3월 28일 16시,목요일,전라남도 순천시 석현동,경상사고,0,0,1,0,차대차 - 추돌,안전운전불이행,건조,맑음,단일로 - 기타,화물,남,62세,상해없음,승용,여,48세,경상
2019032800100400,2019년 3월 28일 16시,목요일,전라남도 나주시 송월동,경상사고,0,0,1,0,차대차 - 측면충돌,안전운전불이행,건조,맑음,단일로 - 기타,승용,여,47세,상해없음,이륜,남,67세,경상
2019032800100401,2019년 3월 28일 16시,목요일,전라남도 무안군 무안읍,경상사고,0,0,1,0,차대차 - 측면충돌,교차로운행방법위반,건조,맑음,교차로 - 교차로안,승용,남,43세,경상,화물,남,22세,상해없음
2019032800100441,2019년 3월 28일 17시,목요일,전라남도 순천시 서면,중상사고,0,1,2,0,차대차 - 측면충돌,안전운전불이행,건조,맑음,교차로 - 교차로안,승용,남,54세,경상,승용,남,62세,경상
2019032800100484,2019년 3월 28일 18시,목요일,전라남도 순천시 별량면,경상사고,0,0,1,0,차대차 - 측면충돌,신호위반,건조,맑음,교차로 - 교차로부근,승용,여,55세,상해없음,이륜,남,52세,경상
2019032800100485,2019년 3월 28일 18시,목요일,전라남도 나주시 빛가람동,경상사고,0,0,1,0,차대차 - 측면충돌,안전운전불이행,건조,맑음,단일로 - 기타,승용,여,37세,상해없음,이륜,남,24세,경상