사고번호,사고일시,요일,시군구,사고내용,사망자수,중상자수,경상자수,부상신고자수,사고유형,법규위반,노면상태,기상상태,도로형태,가해운전자 차종,가해운전자 성별,가해운전자 연령,가해운전자 상해정도,피해운전자 차종,피해운전자 성별,피해운전자 연령,피해운전자 상해정도
2019032800100486,2019년 3월 28일 18시,목요일,전라남도 고흥군 도화면,중상사고,0,1,0,0,차량단독 - 공작물충돌,안전운전불이행,건조,맑음,단일로 - 기타,승용,남,77세,중상,,,,
2019032800100487,2019년 3월 28일 18시,목요일,전라남도 광양시 광양읍,경상사고,0,0,2,0,차대차 - 기타,교차로운행방법위반,건조,맑음,교차로 - 교차로안,원동기,남,53세,경상,승용,여,38세,경상
2019032800100488,2019년 3월 28일 18시,목요일,전라남도 장성군 장성읍,중상사고,0,1,0,0,차대차 - 기타,안전운전불이행,건조,맑음,단일로 - 터널,승용,남,60세,상해없음,승용,남,36세,중상
2019032800100530,2019년 3월 28일 19시,목요일,전라남도 순천시 연향동,경상사고,0,0,1,0,차대사람 - 기타,신호위반,건조,맑음,교차로 - 교차로안,이륜,남,34세,상해없음,보행자,여,24세,경상
2019032800100531,2019년 3월 28일 19시,목요일,전라남도 광양시 광영동,경상사고,0,0,1,1,차대차 - 측면충돌,교차로운행방법위반,건조,맑음,교차로 - 교차로안,승용,여,50세,부상신고,승용,여,29세,경상
2019032800100567,2019년 3월 28일 20시,목요일,전라남도 여수시 여서동,경상사고,0,0,3,0,차대차 - 기타,불법유턴,건조,맑음,교차로 - 교차로안,승용,남,79세,상해없음,승용,남,28세,경상
2019032800100568,2019년 3월 28일 20시,목요일,전라남도 여수시 문수동,경상사고,0,0,1,0,차대차 - 측면충돌,교차로운행방법위반,건조,맑음,교차로 - 교차로안,승용,남,58세,상해없음,이륜,남,28세,경상
2019032800100619,2019년 3월 28일 22시,목요일,전라남도 목포시 상동,경상사고,0,0,2,0,차대차 - 기타,안전운전불이행,건조,맑음,단일로 - 기타,승용,남,63세,상해없음,승용,여,56세,경상
2019032800100642,2019년 3월 28일 23시,목요일,전라남도 구례군 용방면,경상사고,0,0,1,0,차대차 - 정면충돌,안전운전불이행,건조,맑음,교차로 - 교차로안,화물,남,51세,상해없음,승용,남,44세,경상
2019032900100058,2019년 3월 29일 04시,금요일,전라남도 목포시 용해동,경상사고,0,0,1,1,차대차 - 측면충돌,교차로운행방법위반,건조,맑음,교차로 - 교차로안,화물,남,58세,부상신고,화물,남,55세,경상
2019032900100066,2019년 3월 29일 05시,금요일,전라남도 강진군 강진읍,경상사고,0,0,1,0,차대사람 - 기타,안전운전불이행,건조,맑음,단일로 - 기타,화물,남,40세,상해없음,보행자,여,53세,경상
2019032900100094,2019년 3월 29일 07시,금요일,전라남도 장성군 삼계면,경상사고,0,0,1,0,차대차 - 기타,교차로운행방법위반,건조,맑음,교차로 - 교차로안,화물,남,71세,상해없음,승용,남,26세,경상
2019032900100095,2019년 3월 29일 07시,금요일,전라남도 무안군 일로읍,경상사고,0,0,1,0,차대차 - 추돌,안전운전불이행,건조,맑음,단일로 - 기타,승용,남,34세,상해없음,승용,여,44세,경상
2019032900100096,2019년 3월 29일 07시,금요일,전라남도 광양시 옥곡면,중상사고,0,1,2,0,차대차 - 측면충돌,교차로운행방법위반,건조,맑음,교차로 - 교차로안,화물,남,56세,경상,승용,여,52세,중상
2019032900100126,2019년 3월 29일 08시,금요일,전라남도 목포시 옥암동,경상사고,0,0,1,0,차대차 - 측면충돌,중앙선침범,건조,맑음,교차로 - 교차로횡단보도내,승합,남,71세,상해없음,승용,여,48세,경상
2019032900100164,2019년 3월 29일 09시,금요일,전라남도 여수시 학동,경상사고,0,0,1,0,차대차 - 기타,안전운전불이행,건조,맑음,단일로 - 기타,승용,남,52세,상해없음,승용,여,49세,경상
2019032900100165,2019년 3월 29일 09시,금요일,전라남도 해남군 해남읍,경상사고,0,0,1,0,차대차 - 측면충돌,교차로운행방법위반,건조,맑음,교차로 - 교차로안,승용,여,49세,기타불명,승합,여,47세,경상
2019032900100207,2019년 3월 29일 10시,금요일,전라남도 신안군 임자면,경상사고,0,0,1,0,차대차 - 측면충돌,기타,건조,맑음,교차로 - 교차로안,승용,여,45세,상해없음,이륜,남,79세,경상
2019032900100208,2019년 3월 29일 10시,금요일,전라남도 순천시 덕암동,경상사고,0,0,1,0,차대차 - 추돌,교차로운행방법위반,건조,맑음,교차로 - 교차로안,승용,남,62세,상해없음,승용,남,31세,상해없음
2019032900100241,2019년 3월 29일 11시,금요일,전라남도 순천시 연향동,경상사고,0,0,1,0,차대차 - 측면충돌,안전운전불이행,건조,맑음,단일로 - 기타,이륜,남,19세,경상,승용,남,63세,상해없음
2019032900100242,2019년 3월 29일 11시,금요일,전라남도 고흥군 도양읍,경상사고,0,0,2,0,차대차 - 측면충돌,직진우회전진행방해,건조,맑음,교차로 - 교차로안,이륜,남,73세,경상,승용,여,63세,경상
2019032900100280,2019년 3월 29일 12시,금요일,전라남도 해남군 송지면,중상사고,0,1,0,0,차대차 - 정면충돌,중앙선침범,건조,맑음,단일로 - 기타,화물,여,58세,기타불명,화물,남,63세,중상
2019032900100314,2019년 3월 29일 13시,금요일,전라남도 여수시 학동,경상사고,0,0,1,0,차대차 - 측면충돌,안전운전불이행,건조,맑음,교차로 - 교차로부근,이륜,남,40세,경상,화물,남,37세,상해없음
2019032900100315,2019년 3월 29일 13시,금요일,전라남도 순천시 황전면,부상신고사고,0,0,0,1,차대차 - 측면충돌,안전운전불이행,건조,맑음,단일로 - 기타,이륜,남,43세,부상신고,승용,남,54세,상해없음
2019032900100316,2019년 3월 29일 13시,금요일,전라남도 장성군 북하면,중상사고,0,1,0,0,차대차 - 기타,안전운전불이행,건조,맑음,단일로 - 기타,화물,남,55세,상해없음,원동기,남,59세,중상
2019032900100317,2019년 3월 29일 13시,금요일,전라남도 구례군 간전면,중상사고,0,2,0,0,차대차 - 측면충돌,안전운전불이행,건조,맑음,단일로 - 기타,승합,남,68세,상해없음,이륜,남,53세,중상
2019032900100344,2019년 3월 29일 14시,금요일,전라남도 신안군 압해읍,경상사고,0,0,1,0,차대차 - 기타,교차로운행방법위반,건조,맑음,교차로 - 교차로안,화물,남,58세,상해없음,승용,남,58세,경상
2019032900100345,2019년 3월 29일 14시,금요일,전라남도 여수시 낙포동,경상사고,0,0,3,0,차대차 - 측면충돌,안전운전불이행,건조,맑음,교차로 - 교차로안,승용,남,66세,상해없음,특수,남,50세,경상
2019032900100346,2019년 3월 29일 14시,금요일,전라남도 고흥군 풍양면,경상사고,0,0,1,0,차대차 - 측면충돌,과속,건조,맑음,교차로 - 교차로안,화물,여,55세,경상,화물,남,29세,상해없음
2019032900100347,2019년 3월 29일 14시,금요일,전라남도 화순군 화순읍,경상사고,0,0,3,0,차대차 - 측면충돌,신호위반,건조,맑음,교차로 - 교차로안,승용,여,53세,경상,승용,여,49세,경상
2019032900100348,2019년 3월 29일 14시,금요일,전라남도 강진군 대구면,경상사고,0,0,2,0,차대차 - 추돌,안전거리미확보,건조,맑음,단일로 - 기타,승용,남,48세,상해없음,승용,남,71세,경상
2019032900100349,2019년 3월 29일 14시,금요일,전라남도 무안군 현경면,경상사고,0,0,1,0,차량단독 - 전도전복 - 전도,안전운전불이행,건조,맑음,단일로 - 기타,이륜,남,79세,경상,,,,
2019032900100350,2019년 3월 29일 14시,금요일,전라남도 광양시 금호동,중상사고,0,1,0,0,차대차 - 측면충돌,신호위반,건조,맑음,교차로 - 교차로안,승용,남,29세,상해없음,승용,남,66세,중상
2019032900100438,2019년 3월 29일 16시,금요일,전라남도 순천시 남정동,중상사고,0,1,0,0,차대차 - 기타,안전운전불이행,건조,맑음,교차로 - 교차로안,승용,여,63세,상해없음,자전거,남,77세,중상
2019032900100439,2019년 3월 29일 16시,금요일,전라남도 해남군 문내면,경상사고,0,0,2,0,차대차 - 추돌,안전운전불이행,건조,맑음,단일로 - 교량,승용,남,51세,기타불명,승용,남,58세,기타불명
2019032900100477,2019년 3월 29일 17시,금요일,전라남도 목포시 죽교동,중상사고,0,1,1,0,차대차 - 추돌,안전운전불이행,건조,맑음,단일로 - 기타,건설기계,남,58세,상해없음,화물,남,56세,중상
2019032900100478,2019년 3월 29일 17시,금요일,전라남도 목포시 용당동,중상사고,0,1,1,0,차대사람 - 기타,안전운전불이행,건조,맑음,교차로 - 교차로안,승용,여,67세,상해없음,보행자,여,58세,경상
2019032900100479,2019년 3월 29일 17시,금요일,전라남도 여수시 선원동,중상사고,0,1,0,0,차대사람 - 기타,안전운전불이행,건조,맑음,교차로 - 교차로부근,승용,남,65세,상해없음,보행자,여,47세,중상
2019032900100480,2019년 3월 29일 17시,금요일,전라남도 나주시 왕곡면,경상사고,0,0,3,0,차대차 - 추돌,안전거리미확보,건조,맑음,단일로 - 기타,화물,남,61세,경상,승용,남,31세,경상
2019032900100481,2019년 3월 29일 17시,금요일,전라남도 나주시 왕곡면,경상사고,0,0,2,0,차대차 - 추돌,안전거리미확보,건조,맑음,단일로 - 기타,승용,여,22세,경상,화물,남,61세,경상
2019032900100482,2019년 3월 29일 17시,금요일,전라남도 나주시 왕곡면,경상사고,0,0,1,0,차대차 - 추돌,안전거리미확보,건조,맑음,단일로 - 기타,승용,남,68세,상해없음,승용,여,22세,경상
2019032900100685,2019년 3월 29일 22시,금요일,전라남도 무안군 삼향읍,경상사고,0,0,1,0,차대차 - 측면충돌,안전운전불이행,건조,맑음,교차로 - 교차로안,승용,남,27세,상해없음,승용,남,32세,경상
2019033000100071,2019년 3월 30일 01시,토요일,전라남도 목포시 상동,경상사고,0,0,1,0,차대차 - 기타,안전운전불이행,건조,맑음,교차로 - 교차로안,승용,남,35세,상해없음,승용,남,36세,경상
2019033000100146,2019년 3월 30일 05시,토요일,전라남도 목포시 용해동,경상사고,0,0,1,0,차량단독 - 공작물충돌,안전운전불이행,젖음/습기,비,단일로 - 기타,승용,여,23세,상해없음,,,,
2019033000100162,2019년 3월 30일 06시,토요일,전라남도 광양시 중동,경상사고,0,0,2,0,차대차 - 측면충돌,신호위반,건조,맑음,교차로 - 교차로안,승용,여,40세,상해없음,승용,남,40세,경상
2019033000100173,2019년 3월 30일 07시,토요일,전라남도 여수시 봉산동,중상사고,0,1,0,0,차대차 - 측면충돌,교차로운행방법위반,건조,맑음,교차로 - 교차로안,승용,남,34세,상해없음,승용,남,45세,중상
2019033000100174,2019년 3월 30일 07시,토요일,전라남도 화순군 화순읍,중상사고,0,4,4,0,차대차 - 추돌,안전운전불이행,젖음/습기,비,단일로 - 기타,승합,남,69세,상해없음,화물,남,71세,중상
2019033000100201,2019년 3월 30일 08시,토요일,전라남도 강진군 강진읍,경상사고,0,0,3,0,차대차 - 측면충돌,직진우회전진행방해,건조,맑음,교차로 - 교차로안,화물,남,68세,경상,화물,남,84세,경상
2019033000100229,2019년 3월 30일 09시,토요일,전라남도 목포시 대성동,경상사고,0,0,1,0,차대차 - 기타,안전운전불이행,건조,맑음,교차로 - 교차로횡단보도내,자전거,남,72세,경상,승용,남,46세,상해없음
2019033000100290,2019년 3월 30일 11시,토요일,전라남도 신안군 암태면,중상사고,0,1,0,0,차대차 - 기타,안전운전불이행,건조,맑음,단일로 - 기타,화물,남,45세,상해없음,이륜,남,76세,중상
2019033000100291,2019년 3월 30일 11시,토요일,전라남도 목포시 석현동,경상사고,0,0,2,0,차대사람 - 기타,안전운전불이행,건조,맑음,기타 - 기타,승용,남,61세,상해없음,보행자,남,15세,경상
2019033000100292,2019년 3월 30일 11시,토요일,전라남도 목포시 산정동,경상사고,0,0,1,0,차대차 - 기타,안전운전불이행,건조,맑음,기타 - 기타,이륜,남,71세,경상,화물,남,64세,상해없음
2019033000100293,2019년 3월 30일 11시,토요일,전라남도 여수시 율촌면,사망사고,1,1,0,0,차량단독 - 공작물충돌,안전운전불이행,건조,맑음,단일로 - 기타,이륜,남,55세,사망,,,,
2019033000100329,2019년 3월 30일 12시,토요일,전라남도 목포시 석현동,중상사고,0,1,0,0,차대차 - 측면충돌,차로위반,건조,맑음,기타 - 기타,승용,남,22세,상해없음,승용,남,56세,상해없음
2019033000100330,2019년 3월 30일 12시,토요일,전라남도 고흥군 고흥읍,중상사고,0,1,2,0,차대차 - 측면충돌,중앙선침범,건조,맑음,단일로 - 기타,승용,남,56세,경상,승용,남,45세,중상
2019033000100331,2019년 3월 30일 12시,토요일,전라남도 영광군 영광읍,중상사고,0,1,0,0,차량단독 - 도로외이탈 - 기타,안전운전불이행,건조,맑음,단일로 - 기타,승합,남,48세,상해없음,,,,
2019033000100332,2019년 3월 30일 12시,토요일,전라남도 화순군 화순읍,경상사고,0,0,2,0,차대차 - 추돌,안전운전불이행,건조,맑음,단일로 - 기타,승합,여,56세,상해없음,승용,남,58세,경상
2019033000100333,2019년 3월 30일 12시,토요일,전라남도 완도군 노화읍,중상사고,0,1,0,0,차대사람 - 기타,안전운전불이행,건조,맑음,단일로 - 기타,건설기계,남,42세,상해없음,보행자,여,80세,중상
2019033000100372,2019년 3월 30일 13시,토요일,전라남도 순천시 연향동,중상사고,0,1,0,0,차대사람 - 기타,안전운전불이행,건조,맑음,단일로 - 기타,승용,여,59세,상해없음,보행자,남,3세,중상
2019033000100373,2019년 3월 30일 13시,토요일,전라남도 영암군 삼호읍,중상사고,0,2,2,0,차대차 - 정면충돌,중앙선침범,건조,맑음,단일로 - 기타,승용,남,29세,경상,화물,남,61세,중상
2019033000100374,2019년 3월 30일 13시,토요일,전라남도 무안군 삼향읍,중상사고,0,1,1,0,차대차 - 정면충돌,기타,건조,맑음,교차로 - 교차로부근,승용,여,59세,상해없음,승용,남,50세,경상
2019033000100409,2019년 3월 30일 14시,토요일,전라남도 여수시 국동,경상사고,0,0,1,0,차대차 - 측면충돌,안전운전불이행,건조,맑음,교차로 - 교차로안,승용,남,51세,상해없음,승용,남,62세,경상
2019033000100449,2019년 3월 30일 15시,토요일,전라남도 구례군 구례읍,부상신고사고,0,0,0,1,차대사람 - 횡단중,안전운전불이행,건조,맑음,단일로 - 기타,승용,여,32세,상해없음,보행자,남,11세,부상신고
2019033000100522,2019년 3월 30일 17시,토요일,전라남도 장흥군 장흥읍,중상사고,0,1,0,0,차대사람 - 횡단중,과속,건조,맑음,단일로 - 기타,화물,남,57세,상해없음,보행자,여,77세,중상
2019033000100560,2019년 3월 30일 18시,토요일,전라남도 순천시 연향동,경상사고,0,0,1,0,차대차 - 후진중충돌,안전운전불이행,건조,맑음,교차로 - 교차로부근,승용,여,50세,상해없음,승용,남,27세,경상
2019033000100619,2019년 3월 30일 20시,토요일,전라남도 나주시 빛가람동,경상사고,0,0,1,0,차대차 - 기타,차로위반,건조,흐림,교차로 - 교차로안,승용,남,22세,상해없음,이륜,남,21세,경상
2019033000100620,2019년 3월 30일 20시,토요일,전라남도 영광군 군서면,중상사고,0,1,2,0,차대차 - 측면충돌,신호위반,건조,맑음,교차로 - 교차로안,승용,남,43세,상해없음,화물,남,62세,경상
2019033000100656,2019년 3월 30일 21시,토요일,전라남도 여수시 웅천동,경상사고,0,0,1,0,차대사람 - 횡단중,안전운전불이행,건조,맑음,교차로 - 교차로안,승용,여,46세,상해없음,보행자,여,42세,경상
2019033100100071,2019년 3월 31일 03시,일요일,전라남도 보성군 미력면,경상사고,0,0,2,0,차대차 - 추돌,안전운전불이행,건조,맑음,단일로 - 기타,승용,여,29세,상해없음,특수,남,39세,경상
2019033100100115,2019년 3월 31일 09시,일요일,전라남도 목포시 상동,경상사고,0,0,2,0,차대차 - 측면충돌,차로위반,건조,맑음,단일로 - 기타,화물,남,57세,상해없음,승용,여,35세,경상
2019033100100149,2019년 3월 31일 11시,일요일,전라남도 순천시 해룡면,경상사고,0,0,1,0,차대사람 - 기타,안전운전불이행,건조,맑음,단일로 - 기타,승용,여,43세,상해없음,보행자,남,33세,경상
2019033100100150,2019년 3월 31일 11시,일요일,전라남도 순천시 연향동,경상사고,0,0,2,0,차대차 - 기타,직진우회전진행방해,건조,맑음,교차로 - 교차로안,승용,여,82세,경상,승용,남,57세,상해없음
2019033100100151,2019년 3월 31일 11시,일요일,전라남도 순천시 서면,중상사고,0,1,0,0,차대차 - 측면충돌,신호위반,건조,맑음,단일로 - 기타,승용,남,63세,상해없음,승용,남,48세,중상
2019033100100206,2019년 3월 31일 13시,일요일,전라남도 순천시 해룡면,중상사고,0,2,1,0,차량단독 - 기타,안전운전불이행,건조,맑음,기타 - 기타,승합,남,62세,경상,,,,
2019033100100207,2019년 3월 31일 13시,일요일,전라남도 무안군 삼향읍,경상사고,0,0,3,0,차대차 - 추돌,안전운전불이행,건조,맑음,단일로 - 기타,승합,남,44세,상해없음,승용,남,43세,경상
2019033100100208,2019년 3월 31일 13시,일요일,전라남도 구례군 문척면,중상사고,0,1,0,0,차대사람 - 기타,안전운전불이행,건조,맑음,단일로 - 기타,승용,여,55세,상해없음,보행자,남,71세,중상
2019033100100238,2019년 3월 31일 14시,일요일,전라남도 담양군 수북면,경상사고,0,0,2,0,차대차 - 정면충돌,중앙선침범,건조,맑음,단일로 - 기타,승용,남,53세,상해없음,승용,남,53세,경상
2019033100100239,2019년 3월 31일 14시,일요일,전라남도 무안군 무안읍,경상사고,0,0,2,0,차대차 - 추돌,교차로운행방법위반,건조,맑음,교차로 - 교차로안,승용,남,43세,상해없음,승용,여,53세,경상
2019033100100264,2019년 3월 31일 15시,일요일,전라남도 목포시 산정동,경상사고,0,0,1,0,차대차 - 측면충돌,안전운전불이행,건조,맑음,단일로 - 기타,이륜,남,79세,경상,승용,여,39세,상해없음
2019033100100265,2019년 3월 31일 15시,일요일,전라남도 담양군 고서면,경상사고,0,0,6,0,차대차 - 추돌,안전거리미확보,건조,맑음,단일로 - 기타,승용,여,52세,상해없음,승용,남,57세,경상
2019033100100325,2019년 3월 31일 17시,일요일,전라남도 순천시 조례동,중상사고,0,1,0,0,차대차 - 기타,직진우회전진행방해,건조,맑음,교차로 - 교차로안,승용,남,45세,상해없음,원동기,남,21세,중상
2019033100100326,2019년 3월 31일 17시,일요일,전라남도 담양군 담양읍,경상사고,0,0,1,0,차대차 - 측면충돌,직진우회전진행방해,건조,맑음,교차로 - 교차로안,승용,여,61세,상해없음,이륜,여,76세,경상
2019033100100327,2019년 3월 31일 17시,일요일,전라남도 곡성군 삼기면,경상사고,0,0,3,0,차대차 - 기타,안전거리미확보,건조,맑음,단일로 - 기타,승용,여,26세,상해없음,승용,여,44세,경상
2019033100100357,2019년 3월 31일 18시,일요일,전라남도 여수시 국동,경상사고,0,0,2,0,차대차 - 기타,직진우회전진행방해,건조,맑음,교차로 - 교차로안,화물,남,45세,경상,승용,남,44세,경상
2019033100100443,2019년 3월 31일 21시,일요일,전라남도 곡성군 죽곡면,중상사고,0,1,0,0,차대사람 - 기타,안전운전불이행,건조,맑음,교차로 - 교차로안,승용,남,55세,상해없음,보행자,남,57세,중상
2019033100100454,2019년 3월 31일 22시,일요일,전라남도 목포시 달동,부상신고사고,0,0,0,1,차량단독 - 공작물충돌,안전운전불이행,건조,맑음,단일로 - 기타,승용,남,38세,부상신고,,,,
2019033100100455,2019년 3월 31일 22시,일요일,전라남도 나주시 빛가람동,중상사고,0,1,1,0,차대차 - 측면충돌,교차로운행방법위반,건조,맑음,교차로 - 교차로횡단보도내,승용,남,53세,경상,승용,여,59세,중상
2019040100100050,2019년 4월 1일 03시,월요일,전라남도 순천시 연향동,중상사고,0,1,1,0,차대차 - 기타,신호위반,건조,맑음,교차로 - 교차로안,승용,여,51세,경상,승용,남,19세,중상
2019040100100067,2019년 4월 1일 05시,월요일,전라남도 순천시 조례동,중상사고,0,1,0,0,차대차 - 측면충돌,안전운전불이행,건조,맑음,단일로 - 기타,승합,남,46세,상해없음,이륜,남,19세,중상
2019040100100083,2019년 4월 1일 06시,월요일,전라남도 나주시 다시면,경상사고,0,0,1,0,차대차 - 측면충돌,신호위반,건조,맑음,교차로 - 교차로안,화물,남,55세,상해없음,화물,남,36세,경상
2019040100100112,2019년 4월 1일 07시,월요일,전라남도 여수시 돌산읍,경상사고,0,0,1,0,차대차 - 정면충돌,중앙선침범,건조,맑음,교차로 - 교차로부근,승용,여,61세,상해없음,화물,남,35세,경상
2019040100100113,2019년 4월 1일 07시,월요일,전라남도 곡성군 석곡면,사망사고,1,0,0,0,차대사람 - 횡단중,안전운전불이행,건조,맑음,교차로 - 교차로안,화물,남,31세,상해없음,보행자,여,80세,사망
2019040100100155,2019년 4월 1일 08시,월요일,전라남도 여수시 월내동,경상사고,0,0,1,0,차대차 - 측면충돌,안전운전불이행,건조,맑음,교차로 - 교차로부근,특수,남,55세,상해없음,승용,여,22세,경상
2019040100100156,2019년 4월 1일 08시,월요일,전라남도 나주시 산포면,중상사고,0,2,0,0,차대차 - 측면충돌,안전운전불이행,건조,맑음,단일로 - 기타,승용,여,49세,중상,승용,여,73세,중상
2019040100100157,2019년 4월 1일 08시,월요일,전라남도 보성군 보성읍,경상사고,0,0,1,1,차대차 - 측면충돌,교차로운행방법위반,건조,맑음,교차로 - 교차로안,승용,여,57세,부상신고,승용,남,42세,경상
2019040100100158,2019년 4월 1일 08시,월요일,전라남도 담양군 창평면,경상사고,0,0,1,1,차대차 - 정면충돌,중앙선침범,건조,맑음,단일로 - 기타,승용,여,44세,부상신고,승용,여,28세,경상
2019040100100159,2019년 4월 1일 08시,월요일,전라남도 광양시 도이동,경상사고,0,0,2,0,차대차 - 정면충돌,불법유턴,건조,맑음,단일로 - 기타,승용,남,28세,상해없음,승용,남,34세,경상
2019040100100160,2019년 4월 1일 08시,월요일,전라남도 광양시 광양읍,경상사고,0,0,3,0,차대차 - 측면충돌,직진우회전진행방해,건조,맑음,교차로 - 교차로안,승용,여,55세,경상,승용,여,33세,경상
2019040100100205,2019년 4월 1일 09시,월요일,전라남도 강진군 칠량면,중상사고,0,1,1,0,차대차 - 측면충돌,교차로운행방법위반,건조,맑음,교차로 - 교차로안,승용,여,58세,중상,화물,남,48세,경상
2019040100100241,2019년 4월 1일 10시,월요일,전라남도 고흥군 대서면,중상사고,0,1,0,0,차량단독 - 기타,안전운전불이행,건조,맑음,기타 - 기타,농기계,남,64세,중상,,,,
2019040100100242,2019년 4월 1일 10시,월요일,전라남도 장성군 장성읍,경상사고,0,0,2,0,차대사람 - 기타,안전운전불이행,건조,맑음,단일로 - 기타,사륜오토바이(ATV),남,81세,경상,보행자,남,76세,경상
2019040100100272,2019년 4월 1일 11시,월요일,전라남도 영암군 삼호읍,부상신고사고,0,0,0,1,차대차 - 기타,안전운전불이행,건조,맑음,단일로 - 기타,승용,여,35세,부상신고,화물,남,38세,기타불명
2019040100100305,2019년 4월 1일 12시,월요일,전라남도 여수시 교동,경상사고,0,0,1,0,차대사람 - 기타,안전운전불이행,건조,맑음,단일로 - 기타,승용,남,79세,상해없음,보행자,남,74세,경상
2019040100100306,2019년 4월 1일 12시,월요일,전라남도 광양시 중동,경상사고,0,0,1,0,차대차 - 추돌,안전운전불이행,건조,맑음,교차로 - 교차로부근,승용,남,69세,상해없음,승용,여,55세,경상
2019040100100338,2019년 4월 1일 13시,월요일,전라남도 나주시 왕곡면,경상사고,0,0,1,0,차대차 - 추돌,안전운전불이행,건조,맑음,교차로 - 교차로부근,승용,남,73세,상해없음,승용,남,19세,경상
2019040100100339,2019년 4월 1일 13시,월요일,전라남도 장성군 동화면,경상사고,0,0,2,0,차대차 - 측면충돌,신호위반,건조,맑음,교차로 - 교차로안,화물,남,47세,상해없음,화물,남,47세,경상
2019040100100378,2019년 4월 1일 14시,월요일,전라남도 여수시 학동,경상사고,0,0,1,0,차대차 - 측면충돌,안전운전불이행,건조,맑음,교차로 - 교차로안,승용,남,69세,상해없음,승용,남,31세,경상
2019040100100379,2019년 4월 1일 14시,월요일,전라남도 영암군 신북면,경상사고,0,0,2,0,차대차 - 기타,안전운전불이행,건조,맑음,단일로 - 기타,승용,남,63세,상해없음,승용,남,54세,경상
2019040100100411,2019년 4월 1일 15시,월요일,전라남도 여수시 안산동,경상사고,0,0,1,0,차대사람 - 차도통행중,안전운전불이행,건조,맑음,교차로 - 교차로안,승용,여,25세,상해없음,보행자,여,54세,경상
2019040100100412,2019년 4월 1일 15시,월요일,전라남도 순천시 황전면,중상사고,0,1,4,0,차대차 - 측면충돌,안전운전불이행,건조,맑음,단일로 - 기타,승용,남,21세,경상,승용,여,59세,경상
2019040100100413,2019년 4월 1일 15시,월요일,전라남도 고흥군 금산면,중상사고,0,2,1,0,차량단독 - 공작물충돌,안전운전불이행,건조,맑음,단일로 - 기타,승용,남,20세,상해없음,,,,
2019040100100414,2019년 4월 1일 15시,월요일,전라남도 완도군 완도읍,부상신고사고,0,0,0,1,차대차 - 측면충돌,기타,건조,맑음,단일로 - 기타,승용,남,44세,상해없음,화물,남,32세,부상신고
2019040100100415,2019년 4월 1일 15시,월요일,전라남도 완도군 완도읍,경상사고,0,0,1,0,차대차 - 추돌,안전운전불이행,건조,맑음,교차로 - 교차로부근,원동기,기타불명,미분류,기타불명,승용,여,49세,경상
2019040100100447,2019년 4월 1일 16시,월요일,전라남도 목포시 옥암동,경상사고,0,0,2,0,차대차 - 기타,차로위반,건조,맑음,단일로 - 기타,건설기계,남,58세,상해없음,승용,남,36세,경상
2019040100100448,2019년 4월 1일 16시,월요일,전라남도 목포시 산정동,경상사고,0,0,1,0,차대사람 - 기타,안전운전불이행,건조,맑음,단일로 - 기타,승용,여,23세,상해없음,보행자,여,63세,경상
2019040100100449,2019년 4월 1일 16시,월요일,전라남도 순천시 해룡면,경상사고,0,0,1,0,차대차 - 측면충돌,안전운전불이행,건조,맑음,교차로 - 교차로안,화물,남,66세,상해없음,특수,남,54세,경상
2019040100100450,2019년 4월 1일 16시,월요일,전라남도 해남군 해남읍,경상사고,0,0,1,0,차대사람 - 기타,안전운전불이행,건조,맑음,교차로 - 교차로안,승용,여,59세,상해없음,보행자,여,85세,경상
2019040100100451,2019년 4월 1일 16시,월요일,전라남도 영암군 신북면,경상사고,0,0,1,0,차대차 - 추돌,안전운전불이행,건조,맑음,단일로 - 기타,화물,남,71세,상해없음,이륜,여,64세,경상
2019040100100452,2019년 4월 1일 16시,월요일,전라남도 광양시 중동,중상사고,0,1,1,0,차대차 - 측면충돌,중앙선침범,건조,맑음,단일로 - 기타,승용,여,47세,경상,승용,여,44세,중상
2019040100100499,2019년 4월 1일 17시,월요일,전라남도 고흥군 과역면,중상사고,0,9,32,0,차대차 - 추돌,안전운전불이행,건조,맑음,단일로 - 기타,특수,남,58세,상해없음,승합,남,62세,중상
2019040100100500,2019년 4월 1일 17시,월요일,전라남도 광양시 광양읍,중상사고,0,1,0,0,차대차 - 측면충돌,안전운전불이행,건조,맑음,교차로 - 교차로안,화물,남,64세,상해없음,이륜,남,63세,중상
2019040100100549,2019년 4월 1일 18시,월요일,전라남도 곡성군 오산면,중상사고,0,1,1,0,차대차 - 측면충돌,중앙선침범,건조,맑음,단일로 - 기타,승용,남,53세,상해없음,승용,여,65세,경상
2019040100100655,2019년 4월 1일 21시,월요일,전라남도 순천시 연향동,경상사고,0,0,1,0,차대사람 - 횡단중,보행자보호의무위반,건조,맑음,교차로 - 교차로안,승용,남,51세,상해없음,보행자,남,51세,경상
2019040100100673,2019년 4월 1일 22시,월요일,전라남도 목포시 산정동,경상사고,0,0,2,0,차대사람 - 기타,안전운전불이행,건조,맑음,교차로 - 교차로부근,이륜,남,18세,경상,보행자,남,27세,경상
2019040100100688,2019년 4월 1일 23시,월요일,전라남도 나주시 남평읍,중상사고,0,1,0,0,차량단독 - 도로외이탈 - 추락,안전운전불이행,건조,맑음,단일로 - 기타,화물,남,39세,중상,,,,