사고번호,사고일시,요일,시군구,사고내용,사망자수,중상자수,경상자수,부상신고자수,사고유형,법규위반,노면상태,기상상태,도로형태,가해운전자 차종,가해운전자 성별,가해운전자 연령,가해운전자 상해정도,피해운전자 차종,피해운전자 성별,피해운전자 연령,피해운전자 상해정도
2019040100100689,2019년 4월 1일 23시,월요일,전라남도 무안군 무안읍,경상사고,0,0,1,0,차량단독 - 공작물충돌,안전운전불이행,건조,맑음,단일로 - 기타,승용,남,56세,경상,,,,
2019040200100043,2019년 4월 2일 01시,화요일,전라남도 목포시 죽교동,경상사고,0,0,2,0,차대차 - 측면충돌,안전운전불이행,건조,흐림,교차로 - 교차로안,승용,남,56세,경상,승용,남,61세,경상
2019040200100067,2019년 4월 2일 04시,화요일,전라남도 강진군 강진읍,경상사고,0,0,1,0,차대사람 - 횡단중,안전운전불이행,건조,맑음,단일로 - 기타,승용,여,57세,상해없음,보행자,남,38세,경상
2019040200100068,2019년 4월 2일 04시,화요일,전라남도 강진군 강진읍,경상사고,0,0,1,0,차대사람 - 횡단중,안전운전불이행,건조,맑음,단일로 - 기타,승용,여,64세,상해없음,보행자,남,38세,경상
2019040200100084,2019년 4월 2일 06시,화요일,전라남도 진도군 진도읍,중상사고,0,2,0,0,차대차 - 측면충돌,안전거리미확보,건조,맑음,기타 - 기타,승용,남,74세,중상,화물,남,53세,중상
2019040200100110,2019년 4월 2일 07시,화요일,전라남도 목포시 대의동2가,경상사고,0,0,1,0,차대차 - 측면충돌,직진우회전진행방해,건조,맑음,교차로 - 교차로안,승합,남,71세,상해없음,이륜,남,70세,경상
2019040200100162,2019년 4월 2일 08시,화요일,전라남도 고흥군 고흥읍,중상사고,0,1,0,0,차대사람 - 횡단중,안전운전불이행,건조,맑음,단일로 - 교량,승용,남,57세,상해없음,보행자,여,76세,중상
2019040200100206,2019년 4월 2일 09시,화요일,전라남도 목포시 용당동,경상사고,0,0,1,0,차대차 - 측면충돌,안전운전불이행,건조,맑음,교차로 - 교차로부근,승용,남,79세,상해없음,승용,여,47세,경상
2019040200100237,2019년 4월 2일 10시,화요일,전라남도 목포시 호남동,중상사고,0,1,0,0,차대차 - 측면충돌,안전운전불이행,건조,맑음,교차로 - 교차로횡단보도내,이륜,남,72세,중상,승합,남,51세,상해없음
2019040200100238,2019년 4월 2일 10시,화요일,전라남도 보성군 벌교읍,중상사고,0,1,2,0,차대차 - 추돌,안전거리미확보,건조,맑음,단일로 - 기타,승합,남,47세,상해없음,승용,여,48세,중상
2019040200100239,2019년 4월 2일 10시,화요일,전라남도 보성군 미력면,경상사고,0,0,1,0,차대차 - 기타,안전운전불이행,건조,맑음,단일로 - 기타,승용,남,57세,상해없음,화물,남,62세,경상
2019040200100240,2019년 4월 2일 10시,화요일,전라남도 영암군 영암읍,경상사고,0,0,2,0,차대차 - 추돌,안전운전불이행,건조,맑음,교차로 - 교차로안,승용,남,49세,상해없음,승용,여,41세,경상
2019040200100305,2019년 4월 2일 12시,화요일,전라남도 목포시 대성동,경상사고,0,0,1,0,차대차 - 후진중충돌,안전운전불이행,건조,맑음,교차로 - 교차로부근,승합,남,45세,상해없음,이륜,남,58세,경상
2019040200100306,2019년 4월 2일 12시,화요일,전라남도 구례군 구례읍,경상사고,0,0,2,0,차량단독 - 공작물충돌,안전운전불이행,건조,맑음,단일로 - 기타,이륜,남,79세,경상,,,,
2019040200100376,2019년 4월 2일 14시,화요일,전라남도 영광군 염산면,중상사고,0,1,3,0,차대차 - 기타,중앙선침범,건조,맑음,단일로 - 기타,승용,남,53세,경상,화물,남,67세,경상
2019040200100410,2019년 4월 2일 15시,화요일,전라남도 나주시 남평읍,경상사고,0,0,3,0,차대차 - 추돌,안전운전불이행,건조,맑음,교차로 - 교차로부근,승용,남,72세,상해없음,승용,남,41세,경상
2019040200100411,2019년 4월 2일 15시,화요일,전라남도 영암군 삼호읍,경상사고,0,0,1,0,차대차 - 측면충돌,신호위반,건조,맑음,교차로 - 교차로안,승용,남,74세,기타불명,승합,남,59세,경상
2019040200100448,2019년 4월 2일 16시,화요일,전라남도 고흥군 도양읍,경상사고,0,0,1,0,차대차 - 측면충돌,교차로운행방법위반,건조,맑음,교차로 - 교차로안,승용,남,69세,상해없음,승용,남,69세,경상
2019040200100449,2019년 4월 2일 16시,화요일,전라남도 해남군 해남읍,경상사고,0,0,2,0,차대차 - 후진중충돌,안전운전불이행,건조,맑음,기타 - 기타,승용,남,37세,기타불명,승용,여,55세,경상
2019040200100487,2019년 4월 2일 17시,화요일,전라남도 순천시 장천동,경상사고,0,0,1,0,차대사람 - 기타,안전운전불이행,건조,맑음,교차로 - 교차로안,화물,남,46세,상해없음,보행자,남,40세,경상
2019040200100488,2019년 4월 2일 17시,화요일,전라남도 무안군 무안읍,경상사고,0,0,3,0,차대차 - 측면충돌,안전운전불이행,건조,맑음,교차로 - 교차로안,승합,여,57세,경상,승용,남,30세,경상
2019040200100532,2019년 4월 2일 18시,화요일,전라남도 장흥군 장흥읍,경상사고,0,0,1,0,차대사람 - 횡단중,안전운전불이행,건조,맑음,단일로 - 기타,화물,남,39세,상해없음,보행자,남,3세,경상
2019040200100576,2019년 4월 2일 19시,화요일,전라남도 목포시 산정동,경상사고,0,0,1,0,차대차 - 측면충돌,안전운전불이행,건조,맑음,교차로 - 교차로안,화물,남,54세,상해없음,승용,남,34세,경상
2019040200100577,2019년 4월 2일 19시,화요일,전라남도 목포시 산정동,경상사고,0,0,2,0,차대차 - 기타,안전운전불이행,건조,맑음,단일로 - 기타,화물,남,67세,상해없음,화물,남,74세,상해없음
2019040200100578,2019년 4월 2일 19시,화요일,전라남도 목포시 연산동,경상사고,0,0,1,0,차대차 - 측면충돌,안전거리미확보,건조,맑음,교차로 - 교차로안,승용,남,68세,경상,화물,남,51세,상해없음
2019040200100610,2019년 4월 2일 20시,화요일,전라남도 영암군 영암읍,경상사고,0,0,2,0,차대차 - 측면충돌,안전운전불이행,건조,맑음,교차로 - 교차로안,승용,여,21세,경상,승용,남,56세,경상
2019040200100611,2019년 4월 2일 20시,화요일,전라남도 영암군 삼호읍,경상사고,0,0,1,0,차대차 - 추돌,안전운전불이행,건조,맑음,교차로 - 교차로부근,승용,남,32세,상해없음,승용,남,34세,경상
2019040300100038,2019년 4월 3일 00시,수요일,전라남도 해남군 해남읍,중상사고,0,1,0,0,차대사람 - 보도통행중,안전운전불이행,건조,맑음,단일로 - 기타,승용,남,18세,기타불명,보행자,여,18세,중상
2019040300100054,2019년 4월 3일 03시,수요일,전라남도 순천시 연향동,경상사고,0,0,2,0,차량단독 - 기타,안전운전불이행,건조,맑음,단일로 - 기타,승용,남,21세,상해없음,,,,
2019040300100081,2019년 4월 3일 06시,수요일,전라남도 여수시 신월동,경상사고,0,0,2,0,차대차 - 측면충돌,안전운전불이행,건조,맑음,단일로 - 기타,승합,남,62세,상해없음,승용,남,64세,경상
2019040300100106,2019년 4월 3일 07시,수요일,전라남도 보성군 겸백면,경상사고,0,0,1,0,차대차 - 정면충돌,교차로운행방법위반,건조,맑음,교차로 - 교차로안,건설기계,남,65세,상해없음,화물,여,68세,경상
2019040300100107,2019년 4월 3일 07시,수요일,전라남도 완도군 군외면,경상사고,0,0,6,0,차대차 - 추돌,안전거리미확보,건조,맑음,기타 - 기타,화물,남,64세,경상,승용,남,63세,경상
2019040300100155,2019년 4월 3일 08시,수요일,전라남도 나주시 빛가람동,경상사고,0,0,3,0,차대차 - 측면충돌,안전운전불이행,건조,맑음,교차로 - 교차로안,승용,남,68세,상해없음,승용,여,43세,경상
2019040300100235,2019년 4월 3일 11시,수요일,전라남도 순천시 황전면,중상사고,0,1,0,0,차대차 - 측면충돌,안전운전불이행,건조,맑음,단일로 - 기타,화물,남,62세,상해없음,이륜,남,55세,중상
2019040300100236,2019년 4월 3일 11시,수요일,전라남도 장흥군 대덕읍,경상사고,0,0,1,0,차대차 - 기타,안전운전불이행,건조,맑음,단일로 - 기타,승용,남,55세,상해없음,농기계,남,66세,경상
2019040300100237,2019년 4월 3일 11시,수요일,전라남도 영암군 미암면,경상사고,0,0,2,0,차대차 - 추돌,과속,건조,맑음,교차로 - 교차로안,승용,남,56세,경상,승용,남,48세,경상
2019040300100263,2019년 4월 3일 12시,수요일,전라남도 여수시 평여동,경상사고,0,0,3,0,차대차 - 측면충돌,차로위반,건조,맑음,교차로 - 교차로부근,건설기계,남,48세,상해없음,승용,남,60세,경상
2019040300100264,2019년 4월 3일 12시,수요일,전라남도 순천시 조곡동,중상사고,0,1,0,0,차대사람 - 기타,안전운전불이행,건조,맑음,단일로 - 기타,승용,여,33세,상해없음,보행자,여,72세,중상
2019040300100265,2019년 4월 3일 12시,수요일,전라남도 고흥군 도덕면,사망사고,1,0,0,0,차량단독 - 전도전복 - 전도,안전운전불이행,건조,맑음,단일로 - 기타,농기계,남,76세,사망,,,,
2019040300100292,2019년 4월 3일 13시,수요일,전라남도 목포시 상동,경상사고,0,0,1,0,차대차 - 측면충돌,신호위반,건조,맑음,교차로 - 교차로안,승용,여,56세,상해없음,승용,남,56세,경상
2019040300100293,2019년 4월 3일 13시,수요일,전라남도 여수시 화장동,경상사고,0,0,1,0,차대차 - 측면충돌,안전운전불이행,건조,맑음,단일로 - 기타,이륜,남,69세,경상,승용,여,55세,상해없음
2019040300100329,2019년 4월 3일 14시,수요일,전라남도 영암군 삼호읍,경상사고,0,0,1,0,차대사람 - 횡단중,안전운전불이행,건조,맑음,교차로 - 교차로부근,승용,여,45세,상해없음,보행자,여,8세,경상
2019040300100330,2019년 4월 3일 14시,수요일,전라남도 곡성군 곡성읍,사망사고,1,0,0,0,차대사람 - 횡단중,보행자보호의무위반,건조,맑음,교차로 - 교차로횡단보도내,화물,남,65세,상해없음,보행자,여,71세,사망
2019040300100401,2019년 4월 3일 16시,수요일,전라남도 순천시 연향동,중상사고,0,1,2,0,차대차 - 기타,신호위반,건조,맑음,교차로 - 교차로안,승용,남,54세,경상,승용,남,57세,중상
2019040300100402,2019년 4월 3일 16시,수요일,전라남도 광양시 금호동,중상사고,0,1,0,0,차대사람 - 횡단중,안전운전불이행,건조,맑음,교차로 - 교차로안,승용,여,59세,상해없음,보행자,여,76세,중상
2019040300100450,2019년 4월 3일 17시,수요일,전라남도 목포시 해안동1가,경상사고,0,0,4,0,차대차 - 측면충돌,교차로운행방법위반,건조,맑음,교차로 - 교차로안,승용,여,32세,경상,승용,여,20세,경상
2019040300100451,2019년 4월 3일 17시,수요일,전라남도 함평군 함평읍,중상사고,0,1,0,0,차대차 - 추돌,안전운전불이행,건조,맑음,교차로 - 교차로안,승용,남,56세,상해없음,사륜오토바이(ATV),여,83세,중상
2019040300100490,2019년 4월 3일 18시,수요일,전라남도 여수시 문수동,경상사고,0,0,1,0,차대차 - 추돌,안전운전불이행,건조,맑음,교차로 - 교차로부근,이륜,남,44세,상해없음,승용,여,39세,경상
2019040300100491,2019년 4월 3일 18시,수요일,전라남도 여수시 둔덕동,경상사고,0,0,1,0,차대차 - 측면충돌,차로위반,건조,맑음,교차로 - 교차로부근,승용,여,44세,상해없음,승용,남,47세,경상
2019040300100492,2019년 4월 3일 18시,수요일,전라남도 순천시 조례동,경상사고,0,0,1,0,차대차 - 기타,안전운전불이행,건조,맑음,교차로 - 교차로안,이륜,남,18세,경상,승용,남,25세,상해없음
2019040300100527,2019년 4월 3일 19시,수요일,전라남도 목포시 옥암동,경상사고,0,0,1,0,차대차 - 측면충돌,신호위반,건조,맑음,교차로 - 교차로안,승용,남,58세,상해없음,승용,남,40세,경상
2019040300100528,2019년 4월 3일 19시,수요일,전라남도 고흥군 고흥읍,중상사고,0,1,0,0,차대차 - 측면충돌,안전운전불이행,건조,맑음,단일로 - 기타,이륜,남,88세,중상,승용,남,30세,상해없음
2019040300100529,2019년 4월 3일 19시,수요일,전라남도 보성군 보성읍,중상사고,0,1,3,0,차대차 - 측면충돌,과속,건조,맑음,교차로 - 교차로안,승합,남,56세,상해없음,화물,여,54세,중상
2019040300100559,2019년 4월 3일 20시,수요일,전라남도 목포시 산정동,경상사고,0,0,2,0,차대차 - 추돌,안전운전불이행,건조,맑음,교차로 - 교차로부근,승용,남,37세,상해없음,승용,남,23세,경상
2019040300100560,2019년 4월 3일 20시,수요일,전라남도 여수시 여서동,경상사고,0,0,2,0,차대차 - 측면충돌,안전운전불이행,건조,맑음,교차로 - 교차로부근,화물,남,53세,상해없음,승용,남,52세,경상
2019040300100561,2019년 4월 3일 20시,수요일,전라남도 여수시 안산동,경상사고,0,0,2,0,차대차 - 추돌,안전운전불이행,건조,맑음,단일로 - 기타,승용,남,53세,상해없음,승용,여,43세,경상
2019040300100582,2019년 4월 3일 21시,수요일,전라남도 여수시 학동,경상사고,0,0,2,0,차대차 - 측면충돌,안전운전불이행,건조,맑음,단일로 - 기타,승용,남,27세,상해없음,화물,남,72세,경상
2019040300100616,2019년 4월 3일 22시,수요일,전라남도 고흥군 도양읍,중상사고,0,1,0,0,차대차 - 측면충돌,교차로운행방법위반,건조,맑음,교차로 - 교차로안,승용,남,46세,상해없음,승용,여,32세,중상
2019040300100617,2019년 4월 3일 22시,수요일,전라남도 영암군 삼호읍,중상사고,0,1,1,0,차대차 - 측면충돌,안전운전불이행,건조,맑음,교차로 - 교차로안,화물,남,54세,상해없음,승용,여,60세,중상
2019040300100618,2019년 4월 3일 22시,수요일,전라남도 영암군 삼호읍,중상사고,0,1,2,0,차대차 - 측면충돌,안전운전불이행,건조,맑음,교차로 - 교차로안,승용,여,53세,경상,승용,여,60세,경상
2019040300100636,2019년 4월 3일 23시,수요일,전라남도 목포시 용당동,중상사고,0,1,3,0,차대차 - 기타,직진우회전진행방해,건조,맑음,교차로 - 교차로안,승용,남,25세,경상,승용,남,46세,중상
2019040400100056,2019년 4월 4일 03시,목요일,전라남도 해남군 해남읍,중상사고,0,1,0,0,차량단독 - 공작물충돌,안전운전불이행,건조,맑음,교차로 - 교차로부근,승용,남,48세,중상,,,,
2019040400100067,2019년 4월 4일 05시,목요일,전라남도 여수시 소라면,중상사고,0,1,3,0,차대차 - 측면충돌,신호위반,건조,맑음,교차로 - 교차로안,화물,남,61세,상해없음,승용,남,45세,중상
2019040400100068,2019년 4월 4일 05시,목요일,전라남도 고흥군 도양읍,중상사고,0,2,0,0,차대차 - 측면충돌,안전운전불이행,건조,맑음,교차로 - 교차로안,승합,남,30세,상해없음,승용,여,68세,중상
2019040400100077,2019년 4월 4일 06시,목요일,전라남도 나주시 남평읍,중상사고,0,1,0,0,차대차 - 측면충돌,신호위반,건조,맑음,교차로 - 교차로안,승용,남,53세,상해없음,승용,여,49세,중상
2019040400100078,2019년 4월 4일 06시,목요일,전라남도 함평군 월야면,경상사고,0,0,1,0,차량단독 - 공작물충돌,안전운전불이행,건조,맑음,교차로 - 교차로부근,승용,여,62세,경상,,,,
2019040400100104,2019년 4월 4일 07시,목요일,전라남도 순천시 해룡면,경상사고,0,0,3,0,차대차 - 측면충돌,교차로운행방법위반,건조,맑음,교차로 - 교차로안,승용,남,39세,경상,화물,남,47세,경상
2019040400100105,2019년 4월 4일 07시,목요일,전라남도 완도군 고금면,중상사고,0,1,0,0,차량단독 - 도로외이탈 - 추락,안전운전불이행,건조,맑음,교차로 - 교차로부근,사륜오토바이(ATV),남,85세,중상,,,,
2019040400100106,2019년 4월 4일 07시,목요일,전라남도 무안군 삼향읍,경상사고,0,0,3,0,차대차 - 추돌,안전운전불이행,건조,맑음,교차로 - 교차로부근,승합,기타불명,미분류,기타불명,승용,남,27세,경상
2019040400100150,2019년 4월 4일 08시,목요일,전라남도 목포시 옥암동,경상사고,0,0,2,0,차대차 - 기타,안전거리미확보,건조,맑음,단일로 - 기타,승용,여,53세,상해없음,승용,남,53세,경상
2019040400100151,2019년 4월 4일 08시,목요일,전라남도 순천시 오천동,경상사고,0,0,1,0,차대차 - 기타,신호위반,건조,맑음,교차로 - 교차로안,화물,남,62세,상해없음,승용,여,36세,경상
2019040400100152,2019년 4월 4일 08시,목요일,전라남도 순천시 남정동,경상사고,0,0,2,0,차대사람 - 횡단중,안전운전불이행,건조,맑음,교차로 - 교차로안,승용,남,44세,상해없음,보행자,남,5세,경상
2019040400100153,2019년 4월 4일 08시,목요일,전라남도 나주시 남평읍,경상사고,0,0,1,0,차대차 - 측면충돌,안전운전불이행,건조,맑음,단일로 - 기타,화물,남,56세,상해없음,승용,여,45세,경상
2019040400100154,2019년 4월 4일 08시,목요일,전라남도 고흥군 과역면,중상사고,0,3,0,0,차대차 - 정면충돌,안전운전불이행,건조,맑음,교차로 - 교차로안,화물,남,63세,상해없음,승용,여,44세,중상
2019040400100155,2019년 4월 4일 08시,목요일,전라남도 담양군 대전면,경상사고,0,0,1,0,차대차 - 측면충돌,직진우회전진행방해,건조,맑음,교차로 - 교차로안,승용,여,75세,경상,승합,남,65세,상해없음
2019040400100156,2019년 4월 4일 08시,목요일,전라남도 곡성군 삼기면,경상사고,0,0,2,0,차대차 - 기타,안전운전불이행,건조,맑음,교차로 - 교차로부근,승용,여,42세,상해없음,승용,남,48세,상해없음
2019040400100157,2019년 4월 4일 08시,목요일,전라남도 무안군 무안읍,경상사고,0,0,1,0,차대차 - 측면충돌,신호위반,건조,맑음,교차로 - 교차로안,이륜,남,42세,상해없음,승용,여,41세,경상
2019040400100197,2019년 4월 4일 09시,목요일,전라남도 고흥군 고흥읍,중상사고,0,1,0,0,차대사람 - 기타,안전운전불이행,건조,맑음,단일로 - 기타,승용,남,79세,상해없음,보행자,남,67세,중상
2019040400100231,2019년 4월 4일 10시,목요일,전라남도 여수시 화양면,중상사고,0,1,0,0,차대사람 - 길가장자리구역통행중,안전운전불이행,건조,맑음,단일로 - 기타,승용,여,59세,상해없음,보행자,여,80세,중상
2019040400100232,2019년 4월 4일 10시,목요일,전라남도 광양시 황금동,중상사고,0,1,0,0,차대차 - 측면충돌,교차로운행방법위반,건조,맑음,단일로 - 기타,건설기계,남,48세,상해없음,승용,여,48세,중상
2019040400100258,2019년 4월 4일 11시,목요일,전라남도 순천시 조곡동,경상사고,0,0,1,0,차대차 - 기타,신호위반,건조,맑음,교차로 - 교차로안,승용,남,49세,상해없음,승합,여,25세,경상
2019040400100259,2019년 4월 4일 11시,목요일,전라남도 해남군 화산면,경상사고,0,0,1,0,차대차 - 후진중충돌,안전운전불이행,건조,맑음,단일로 - 기타,화물,남,58세,상해없음,화물,남,67세,경상
2019040400100293,2019년 4월 4일 12시,목요일,전라남도 고흥군 도양읍,경상사고,0,0,3,0,차대차 - 측면충돌,교차로운행방법위반,건조,맑음,교차로 - 교차로안,승용,남,70세,상해없음,승용,남,69세,경상
2019040400100318,2019년 4월 4일 13시,목요일,전라남도 목포시 상동,경상사고,0,0,1,0,차대사람 - 기타,안전운전불이행,건조,맑음,주차장 - 주차장,승용,남,78세,상해없음,보행자,남,32세,경상
2019040400100319,2019년 4월 4일 13시,목요일,전라남도 고흥군 고흥읍,중상사고,0,1,2,0,차대차 - 정면충돌,중앙선침범,건조,맑음,단일로 - 기타,화물,남,79세,경상,화물,남,63세,경상
2019040400100320,2019년 4월 4일 13시,목요일,전라남도 진도군 진도읍,경상사고,0,0,1,0,차대차 - 기타,차로위반,건조,맑음,단일로 - 기타,자전거,여,69세,경상,승용,여,65세,상해없음
2019040400100348,2019년 4월 4일 14시,목요일,전라남도 보성군 벌교읍,중상사고,0,2,0,0,차량단독 - 전도전복 - 전도,안전운전불이행,건조,맑음,교차로 - 교차로안,이륜,남,74세,중상,,,,
2019040400100463,2019년 4월 4일 17시,목요일,전라남도 함평군 대동면,부상신고사고,0,0,0,1,차량단독 - 도로외이탈 - 추락,안전운전불이행,건조,맑음,단일로 - 기타,승용,남,55세,부상신고,,,,
2019040400100511,2019년 4월 4일 18시,목요일,전라남도 목포시 상동,경상사고,0,0,1,0,차대사람 - 기타,안전운전불이행,건조,맑음,단일로 - 기타,승합,남,57세,상해없음,보행자,여,22세,경상
2019040400100512,2019년 4월 4일 18시,목요일,전라남도 여수시 돌산읍,경상사고,0,0,1,0,차대차 - 기타,안전운전불이행,건조,맑음,단일로 - 기타,승용,남,42세,상해없음,승용,남,44세,상해없음
2019040400100513,2019년 4월 4일 18시,목요일,전라남도 순천시 조례동,경상사고,0,0,1,0,차대차 - 후진중충돌,안전운전불이행,건조,맑음,교차로 - 교차로부근,승용,여,21세,상해없음,승용,남,26세,경상
2019040400100514,2019년 4월 4일 18시,목요일,전라남도 보성군 조성면,경상사고,0,0,2,0,차대차 - 측면충돌,안전운전불이행,건조,맑음,단일로 - 기타,화물,남,72세,경상,승용,여,56세,경상
2019040400100515,2019년 4월 4일 18시,목요일,전라남도 영광군 묘량면,사망사고,1,0,1,0,차량단독 - 도로외이탈 - 추락,안전운전불이행,건조,맑음,단일로 - 기타,화물,남,77세,사망,,,,
2019040400100516,2019년 4월 4일 18시,목요일,전라남도 함평군 신광면,중상사고,0,1,0,0,차대사람 - 기타,안전운전불이행,건조,맑음,단일로 - 기타,화물,남,62세,상해없음,보행자,여,90세 이상,중상
2019040400100546,2019년 4월 4일 19시,목요일,전라남도 순천시 용당동,경상사고,0,0,3,0,차대차 - 추돌,안전운전불이행,건조,맑음,단일로 - 기타,승용,여,58세,상해없음,승용,남,32세,경상
2019040400100588,2019년 4월 4일 20시,목요일,전라남도 여수시 안산동,경상사고,0,0,4,0,차대차 - 추돌,안전운전불이행,건조,맑음,단일로 - 기타,승용,남,21세,상해없음,승용,남,36세,경상
2019040400100589,2019년 4월 4일 20시,목요일,전라남도 화순군 화순읍,경상사고,0,0,1,0,차대차 - 추돌,안전운전불이행,건조,맑음,교차로 - 교차로부근,승용,남,55세,상해없음,승용,여,53세,경상
2019040400100590,2019년 4월 4일 20시,목요일,전라남도 진도군 진도읍,경상사고,0,0,1,0,차대차 - 기타,교차로운행방법위반,건조,맑음,교차로 - 교차로안,화물,남,20세,상해없음,승용,여,62세,경상
2019040400100670,2019년 4월 4일 23시,목요일,전라남도 광양시 광양읍,사망사고,1,0,0,0,차대차 - 추돌,안전거리미확보,건조,맑음,교차로 - 교차로부근,화물,남,48세,사망,화물,남,48세,상해없음
2019040500100046,2019년 4월 5일 00시,금요일,전라남도 목포시 산정동,중상사고,0,1,0,0,차대차 - 기타,안전운전불이행,건조,맑음,교차로 - 교차로부근,자전거,남,22세,중상,승용,남,35세,상해없음
2019040500100078,2019년 4월 5일 05시,금요일,전라남도 영광군 군남면,경상사고,0,0,1,6,차대차 - 측면충돌,직진우회전진행방해,건조,맑음,교차로 - 교차로안,화물,여,62세,경상,승용,남,35세,부상신고
2019040500100105,2019년 4월 5일 07시,금요일,전라남도 나주시 왕곡면,중상사고,0,1,1,0,차대차 - 측면충돌,직진우회전진행방해,건조,맑음,교차로 - 교차로안,화물,남,32세,상해없음,화물,남,63세,경상
2019040500100137,2019년 4월 5일 08시,금요일,전라남도 순천시 연향동,경상사고,0,0,1,0,차대사람 - 횡단중,신호위반,건조,맑음,교차로 - 교차로안,승용,남,58세,상해없음,보행자,남,30세,경상
2019040500100174,2019년 4월 5일 09시,금요일,전라남도 장흥군 유치면,중상사고,0,1,2,0,차대차 - 정면충돌,중앙선침범,건조,맑음,단일로 - 터널,승용,남,62세,경상,화물,남,60세,중상
2019040500100197,2019년 4월 5일 10시,금요일,전라남도 순천시 오천동,경상사고,0,0,2,0,차대차 - 측면충돌,안전운전불이행,건조,맑음,교차로 - 교차로안,승용,남,72세,상해없음,화물,남,51세,경상
2019040500100198,2019년 4월 5일 10시,금요일,전라남도 장흥군 장흥읍,중상사고,0,1,0,0,차대사람 - 횡단중,보행자보호의무위반,건조,맑음,교차로 - 교차로횡단보도내,승용,여,25세,상해없음,보행자,여,56세,중상
2019040500100199,2019년 4월 5일 10시,금요일,전라남도 해남군 현산면,중상사고,0,1,0,0,차량단독 - 기타,안전운전불이행,건조,맑음,단일로 - 기타,승용,여,35세,중상,,,,
2019040500100200,2019년 4월 5일 10시,금요일,전라남도 영암군 군서면,경상사고,0,0,1,0,차대사람 - 기타,안전운전불이행,건조,맑음,단일로 - 기타,승합,남,68세,상해없음,보행자,남,38세,경상
2019040500100222,2019년 4월 5일 11시,금요일,전라남도 여수시 봉산동,경상사고,0,0,2,0,차대차 - 측면충돌,안전운전불이행,건조,맑음,단일로 - 기타,승용,남,61세,경상,화물,남,43세,경상
2019040500100223,2019년 4월 5일 11시,금요일,전라남도 순천시 연향동,중상사고,0,1,2,0,차대차 - 추돌,안전운전불이행,건조,맑음,단일로 - 기타,화물,남,54세,상해없음,화물,남,64세,중상
2019040500100224,2019년 4월 5일 11시,금요일,전라남도 구례군 구례읍,경상사고,0,0,4,0,차대차 - 측면충돌,교차로운행방법위반,건조,맑음,교차로 - 교차로안,승용,여,42세,상해없음,승용,여,41세,경상
2019040500100248,2019년 4월 5일 12시,금요일,전라남도 화순군 화순읍,경상사고,0,0,2,0,차대차 - 측면충돌,교차로운행방법위반,건조,맑음,교차로 - 교차로안,화물,남,43세,경상,승용,남,34세,경상
2019040500100286,2019년 4월 5일 13시,금요일,전라남도 목포시 상동,경상사고,0,0,1,0,차대차 - 기타,안전운전불이행,건조,맑음,교차로 - 교차로부근,승용,남,70세,상해없음,승용,남,48세,경상
2019040500100312,2019년 4월 5일 14시,금요일,전라남도 순천시 연향동,경상사고,0,0,3,0,차대차 - 측면충돌,교차로운행방법위반,건조,맑음,교차로 - 교차로안,승용,여,34세,경상,승용,여,38세,경상
2019040500100313,2019년 4월 5일 14시,금요일,전라남도 나주시 토계동,경상사고,0,0,2,0,차대차 - 측면충돌,안전운전불이행,건조,맑음,교차로 - 교차로안,승용,여,33세,경상,승용,남,73세,경상
2019040500100314,2019년 4월 5일 14시,금요일,전라남도 광양시 중동,경상사고,0,0,1,0,차대차 - 기타,교차로운행방법위반,건조,맑음,교차로 - 교차로부근,화물,남,45세,상해없음,승용,남,60세,경상
2019040500100357,2019년 4월 5일 15시,금요일,전라남도 보성군 노동면,중상사고,0,3,1,0,차대차 - 측면충돌,차로위반,건조,맑음,단일로 - 기타,승합,남,64세,중상,승용,여,43세,중상
2019040500100402,2019년 4월 5일 16시,금요일,전라남도 순천시 석현동,중상사고,0,1,0,0,차대차 - 측면충돌,교차로운행방법위반,건조,맑음,교차로 - 교차로안,승용,남,59세,상해없음,승용,여,38세,중상
2019040500100403,2019년 4월 5일 16시,금요일,전라남도 광양시 황길동,중상사고,0,1,2,0,차대차 - 측면충돌,교차로운행방법위반,건조,맑음,교차로 - 교차로안,승용,남,80세,경상,승용,남,44세,경상
2019040500100503,2019년 4월 5일 18시,금요일,전라남도 여수시 웅천동,경상사고,0,0,1,0,차대차 - 측면충돌,안전운전불이행,건조,맑음,단일로 - 기타,승용,남,45세,상해없음,화물,남,52세,경상
2019040500100504,2019년 4월 5일 18시,금요일,전라남도 여수시 웅천동,경상사고,0,0,2,0,차대차 - 측면충돌,신호위반,건조,맑음,교차로 - 교차로안,승용,여,46세,상해없음,승용,여,35세,경상
2019040500100505,2019년 4월 5일 18시,금요일,전라남도 영암군 삼호읍,경상사고,0,0,1,0,차대차 - 추돌,안전운전불이행,건조,맑음,단일로 - 기타,승용,남,39세,상해없음,승용,남,35세,경상
2019040500100506,2019년 4월 5일 18시,금요일,전라남도 강진군 군동면,경상사고,0,0,1,0,차량단독 - 기타,안전운전불이행,건조,맑음,단일로 - 기타,화물,남,63세,경상,,,,
2019040500100561,2019년 4월 5일 19시,금요일,전라남도 여수시 미평동,경상사고,0,0,3,0,차대차 - 측면충돌,중앙선침범,건조,맑음,교차로 - 교차로부근,승용,남,38세,경상,승용,남,69세,경상