사고번호,사고일시,요일,시군구,사고내용,사망자수,중상자수,경상자수,부상신고자수,사고유형,법규위반,노면상태,기상상태,도로형태,가해운전자 차종,가해운전자 성별,가해운전자 연령,가해운전자 상해정도,피해운전자 차종,피해운전자 성별,피해운전자 연령,피해운전자 상해정도
2019040500100562,2019년 4월 5일 19시,금요일,전라남도 순천시 연향동,경상사고,0,0,2,0,차대차 - 기타,차로위반,건조,맑음,단일로 - 기타,승용,남,78세,상해없음,승용,남,35세,경상
2019040500100644,2019년 4월 5일 21시,금요일,전라남도 목포시 상동,경상사고,0,0,1,0,차대차 - 추돌,안전운전불이행,건조,맑음,교차로 - 교차로부근,승용,여,48세,상해없음,승용,남,31세,경상
2019040500100687,2019년 4월 5일 22시,금요일,전라남도 여수시 공화동,경상사고,0,0,1,0,차대차 - 측면충돌,직진우회전진행방해,건조,맑음,교차로 - 교차로안,승합,남,50세,상해없음,승용,남,25세,경상
2019040500100688,2019년 4월 5일 22시,금요일,전라남도 무안군 삼향읍,경상사고,0,0,1,0,차대차 - 측면충돌,신호위반,건조,맑음,교차로 - 교차로안,승용,남,55세,상해없음,승용,여,50세,경상
2019040600100084,2019년 4월 6일 03시,토요일,전라남도 나주시 송월동,경상사고,0,0,1,0,차량단독 - 공작물충돌,안전운전불이행,건조,맑음,단일로 - 기타,승용,남,28세,경상,,,,
2019040600100120,2019년 4월 6일 07시,토요일,전라남도 순천시 남정동,중상사고,0,1,1,0,차대차 - 기타,교차로운행방법위반,건조,맑음,교차로 - 교차로안,승용,남,44세,상해없음,화물,남,61세,중상
2019040600100121,2019년 4월 6일 07시,토요일,전라남도 해남군 해남읍,사망사고,1,1,0,0,차대차 - 추돌,안전운전불이행,건조,맑음,단일로 - 기타,승용,남,32세,상해없음,농기계,남,84세,사망
2019040600100122,2019년 4월 6일 07시,토요일,전라남도 화순군 도곡면,경상사고,0,0,1,0,차대차 - 측면충돌,기타,건조,맑음,단일로 - 기타,특수,남,43세,상해없음,화물,여,56세,경상
2019040600100123,2019년 4월 6일 07시,토요일,전라남도 영암군 금정면,중상사고,0,1,0,0,차대사람 - 기타,안전운전불이행,건조,맑음,교차로 - 교차로안,화물,남,63세,상해없음,보행자,남,84세,중상
2019040600100145,2019년 4월 6일 08시,토요일,전라남도 순천시 해룡면,경상사고,0,0,2,0,차대차 - 측면충돌,중앙선침범,건조,맑음,교차로 - 교차로부근,승용,남,54세,경상,승용,남,38세,경상
2019040600100169,2019년 4월 6일 09시,토요일,전라남도 순천시 조례동,경상사고,0,0,2,0,차대차 - 추돌,안전거리미확보,건조,맑음,교차로 - 교차로부근,승용,남,69세,상해없음,승용,남,28세,상해없음
2019040600100170,2019년 4월 6일 09시,토요일,전라남도 광양시 마동,경상사고,0,0,1,0,차대차 - 기타,안전거리미확보,건조,맑음,단일로 - 기타,승용,여,59세,상해없음,승용,여,46세,상해없음
2019040600100201,2019년 4월 6일 10시,토요일,전라남도 순천시 덕월동,경상사고,0,0,5,0,차대차 - 추돌,안전운전불이행,건조,맑음,단일로 - 기타,화물,남,69세,상해없음,화물,남,49세,경상
2019040600100202,2019년 4월 6일 10시,토요일,전라남도 나주시 봉황면,중상사고,0,1,3,0,차대차 - 측면충돌,직진우회전진행방해,건조,맑음,교차로 - 교차로안,화물,남,57세,상해없음,승용,남,27세,경상
2019040600100203,2019년 4월 6일 10시,토요일,전라남도 장흥군 장흥읍,중상사고,0,1,1,0,차대차 - 측면충돌,교차로운행방법위반,건조,맑음,교차로 - 교차로안,화물,남,64세,상해없음,승용,남,57세,경상
2019040600100204,2019년 4월 6일 10시,토요일,전라남도 광양시 광영동,경상사고,0,0,1,0,차대차 - 측면충돌,교차로운행방법위반,건조,맑음,교차로 - 교차로안,승용,남,47세,상해없음,승용,여,53세,경상
2019040600100237,2019년 4월 6일 11시,토요일,전라남도 목포시 옥암동,경상사고,0,0,1,0,차대차 - 측면충돌,안전운전불이행,건조,맑음,교차로 - 교차로안,승용,여,26세,상해없음,승용,남,31세,경상
2019040600100238,2019년 4월 6일 11시,토요일,전라남도 여수시 소라면,중상사고,0,1,5,0,차대차 - 정면충돌,안전운전불이행,건조,맑음,단일로 - 기타,승용,남,30세,경상,화물,남,46세,경상
2019040600100315,2019년 4월 6일 13시,토요일,전라남도 신안군 자은면,경상사고,0,0,6,0,차대차 - 기타,교차로운행방법위반,건조,맑음,교차로 - 교차로안,승용,여,56세,경상,화물,남,64세,경상
2019040600100316,2019년 4월 6일 13시,토요일,전라남도 목포시 옥암동,경상사고,0,0,6,0,차대차 - 측면충돌,안전운전불이행,건조,맑음,단일로 - 기타,승용,남,30세,상해없음,승용,남,47세,경상
2019040600100317,2019년 4월 6일 13시,토요일,전라남도 영광군 군서면,경상사고,0,0,1,0,차대사람 - 차도통행중,안전운전불이행,건조,맑음,단일로 - 기타,승용,남,77세,상해없음,보행자,여,77세,경상
2019040600100318,2019년 4월 6일 13시,토요일,전라남도 영암군 삼호읍,경상사고,0,0,1,0,차대차 - 측면충돌,안전운전불이행,건조,맑음,단일로 - 기타,화물,남,37세,상해없음,승용,남,72세,경상
2019040600100354,2019년 4월 6일 14시,토요일,전라남도 여수시 돌산읍,경상사고,0,0,1,0,차대차 - 측면충돌,안전운전불이행,건조,맑음,단일로 - 기타,승용,여,36세,상해없음,승용,남,75세,경상
2019040600100355,2019년 4월 6일 14시,토요일,전라남도 보성군 회천면,중상사고,0,1,1,1,차대차 - 측면충돌,신호위반,건조,맑음,교차로 - 교차로안,승용,남,54세,부상신고,화물,남,62세,중상
2019040600100356,2019년 4월 6일 14시,토요일,전라남도 영암군 영암읍,경상사고,0,0,1,0,차대차 - 측면충돌,안전운전불이행,건조,맑음,교차로 - 교차로안,승용,남,77세,상해없음,사륜오토바이(ATV),여,77세,경상
2019040600100389,2019년 4월 6일 15시,토요일,전라남도 목포시 동명동,경상사고,0,0,1,0,차대차 - 추돌,안전운전불이행,건조,맑음,기타 - 기타,화물,남,52세,상해없음,승용,남,58세,경상
2019040600100390,2019년 4월 6일 15시,토요일,전라남도 광양시 금호동,경상사고,0,0,2,0,차대차 - 측면충돌,안전거리미확보,건조,맑음,단일로 - 기타,승용,여,48세,상해없음,승용,여,31세,경상
2019040600100426,2019년 4월 6일 16시,토요일,전라남도 여수시 공화동,중상사고,0,1,3,0,차대차 - 추돌,안전운전불이행,건조,맑음,단일로 - 기타,화물,남,49세,상해없음,승용,남,23세,상해없음
2019040600100427,2019년 4월 6일 16시,토요일,전라남도 고흥군 금산면,중상사고,0,1,4,0,차대차 - 측면충돌,교차로운행방법위반,건조,맑음,교차로 - 교차로안,승용,여,46세,상해없음,승용,남,65세,경상
2019040600100428,2019년 4월 6일 16시,토요일,전라남도 진도군 진도읍,경상사고,0,0,1,0,차대차 - 측면충돌,교차로운행방법위반,건조,맑음,교차로 - 교차로안,승용,남,28세,상해없음,이륜,남,40세,경상
2019040600100464,2019년 4월 6일 17시,토요일,전라남도 신안군 하의면,경상사고,0,0,1,0,차대차 - 기타,안전운전불이행,건조,흐림,교차로 - 교차로안,기타불명,남,89세,상해없음,이륜,남,59세,경상
2019040600100465,2019년 4월 6일 17시,토요일,전라남도 광양시 광양읍,경상사고,0,0,1,0,차대차 - 측면충돌,교차로운행방법위반,건조,맑음,교차로 - 교차로안,승용,남,62세,상해없음,승용,여,49세,경상
2019040600100466,2019년 4월 6일 17시,토요일,전라남도 광양시 진월면,경상사고,0,0,1,0,차대차 - 측면충돌,안전운전불이행,건조,맑음,교차로 - 교차로안,건설기계,남,58세,상해없음,승합,남,63세,경상
2019040600100497,2019년 4월 6일 18시,토요일,전라남도 여수시 충무동,경상사고,0,0,1,0,차대사람 - 횡단중,안전운전불이행,건조,맑음,교차로 - 교차로안,승용,여,39세,상해없음,보행자,여,59세,경상
2019040600100498,2019년 4월 6일 18시,토요일,전라남도 나주시 송월동,경상사고,0,0,2,0,차대차 - 추돌,안전운전불이행,건조,맑음,단일로 - 기타,승용,남,52세,상해없음,화물,남,64세,경상
2019040600100537,2019년 4월 6일 19시,토요일,전라남도 목포시 용당동,중상사고,0,2,2,0,차대차 - 기타,신호위반,건조,맑음,교차로 - 교차로안,이륜,남,32세,중상,이륜,남,30세,중상
2019040600100538,2019년 4월 6일 19시,토요일,전라남도 고흥군 도덕면,경상사고,0,0,1,0,차량단독 - 도로외이탈 - 기타,안전운전불이행,건조,맑음,단일로 - 기타,화물,남,66세,상해없음,,,,
2019040600100539,2019년 4월 6일 19시,토요일,전라남도 장성군 황룡면,사망사고,1,0,1,0,차대차 - 측면충돌,안전운전불이행,건조,맑음,단일로 - 기타,승합,남,43세,경상,기타불명,여,67세,사망
2019040600100594,2019년 4월 6일 21시,토요일,전라남도 해남군 산이면,중상사고,0,1,3,0,차대차 - 정면충돌,중앙선침범,건조,맑음,단일로 - 기타,승용,남,59세,중상,승용,여,50세,경상
2019040600100595,2019년 4월 6일 21시,토요일,전라남도 장성군 장성읍,경상사고,0,0,2,0,차대차 - 측면충돌,안전운전불이행,건조,맑음,단일로 - 기타,승용,남,81세,상해없음,승용,여,46세,경상
2019040600100596,2019년 4월 6일 21시,토요일,전라남도 곡성군 곡성읍,중상사고,0,1,0,0,차대차 - 추돌,안전운전불이행,건조,맑음,기타 - 기타,승용,여,35세,상해없음,농기계,남,63세,중상
2019040600100626,2019년 4월 6일 22시,토요일,전라남도 목포시 옥암동,경상사고,0,0,1,0,차대차 - 기타,안전운전불이행,건조,맑음,교차로 - 교차로부근,이륜,남,25세,경상,승용,여,29세,상해없음
2019040600100641,2019년 4월 6일 23시,토요일,전라남도 광양시 광양읍,경상사고,0,0,3,0,차대차 - 측면충돌,신호위반,건조,맑음,교차로 - 교차로안,승용,남,54세,상해없음,승용,남,51세,경상
2019040700100049,2019년 4월 7일 01시,일요일,전라남도 여수시 학동,부상신고사고,0,0,0,1,차대차 - 기타,안전운전불이행,건조,맑음,단일로 - 기타,승용,남,31세,상해없음,승용,남,64세,부상신고
2019040700100111,2019년 4월 7일 07시,일요일,전라남도 목포시 용해동,경상사고,0,0,2,0,차대차 - 측면충돌,중앙선침범,건조,맑음,교차로 - 교차로안,승용,남,71세,상해없음,승용,남,44세,경상
2019040700100206,2019년 4월 7일 12시,일요일,전라남도 무안군 무안읍,경상사고,0,0,2,0,차대차 - 측면충돌,교차로운행방법위반,젖음/습기,비,교차로 - 교차로안,화물,남,54세,상해없음,승용,남,49세,경상
2019040700100240,2019년 4월 7일 13시,일요일,전라남도 여수시 국동,경상사고,0,0,3,0,차대차 - 추돌,안전운전불이행,건조,맑음,교차로 - 교차로부근,승용,남,54세,상해없음,승용,여,58세,경상
2019040700100241,2019년 4월 7일 13시,일요일,전라남도 순천시 연향동,경상사고,0,0,2,0,차대차 - 측면충돌,안전운전불이행,젖음/습기,비,기타 - 기타,승용,남,54세,기타불명,승용,남,35세,경상
2019040700100242,2019년 4월 7일 13시,일요일,전라남도 구례군 구례읍,경상사고,0,0,1,0,차대차 - 측면충돌,안전운전불이행,건조,맑음,단일로 - 기타,승용,남,42세,상해없음,이륜,남,77세,경상
2019040700100273,2019년 4월 7일 14시,일요일,전라남도 목포시 대양동,중상사고,0,5,0,0,차대차 - 정면충돌,중앙선침범,젖음/습기,비,교차로 - 교차로부근,승용,남,23세,중상,승용,남,58세,중상
2019040700100308,2019년 4월 7일 15시,일요일,전라남도 목포시 옥암동,경상사고,0,0,4,0,차대차 - 기타,안전거리미확보,젖음/습기,비,단일로 - 기타,승용,여,65세,경상,승용,여,41세,경상
2019040700100309,2019년 4월 7일 15시,일요일,전라남도 광양시 중동,경상사고,0,0,1,0,차대차 - 측면충돌,안전운전불이행,젖음/습기,비,단일로 - 기타,승용,남,60세,상해없음,이륜,남,18세,경상
2019040700100347,2019년 4월 7일 16시,일요일,전라남도 목포시 옥암동,경상사고,0,0,4,0,차대차 - 정면충돌,안전운전불이행,젖음/습기,비,단일로 - 기타,화물,남,37세,상해없음,승용,남,24세,경상
2019040700100348,2019년 4월 7일 16시,일요일,전라남도 목포시 산정동,경상사고,0,0,1,0,차대사람 - 기타,보행자보호의무위반,젖음/습기,비,교차로 - 교차로안,승용,남,49세,상해없음,보행자,여,63세,경상
2019040700100349,2019년 4월 7일 16시,일요일,전라남도 담양군 담양읍,경상사고,0,0,2,0,차대차 - 정면충돌,안전운전불이행,젖음/습기,비,단일로 - 기타,승용,남,56세,경상,승용,여,50세,경상
2019040700100398,2019년 4월 7일 18시,일요일,전라남도 여수시 오림동,경상사고,0,0,1,0,차대차 - 측면충돌,안전운전불이행,젖음/습기,비,교차로 - 교차로안,승용,남,70세,상해없음,승용,남,54세,상해없음
2019040700100399,2019년 4월 7일 18시,일요일,전라남도 나주시 동강면,경상사고,0,0,1,0,차량단독 - 공작물충돌,안전운전불이행,젖음/습기,비,단일로 - 기타,승용,남,46세,경상,,,,
2019040700100400,2019년 4월 7일 18시,일요일,전라남도 광양시 광양읍,경상사고,0,0,3,0,차대차 - 측면충돌,교차로운행방법위반,젖음/습기,비,교차로 - 교차로안,승용,남,46세,경상,화물,남,60세,경상
2019040700100430,2019년 4월 7일 19시,일요일,전라남도 고흥군 과역면,중상사고,0,1,0,0,차량단독 - 도로외이탈 - 추락,안전운전불이행,건조,맑음,단일로 - 기타,승용,여,68세,상해없음,,,,
2019040700100431,2019년 4월 7일 19시,일요일,전라남도 영암군 영암읍,중상사고,0,1,5,0,차대차 - 추돌,안전운전불이행,젖음/습기,비,교차로 - 교차로부근,승용,남,54세,상해없음,승용,남,59세,경상
2019040700100507,2019년 4월 7일 22시,일요일,전라남도 여수시 중흥동,경상사고,0,0,1,0,차대차 - 측면충돌,중앙선침범,건조,맑음,단일로 - 기타,승용,남,57세,상해없음,승용,남,26세,경상
2019040700100508,2019년 4월 7일 22시,일요일,전라남도 해남군 해남읍,경상사고,0,0,1,0,차대차 - 측면충돌,안전운전불이행,젖음/습기,비,교차로 - 교차로안,승용,남,56세,기타불명,이륜,남,20세,경상
2019040700100509,2019년 4월 7일 22시,일요일,전라남도 영암군 영암읍,경상사고,0,0,1,0,차량단독 - 공작물충돌,안전운전불이행,건조,맑음,교차로 - 교차로부근,화물,남,61세,경상,,,,
2019040700100524,2019년 4월 7일 23시,일요일,전라남도 여수시 돌산읍,경상사고,0,0,1,0,차대차 - 기타,신호위반,젖음/습기,흐림,교차로 - 교차로안,승합,남,54세,상해없음,이륜,남,60세,경상
2019040800100046,2019년 4월 8일 03시,월요일,전라남도 영암군 삼호읍,경상사고,0,0,1,0,차대차 - 추돌,안전운전불이행,건조,맑음,단일로 - 기타,승용,남,19세,경상,특수,남,59세,상해없음
2019040800100047,2019년 4월 8일 03시,월요일,전라남도 영암군 시종면,중상사고,0,1,0,0,차대차 - 측면충돌,중앙선침범,건조,맑음,단일로 - 기타,승용,여,58세,상해없음,이륜,여,68세,중상
2019040800100075,2019년 4월 8일 06시,월요일,전라남도 여수시 학동,경상사고,0,0,1,0,차대차 - 기타,안전운전불이행,건조,맑음,단일로 - 기타,승용,여,43세,상해없음,승합,남,41세,상해없음
2019040800100106,2019년 4월 8일 07시,월요일,전라남도 순천시 매곡동,중상사고,0,1,0,0,차대차 - 기타,안전운전불이행,건조,맑음,교차로 - 교차로안,승용,여,44세,상해없음,자전거,남,77세,중상
2019040800100107,2019년 4월 8일 07시,월요일,전라남도 순천시 오천동,중상사고,0,1,0,0,차대차 - 기타,안전운전불이행,건조,맑음,교차로 - 교차로안,화물,남,61세,상해없음,승용,남,67세,중상
2019040800100108,2019년 4월 8일 07시,월요일,전라남도 무안군 삼향읍,경상사고,0,0,2,0,차대차 - 측면충돌,안전운전불이행,건조,맑음,교차로 - 교차로안,승용,남,71세,경상,승용,남,38세,경상
2019040800100147,2019년 4월 8일 08시,월요일,전라남도 여수시 신월동,중상사고,0,1,1,0,차대사람 - 횡단중,과속,건조,맑음,단일로 - 기타,승용,여,39세,경상,보행자,여,79세,중상
2019040800100148,2019년 4월 8일 08시,월요일,전라남도 여수시 소라면,경상사고,0,0,1,0,차대차 - 기타,차로위반,건조,맑음,단일로 - 기타,화물,남,62세,상해없음,승용,남,53세,경상
2019040800100149,2019년 4월 8일 08시,월요일,전라남도 영암군 삼호읍,경상사고,0,0,3,0,차대차 - 측면충돌,신호위반,건조,맑음,교차로 - 교차로안,승용,여,26세,상해없음,승용,여,29세,경상
2019040800100196,2019년 4월 8일 09시,월요일,전라남도 해남군 옥천면,경상사고,0,0,1,0,차대차 - 기타,차로위반,건조,맑음,단일로 - 기타,화물,남,67세,상해없음,승합,남,56세,경상
2019040800100197,2019년 4월 8일 09시,월요일,전라남도 곡성군 곡성읍,경상사고,0,0,1,0,차대차 - 측면충돌,안전거리미확보,건조,맑음,교차로 - 교차로부근,승용,남,76세,상해없음,화물,여,61세,경상
2019040800100231,2019년 4월 8일 10시,월요일,전라남도 영광군 염산면,중상사고,0,1,1,0,차대차 - 측면충돌,직진우회전진행방해,건조,맑음,교차로 - 교차로안,화물,남,65세,경상,승용,남,46세,중상
2019040800100232,2019년 4월 8일 10시,월요일,전라남도 영암군 삼호읍,경상사고,0,0,2,0,차대차 - 추돌,안전운전불이행,건조,맑음,교차로 - 교차로부근,승용,남,76세,상해없음,승용,남,73세,경상
2019040800100233,2019년 4월 8일 10시,월요일,전라남도 담양군 고서면,경상사고,0,0,1,0,차대차 - 추돌,안전운전불이행,건조,맑음,단일로 - 기타,승용,여,63세,경상,화물,남,54세,상해없음
2019040800100261,2019년 4월 8일 11시,월요일,전라남도 고흥군 도화면,사망사고,1,0,1,0,차대차 - 측면충돌,중앙선침범,건조,맑음,단일로 - 기타,승용,여,70세,경상,농기계,남,72세,사망
2019040800100295,2019년 4월 8일 12시,월요일,전라남도 순천시 풍덕동,중상사고,0,1,0,0,차대사람 - 보도통행중,보행자보호의무위반,건조,맑음,교차로 - 교차로안,화물,남,41세,상해없음,보행자,남,71세,중상
2019040800100327,2019년 4월 8일 13시,월요일,전라남도 나주시 빛가람동,경상사고,0,0,1,0,차대차 - 기타,교차로운행방법위반,건조,맑음,교차로 - 교차로안,승용,여,30세,상해없음,승용,남,51세,경상
2019040800100328,2019년 4월 8일 13시,월요일,전라남도 보성군 조성면,경상사고,0,0,2,0,차대차 - 기타,차로위반,건조,맑음,단일로 - 기타,승용,남,58세,상해없음,승용,남,50세,상해없음
2019040800100355,2019년 4월 8일 14시,월요일,전라남도 순천시 조례동,경상사고,0,0,1,0,차대사람 - 횡단중,안전운전불이행,건조,맑음,교차로 - 교차로안,승용,여,55세,상해없음,보행자,여,69세,경상
2019040800100356,2019년 4월 8일 14시,월요일,전라남도 나주시 빛가람동,경상사고,0,0,1,0,차대사람 - 횡단중,신호위반,건조,맑음,교차로 - 교차로횡단보도내,승용,여,54세,상해없음,보행자,남,6세,경상
2019040800100389,2019년 4월 8일 15시,월요일,전라남도 해남군 옥천면,경상사고,0,0,1,0,차대차 - 추돌,안전거리미확보,건조,맑음,교차로 - 교차로안,승용,여,63세,상해없음,화물,남,36세,경상
2019040800100461,2019년 4월 8일 17시,월요일,전라남도 목포시 옥암동,경상사고,0,0,3,0,차대차 - 기타,안전거리미확보,건조,맑음,단일로 - 기타,이륜,남,16세,경상,승용,여,53세,경상
2019040800100505,2019년 4월 8일 18시,월요일,전라남도 순천시 연향동,경상사고,0,0,2,1,차대차 - 기타,안전운전불이행,건조,맑음,교차로 - 교차로안,승용,여,42세,부상신고,승용,여,35세,경상
2019040800100506,2019년 4월 8일 18시,월요일,전라남도 광양시 중동,경상사고,0,0,1,0,차대사람 - 횡단중,보행자보호의무위반,건조,맑음,교차로 - 교차로안,승용,여,30세,상해없음,보행자,여,6세,경상
2019040800100550,2019년 4월 8일 19시,월요일,전라남도 순천시 해룡면,경상사고,0,0,2,0,차대차 - 기타,안전거리미확보,건조,맑음,기타 - 기타,승용,남,55세,상해없음,승용,여,27세,경상
2019040800100551,2019년 4월 8일 19시,월요일,전라남도 완도군 완도읍,경상사고,0,0,1,0,차대사람 - 기타,안전운전불이행,건조,맑음,기타 - 기타,자전거,남,28세,기타불명,보행자,남,61세,경상
2019040800100584,2019년 4월 8일 20시,월요일,전라남도 여수시 학동,경상사고,0,0,4,0,차대차 - 측면충돌,안전운전불이행,건조,맑음,교차로 - 교차로안,승용,남,27세,경상,승용,남,38세,경상
2019040800100610,2019년 4월 8일 21시,월요일,전라남도 강진군 강진읍,부상신고사고,0,0,0,1,차량단독 - 공작물충돌,안전운전불이행,건조,맑음,단일로 - 교량,승용,여,35세,부상신고,,,,
2019040800100628,2019년 4월 8일 22시,월요일,전라남도 목포시 죽교동,경상사고,0,0,3,0,차량단독 - 공작물충돌,안전운전불이행,건조,맑음,교차로 - 교차로안,승용,여,33세,상해없음,,,,
2019040800100651,2019년 4월 8일 23시,월요일,전라남도 함평군 함평읍,경상사고,0,0,1,0,차대차 - 측면충돌,신호위반,건조,맑음,교차로 - 교차로안,화물,남,29세,상해없음,자전거,여,50세,경상
2019040900100028,2019년 4월 9일 00시,화요일,전라남도 화순군 이양면,경상사고,0,0,1,0,차량단독 - 공작물충돌,안전운전불이행,건조,맑음,단일로 - 터널,승용,남,48세,경상,,,,
2019040900100063,2019년 4월 9일 03시,화요일,전라남도 목포시 죽교동,경상사고,0,0,1,0,차대차 - 기타,안전운전불이행,건조,맑음,기타 - 기타,화물,남,55세,상해없음,승용,남,45세,상해없음
2019040900100085,2019년 4월 9일 06시,화요일,전라남도 여수시 평여동,경상사고,0,0,1,0,차대차 - 기타,신호위반,건조,맑음,교차로 - 교차로안,승용,남,49세,상해없음,승용,남,63세,경상
2019040900100099,2019년 4월 9일 07시,화요일,전라남도 영광군 영광읍,중상사고,0,1,3,0,차대차 - 측면충돌,직진우회전진행방해,건조,맑음,교차로 - 교차로안,화물,남,22세,상해없음,승용,여,42세,중상
2019040900100100,2019년 4월 9일 07시,화요일,전라남도 구례군 구례읍,경상사고,0,0,3,0,차대차 - 측면충돌,직진우회전진행방해,건조,맑음,교차로 - 교차로안,승용,남,37세,경상,승용,여,48세,경상
2019040900100128,2019년 4월 9일 08시,화요일,전라남도 여수시 미평동,중상사고,0,1,0,0,차대사람 - 기타,안전운전불이행,건조,맑음,단일로 - 기타,승용,여,27세,상해없음,보행자,남,81세,중상
2019040900100129,2019년 4월 9일 08시,화요일,전라남도 해남군 산이면,경상사고,0,0,2,0,차대차 - 측면충돌,차로위반,건조,맑음,단일로 - 기타,승용,남,65세,경상,건설기계,남,58세,경상
2019040900100166,2019년 4월 9일 09시,화요일,전라남도 강진군 강진읍,경상사고,0,0,1,0,차대차 - 추돌,안전거리미확보,건조,맑음,교차로 - 교차로안,화물,여,61세,상해없음,승용,여,66세,경상
2019040900100192,2019년 4월 9일 10시,화요일,전라남도 여수시 소라면,중상사고,0,1,0,0,차대사람 - 기타,안전운전불이행,건조,맑음,기타 - 기타,승용,여,54세,상해없음,보행자,여,44세,중상
2019040900100193,2019년 4월 9일 10시,화요일,전라남도 광양시 진상면,경상사고,0,0,1,0,차량단독 - 공작물충돌,안전운전불이행,건조,맑음,단일로 - 기타,농기계,남,73세,경상,,,,
2019040900100212,2019년 4월 9일 11시,화요일,전라남도 신안군 장산면,경상사고,0,0,3,0,차대차 - 기타,교차로운행방법위반,젖음/습기,맑음,교차로 - 교차로안,화물,남,67세,경상,화물,남,39세,경상
2019040900100213,2019년 4월 9일 11시,화요일,전라남도 신안군 팔금면,중상사고,0,2,7,0,차대차 - 측면충돌,교차로운행방법위반,건조,맑음,교차로 - 교차로안,승용,여,61세,중상,승용,남,65세,경상
2019040900100214,2019년 4월 9일 11시,화요일,전라남도 나주시 산포면,중상사고,0,1,1,0,차량단독 - 공작물충돌,안전운전불이행,건조,맑음,교차로 - 교차로안,화물,남,55세,경상,,,,
2019040900100215,2019년 4월 9일 11시,화요일,전라남도 해남군 삼산면,중상사고,0,1,5,0,차대차 - 기타,안전운전불이행,건조,흐림,교차로 - 교차로안,승용,남,69세,경상,화물,남,69세,중상
2019040900100248,2019년 4월 9일 12시,화요일,전라남도 여수시 둔덕동,경상사고,0,0,2,0,차대차 - 기타,안전운전불이행,건조,맑음,단일로 - 기타,승용,남,67세,상해없음,승용,여,60세,경상
2019040900100249,2019년 4월 9일 12시,화요일,전라남도 해남군 화산면,경상사고,0,0,2,0,차대차 - 기타,교차로운행방법위반,건조,흐림,교차로 - 교차로안,화물,남,57세,경상,화물,남,56세,경상
2019040900100250,2019년 4월 9일 12시,화요일,전라남도 화순군 화순읍,경상사고,0,0,1,0,차대차 - 측면충돌,신호위반,젖음/습기,비,교차로 - 교차로안,화물,남,69세,상해없음,승용,여,59세,경상
2019040900100272,2019년 4월 9일 13시,화요일,전라남도 무안군 무안읍,경상사고,0,0,1,0,차대차 - 측면충돌,안전거리미확보,젖음/습기,비,단일로 - 기타,화물,남,67세,기타불명,화물,남,64세,경상
2019040900100273,2019년 4월 9일 13시,화요일,전라남도 무안군 해제면,중상사고,0,1,1,0,차대차 - 추돌,안전운전불이행,젖음/습기,비,단일로 - 기타,승용,남,72세,상해없음,승용,남,67세,경상
2019040900100296,2019년 4월 9일 14시,화요일,전라남도 나주시 성북동,중상사고,0,1,1,0,차대차 - 측면충돌,직진우회전진행방해,젖음/습기,비,교차로 - 교차로안,승용,남,78세,중상,승용,여,49세,경상
2019040900100297,2019년 4월 9일 14시,화요일,전라남도 영암군 덕진면,경상사고,0,0,1,0,차대차 - 추돌,안전운전불이행,젖음/습기,흐림,교차로 - 교차로부근,화물,남,67세,상해없음,승용,남,38세,경상
2019040900100298,2019년 4월 9일 14시,화요일,전라남도 담양군 대전면,중상사고,0,2,1,0,차대차 - 측면충돌,신호위반,젖음/습기,비,교차로 - 교차로안,이륜,남,36세,중상,화물,남,88세,경상
2019040900100333,2019년 4월 9일 15시,화요일,전라남도 강진군 대구면,경상사고,0,0,1,0,차량단독 - 도로외이탈 - 추락,안전운전불이행,젖음/습기,비,단일로 - 기타,이륜,남,54세,경상,,,,
2019040900100444,2019년 4월 9일 18시,화요일,전라남도 목포시 용해동,경상사고,0,0,1,0,차대차 - 측면충돌,차로위반,건조,맑음,단일로 - 기타,화물,남,63세,상해없음,승용,남,60세,상해없음
2019040900100445,2019년 4월 9일 18시,화요일,전라남도 목포시 죽교동,경상사고,0,0,1,0,차대차 - 측면충돌,교차로운행방법위반,젖음/습기,비,교차로 - 교차로안,승용,남,63세,상해없음,승용,남,38세,경상
2019040900100446,2019년 4월 9일 18시,화요일,전라남도 순천시 조례동,경상사고,0,0,1,0,차대차 - 측면충돌,안전운전불이행,건조,맑음,단일로 - 기타,이륜,남,19세,경상,승용,남,53세,상해없음
2019040900100502,2019년 4월 9일 19시,화요일,전라남도 순천시 용당동,경상사고,0,0,1,1,차대차 - 측면충돌,신호위반,젖음/습기,비,교차로 - 교차로안,화물,남,59세,부상신고,승용,여,50세,경상
2019040900100503,2019년 4월 9일 19시,화요일,전라남도 순천시 가곡동,경상사고,0,0,1,0,차대사람 - 기타,안전운전불이행,젖음/습기,비,단일로 - 기타,기타불명,기타불명,미분류,기타불명,보행자,여,40세,경상
2019040900100504,2019년 4월 9일 19시,화요일,전라남도 해남군 산이면,경상사고,0,0,1,0,차대차 - 정면충돌,중앙선침범,젖음/습기,비,단일로 - 기타,화물,남,28세,상해없음,승용,남,47세,경상
2019040900100505,2019년 4월 9일 19시,화요일,전라남도 해남군 옥천면,경상사고,0,0,2,0,차대차 - 기타,안전운전불이행,젖음/습기,비,교차로 - 교차로부근,화물,남,52세,상해없음,승용,남,36세,경상
2019040900100560,2019년 4월 9일 20시,화요일,전라남도 보성군 득량면,경상사고,0,0,2,0,차대차 - 정면충돌,신호위반,젖음/습기,비,단일로 - 기타,승용,남,65세,경상,승용,여,50세,경상