사고번호,사고일시,요일,시군구,사고내용,사망자수,중상자수,경상자수,부상신고자수,사고유형,법규위반,노면상태,기상상태,도로형태,가해운전자 차종,가해운전자 성별,가해운전자 연령,가해운전자 상해정도,피해운전자 차종,피해운전자 성별,피해운전자 연령,피해운전자 상해정도
2019041400100121,2019년 4월 14일 09시,일요일,전라남도 목포시 산정동,중상사고,0,1,1,0,차대차 - 측면충돌,안전운전불이행,건조,맑음,단일로 - 기타,승용,남,43세,상해없음,승용,여,47세,상해없음
2019041400100144,2019년 4월 14일 10시,일요일,전라남도 순천시 해룡면,경상사고,0,0,2,0,차대차 - 기타,신호위반,건조,맑음,교차로 - 교차로안,승용,남,55세,경상,승용,남,40세,경상
2019041400100162,2019년 4월 14일 11시,일요일,전라남도 광양시 중동,경상사고,0,0,1,0,차대차 - 측면충돌,안전운전불이행,건조,맑음,주차장 - 주차장,승용,여,53세,상해없음,승용,여,41세,경상
2019041400100214,2019년 4월 14일 13시,일요일,전라남도 목포시 상동,경상사고,0,0,1,0,차대차 - 기타,안전운전불이행,젖음/습기,흐림,교차로 - 교차로안,화물,남,49세,상해없음,이륜,남,40세,경상
2019041400100215,2019년 4월 14일 13시,일요일,전라남도 무안군 삼향읍,경상사고,0,0,1,0,차대차 - 기타,신호위반,젖음/습기,비,교차로 - 교차로안,승용,남,55세,상해없음,이륜,남,34세,경상
2019041400100216,2019년 4월 14일 13시,일요일,전라남도 무안군 무안읍,경상사고,0,0,2,0,차대차 - 측면충돌,안전운전불이행,건조,맑음,교차로 - 교차로안,승용,남,62세,경상,승용,남,52세,경상
2019041400100293,2019년 4월 14일 16시,일요일,전라남도 순천시 서면,경상사고,0,0,1,0,차대사람 - 기타,보행자보호의무위반,건조,맑음,교차로 - 교차로횡단보도내,이륜,남,29세,상해없음,보행자,여,73세,경상
2019041400100294,2019년 4월 14일 16시,일요일,전라남도 무안군 현경면,경상사고,0,0,1,0,차대차 - 측면충돌,안전운전불이행,건조,맑음,교차로 - 교차로안,승용,남,57세,상해없음,승용,여,61세,경상
2019041400100343,2019년 4월 14일 18시,일요일,전라남도 광양시 중동,경상사고,0,0,1,0,차대사람 - 횡단중,보행자보호의무위반,건조,맑음,교차로 - 교차로횡단보도내,승용,여,46세,상해없음,보행자,여,37세,경상
2019041400100371,2019년 4월 14일 19시,일요일,전라남도 무안군 해제면,경상사고,0,0,1,0,차대차 - 정면충돌,안전운전불이행,건조,맑음,교차로 - 교차로부근,화물,남,72세,상해없음,승용,남,36세,경상
2019041400100394,2019년 4월 14일 20시,일요일,전라남도 목포시 용해동,경상사고,0,0,1,0,차대차 - 측면충돌,안전운전불이행,건조,맑음,단일로 - 기타,승용,남,58세,상해없음,이륜,남,24세,경상
2019041400100415,2019년 4월 14일 21시,일요일,전라남도 나주시 영산동,중상사고,0,2,5,0,차대차 - 측면충돌,안전운전불이행,건조,맑음,교차로 - 교차로안,승용,여,27세,상해없음,승용,남,34세,중상
2019041400100452,2019년 4월 14일 23시,일요일,전라남도 광양시 금호동,경상사고,0,0,3,0,차대차 - 추돌,안전운전불이행,건조,맑음,교차로 - 교차로부근,승용,여,47세,상해없음,승용,남,44세,경상
2019041500100037,2019년 4월 15일 01시,월요일,전라남도 순천시 연향동,경상사고,0,0,1,0,차대차 - 기타,신호위반,건조,맑음,교차로 - 교차로안,승용,남,57세,상해없음,승용,남,25세,경상
2019041500100048,2019년 4월 15일 04시,월요일,전라남도 순천시 연향동,경상사고,0,0,1,0,차대차 - 추돌,안전거리미확보,건조,맑음,교차로 - 교차로부근,승용,남,39세,상해없음,승용,여,27세,경상
2019041500100049,2019년 4월 15일 04시,월요일,전라남도 순천시 해룡면,중상사고,0,1,0,0,차대차 - 측면충돌,직진우회전진행방해,건조,맑음,교차로 - 교차로안,승용,남,24세,상해없음,승용,남,45세,중상
2019041500100071,2019년 4월 15일 06시,월요일,전라남도 장성군 장성읍,경상사고,0,0,2,0,차대차 - 추돌,안전운전불이행,건조,맑음,단일로 - 기타,승합,남,46세,상해없음,승합,남,66세,경상
2019041500100088,2019년 4월 15일 07시,월요일,전라남도 목포시 용해동,경상사고,0,0,1,0,차대차 - 정면충돌,중앙선침범,건조,맑음,기타 - 기타,승용,남,58세,상해없음,승용,남,56세,경상
2019041500100089,2019년 4월 15일 07시,월요일,전라남도 목포시 해안동1가,경상사고,0,0,4,0,차대차 - 측면충돌,교차로운행방법위반,건조,맑음,교차로 - 교차로안,승용,남,66세,경상,승용,남,50세,경상
2019041500100090,2019년 4월 15일 07시,월요일,전라남도 장흥군 장흥읍,경상사고,0,0,1,0,차대차 - 측면충돌,신호위반,건조,맑음,교차로 - 교차로안,이륜,여,60세,경상,승용,여,28세,상해없음
2019041500100140,2019년 4월 15일 08시,월요일,전라남도 목포시 상동,경상사고,0,0,1,0,차대차 - 측면충돌,직진우회전진행방해,건조,맑음,교차로 - 교차로안,승용,남,22세,상해없음,승용,남,25세,경상
2019041500100141,2019년 4월 15일 08시,월요일,전라남도 나주시 왕곡면,경상사고,0,0,6,0,차대차 - 추돌,안전거리미확보,건조,맑음,단일로 - 교량,화물,남,57세,상해없음,화물,남,53세,경상
2019041500100142,2019년 4월 15일 08시,월요일,전라남도 광양시 광양읍,중상사고,0,1,1,0,차대차 - 측면충돌,교차로운행방법위반,건조,맑음,교차로 - 교차로안,승용,남,52세,상해없음,이륜,남,85세,경상
2019041500100275,2019년 4월 15일 12시,월요일,전라남도 순천시 동외동,중상사고,0,1,3,0,차대차 - 추돌,안전운전불이행,건조,맑음,단일로 - 기타,화물,남,53세,상해없음,승용,여,44세,중상
2019041500100276,2019년 4월 15일 12시,월요일,전라남도 나주시 남평읍,경상사고,0,0,3,0,차대차 - 추돌,안전거리미확보,건조,맑음,교차로 - 교차로부근,건설기계,남,37세,경상,건설기계,남,53세,경상
2019041500100315,2019년 4월 15일 13시,월요일,전라남도 영암군 삼호읍,경상사고,0,0,2,0,차대차 - 측면충돌,안전운전불이행,건조,맑음,교차로 - 교차로안,원동기,남,76세,경상,승용,여,38세,경상
2019041500100316,2019년 4월 15일 13시,월요일,전라남도 영암군 영암읍,중상사고,0,1,0,0,차대차 - 측면충돌,안전운전불이행,건조,맑음,교차로 - 교차로안,승용,남,42세,상해없음,이륜,남,79세,중상
2019041500100317,2019년 4월 15일 13시,월요일,전라남도 광양시 중동,경상사고,0,0,1,0,차대차 - 측면충돌,안전거리미확보,건조,맑음,교차로 - 교차로안,특수,남,28세,상해없음,승용,남,51세,경상
2019041500100363,2019년 4월 15일 14시,월요일,전라남도 해남군 송지면,경상사고,0,0,1,0,차대차 - 측면충돌,안전운전불이행,건조,맑음,단일로 - 기타,승합,남,45세,상해없음,승용,남,62세,경상
2019041500100364,2019년 4월 15일 14시,월요일,전라남도 강진군 마량면,중상사고,0,1,0,0,차대사람 - 차도통행중,안전운전불이행,젖음/습기,맑음,단일로 - 기타,승용,남,69세,상해없음,보행자,여,76세,중상
2019041500100365,2019년 4월 15일 14시,월요일,전라남도 담양군 고서면,경상사고,0,0,1,0,차대차 - 기타,중앙선침범,건조,맑음,단일로 - 기타,화물,남,28세,상해없음,승합,남,67세,경상
2019041500100464,2019년 4월 15일 16시,월요일,전라남도 목포시 연산동,경상사고,0,0,1,0,차대사람 - 기타,안전운전불이행,건조,맑음,기타 - 기타,승용,여,32세,상해없음,보행자,여,55세,경상
2019041500100465,2019년 4월 15일 16시,월요일,전라남도 순천시 오천동,중상사고,0,1,0,0,차대차 - 기타,안전운전불이행,건조,맑음,단일로 - 기타,화물,남,71세,상해없음,이륜,남,82세,중상
2019041500100466,2019년 4월 15일 16시,월요일,전라남도 담양군 담양읍,경상사고,0,0,1,0,차대사람 - 기타,안전운전불이행,건조,맑음,단일로 - 기타,승용,여,80세,상해없음,보행자,남,68세,경상
2019041500100517,2019년 4월 15일 17시,월요일,전라남도 목포시 옥암동,중상사고,0,2,11,0,차대차 - 측면충돌,안전거리미확보,건조,맑음,단일로 - 기타,승용,여,49세,상해없음,승용,여,52세,경상
2019041500100518,2019년 4월 15일 17시,월요일,전라남도 목포시 옥암동,중상사고,0,1,0,0,차대사람 - 횡단중,보행자보호의무위반,건조,맑음,교차로 - 교차로횡단보도내,승용,남,60세,상해없음,보행자,남,9세,중상
2019041500100519,2019년 4월 15일 17시,월요일,전라남도 해남군 송지면,경상사고,0,0,3,3,차대차 - 기타,안전운전불이행,건조,맑음,단일로 - 기타,승용,남,62세,상해없음,승합,여,46세,경상
2019041500100568,2019년 4월 15일 18시,월요일,전라남도 목포시 용당동,경상사고,0,0,1,0,차대사람 - 횡단중,보행자보호의무위반,건조,맑음,교차로 - 교차로부근,화물,남,46세,상해없음,보행자,여,44세,경상
2019041500100569,2019년 4월 15일 18시,월요일,전라남도 여수시 여서동,경상사고,0,0,3,0,차대차 - 기타,신호위반,건조,맑음,교차로 - 교차로부근,승용,남,71세,상해없음,승용,남,40세,경상
2019041500100616,2019년 4월 15일 19시,월요일,전라남도 나주시 빛가람동,경상사고,0,0,1,0,차대차 - 추돌,안전운전불이행,건조,맑음,교차로 - 교차로부근,화물,남,65세,상해없음,화물,남,27세,경상
2019041500100678,2019년 4월 15일 21시,월요일,전라남도 목포시 상동,중상사고,0,1,4,0,차대차 - 측면충돌,안전운전불이행,건조,흐림,단일로 - 기타,승용,남,25세,상해없음,승합,남,42세,상해없음
2019041500100696,2019년 4월 15일 22시,월요일,전라남도 여수시 덕충동,경상사고,0,0,1,0,차량단독 - 기타,안전운전불이행,건조,맑음,교차로 - 교차로안,이륜,남,51세,경상,,,,
2019041500100715,2019년 4월 15일 23시,월요일,전라남도 목포시 상동,경상사고,0,0,2,0,차대차 - 기타,안전운전불이행,건조,맑음,교차로 - 교차로안,승용,남,66세,상해없음,승용,남,37세,경상
2019041600100028,2019년 4월 16일 00시,화요일,전라남도 순천시 조례동,경상사고,0,0,1,0,차대차 - 기타,안전운전불이행,건조,맑음,단일로 - 기타,승용,남,40세,경상,승용,남,59세,상해없음
2019041600100104,2019년 4월 16일 07시,화요일,전라남도 여수시 돌산읍,중상사고,0,1,0,0,차대사람 - 차도통행중,안전운전불이행,건조,맑음,단일로 - 기타,승용,여,61세,상해없음,보행자,여,62세,중상
2019041600100150,2019년 4월 16일 08시,화요일,전라남도 여수시 학동,경상사고,0,0,1,0,차대차 - 기타,안전운전불이행,건조,맑음,교차로 - 교차로안,승용,여,32세,상해없음,승용,여,29세,경상
2019041600100151,2019년 4월 16일 08시,화요일,전라남도 영암군 시종면,경상사고,0,0,1,0,차대차 - 측면충돌,안전운전불이행,건조,맑음,교차로 - 교차로안,승용,남,52세,상해없음,승용,여,45세,경상
2019041600100152,2019년 4월 16일 08시,화요일,전라남도 곡성군 곡성읍,경상사고,0,0,2,0,차대차 - 측면충돌,안전운전불이행,건조,맑음,교차로 - 교차로안,화물,남,76세,상해없음,승용,여,26세,경상
2019041600100205,2019년 4월 16일 09시,화요일,전라남도 순천시 조례동,경상사고,0,0,1,0,차대차 - 측면충돌,직진우회전진행방해,건조,맑음,교차로 - 교차로안,이륜,남,68세,경상,승합,남,57세,상해없음
2019041600100206,2019년 4월 16일 09시,화요일,전라남도 순천시 풍덕동,경상사고,0,0,1,0,차대차 - 측면충돌,교차로운행방법위반,건조,맑음,교차로 - 교차로안,승용,남,75세,상해없음,승합,남,69세,경상
2019041600100233,2019년 4월 16일 10시,화요일,전라남도 순천시 연향동,경상사고,0,0,1,0,차대사람 - 기타,안전운전불이행,건조,맑음,단일로 - 기타,승용,여,36세,상해없음,보행자,남,32세,경상
2019041600100234,2019년 4월 16일 10시,화요일,전라남도 화순군 화순읍,중상사고,0,1,0,0,차대차 - 기타,교차로운행방법위반,건조,맑음,교차로 - 교차로안,승용,남,58세,상해없음,승합,남,58세,상해없음
2019041600100235,2019년 4월 16일 10시,화요일,전라남도 담양군 고서면,중상사고,0,1,0,0,차대사람 - 횡단중,안전운전불이행,건조,맑음,교차로 - 교차로안,화물,남,73세,상해없음,보행자,여,72세,중상
2019041600100271,2019년 4월 16일 11시,화요일,전라남도 목포시 대양동,중상사고,0,1,0,0,차량단독 - 공작물충돌,안전운전불이행,건조,맑음,교차로 - 교차로부근,화물,남,78세,중상,,,,
2019041600100272,2019년 4월 16일 11시,화요일,전라남도 여수시 선원동,중상사고,0,1,0,0,차대차 - 기타,기타,건조,맑음,교차로 - 교차로안,자전거,남,63세,중상,화물,남,64세,상해없음
2019041600100273,2019년 4월 16일 11시,화요일,전라남도 여수시 학동,경상사고,0,0,1,0,차대사람 - 기타,안전운전불이행,건조,맑음,교차로 - 교차로부근,승용,남,68세,상해없음,보행자,남,44세,경상
2019041600100274,2019년 4월 16일 11시,화요일,전라남도 순천시 저전동,경상사고,0,0,1,0,차대사람 - 차도통행중,신호위반,건조,맑음,단일로 - 기타,승합,남,61세,상해없음,보행자,여,42세,경상
2019041600100275,2019년 4월 16일 11시,화요일,전라남도 고흥군 두원면,중상사고,0,2,0,0,차대차 - 추돌,안전운전불이행,건조,맑음,단일로 - 기타,화물,남,58세,상해없음,승용,남,75세,중상
2019041600100313,2019년 4월 16일 12시,화요일,전라남도 진도군 진도읍,경상사고,0,0,1,0,차대차 - 추돌,안전거리미확보,건조,맑음,교차로 - 교차로부근,승용,남,25세,상해없음,승용,남,25세,경상
2019041600100332,2019년 4월 16일 13시,화요일,전라남도 순천시 매곡동,경상사고,0,0,1,0,차대차 - 측면충돌,기타,건조,맑음,교차로 - 교차로안,승용,남,51세,상해없음,승용,남,81세,경상
2019041600100333,2019년 4월 16일 13시,화요일,전라남도 영광군 영광읍,경상사고,0,0,2,0,차대차 - 추돌,안전운전불이행,건조,맑음,단일로 - 기타,승용,여,54세,상해없음,이륜,남,72세,경상
2019041600100365,2019년 4월 16일 14시,화요일,전라남도 순천시 황전면,중상사고,0,2,1,0,차대차 - 측면충돌,안전운전불이행,건조,맑음,단일로 - 기타,화물,남,63세,중상,승용,남,70세,중상
2019041600100407,2019년 4월 16일 15시,화요일,전라남도 장흥군 회진면,사망사고,1,1,1,0,차대차 - 정면충돌,중앙선침범,건조,맑음,단일로 - 기타,화물,남,68세,사망,건설기계,남,61세,경상
2019041600100408,2019년 4월 16일 15시,화요일,전라남도 고흥군 도화면,사망사고,1,0,0,0,차량단독 - 공작물충돌,안전운전불이행,건조,맑음,교차로 - 교차로안,승용,남,53세,사망,,,,
2019041600100409,2019년 4월 16일 15시,화요일,전라남도 해남군 화원면,사망사고,1,0,0,0,차량단독 - 도로외이탈 - 추락,안전운전불이행,건조,맑음,단일로 - 기타,화물,여,66세,사망,,,,
2019041600100448,2019년 4월 16일 16시,화요일,전라남도 여수시 학동,경상사고,0,0,1,0,차대차 - 정면충돌,안전운전불이행,건조,맑음,교차로 - 교차로부근,화물,남,46세,상해없음,승용,여,59세,경상
2019041600100449,2019년 4월 16일 16시,화요일,전라남도 장흥군 유치면,중상사고,0,1,0,0,차대사람 - 횡단중,과속,건조,맑음,교차로 - 교차로부근,화물,남,46세,상해없음,보행자,여,75세,중상
2019041600100450,2019년 4월 16일 16시,화요일,전라남도 진도군 임회면,경상사고,0,0,1,0,차량단독 - 도로외이탈 - 기타,안전운전불이행,건조,맑음,단일로 - 기타,이륜,남,70세,경상,,,,
2019041600100500,2019년 4월 16일 17시,화요일,전라남도 목포시 연산동,중상사고,0,1,12,0,차대차 - 기타,신호위반,건조,맑음,교차로 - 교차로안,승용,여,32세,상해없음,승합,남,26세,경상
2019041600100501,2019년 4월 16일 17시,화요일,전라남도 목포시 대양동,경상사고,0,0,1,0,차대사람 - 기타,안전운전불이행,건조,맑음,단일로 - 기타,승합,남,57세,상해없음,보행자,여,16세,경상
2019041600100502,2019년 4월 16일 17시,화요일,전라남도 목포시 상동,경상사고,0,0,3,0,차대차 - 기타,직진우회전진행방해,건조,맑음,교차로 - 교차로안,승용,여,43세,경상,승용,남,36세,경상
2019041600100503,2019년 4월 16일 17시,화요일,전라남도 화순군 화순읍,부상신고사고,0,0,0,1,차대차 - 측면충돌,안전거리미확보,건조,맑음,단일로 - 기타,건설기계,남,40세,상해없음,승용,여,27세,부상신고
2019041600100547,2019년 4월 16일 18시,화요일,전라남도 여수시 학동,경상사고,0,0,1,0,차대차 - 측면충돌,안전운전불이행,건조,맑음,단일로 - 기타,승용,남,62세,상해없음,승용,남,35세,경상
2019041600100548,2019년 4월 16일 18시,화요일,전라남도 여수시 여천동,경상사고,0,0,1,0,차대사람 - 횡단중,보행자보호의무위반,건조,맑음,교차로 - 교차로부근,승용,여,39세,상해없음,보행자,여,54세,경상
2019041600100549,2019년 4월 16일 18시,화요일,전라남도 순천시 조곡동,경상사고,0,0,1,0,차대차 - 측면충돌,안전거리미확보,건조,맑음,기타 - 기타,승용,여,58세,경상,기타불명,남,미분류,상해없음
2019041600100550,2019년 4월 16일 18시,화요일,전라남도 함평군 함평읍,부상신고사고,0,0,0,1,차대차 - 측면충돌,신호위반,건조,맑음,교차로 - 교차로안,이륜,남,82세,부상신고,화물,남,66세,상해없음
2019041600100551,2019년 4월 16일 18시,화요일,전라남도 무안군 삼향읍,경상사고,0,0,1,0,차대차 - 정면충돌,안전운전불이행,건조,맑음,단일로 - 기타,화물,남,64세,상해없음,승용,여,55세,경상
2019041600100619,2019년 4월 16일 20시,화요일,전라남도 목포시 산정동,경상사고,0,0,4,0,차대차 - 측면충돌,안전운전불이행,건조,맑음,교차로 - 교차로안,승용,여,60세,경상,승용,남,27세,경상
2019041600100649,2019년 4월 16일 21시,화요일,전라남도 목포시 상동,경상사고,0,0,1,0,차대차 - 후진중충돌,안전운전불이행,건조,맑음,단일로 - 기타,승용,여,21세,상해없음,승용,남,22세,경상
2019041600100694,2019년 4월 16일 23시,화요일,전라남도 목포시 상동,경상사고,0,0,1,0,차대차 - 기타,교차로운행방법위반,건조,맑음,교차로 - 교차로안,기타불명,기타불명,미분류,기타불명,승용,여,34세,경상
2019041700100039,2019년 4월 17일 01시,수요일,전라남도 신안군 암태면,중상사고,0,1,2,2,차대차 - 기타,중앙선침범,건조,맑음,단일로 - 기타,승합,남,71세,중상,승용,남,28세,경상
2019041700100040,2019년 4월 17일 01시,수요일,전라남도 여수시 신월동,중상사고,0,1,2,0,차대차 - 추돌,안전운전불이행,젖음/습기,비,교차로 - 교차로부근,승합,남,46세,상해없음,화물,남,58세,중상
2019041700100077,2019년 4월 17일 06시,수요일,전라남도 해남군 산이면,중상사고,0,1,0,0,차대사람 - 횡단중,안전운전불이행,건조,맑음,교차로 - 교차로안,승용,남,41세,상해없음,보행자,남,60세,중상
2019041700100078,2019년 4월 17일 06시,수요일,전라남도 해남군 해남읍,경상사고,0,0,2,0,차대차 - 측면충돌,차로위반,건조,맑음,단일로 - 기타,승용,남,57세,경상,승용,여,60세,경상
2019041700100079,2019년 4월 17일 06시,수요일,전라남도 진도군 진도읍,중상사고,0,1,1,0,차대차 - 추돌,안전거리미확보,젖음/습기,맑음,교차로 - 교차로안,이륜,남,82세,경상,화물,여,36세,상해없음
2019041700100104,2019년 4월 17일 07시,수요일,전라남도 광양시 옥곡면,경상사고,0,0,1,0,차대차 - 추돌,안전운전불이행,건조,맑음,교차로 - 교차로부근,이륜,남,70세,경상,승용,여,33세,상해없음
2019041700100143,2019년 4월 17일 08시,수요일,전라남도 목포시 옥암동,경상사고,0,0,1,0,차대사람 - 기타,보행자보호의무위반,건조,맑음,교차로 - 교차로횡단보도내,승합,남,45세,상해없음,보행자,남,14세,경상
2019041700100189,2019년 4월 17일 09시,수요일,전라남도 나주시 남평읍,경상사고,0,0,2,0,차대차 - 기타,중앙선침범,건조,맑음,단일로 - 기타,승용,남,39세,경상,승용,여,67세,경상
2019041700100244,2019년 4월 17일 11시,수요일,전라남도 목포시 산정동,경상사고,0,0,2,0,차대차 - 측면충돌,교차로운행방법위반,건조,맑음,교차로 - 교차로안,이륜,남,72세,경상,화물,남,24세,경상
2019041700100245,2019년 4월 17일 11시,수요일,전라남도 목포시 옥암동,경상사고,0,0,2,0,차대차 - 측면충돌,신호위반,건조,맑음,교차로 - 교차로안,승용,여,42세,경상,승용,남,30세,경상
2019041700100246,2019년 4월 17일 11시,수요일,전라남도 순천시 연향동,경상사고,0,0,1,0,차대차 - 측면충돌,안전운전불이행,건조,맑음,교차로 - 교차로부근,이륜,여,65세,경상,승용,남,66세,상해없음
2019041700100247,2019년 4월 17일 11시,수요일,전라남도 함평군 함평읍,부상신고사고,0,0,0,1,차량단독 - 기타,안전운전불이행,건조,맑음,단일로 - 기타,농기계,남,81세,부상신고,,,,
2019041700100275,2019년 4월 17일 12시,수요일,전라남도 장성군 서삼면,경상사고,0,0,1,0,차대사람 - 기타,안전운전불이행,건조,맑음,단일로 - 기타,기타불명,기타불명,미분류,기타불명,보행자,남,27세,경상
2019041700100306,2019년 4월 17일 13시,수요일,전라남도 나주시 문평면,경상사고,0,0,1,0,차량단독 - 전도전복 - 전도,안전운전불이행,건조,맑음,단일로 - 기타,이륜,남,76세,경상,,,,
2019041700100307,2019년 4월 17일 13시,수요일,전라남도 영광군 염산면,경상사고,0,0,2,0,차대차 - 측면충돌,직진우회전진행방해,건조,맑음,교차로 - 교차로안,승용,남,66세,상해없음,화물,남,63세,경상
2019041700100308,2019년 4월 17일 13시,수요일,전라남도 구례군 구례읍,중상사고,0,1,0,0,차대사람 - 기타,안전운전불이행,건조,맑음,주차장 - 주차장,화물,남,26세,상해없음,보행자,여,83세,중상
2019041700100336,2019년 4월 17일 14시,수요일,전라남도 여수시 남산동,경상사고,0,0,2,0,차대차 - 측면충돌,안전운전불이행,건조,맑음,교차로 - 교차로부근,승용,여,56세,경상,이륜,남,30세,경상
2019041700100337,2019년 4월 17일 14시,수요일,전라남도 여수시 신기동,경상사고,0,0,1,0,차대차 - 측면충돌,안전운전불이행,건조,맑음,단일로 - 기타,화물,남,64세,상해없음,승용,남,36세,경상
2019041700100382,2019년 4월 17일 15시,수요일,전라남도 목포시 산정동,중상사고,0,1,0,0,차대사람 - 횡단중,신호위반,건조,맑음,교차로 - 교차로횡단보도내,승용,남,64세,상해없음,보행자,남,40세,중상
2019041700100383,2019년 4월 17일 15시,수요일,전라남도 여수시 신월동,경상사고,0,0,1,0,차대차 - 측면충돌,차로위반,건조,맑음,단일로 - 기타,화물,남,72세,상해없음,승용,남,37세,경상
2019041700100413,2019년 4월 17일 16시,수요일,전라남도 순천시 매곡동,경상사고,0,0,1,0,차대차 - 기타,안전거리미확보,건조,맑음,단일로 - 기타,승용,남,34세,상해없음,승합,남,47세,상해없음
2019041700100414,2019년 4월 17일 16시,수요일,전라남도 나주시 송월동,경상사고,0,0,2,0,차대차 - 측면충돌,직진우회전진행방해,건조,맑음,교차로 - 교차로안,화물,남,75세,경상,승용,여,58세,경상
2019041700100453,2019년 4월 17일 17시,수요일,전라남도 목포시 용당동,중상사고,0,1,1,0,차대차 - 기타,안전운전불이행,건조,맑음,교차로 - 교차로부근,승합,남,54세,상해없음,승용,남,45세,상해없음
2019041700100454,2019년 4월 17일 17시,수요일,전라남도 무안군 무안읍,경상사고,0,0,1,0,차대차 - 기타,기타,건조,맑음,기타 - 기타,화물,남,52세,상해없음,승용,남,28세,경상
2019041700100540,2019년 4월 17일 19시,수요일,전라남도 목포시 용당동,중상사고,0,1,0,0,차대차 - 기타,안전운전불이행,건조,맑음,교차로 - 교차로안,승용,남,38세,상해없음,이륜,남,17세,중상
2019041700100541,2019년 4월 17일 19시,수요일,전라남도 나주시 봉황면,중상사고,0,1,1,0,차대차 - 추돌,안전거리미확보,건조,맑음,단일로 - 기타,승용,남,54세,경상,농기계,남,59세,중상
2019041700100583,2019년 4월 17일 20시,수요일,전라남도 함평군 엄다면,경상사고,0,0,1,0,차대차 - 기타,안전거리미확보,건조,맑음,단일로 - 교량,화물,여,73세,상해없음,승용,여,72세,경상
2019041700100611,2019년 4월 17일 21시,수요일,전라남도 신안군 비금면,중상사고,0,1,0,0,차대사람 - 기타,안전운전불이행,건조,맑음,단일로 - 기타,이륜,남,23세,상해없음,보행자,남,85세,중상
2019041800100017,2019년 4월 18일 00시,목요일,전라남도 목포시 대양동,경상사고,0,0,1,0,차대사람 - 기타,안전운전불이행,건조,맑음,기타 - 기타,승용,남,41세,기타불명,보행자,남,26세,경상
2019041800100035,2019년 4월 18일 02시,목요일,전라남도 순천시 매곡동,경상사고,0,0,2,0,차대차 - 측면충돌,교차로운행방법위반,건조,맑음,교차로 - 교차로안,승용,남,54세,경상,승용,남,21세,경상
2019041800100052,2019년 4월 18일 04시,목요일,전라남도 순천시 연향동,경상사고,0,0,2,0,차대차 - 측면충돌,신호위반,건조,맑음,교차로 - 교차로안,승용,남,57세,경상,승용,여,45세,경상
2019041800100053,2019년 4월 18일 04시,목요일,전라남도 나주시 금천면,경상사고,0,0,1,0,차량단독 - 공작물충돌,안전운전불이행,젖음/습기,안개,단일로 - 기타,승용,여,19세,경상,,,,
2019041800100098,2019년 4월 18일 07시,목요일,전라남도 순천시 해룡면,경상사고,0,0,1,0,차대사람 - 기타,안전운전불이행,건조,맑음,교차로 - 교차로안,승합,남,59세,상해없음,보행자,남,80세,경상
2019041800100130,2019년 4월 18일 08시,목요일,전라남도 목포시 상동,경상사고,0,0,1,0,차대사람 - 횡단중,안전운전불이행,건조,맑음,교차로 - 교차로안,이륜,남,61세,상해없음,보행자,여,65세,경상
2019041800100131,2019년 4월 18일 08시,목요일,전라남도 여수시 여서동,중상사고,0,1,0,0,차대사람 - 기타,안전운전불이행,건조,맑음,교차로 - 교차로안,승용,여,30세,상해없음,보행자,남,67세,중상
2019041800100132,2019년 4월 18일 08시,목요일,전라남도 여수시 둔덕동,경상사고,0,0,1,0,차대차 - 추돌,안전운전불이행,건조,맑음,교차로 - 교차로부근,화물,남,51세,상해없음,건설기계,남,47세,경상
2019041800100133,2019년 4월 18일 08시,목요일,전라남도 영암군 영암읍,경상사고,0,0,1,0,차대차 - 측면충돌,안전운전불이행,건조,맑음,교차로 - 교차로안,승용,여,39세,경상,승용,남,64세,상해없음
2019041800100174,2019년 4월 18일 09시,목요일,전라남도 무안군 일로읍,경상사고,0,0,1,0,차대사람 - 차도통행중,안전운전불이행,건조,맑음,단일로 - 기타,이륜,남,42세,상해없음,보행자,남,67세,경상
2019041800100206,2019년 4월 18일 10시,목요일,전라남도 화순군 화순읍,경상사고,0,0,2,0,차대차 - 추돌,안전운전불이행,건조,맑음,단일로 - 기타,승용,남,72세,상해없음,승용,남,53세,경상
2019041800100207,2019년 4월 18일 10시,목요일,전라남도 강진군 옴천면,중상사고,0,1,0,0,차대차 - 기타,기타,건조,맑음,교차로 - 교차로부근,화물,남,61세,상해없음,원동기,남,86세,중상
2019041800100238,2019년 4월 18일 11시,목요일,전라남도 목포시 상동,중상사고,0,1,2,0,차대차 - 측면충돌,교차로운행방법위반,건조,맑음,교차로 - 교차로안,승용,여,27세,중상,승용,남,72세,경상
2019041800100239,2019년 4월 18일 11시,목요일,전라남도 신안군 압해읍,중상사고,0,1,0,0,차대사람 - 기타,안전운전불이행,건조,맑음,기타 - 기타,화물,남,33세,상해없음,보행자,여,49세,중상
2019041800100269,2019년 4월 18일 12시,목요일,전라남도 목포시 용당동,경상사고,0,0,3,0,차대차 - 측면충돌,안전운전불이행,건조,맑음,단일로 - 기타,승용,남,76세,상해없음,승용,남,28세,경상