사고번호,사고일시,요일,시군구,사고내용,사망자수,중상자수,경상자수,부상신고자수,사고유형,법규위반,노면상태,기상상태,도로형태,가해운전자 차종,가해운전자 성별,가해운전자 연령,가해운전자 상해정도,피해운전자 차종,피해운전자 성별,피해운전자 연령,피해운전자 상해정도
2019041800100270,2019년 4월 18일 12시,목요일,전라남도 여수시 소라면,경상사고,0,0,1,0,차대차 - 측면충돌,안전운전불이행,건조,맑음,교차로 - 교차로안,원동기,남,86세,상해없음,화물,남,49세,상해없음
2019041800100271,2019년 4월 18일 12시,목요일,전라남도 함평군 손불면,경상사고,0,0,2,0,차대차 - 기타,교차로운행방법위반,건조,맑음,교차로 - 교차로안,화물,남,77세,상해없음,승합,남,55세,경상
2019041800100272,2019년 4월 18일 12시,목요일,전라남도 무안군 삼향읍,경상사고,0,0,1,0,차대차 - 추돌,신호위반,건조,맑음,교차로 - 교차로안,승용,여,29세,상해없음,화물,남,45세,경상
2019041800100307,2019년 4월 18일 13시,목요일,전라남도 해남군 화원면,사망사고,1,0,0,0,차대차 - 측면충돌,교차로운행방법위반,건조,맑음,교차로 - 교차로안,사륜오토바이(ATV),남,36세,사망,화물,남,69세,상해없음
2019041800100308,2019년 4월 18일 13시,목요일,전라남도 영암군 영암읍,경상사고,0,0,2,0,차대차 - 추돌,안전운전불이행,건조,맑음,교차로 - 교차로부근,승용,남,65세,경상,화물,남,68세,경상
2019041800100339,2019년 4월 18일 14시,목요일,전라남도 해남군 해남읍,부상신고사고,0,0,0,1,차량단독 - 공작물충돌,안전운전불이행,건조,맑음,교차로 - 교차로부근,승용,여,72세,부상신고,,,,
2019041800100340,2019년 4월 18일 14시,목요일,전라남도 영광군 영광읍,중상사고,0,2,2,0,차대차 - 추돌,안전운전불이행,건조,맑음,단일로 - 기타,화물,남,67세,중상,승용,남,48세,경상
2019041800100341,2019년 4월 18일 14시,목요일,전라남도 영암군 군서면,경상사고,0,0,1,0,차대차 - 측면충돌,안전운전불이행,건조,맑음,교차로 - 교차로안,승용,여,68세,상해없음,농기계,남,78세,경상
2019041800100342,2019년 4월 18일 14시,목요일,전라남도 장성군 황룡면,경상사고,0,0,2,0,차대차 - 기타,교차로운행방법위반,건조,맑음,교차로 - 교차로안,화물,남,54세,상해없음,승용,여,57세,경상
2019041800100373,2019년 4월 18일 15시,목요일,전라남도 순천시 별량면,경상사고,0,0,7,0,차대차 - 추돌,안전운전불이행,건조,맑음,교차로 - 교차로안,화물,남,46세,상해없음,승용,남,53세,경상
2019041800100374,2019년 4월 18일 15시,목요일,전라남도 광양시 광양읍,경상사고,0,0,1,0,차대사람 - 횡단중,안전운전불이행,건조,맑음,단일로 - 기타,승용,남,44세,상해없음,보행자,남,50세,경상
2019041800100411,2019년 4월 18일 16시,목요일,전라남도 목포시 산정동,중상사고,0,1,0,0,차대차 - 측면충돌,직진우회전진행방해,건조,맑음,교차로 - 교차로안,승용,남,61세,상해없음,자전거,남,55세,중상
2019041800100412,2019년 4월 18일 16시,목요일,전라남도 신안군 증도면,중상사고,0,1,4,0,차대차 - 추돌,안전운전불이행,건조,맑음,교차로 - 교차로안,이륜,남,78세,중상,승용,남,64세,경상
2019041800100413,2019년 4월 18일 16시,목요일,전라남도 여수시 월내동,경상사고,0,0,1,0,차대차 - 측면충돌,안전운전불이행,건조,맑음,단일로 - 기타,특수,남,56세,상해없음,화물,남,43세,경상
2019041800100414,2019년 4월 18일 16시,목요일,전라남도 순천시 남정동,경상사고,0,0,1,0,차대차 - 기타,직진우회전진행방해,건조,맑음,교차로 - 교차로안,승용,여,41세,경상,승용,여,62세,상해없음
2019041800100487,2019년 4월 18일 18시,목요일,전라남도 순천시 연향동,경상사고,0,0,1,0,차대차 - 기타,직진우회전진행방해,건조,맑음,교차로 - 교차로안,승용,여,36세,상해없음,이륜,남,20세,경상
2019041800100488,2019년 4월 18일 18시,목요일,전라남도 영암군 삼호읍,경상사고,0,0,1,1,차대차 - 정면충돌,중앙선침범,건조,맑음,단일로 - 기타,승용,남,18세,상해없음,승용,남,45세,경상
2019041800100524,2019년 4월 18일 19시,목요일,전라남도 목포시 연산동,경상사고,0,0,1,0,차대차 - 기타,안전거리미확보,건조,맑음,단일로 - 기타,승용,남,72세,상해없음,승용,남,47세,상해없음
2019041900100078,2019년 4월 19일 06시,금요일,전라남도 광양시 황길동,중상사고,0,1,0,0,차대차 - 측면충돌,안전운전불이행,건조,맑음,단일로 - 기타,승용,남,51세,상해없음,자전거,남,74세,중상
2019041900100102,2019년 4월 19일 07시,금요일,전라남도 진도군 임회면,중상사고,0,1,0,0,차대차 - 측면충돌,교차로운행방법위반,건조,맑음,교차로 - 교차로안,농기계,남,78세,중상,승합,남,55세,상해없음
2019041900100139,2019년 4월 19일 08시,금요일,전라남도 순천시 오천동,경상사고,0,0,1,0,차대사람 - 기타,보행자보호의무위반,건조,맑음,교차로 - 교차로횡단보도내,승용,여,42세,상해없음,보행자,남,7세,경상
2019041900100173,2019년 4월 19일 09시,금요일,전라남도 목포시 상락동1가,경상사고,0,0,1,0,차대차 - 측면충돌,안전운전불이행,건조,맑음,기타 - 기타,화물,남,33세,상해없음,승용,여,82세,경상
2019041900100174,2019년 4월 19일 09시,금요일,전라남도 순천시 조례동,경상사고,0,0,1,0,차대차 - 기타,교차로운행방법위반,건조,맑음,교차로 - 교차로안,화물,남,65세,상해없음,승용,여,41세,경상
2019041900100175,2019년 4월 19일 09시,금요일,전라남도 보성군 회천면,경상사고,0,0,1,0,차대차 - 측면충돌,중앙선침범,건조,맑음,단일로 - 기타,화물,남,69세,상해없음,화물,남,60세,경상
2019041900100176,2019년 4월 19일 09시,금요일,전라남도 담양군 대전면,경상사고,0,0,1,0,차대사람 - 횡단중,안전운전불이행,건조,흐림,교차로 - 교차로안,승용,남,70세,상해없음,보행자,여,59세,경상
2019041900100177,2019년 4월 19일 09시,금요일,전라남도 완도군 완도읍,중상사고,0,1,0,0,차대사람 - 기타,안전운전불이행,건조,맑음,단일로 - 기타,승용,남,73세,상해없음,보행자,여,75세,중상
2019041900100178,2019년 4월 19일 09시,금요일,전라남도 광양시 태인동,경상사고,0,0,1,0,차대차 - 측면충돌,안전운전불이행,건조,흐림,단일로 - 기타,화물,남,50세,상해없음,승용,여,50세,경상
2019041900100179,2019년 4월 19일 09시,금요일,전라남도 광양시 광양읍,중상사고,0,1,1,0,차대차 - 기타,안전거리미확보,건조,맑음,기타 - 기타,승용,여,55세,중상,특수,남,58세,경상
2019041900100216,2019년 4월 19일 10시,금요일,전라남도 여수시 고소동,중상사고,0,1,2,0,차대차 - 측면충돌,교차로운행방법위반,건조,맑음,교차로 - 교차로안,승용,여,35세,경상,승용,여,55세,경상
2019041900100217,2019년 4월 19일 10시,금요일,전라남도 해남군 해남읍,경상사고,0,0,2,0,차대차 - 추돌,안전운전불이행,건조,맑음,단일로 - 기타,승용,남,78세,기타불명,승용,여,57세,경상
2019041900100218,2019년 4월 19일 10시,금요일,전라남도 영광군 영광읍,경상사고,0,0,3,0,차대차 - 측면충돌,직진우회전진행방해,건조,흐림,교차로 - 교차로안,승용,여,35세,경상,승합,남,29세,경상
2019041900100253,2019년 4월 19일 11시,금요일,전라남도 목포시 산정동,중상사고,0,1,0,0,차대차 - 측면충돌,직진우회전진행방해,건조,맑음,교차로 - 교차로안,승용,남,70세,상해없음,자전거,여,77세,중상
2019041900100254,2019년 4월 19일 11시,금요일,전라남도 목포시 산정동,경상사고,0,0,2,0,차대차 - 측면충돌,신호위반,건조,맑음,교차로 - 교차로안,승용,남,67세,상해없음,승용,남,68세,경상
2019041900100255,2019년 4월 19일 11시,금요일,전라남도 여수시 소라면,경상사고,0,0,2,0,차대차 - 측면충돌,신호위반,건조,맑음,교차로 - 교차로안,원동기,남,46세,상해없음,승용,남,56세,경상
2019041900100283,2019년 4월 19일 12시,금요일,전라남도 여수시 서교동,경상사고,0,0,1,0,차대차 - 측면충돌,차로위반,건조,맑음,교차로 - 교차로안,원동기,남,66세,경상,화물,남,51세,상해없음
2019041900100318,2019년 4월 19일 13시,금요일,전라남도 나주시 산포면,경상사고,0,0,1,0,차대차 - 측면충돌,직진우회전진행방해,건조,맑음,교차로 - 교차로안,화물,남,57세,상해없음,화물,남,32세,경상
2019041900100319,2019년 4월 19일 13시,금요일,전라남도 보성군 보성읍,경상사고,0,0,2,0,차대차 - 측면충돌,기타,건조,맑음,교차로 - 교차로안,승합,남,57세,상해없음,승용,남,33세,상해없음
2019041900100320,2019년 4월 19일 13시,금요일,전라남도 장성군 장성읍,중상사고,0,1,0,0,차대사람 - 기타,안전운전불이행,건조,맑음,단일로 - 기타,화물,남,61세,상해없음,보행자,여,90세 이상,중상
2019041900100361,2019년 4월 19일 14시,금요일,전라남도 무안군 해제면,중상사고,0,1,0,0,차대차 - 기타,안전운전불이행,건조,맑음,교차로 - 교차로안,사륜오토바이(ATV),남,83세,상해없음,승합,남,53세,상해없음
2019041900100362,2019년 4월 19일 14시,금요일,전라남도 광양시 진상면,경상사고,0,0,1,0,차량단독 - 공작물충돌,안전운전불이행,건조,흐림,교차로 - 교차로부근,특수,남,51세,경상,,,,
2019041900100428,2019년 4월 19일 16시,금요일,전라남도 목포시 용당동,중상사고,0,1,0,0,차대차 - 측면충돌,안전운전불이행,건조,맑음,교차로 - 교차로안,승용,남,35세,상해없음,이륜,남,39세,중상
2019041900100478,2019년 4월 19일 17시,금요일,전라남도 여수시 소라면,경상사고,0,0,1,0,차대차 - 추돌,안전거리미확보,건조,맑음,단일로 - 터널,승용,남,54세,상해없음,승용,남,59세,상해없음
2019041900100479,2019년 4월 19일 17시,금요일,전라남도 담양군 담양읍,경상사고,0,0,3,0,차대차 - 기타,과속,건조,맑음,단일로 - 기타,승용,여,34세,경상,승용,남,48세,상해없음
2019041900100535,2019년 4월 19일 18시,금요일,전라남도 순천시 풍덕동,경상사고,0,0,2,0,차대차 - 측면충돌,안전운전불이행,건조,맑음,기타 - 기타,승용,남,27세,기타불명,승용,남,31세,경상
2019041900100580,2019년 4월 19일 19시,금요일,전라남도 목포시 산정동,경상사고,0,0,1,0,차대사람 - 기타,안전운전불이행,건조,맑음,교차로 - 교차로안,화물,여,59세,상해없음,보행자,남,52세,경상
2019041900100611,2019년 4월 19일 20시,금요일,전라남도 해남군 옥천면,경상사고,0,0,1,0,차대차 - 측면충돌,안전운전불이행,건조,맑음,단일로 - 기타,화물,남,63세,상해없음,승용,남,45세,경상
2019041900100643,2019년 4월 19일 21시,금요일,전라남도 함평군 해보면,중상사고,0,1,0,0,차량단독 - 공작물충돌,안전운전불이행,건조,맑음,단일로 - 기타,화물,남,44세,중상,,,,
2019041900100682,2019년 4월 19일 22시,금요일,전라남도 고흥군 동강면,사망사고,1,0,0,0,차대차 - 추돌,안전운전불이행,건조,맑음,단일로 - 기타,화물,남,45세,사망,승합,남,33세,상해없음
2019042000100054,2019년 4월 20일 01시,토요일,전라남도 순천시 조례동,중상사고,0,1,0,0,차대사람 - 횡단중,신호위반,건조,맑음,교차로 - 교차로횡단보도내,승용,남,22세,상해없음,보행자,여,20세,중상
2019042000100073,2019년 4월 20일 02시,토요일,전라남도 신안군 암태면,중상사고,0,2,1,0,차대차 - 측면충돌,중앙선침범,건조,맑음,단일로 - 교량,승용,남,72세,상해없음,승용,남,44세,경상
2019042000100134,2019년 4월 20일 07시,토요일,전라남도 장성군 장성읍,중상사고,0,1,0,0,차대차 - 측면충돌,안전운전불이행,건조,맑음,교차로 - 교차로안,승용,남,72세,상해없음,승용,여,57세,중상
2019042000100135,2019년 4월 20일 07시,토요일,전라남도 광양시 중동,중상사고,0,1,2,0,차대차 - 측면충돌,교차로운행방법위반,건조,맑음,교차로 - 교차로안,승용,남,56세,경상,승용,남,39세,경상
2019042000100173,2019년 4월 20일 09시,토요일,전라남도 여수시 소호동,중상사고,0,1,1,0,차대차 - 정면충돌,신호위반,건조,맑음,교차로 - 교차로안,승용,여,39세,상해없음,승용,남,55세,경상
2019042000100174,2019년 4월 20일 09시,토요일,전라남도 영광군 군서면,경상사고,0,0,3,0,차대차 - 후진중충돌,안전운전불이행,건조,맑음,교차로 - 교차로안,화물,남,76세,상해없음,승용,남,60세,경상
2019042000100175,2019년 4월 20일 09시,토요일,전라남도 영암군 금정면,중상사고,0,1,2,0,차대차 - 측면충돌,신호위반,건조,맑음,교차로 - 교차로안,화물,남,74세,상해없음,화물,남,54세,경상
2019042000100176,2019년 4월 20일 09시,토요일,전라남도 광양시 광양읍,중상사고,0,1,0,0,차대사람 - 기타,안전운전불이행,건조,맑음,교차로 - 교차로안,승용,여,58세,상해없음,보행자,여,66세,중상
2019042000100215,2019년 4월 20일 10시,토요일,전라남도 여수시 미평동,경상사고,0,0,1,0,차대차 - 기타,안전운전불이행,건조,맑음,교차로 - 교차로안,화물,남,58세,상해없음,자전거,남,62세,경상
2019042000100253,2019년 4월 20일 11시,토요일,전라남도 순천시 풍덕동,경상사고,0,0,1,0,차대차 - 기타,중앙선침범,건조,맑음,단일로 - 기타,자전거,남,36세,경상,승용,여,63세,상해없음
2019042000100289,2019년 4월 20일 12시,토요일,전라남도 여수시 여서동,경상사고,0,0,1,0,차대차 - 측면충돌,안전운전불이행,건조,맑음,단일로 - 기타,승용,남,57세,상해없음,이륜,여,63세,경상
2019042000100290,2019년 4월 20일 12시,토요일,전라남도 나주시 금천면,경상사고,0,0,2,0,차대차 - 측면충돌,안전운전불이행,건조,맑음,단일로 - 기타,승용,여,21세,상해없음,화물,남,56세,경상
2019042000100291,2019년 4월 20일 12시,토요일,전라남도 영암군 삼호읍,경상사고,0,0,1,0,차대차 - 측면충돌,신호위반,건조,맑음,교차로 - 교차로부근,이륜,남,60세,경상,승용,여,38세,상해없음
2019042000100292,2019년 4월 20일 12시,토요일,전라남도 장성군 북이면,중상사고,0,1,0,0,차대차 - 기타,안전운전불이행,건조,맑음,단일로 - 기타,이륜,남,53세,중상,승용,여,48세,상해없음
2019042000100340,2019년 4월 20일 13시,토요일,전라남도 순천시 조례동,중상사고,0,1,1,0,차대차 - 추돌,안전거리미확보,건조,맑음,단일로 - 기타,승용,남,60세,상해없음,화물,남,53세,중상
2019042000100376,2019년 4월 20일 14시,토요일,전라남도 목포시 옥암동,중상사고,0,1,0,0,차대차 - 기타,교차로운행방법위반,건조,맑음,교차로 - 교차로부근,승용,남,45세,상해없음,자전거,남,13세,중상
2019042000100377,2019년 4월 20일 14시,토요일,전라남도 여수시 문수동,경상사고,0,0,5,0,차대차 - 측면충돌,안전운전불이행,건조,맑음,교차로 - 교차로안,승용,여,21세,경상,승용,여,44세,경상
2019042000100378,2019년 4월 20일 14시,토요일,전라남도 강진군 강진읍,경상사고,0,0,2,0,차대차 - 측면충돌,직진우회전진행방해,건조,맑음,교차로 - 교차로안,승용,여,36세,경상,승용,여,56세,경상
2019042000100414,2019년 4월 20일 15시,토요일,전라남도 순천시 연향동,중상사고,0,1,7,0,차대차 - 측면충돌,안전운전불이행,건조,맑음,단일로 - 기타,승용,남,60세,상해없음,승합,남,66세,경상
2019042000100450,2019년 4월 20일 16시,토요일,전라남도 여수시 미평동,경상사고,0,0,2,0,차대사람 - 횡단중,보행자보호의무위반,건조,맑음,교차로 - 교차로횡단보도내,승용,남,71세,상해없음,보행자,남,6세,경상
2019042000100451,2019년 4월 20일 16시,토요일,전라남도 순천시 대룡동,경상사고,0,0,1,0,차대차 - 기타,안전운전불이행,건조,맑음,교차로 - 교차로안,사륜오토바이(ATV),여,81세,경상,승용,남,29세,상해없음
2019042000100490,2019년 4월 20일 17시,토요일,전라남도 신안군 압해읍,경상사고,0,0,1,0,차대차 - 기타,안전운전불이행,건조,맑음,교차로 - 교차로안,승용,남,68세,상해없음,승용,여,37세,경상
2019042000100491,2019년 4월 20일 17시,토요일,전라남도 무안군 망운면,중상사고,0,1,2,0,차대차 - 측면충돌,기타,건조,맑음,교차로 - 교차로부근,화물,남,50세,경상,승용,남,35세,중상
2019042000100562,2019년 4월 20일 19시,토요일,전라남도 함평군 학교면,경상사고,0,0,3,0,차대차 - 추돌,안전운전불이행,건조,맑음,교차로 - 교차로부근,화물,남,69세,상해없음,승용,남,53세,경상
2019042000100563,2019년 4월 20일 19시,토요일,전라남도 광양시 광양읍,경상사고,0,0,1,0,차대사람 - 횡단중,보행자보호의무위반,건조,맑음,교차로 - 교차로횡단보도내,승용,남,43세,상해없음,보행자,남,51세,경상
2019042000100590,2019년 4월 20일 20시,토요일,전라남도 영암군 삼호읍,경상사고,0,0,1,0,차대차 - 기타,안전운전불이행,건조,맑음,교차로 - 교차로부근,화물,여,58세,상해없음,승용,남,32세,경상
2019042000100591,2019년 4월 20일 20시,토요일,전라남도 영암군 삼호읍,경상사고,0,0,1,0,차량단독 - 기타,안전운전불이행,건조,맑음,단일로 - 기타,승용,남,51세,경상,,,,
2019042000100592,2019년 4월 20일 20시,토요일,전라남도 영암군 삼호읍,경상사고,0,0,1,0,차량단독 - 기타,안전운전불이행,건조,맑음,단일로 - 기타,승용,남,27세,경상,,,,
2019042000100628,2019년 4월 20일 21시,토요일,전라남도 무안군 무안읍,경상사고,0,0,1,0,차대차 - 추돌,안전운전불이행,건조,맑음,교차로 - 교차로부근,승용,남,39세,상해없음,승용,남,44세,경상
2019042000100660,2019년 4월 20일 22시,토요일,전라남도 고흥군 도양읍,경상사고,0,0,2,0,차대차 - 추돌,안전운전불이행,건조,맑음,단일로 - 기타,승용,남,32세,상해없음,승용,남,47세,경상
2019042100100056,2019년 4월 21일 02시,일요일,전라남도 나주시 산포면,경상사고,0,0,3,0,차대차 - 추돌,안전운전불이행,건조,맑음,단일로 - 기타,승용,남,32세,상해없음,승용,남,57세,경상
2019042100100057,2019년 4월 21일 02시,일요일,전라남도 장성군 북이면,중상사고,0,1,1,0,차량단독 - 공작물충돌,안전운전불이행,건조,맑음,단일로 - 기타,승용,여,46세,상해없음,,,,
2019042100100071,2019년 4월 21일 03시,일요일,전라남도 목포시 상동,경상사고,0,0,1,0,차대차 - 기타,안전운전불이행,건조,흐림,단일로 - 기타,승용,남,23세,상해없음,승용,남,51세,경상
2019042100100072,2019년 4월 21일 03시,일요일,전라남도 여수시 돌산읍,중상사고,0,2,4,0,차대차 - 측면충돌,중앙선침범,건조,맑음,단일로 - 기타,승용,여,45세,경상,승용,남,25세,중상
2019042100100086,2019년 4월 21일 05시,일요일,전라남도 고흥군 도화면,중상사고,0,1,1,0,차량단독 - 도로외이탈 - 기타,안전운전불이행,건조,맑음,교차로 - 교차로안,화물,남,75세,중상,,,,
2019042100100095,2019년 4월 21일 06시,일요일,전라남도 영광군 묘량면,사망사고,1,1,0,0,차대차 - 추돌,안전운전불이행,건조,맑음,단일로 - 기타,화물,여,29세,사망,농기계,남,68세,중상
2019042100100096,2019년 4월 21일 06시,일요일,전라남도 영암군 삼호읍,경상사고,0,0,2,0,차대차 - 추돌,안전운전불이행,건조,맑음,단일로 - 기타,승용,남,52세,경상,승용,남,48세,경상
2019042100100136,2019년 4월 21일 09시,일요일,전라남도 목포시 산정동,중상사고,0,1,0,0,차대차 - 측면충돌,신호위반,건조,맑음,교차로 - 교차로안,이륜,남,53세,중상,승용,남,37세,상해없음
2019042100100137,2019년 4월 21일 09시,일요일,전라남도 고흥군 점암면,경상사고,0,0,2,0,차대차 - 기타,중앙선침범,건조,맑음,단일로 - 기타,승용,여,51세,상해없음,승용,남,80세,경상
2019042100100161,2019년 4월 21일 10시,일요일,전라남도 목포시 산정동,경상사고,0,0,1,0,차대사람 - 기타,안전운전불이행,건조,맑음,단일로 - 기타,승용,여,29세,상해없음,보행자,여,14세,경상
2019042100100162,2019년 4월 21일 10시,일요일,전라남도 목포시 용당동,경상사고,0,0,3,0,차대차 - 기타,안전운전불이행,건조,맑음,기타 - 기타,승용,남,25세,경상,승용,여,52세,경상
2019042100100163,2019년 4월 21일 10시,일요일,전라남도 순천시 연향동,중상사고,0,1,0,0,차대차 - 측면충돌,교차로운행방법위반,건조,맑음,교차로 - 교차로안,특수,남,58세,상해없음,승용,여,38세,중상
2019042100100207,2019년 4월 21일 12시,일요일,전라남도 목포시 산정동,경상사고,0,0,2,0,차대차 - 측면충돌,안전운전불이행,건조,맑음,단일로 - 기타,승용,남,38세,상해없음,승용,남,54세,경상
2019042100100279,2019년 4월 21일 15시,일요일,전라남도 고흥군 도화면,중상사고,0,3,0,0,차대차 - 측면충돌,중앙선침범,건조,맑음,단일로 - 기타,화물,남,25세,중상,화물,남,69세,중상
2019042100100280,2019년 4월 21일 15시,일요일,전라남도 무안군 해제면,경상사고,0,0,1,0,차대차 - 기타,안전운전불이행,건조,맑음,단일로 - 기타,농기계,남,81세,상해없음,화물,여,57세,경상
2019042100100281,2019년 4월 21일 15시,일요일,전라남도 진도군 임회면,경상사고,0,0,1,0,차대사람 - 차도통행중,안전운전불이행,젖음/습기,맑음,기타 - 기타,승용,여,55세,상해없음,보행자,남,56세,경상
2019042100100303,2019년 4월 21일 16시,일요일,전라남도 화순군 화순읍,경상사고,0,0,1,0,차대사람 - 횡단중,안전운전불이행,건조,맑음,교차로 - 교차로안,승용,여,41세,상해없음,보행자,남,6세,경상
2019042100100304,2019년 4월 21일 16시,일요일,전라남도 무안군 운남면,사망사고,1,0,0,0,차대사람 - 기타,안전운전불이행,건조,맑음,교차로 - 교차로부근,승합,남,20세,상해없음,보행자,남,74세,사망
2019042100100326,2019년 4월 21일 17시,일요일,전라남도 화순군 화순읍,경상사고,0,0,1,1,차대차 - 추돌,안전운전불이행,건조,맑음,단일로 - 기타,승용,남,35세,상해없음,승용,남,42세,경상
2019042100100327,2019년 4월 21일 17시,일요일,전라남도 담양군 대전면,경상사고,0,0,3,0,차대차 - 측면충돌,안전운전불이행,건조,맑음,단일로 - 기타,화물,남,62세,경상,승용,여,56세,경상
2019042100100384,2019년 4월 21일 19시,일요일,전라남도 신안군 임자면,경상사고,0,0,1,0,차대차 - 기타,안전거리미확보,건조,흐림,단일로 - 기타,승용,남,64세,기타불명,승용,남,44세,경상
2019042100100405,2019년 4월 21일 20시,일요일,전라남도 목포시 호남동,경상사고,0,0,1,0,차대사람 - 기타,안전운전불이행,건조,맑음,단일로 - 기타,승용,여,70세,상해없음,보행자,남,64세,경상
2019042100100406,2019년 4월 21일 20시,일요일,전라남도 광양시 광양읍,중상사고,0,1,0,0,차대차 - 기타,안전운전불이행,건조,맑음,단일로 - 기타,승용,남,55세,상해없음,이륜,남,36세,중상
2019042100100440,2019년 4월 21일 21시,일요일,전라남도 여수시 여서동,경상사고,0,0,4,0,차대차 - 측면충돌,교차로운행방법위반,건조,맑음,교차로 - 교차로안,승용,남,50세,경상,승용,남,28세,경상
2019042100100461,2019년 4월 21일 22시,일요일,전라남도 여수시 중앙동,경상사고,0,0,1,0,차대사람 - 길가장자리구역통행중,안전운전불이행,건조,맑음,교차로 - 교차로부근,승용,남,27세,상해없음,보행자,남,33세,경상
2019042100100462,2019년 4월 21일 22시,일요일,전라남도 광양시 중동,경상사고,0,0,2,0,차대차 - 측면충돌,교차로운행방법위반,건조,맑음,교차로 - 교차로안,승용,남,29세,경상,승용,여,46세,경상
2019042200100041,2019년 4월 22일 04시,월요일,전라남도 여수시 봉산동,부상신고사고,0,0,0,1,차대차 - 측면충돌,중앙선침범,건조,맑음,단일로 - 기타,이륜,남,34세,부상신고,승용,남,40세,상해없음
2019042200100070,2019년 4월 22일 06시,월요일,전라남도 여수시 웅천동,경상사고,0,0,1,0,차대차 - 측면충돌,신호위반,건조,맑음,교차로 - 교차로부근,승용,여,65세,상해없음,개인형이동수단(PM),남,53세,경상
2019042200100095,2019년 4월 22일 07시,월요일,전라남도 신안군 압해읍,중상사고,0,1,0,0,차대사람 - 횡단중,보행자보호의무위반,건조,맑음,단일로 - 기타,화물,여,53세,상해없음,보행자,남,67세,중상
2019042200100096,2019년 4월 22일 07시,월요일,전라남도 여수시 주삼동,경상사고,0,0,1,0,차대차 - 추돌,안전운전불이행,건조,맑음,단일로 - 기타,승용,남,53세,상해없음,승용,남,46세,경상
2019042200100097,2019년 4월 22일 07시,월요일,전라남도 강진군 성전면,부상신고사고,0,0,0,1,차대차 - 추돌,안전운전불이행,건조,맑음,단일로 - 기타,승용,남,39세,부상신고,화물,남,50세,상해없음
2019042200100136,2019년 4월 22일 08시,월요일,전라남도 목포시 옥암동,중상사고,0,1,1,0,차대차 - 측면충돌,안전운전불이행,건조,맑음,단일로 - 기타,승용,남,27세,상해없음,승합,남,63세,상해없음
2019042200100137,2019년 4월 22일 08시,월요일,전라남도 여수시 학동,경상사고,0,0,1,0,차대차 - 추돌,안전운전불이행,건조,맑음,교차로 - 교차로부근,승용,남,65세,상해없음,승용,여,48세,경상
2019042200100138,2019년 4월 22일 08시,월요일,전라남도 담양군 담양읍,경상사고,0,0,1,0,차대차 - 기타,안전운전불이행,건조,맑음,단일로 - 기타,화물,남,56세,상해없음,승용,남,62세,경상
2019042200100139,2019년 4월 22일 08시,월요일,전라남도 무안군 일로읍,경상사고,0,0,2,0,차대차 - 측면충돌,교차로운행방법위반,건조,맑음,교차로 - 교차로안,화물,남,70세,상해없음,농기계,남,47세,경상
2019042200100193,2019년 4월 22일 09시,월요일,전라남도 화순군 화순읍,경상사고,0,0,1,0,차대사람 - 횡단중,안전운전불이행,건조,맑음,교차로 - 교차로부근,승합,여,49세,상해없음,보행자,여,78세,경상
2019042200100223,2019년 4월 22일 10시,월요일,전라남도 해남군 송지면,경상사고,0,0,1,0,차대차 - 추돌,안전운전불이행,건조,맑음,단일로 - 기타,사륜오토바이(ATV),여,59세,경상,승용,여,63세,상해없음
2019042200100261,2019년 4월 22일 11시,월요일,전라남도 여수시 율촌면,경상사고,0,0,3,0,차대차 - 추돌,안전운전불이행,건조,맑음,단일로 - 기타,화물,남,53세,상해없음,승용,남,40세,경상
2019042200100262,2019년 4월 22일 11시,월요일,전라남도 장흥군 회진면,경상사고,0,0,2,0,차대차 - 측면충돌,교차로운행방법위반,건조,맑음,교차로 - 교차로부근,사륜오토바이(ATV),남,66세,상해없음,이륜,남,79세,경상
2019042200100263,2019년 4월 22일 11시,월요일,전라남도 화순군 이서면,경상사고,0,0,1,0,차량단독 - 전도전복 - 전도,안전운전불이행,건조,맑음,단일로 - 기타,이륜,남,77세,경상,,,,
2019042200100264,2019년 4월 22일 11시,월요일,전라남도 강진군 군동면,경상사고,0,0,3,0,차대차 - 측면충돌,신호위반,건조,맑음,교차로 - 교차로안,승용,여,53세,경상,승용,남,75세,경상
2019042200100299,2019년 4월 22일 12시,월요일,전라남도 고흥군 남양면,경상사고,0,0,1,0,차대사람 - 기타,안전운전불이행,건조,맑음,단일로 - 기타,화물,남,59세,상해없음,보행자,남,82세,경상
2019042200100338,2019년 4월 22일 13시,월요일,전라남도 장흥군 장흥읍,경상사고,0,0,2,0,차대차 - 측면충돌,안전운전불이행,건조,맑음,단일로 - 기타,승용,남,75세,경상,승용,남,43세,경상
2019042200100339,2019년 4월 22일 13시,월요일,전라남도 순천시 서면,경상사고,0,0,2,0,차대차 - 기타,안전거리미확보,건조,맑음,단일로 - 기타,승용,남,18세,상해없음,화물,남,29세,경상
2019042200100376,2019년 4월 22일 14시,월요일,전라남도 순천시 가곡동,경상사고,0,0,2,0,차대차 - 측면충돌,교차로운행방법위반,건조,맑음,교차로 - 교차로안,화물,남,64세,경상,승용,남,24세,경상