사고번호,사고일시,요일,시군구,사고내용,사망자수,중상자수,경상자수,부상신고자수,사고유형,법규위반,노면상태,기상상태,도로형태,가해운전자 차종,가해운전자 성별,가해운전자 연령,가해운전자 상해정도,피해운전자 차종,피해운전자 성별,피해운전자 연령,피해운전자 상해정도
2019043000100443,2019년 4월 30일 17시,화요일,전라남도 여수시 화치동,경상사고,0,0,1,0,차대차 - 기타,안전운전불이행,건조,맑음,단일로 - 기타,승용,남,31세,상해없음,승용,남,57세,경상
2019043000100444,2019년 4월 30일 17시,화요일,전라남도 영암군 삼호읍,경상사고,0,0,1,0,차대차 - 후진중충돌,안전운전불이행,건조,맑음,단일로 - 기타,승용,남,39세,상해없음,승용,여,38세,경상
2019043000100551,2019년 4월 30일 20시,화요일,전라남도 목포시 석현동,경상사고,0,0,2,0,차대차 - 기타,안전운전불이행,건조,맑음,단일로 - 기타,승용,남,60세,상해없음,승용,남,58세,경상
2019043000100552,2019년 4월 30일 20시,화요일,전라남도 화순군 남면,경상사고,0,0,1,0,차대차 - 측면충돌,안전운전불이행,건조,맑음,교차로 - 교차로안,화물,남,70세,상해없음,화물,남,64세,경상
2019043000100581,2019년 4월 30일 21시,화요일,전라남도 순천시 연향동,경상사고,0,0,2,0,차대차 - 측면충돌,안전운전불이행,건조,맑음,단일로 - 기타,승용,남,57세,상해없음,승용,남,34세,경상
2019043000100645,2019년 4월 30일 23시,화요일,전라남도 여수시 화장동,경상사고,0,0,1,0,차대사람 - 차도통행중,안전운전불이행,건조,맑음,단일로 - 기타,승용,남,30세,기타불명,보행자,여,50세,경상
2019043000100646,2019년 4월 30일 23시,화요일,전라남도 여수시 미평동,경상사고,0,0,1,0,차대사람 - 횡단중,보행자보호의무위반,건조,맑음,교차로 - 교차로횡단보도내,승용,여,21세,상해없음,보행자,남,7세,경상
2019050100100068,2019년 5월 1일 02시,수요일,전라남도 목포시 상동,경상사고,0,0,1,0,차대차 - 측면충돌,신호위반,건조,맑음,교차로 - 교차로안,승용,남,32세,상해없음,승용,남,46세,경상
2019050100100080,2019년 5월 1일 03시,수요일,전라남도 나주시 평산동,경상사고,0,0,3,0,차대차 - 추돌,안전운전불이행,건조,맑음,단일로 - 기타,승용,남,37세,경상,승용,남,35세,경상
2019050100100092,2019년 5월 1일 04시,수요일,전라남도 영암군 삼호읍,경상사고,0,0,1,0,차대차 - 측면충돌,안전운전불이행,건조,맑음,단일로 - 기타,승용,남,33세,상해없음,승용,남,39세,경상
2019050100100102,2019년 5월 1일 05시,수요일,전라남도 장흥군 용산면,중상사고,0,2,1,0,차대차 - 측면충돌,교차로운행방법위반,건조,맑음,교차로 - 교차로안,승합,남,63세,경상,화물,남,66세,중상
2019050100100122,2019년 5월 1일 07시,수요일,전라남도 목포시 옥암동,경상사고,0,0,4,0,차대차 - 추돌,안전운전불이행,건조,맑음,단일로 - 기타,승용,남,62세,경상,승용,남,51세,상해없음
2019050100100138,2019년 5월 1일 08시,수요일,전라남도 목포시 산정동,중상사고,0,1,2,0,차대차 - 측면충돌,안전운전불이행,건조,맑음,단일로 - 기타,건설기계,남,50세,상해없음,승용,남,60세,경상
2019050100100202,2019년 5월 1일 11시,수요일,전라남도 여수시 학동,경상사고,0,0,1,0,차대차 - 측면충돌,교차로운행방법위반,건조,맑음,교차로 - 교차로안,승용,여,49세,상해없음,승용,남,39세,경상
2019050100100242,2019년 5월 1일 12시,수요일,전라남도 담양군 담양읍,경상사고,0,0,4,0,차대차 - 측면충돌,교차로운행방법위반,건조,맑음,교차로 - 교차로안,승용,여,41세,경상,승용,남,30세,경상
2019050100100243,2019년 5월 1일 12시,수요일,전라남도 광양시 광양읍,경상사고,0,0,3,0,차대차 - 측면충돌,안전운전불이행,건조,맑음,교차로 - 교차로안,승용,여,34세,경상,승용,남,44세,경상
2019050100100278,2019년 5월 1일 13시,수요일,전라남도 여수시 학동,경상사고,0,0,1,0,차대차 - 측면충돌,교차로운행방법위반,건조,맑음,단일로 - 기타,승용,남,72세,상해없음,이륜,남,54세,경상
2019050100100279,2019년 5월 1일 13시,수요일,전라남도 영광군 홍농읍,경상사고,0,0,1,0,차대사람 - 횡단중,안전운전불이행,건조,맑음,단일로 - 기타,승용,남,55세,상해없음,보행자,여,13세,경상
2019050100100314,2019년 5월 1일 14시,수요일,전라남도 여수시 화장동,경상사고,0,0,1,0,차대차 - 기타,안전운전불이행,건조,맑음,단일로 - 기타,이륜,남,79세,상해없음,승용,남,39세,경상
2019050100100352,2019년 5월 1일 15시,수요일,전라남도 광양시 진상면,중상사고,0,1,0,0,차대차 - 측면충돌,안전운전불이행,건조,맑음,교차로 - 교차로안,화물,남,59세,상해없음,이륜,남,54세,중상
2019050100100353,2019년 5월 1일 15시,수요일,전라남도 구례군 구례읍,부상신고사고,0,0,0,1,차대차 - 추돌,안전운전불이행,건조,맑음,단일로 - 기타,이륜,남,54세,부상신고,승용,남,37세,상해없음
2019050100100422,2019년 5월 1일 17시,수요일,전라남도 목포시 옥암동,경상사고,0,0,1,0,차대차 - 추돌,안전운전불이행,건조,맑음,단일로 - 기타,승용,남,57세,상해없음,승용,여,27세,경상
2019050100100423,2019년 5월 1일 17시,수요일,전라남도 여수시 여서동,경상사고,0,0,2,0,차대차 - 측면충돌,교차로운행방법위반,건조,맑음,교차로 - 교차로안,승용,여,46세,상해없음,승합,남,54세,경상
2019050100100495,2019년 5월 1일 19시,수요일,전라남도 곡성군 곡성읍,중상사고,0,1,0,0,차대차 - 정면충돌,안전운전불이행,건조,맑음,단일로 - 기타,승용,남,51세,상해없음,자전거,여,71세,중상
2019050100100554,2019년 5월 1일 21시,수요일,전라남도 여수시 화장동,경상사고,0,0,1,0,차대차 - 후진중충돌,안전운전불이행,건조,맑음,교차로 - 교차로부근,승용,남,41세,상해없음,승용,여,37세,경상
2019050100100587,2019년 5월 1일 23시,수요일,전라남도 목포시 옥암동,경상사고,0,0,1,0,차대차 - 기타,안전운전불이행,건조,맑음,단일로 - 기타,승용,남,48세,상해없음,승용,남,22세,경상
2019050200100068,2019년 5월 2일 06시,목요일,전라남도 여수시 웅천동,경상사고,0,0,1,0,차대차 - 측면충돌,교차로운행방법위반,건조,맑음,교차로 - 교차로안,화물,남,47세,상해없음,승용,남,54세,경상
2019050200100099,2019년 5월 2일 07시,목요일,전라남도 장흥군 장흥읍,경상사고,0,0,1,0,차대차 - 정면충돌,직진우회전진행방해,건조,맑음,교차로 - 교차로안,승용,여,26세,기타불명,승용,여,60세,경상
2019050200100146,2019년 5월 2일 08시,목요일,전라남도 여수시 신기동,경상사고,0,0,1,0,차대차 - 기타,불법유턴,건조,맑음,교차로 - 교차로안,승용,남,64세,상해없음,승용,여,27세,경상
2019050200100147,2019년 5월 2일 08시,목요일,전라남도 담양군 수북면,경상사고,0,0,3,0,차대차 - 측면충돌,안전운전불이행,건조,맑음,단일로 - 기타,승용,여,26세,경상,승용,남,58세,경상
2019050200100148,2019년 5월 2일 08시,목요일,전라남도 구례군 구례읍,경상사고,0,0,1,0,차대차 - 측면충돌,안전운전불이행,건조,맑음,단일로 - 기타,승용,여,36세,상해없음,승용,남,30세,경상
2019050200100186,2019년 5월 2일 09시,목요일,전라남도 장흥군 장흥읍,경상사고,0,0,2,0,차대차 - 측면충돌,교차로운행방법위반,건조,맑음,교차로 - 교차로안,화물,여,54세,상해없음,승용,남,71세,경상
2019050200100221,2019년 5월 2일 10시,목요일,전라남도 담양군 대덕면,중상사고,0,2,1,0,차대차 - 추돌,안전운전불이행,건조,맑음,단일로 - 기타,화물,남,35세,상해없음,승용,남,18세,경상
2019050200100259,2019년 5월 2일 11시,목요일,전라남도 곡성군 곡성읍,부상신고사고,0,0,0,1,차량단독 - 전도전복 - 전도,안전운전불이행,건조,맑음,교차로 - 교차로안,이륜,남,51세,부상신고,,,,
2019050200100293,2019년 5월 2일 12시,목요일,전라남도 해남군 옥천면,부상신고사고,0,0,0,1,차대차 - 측면충돌,중앙선침범,건조,맑음,교차로 - 교차로부근,이륜,남,71세,부상신고,승용,남,54세,상해없음
2019050200100319,2019년 5월 2일 13시,목요일,전라남도 목포시 용당동,경상사고,0,0,1,0,차대차 - 기타,교차로운행방법위반,건조,맑음,교차로 - 교차로안,승용,여,42세,상해없음,승용,남,70세,경상
2019050200100320,2019년 5월 2일 13시,목요일,전라남도 무안군 삼향읍,경상사고,0,0,1,0,차대차 - 추돌,불법유턴,건조,맑음,교차로 - 교차로부근,승합,남,64세,상해없음,승용,남,38세,상해없음
2019050200100366,2019년 5월 2일 14시,목요일,전라남도 신안군 압해읍,중상사고,0,1,0,0,차대차 - 기타,안전운전불이행,건조,맑음,단일로 - 기타,화물,남,59세,상해없음,농기계,남,78세,중상
2019050200100367,2019년 5월 2일 14시,목요일,전라남도 목포시 석현동,경상사고,0,0,1,0,차대차 - 기타,안전운전불이행,건조,맑음,단일로 - 기타,승합,남,46세,상해없음,승용,남,58세,경상
2019050200100405,2019년 5월 2일 15시,목요일,전라남도 광양시 중동,경상사고,0,0,1,0,차대사람 - 보도통행중,기타,건조,맑음,단일로 - 기타,승용,여,38세,상해없음,보행자,여,27세,경상
2019050200100443,2019년 5월 2일 16시,목요일,전라남도 목포시 용해동,경상사고,0,0,3,0,차대차 - 추돌,안전운전불이행,건조,맑음,단일로 - 터널,승용,남,20세,상해없음,승용,여,37세,경상
2019050200100444,2019년 5월 2일 16시,목요일,전라남도 영암군 학산면,경상사고,0,0,1,0,차대차 - 측면충돌,직진우회전진행방해,건조,맑음,교차로 - 교차로안,승합,남,47세,상해없음,화물,남,60세,경상
2019050200100491,2019년 5월 2일 17시,목요일,전라남도 나주시 산포면,중상사고,0,1,3,0,차대차 - 추돌,안전거리미확보,건조,맑음,단일로 - 기타,승용,남,60세,경상,승용,여,28세,경상
2019050200100541,2019년 5월 2일 18시,목요일,전라남도 목포시 중앙동2가,중상사고,0,3,1,0,차대차 - 기타,교차로운행방법위반,건조,맑음,교차로 - 교차로안,승용,남,72세,상해없음,승용,남,65세,경상
2019050200100542,2019년 5월 2일 18시,목요일,전라남도 목포시 상동,경상사고,0,0,1,0,차대사람 - 횡단중,기타,건조,맑음,기타 - 기타,이륜,남,29세,상해없음,보행자,남,10세,경상
2019050200100543,2019년 5월 2일 18시,목요일,전라남도 순천시 왕지동,경상사고,0,0,2,0,차대차 - 측면충돌,차로위반,건조,맑음,단일로 - 기타,승용,여,67세,상해없음,승용,남,36세,경상
2019050200100544,2019년 5월 2일 18시,목요일,전라남도 영암군 삼호읍,중상사고,0,1,1,0,차대차 - 추돌,안전운전불이행,건조,맑음,교차로 - 교차로안,승합,남,37세,경상,승용,남,42세,중상
2019050200100589,2019년 5월 2일 19시,목요일,전라남도 목포시 옥암동,경상사고,0,0,2,0,차대차 - 측면충돌,안전운전불이행,건조,맑음,단일로 - 기타,승용,남,31세,기타불명,승용,남,58세,경상
2019050200100590,2019년 5월 2일 19시,목요일,전라남도 순천시 조례동,경상사고,0,0,1,0,차대차 - 측면충돌,직진우회전진행방해,건조,맑음,교차로 - 교차로안,승용,남,28세,상해없음,이륜,남,18세,경상
2019050300100042,2019년 5월 3일 00시,금요일,전라남도 무안군 삼향읍,경상사고,0,0,3,0,차대차 - 측면충돌,안전운전불이행,건조,맑음,교차로 - 교차로안,승용,남,36세,경상,승용,남,46세,경상
2019050300100060,2019년 5월 3일 02시,금요일,전라남도 여수시 돌산읍,중상사고,0,2,0,0,차량단독 - 공작물충돌,안전운전불이행,건조,맑음,단일로 - 기타,승용,남,22세,중상,,,,
2019050300100151,2019년 5월 3일 08시,금요일,전라남도 목포시 용당동,경상사고,0,0,3,0,차대차 - 측면충돌,직진우회전진행방해,건조,맑음,교차로 - 교차로안,승용,남,79세,경상,화물,남,45세,경상
2019050300100152,2019년 5월 3일 08시,금요일,전라남도 목포시 옥암동,경상사고,0,0,1,0,차대차 - 기타,교차로운행방법위반,건조,맑음,교차로 - 교차로안,승용,여,67세,상해없음,승용,여,38세,경상
2019050300100153,2019년 5월 3일 08시,금요일,전라남도 목포시 연산동,경상사고,0,0,2,0,차대차 - 후진중충돌,안전운전불이행,건조,맑음,교차로 - 교차로안,승용,여,45세,경상,승용,여,46세,경상
2019050300100154,2019년 5월 3일 08시,금요일,전라남도 여수시 신기동,중상사고,0,1,3,1,차대차 - 측면충돌,교차로운행방법위반,건조,맑음,교차로 - 교차로안,승합,여,50세,부상신고,승용,남,67세,경상
2019050300100155,2019년 5월 3일 08시,금요일,전라남도 순천시 해룡면,경상사고,0,0,2,0,차대차 - 측면충돌,안전운전불이행,건조,맑음,단일로 - 기타,승용,여,37세,상해없음,승용,남,63세,경상
2019050300100156,2019년 5월 3일 08시,금요일,전라남도 해남군 화원면,경상사고,0,0,1,0,차대차 - 추돌,안전운전불이행,건조,맑음,단일로 - 기타,건설기계,남,64세,상해없음,화물,남,78세,경상
2019050300100157,2019년 5월 3일 08시,금요일,전라남도 영암군 영암읍,중상사고,0,1,0,0,차대차 - 측면충돌,안전운전불이행,건조,맑음,교차로 - 교차로안,승용,남,45세,상해없음,이륜,남,72세,중상
2019050300100201,2019년 5월 3일 09시,금요일,전라남도 여수시 문수동,부상신고사고,0,0,0,1,차대차 - 추돌,안전운전불이행,건조,맑음,교차로 - 교차로부근,승용,남,52세,상해없음,승용,남,38세,상해없음
2019050300100202,2019년 5월 3일 09시,금요일,전라남도 화순군 화순읍,경상사고,0,0,2,0,차대차 - 측면충돌,차로위반,건조,맑음,단일로 - 기타,승용,여,33세,경상,승용,남,39세,경상
2019050300100234,2019년 5월 3일 10시,금요일,전라남도 보성군 벌교읍,중상사고,0,1,0,0,차대사람 - 차도통행중,안전운전불이행,건조,맑음,단일로 - 기타,승용,여,57세,상해없음,보행자,남,87세,중상
2019050300100235,2019년 5월 3일 10시,금요일,전라남도 영암군 영암읍,중상사고,0,1,0,0,차대사람 - 보도통행중,안전운전불이행,건조,맑음,교차로 - 교차로부근,화물,남,59세,상해없음,보행자,여,71세,중상
2019050300100236,2019년 5월 3일 10시,금요일,전라남도 담양군 담양읍,경상사고,0,0,1,0,차대차 - 측면충돌,안전운전불이행,건조,맑음,단일로 - 기타,승용,남,53세,상해없음,승용,여,46세,경상
2019050300100271,2019년 5월 3일 11시,금요일,전라남도 여수시 선원동,중상사고,0,1,0,0,차대차 - 측면충돌,신호위반,건조,맑음,교차로 - 교차로안,승용,남,73세,상해없음,이륜,남,67세,중상
2019050300100272,2019년 5월 3일 11시,금요일,전라남도 여수시 소라면,중상사고,0,1,0,0,차대차 - 기타,신호위반,건조,맑음,교차로 - 교차로안,승용,남,67세,상해없음,승합,남,42세,상해없음
2019050300100273,2019년 5월 3일 11시,금요일,전라남도 고흥군 금산면,경상사고,0,0,1,0,차대차 - 측면충돌,안전운전불이행,건조,맑음,단일로 - 기타,화물,남,54세,상해없음,자전거,남,44세,경상
2019050300100303,2019년 5월 3일 12시,금요일,전라남도 여수시 화양면,중상사고,0,1,0,0,차대차 - 추돌,안전거리미확보,건조,맑음,단일로 - 기타,승합,남,41세,상해없음,승용,남,75세,중상
2019050300100304,2019년 5월 3일 12시,금요일,전라남도 광양시 태인동,경상사고,0,0,2,0,차대차 - 측면충돌,안전운전불이행,건조,맑음,단일로 - 기타,특수,남,43세,상해없음,승용,남,33세,경상
2019050300100346,2019년 5월 3일 13시,금요일,전라남도 담양군 담양읍,경상사고,0,0,2,0,차대차 - 측면충돌,교차로운행방법위반,건조,맑음,교차로 - 교차로안,승용,남,74세,상해없음,승용,남,25세,경상
2019050300100380,2019년 5월 3일 14시,금요일,전라남도 목포시 산정동,중상사고,0,1,0,0,차대차 - 측면충돌,안전운전불이행,건조,맑음,교차로 - 교차로안,이륜,남,76세,중상,승용,남,65세,상해없음
2019050300100381,2019년 5월 3일 14시,금요일,전라남도 여수시 학동,경상사고,0,0,1,0,차대차 - 측면충돌,교차로운행방법위반,건조,맑음,교차로 - 교차로안,승용,남,75세,상해없음,승용,남,40세,경상
2019050300100424,2019년 5월 3일 15시,금요일,전라남도 나주시 산포면,경상사고,0,0,2,0,차대차 - 측면충돌,직진우회전진행방해,건조,맑음,교차로 - 교차로안,승용,남,38세,상해없음,승용,남,48세,경상
2019050300100425,2019년 5월 3일 15시,금요일,전라남도 해남군 황산면,경상사고,0,0,1,0,차대차 - 추돌,안전운전불이행,건조,맑음,단일로 - 기타,화물,남,67세,상해없음,이륜,남,77세,경상
2019050300100426,2019년 5월 3일 15시,금요일,전라남도 담양군 봉산면,중상사고,0,3,0,0,차대차 - 측면충돌,교차로운행방법위반,건조,맑음,교차로 - 교차로안,화물,남,70세,중상,승용,여,58세,중상
2019050300100470,2019년 5월 3일 16시,금요일,전라남도 여수시 둔덕동,중상사고,0,1,0,1,차대사람 - 기타,안전운전불이행,건조,맑음,단일로 - 기타,승용,여,68세,부상신고,보행자,여,55세,중상
2019050300100471,2019년 5월 3일 16시,금요일,전라남도 나주시 빛가람동,경상사고,0,0,1,0,차대차 - 측면충돌,신호위반,건조,맑음,교차로 - 교차로안,승용,여,37세,상해없음,승용,남,35세,경상
2019050300100531,2019년 5월 3일 17시,금요일,전라남도 나주시 산포면,중상사고,0,1,0,0,차대차 - 측면충돌,안전운전불이행,건조,맑음,단일로 - 기타,승용,여,48세,상해없음,자전거,여,28세,중상
2019050300100532,2019년 5월 3일 17시,금요일,전라남도 영광군 영광읍,경상사고,0,0,1,0,차대사람 - 횡단중,보행자보호의무위반,건조,맑음,교차로 - 교차로횡단보도내,승용,여,39세,상해없음,보행자,여,79세,경상
2019050300100533,2019년 5월 3일 17시,금요일,전라남도 광양시 중동,경상사고,0,0,1,0,차대차 - 측면충돌,교차로운행방법위반,건조,맑음,교차로 - 교차로안,승용,여,61세,경상,승용,남,40세,상해없음
2019050300100590,2019년 5월 3일 18시,금요일,전라남도 여수시 동산동,중상사고,0,1,0,0,차대차 - 추돌,안전운전불이행,건조,맑음,단일로 - 기타,승용,남,26세,상해없음,개인형이동수단(PM),남,38세,중상
2019050300100591,2019년 5월 3일 18시,금요일,전라남도 나주시 중앙동,경상사고,0,0,5,0,차대차 - 측면충돌,직진우회전진행방해,건조,맑음,교차로 - 교차로안,승용,남,33세,상해없음,승용,여,21세,경상
2019050300100592,2019년 5월 3일 18시,금요일,전라남도 보성군 보성읍,부상신고사고,0,0,0,1,차대사람 - 횡단중,보행자보호의무위반,건조,맑음,기타 - 기타,승용,남,52세,상해없음,보행자,남,37세,부상신고
2019050300100627,2019년 5월 3일 19시,금요일,전라남도 순천시 조례동,중상사고,0,1,0,0,차대차 - 측면충돌,교차로운행방법위반,건조,맑음,교차로 - 교차로안,이륜,남,35세,중상,승용,남,31세,상해없음
2019050300100628,2019년 5월 3일 19시,금요일,전라남도 나주시 빛가람동,경상사고,0,0,1,0,차대차 - 측면충돌,교차로운행방법위반,건조,맑음,교차로 - 교차로안,화물,남,52세,상해없음,이륜,여,21세,경상
2019050300100629,2019년 5월 3일 19시,금요일,전라남도 완도군 신지면,경상사고,0,0,4,0,차량단독 - 공작물충돌,안전운전불이행,건조,맑음,단일로 - 기타,화물,남,42세,경상,,,,
2019050300100663,2019년 5월 3일 20시,금요일,전라남도 순천시 조례동,중상사고,0,1,1,0,차대차 - 측면충돌,교차로운행방법위반,건조,맑음,교차로 - 교차로안,승용,여,23세,상해없음,이륜,남,42세,중상
2019050300100703,2019년 5월 3일 21시,금요일,전라남도 여수시 여서동,중상사고,0,1,0,0,차대차 - 측면충돌,안전운전불이행,건조,맑음,교차로 - 교차로부근,승용,남,52세,상해없음,이륜,남,31세,중상
2019050300100704,2019년 5월 3일 21시,금요일,전라남도 여수시 국동,중상사고,0,1,0,0,차대차 - 측면충돌,신호위반,건조,맑음,교차로 - 교차로안,승합,남,52세,상해없음,승용,남,66세,중상
2019050300100731,2019년 5월 3일 22시,금요일,전라남도 여수시 돌산읍,중상사고,0,1,3,0,차대차 - 측면충돌,기타,건조,맑음,교차로 - 교차로안,승용,남,25세,상해없음,승용,남,60세,경상
2019050400100041,2019년 5월 4일 00시,토요일,전라남도 목포시 대양동,중상사고,0,1,0,0,차량단독 - 공작물충돌,안전운전불이행,건조,맑음,단일로 - 기타,승용,남,24세,상해없음,,,,
2019050400100073,2019년 5월 4일 02시,토요일,전라남도 함평군 나산면,중상사고,0,1,0,0,차대차 - 측면충돌,안전운전불이행,건조,맑음,단일로 - 기타,이륜,남,72세,중상,농기계,남,70세,상해없음
2019050400100150,2019년 5월 4일 08시,토요일,전라남도 장성군 삼서면,경상사고,0,0,2,0,차대차 - 측면충돌,직진우회전진행방해,건조,맑음,교차로 - 교차로안,승용,남,51세,경상,승용,남,33세,경상
2019050400100202,2019년 5월 4일 10시,토요일,전라남도 순천시 대대동,경상사고,0,0,1,0,차대사람 - 기타,교차로운행방법위반,건조,맑음,교차로 - 교차로안,승용,남,63세,상해없음,보행자,여,75세,경상
2019050400100203,2019년 5월 4일 10시,토요일,전라남도 강진군 도암면,중상사고,0,3,0,0,차대차 - 측면충돌,중앙선침범,건조,맑음,교차로 - 교차로안,화물,남,32세,중상,화물,남,58세,중상
2019050400100245,2019년 5월 4일 11시,토요일,전라남도 목포시 달동,경상사고,0,0,1,0,차대차 - 기타,안전운전불이행,건조,맑음,교차로 - 교차로안,승용,남,23세,상해없음,화물,남,41세,경상
2019050400100246,2019년 5월 4일 11시,토요일,전라남도 영암군 삼호읍,중상사고,0,1,0,0,차대차 - 측면충돌,신호위반,건조,맑음,교차로 - 교차로안,승용,남,66세,상해없음,승용,남,58세,상해없음
2019050400100247,2019년 5월 4일 11시,토요일,전라남도 담양군 담양읍,경상사고,0,0,2,0,차대차 - 기타,직진우회전진행방해,건조,맑음,교차로 - 교차로안,승용,남,61세,상해없음,승용,여,57세,상해없음
2019050400100333,2019년 5월 4일 13시,토요일,전라남도 장흥군 장흥읍,경상사고,0,0,1,0,차대사람 - 횡단중,안전운전불이행,건조,맑음,교차로 - 교차로부근,승용,여,34세,상해없음,보행자,남,10세,경상
2019050400100334,2019년 5월 4일 13시,토요일,전라남도 담양군 대전면,경상사고,0,0,8,0,차대차 - 추돌,안전운전불이행,건조,맑음,교차로 - 교차로부근,승용,남,25세,상해없음,승용,남,67세,경상
2019050400100375,2019년 5월 4일 14시,토요일,전라남도 영광군 법성면,중상사고,0,1,0,0,차대사람 - 횡단중,안전운전불이행,건조,맑음,교차로 - 교차로안,화물,남,73세,상해없음,보행자,남,64세,중상
2019050400100376,2019년 5월 4일 14시,토요일,전라남도 담양군 용면,중상사고,0,1,0,0,차량단독 - 전도전복 - 전도,안전운전불이행,건조,맑음,교차로 - 교차로부근,이륜,남,78세,중상,,,,
2019050400100422,2019년 5월 4일 15시,토요일,전라남도 목포시 대의동2가,경상사고,0,0,1,0,차대사람 - 횡단중,안전운전불이행,건조,맑음,단일로 - 기타,화물,여,22세,상해없음,보행자,남,80세,경상
2019050400100423,2019년 5월 4일 15시,토요일,전라남도 순천시 가곡동,경상사고,0,0,3,0,차대차 - 기타,직진우회전진행방해,건조,맑음,교차로 - 교차로안,승용,여,47세,경상,승용,남,45세,상해없음
2019050400100424,2019년 5월 4일 15시,토요일,전라남도 영광군 염산면,경상사고,0,0,1,0,차량단독 - 도로외이탈 - 기타,기타,건조,맑음,단일로 - 기타,원동기,남,54세,경상,,,,
2019050400100465,2019년 5월 4일 16시,토요일,전라남도 여수시 호명동,경상사고,0,0,2,0,차대차 - 측면충돌,안전거리미확보,건조,맑음,단일로 - 기타,화물,남,44세,상해없음,승용,남,77세,경상
2019050400100466,2019년 5월 4일 16시,토요일,전라남도 여수시 충무동,중상사고,0,1,0,0,차대사람 - 기타,안전운전불이행,건조,맑음,기타 - 기타,승용,남,70세,상해없음,보행자,여,42세,중상
2019050400100467,2019년 5월 4일 16시,토요일,전라남도 광양시 광양읍,경상사고,0,0,1,0,차대차 - 기타,안전운전불이행,건조,맑음,기타 - 기타,승용,여,49세,상해없음,이륜,남,58세,경상
2019050400100501,2019년 5월 4일 17시,토요일,전라남도 여수시 신기동,경상사고,0,0,1,0,차대사람 - 횡단중,보행자보호의무위반,건조,맑음,단일로 - 기타,승용,남,29세,상해없음,보행자,남,7세,경상
2019050400100502,2019년 5월 4일 17시,토요일,전라남도 순천시 덕암동,경상사고,0,0,1,0,차대차 - 기타,중앙선침범,건조,맑음,교차로 - 교차로부근,승용,여,57세,상해없음,화물,남,66세,경상
2019050400100503,2019년 5월 4일 17시,토요일,전라남도 완도군 완도읍,경상사고,0,0,1,0,차대사람 - 기타,안전운전불이행,건조,맑음,단일로 - 기타,승용,여,50세,상해없음,보행자,남,10세,경상
2019050400100504,2019년 5월 4일 17시,토요일,전라남도 광양시 봉강면,경상사고,0,0,3,0,차대차 - 측면충돌,직진우회전진행방해,건조,맑음,교차로 - 교차로안,승용,여,26세,경상,화물,남,60세,경상
2019050400100540,2019년 5월 4일 18시,토요일,전라남도 순천시 조례동,경상사고,0,0,1,0,차대사람 - 기타,안전운전불이행,건조,맑음,교차로 - 교차로안,승용,남,44세,상해없음,보행자,남,24세,경상
2019050400100541,2019년 5월 4일 18시,토요일,전라남도 무안군 현경면,중상사고,0,1,1,0,차대차 - 기타,기타,건조,맑음,교차로 - 교차로안,승용,남,59세,상해없음,화물,남,62세,경상
2019050400100542,2019년 5월 4일 18시,토요일,전라남도 장성군 북일면,경상사고,0,0,3,0,차대차 - 측면충돌,안전운전불이행,건조,맑음,기타 - 기타,화물,남,52세,상해없음,승용,남,74세,경상
2019050400100578,2019년 5월 4일 19시,토요일,전라남도 영광군 영광읍,경상사고,0,0,1,0,차대차 - 측면충돌,안전운전불이행,건조,맑음,교차로 - 교차로안,승용,여,33세,상해없음,승용,남,51세,상해없음
2019050400100579,2019년 5월 4일 19시,토요일,전라남도 함평군 해보면,중상사고,0,2,2,0,차대차 - 측면충돌,교차로운행방법위반,건조,맑음,교차로 - 교차로안,승용,여,61세,상해없음,승용,남,42세,중상
2019050400100602,2019년 5월 4일 20시,토요일,전라남도 해남군 현산면,중상사고,0,1,0,0,차대차 - 측면충돌,안전운전불이행,건조,맑음,단일로 - 기타,화물,남,49세,상해없음,화물,남,50세,중상
2019050400100671,2019년 5월 4일 22시,토요일,전라남도 진도군 의신면,중상사고,0,1,0,0,차량단독 - 공작물충돌,안전운전불이행,건조,맑음,기타 - 기타,화물,남,53세,중상,,,,
2019050400100672,2019년 5월 4일 22시,토요일,전라남도 광양시 중동,경상사고,0,0,3,0,차대차 - 기타,신호위반,건조,맑음,교차로 - 교차로안,승용,남,50세,상해없음,승용,남,26세,경상
2019050500100028,2019년 5월 5일 00시,일요일,전라남도 목포시 산정동,경상사고,0,0,1,0,차대차 - 측면충돌,안전운전불이행,건조,맑음,교차로 - 교차로안,승용,남,57세,상해없음,승용,여,24세,경상
2019050500100029,2019년 5월 5일 00시,일요일,전라남도 여수시 덕충동,경상사고,0,0,3,0,차대차 - 측면충돌,안전운전불이행,건조,맑음,교차로 - 교차로안,승용,남,49세,상해없음,승합,남,36세,경상
2019050500100041,2019년 5월 5일 01시,일요일,전라남도 여수시 학동,경상사고,0,0,4,0,차대차 - 측면충돌,안전거리미확보,건조,맑음,단일로 - 기타,승용,남,26세,상해없음,승용,남,34세,경상
2019050500100072,2019년 5월 5일 04시,일요일,전라남도 고흥군 도덕면,사망사고,1,0,0,0,차대차 - 추돌,안전운전불이행,건조,맑음,단일로 - 기타,화물,남,63세,상해없음,농기계,남,78세,사망
2019050500100094,2019년 5월 5일 07시,일요일,전라남도 여수시 화장동,경상사고,0,0,1,0,차대차 - 측면충돌,안전운전불이행,건조,맑음,교차로 - 교차로안,승용,남,63세,기타불명,승용,여,57세,경상