사고번호,사고일시,요일,시군구,사고내용,사망자수,중상자수,경상자수,부상신고자수,사고유형,법규위반,노면상태,기상상태,도로형태,가해운전자 차종,가해운전자 성별,가해운전자 연령,가해운전자 상해정도,피해운전자 차종,피해운전자 성별,피해운전자 연령,피해운전자 상해정도
2019050500100095,2019년 5월 5일 07시,일요일,전라남도 완도군 노화읍,중상사고,0,1,0,0,차대차 - 측면충돌,안전운전불이행,건조,맑음,교차로 - 교차로부근,화물,여,59세,상해없음,이륜,남,69세,중상
2019050500100113,2019년 5월 5일 08시,일요일,전라남도 해남군 계곡면,중상사고,0,1,0,0,차대차 - 정면충돌,교차로운행방법위반,건조,맑음,교차로 - 교차로안,화물,남,39세,상해없음,사륜오토바이(ATV),여,68세,중상
2019050500100156,2019년 5월 5일 10시,일요일,전라남도 나주시 산포면,경상사고,0,0,1,0,차대사람 - 기타,안전운전불이행,건조,맑음,단일로 - 기타,승용,남,79세,상해없음,보행자,남,61세,경상
2019050500100157,2019년 5월 5일 10시,일요일,전라남도 고흥군 금산면,경상사고,0,0,1,0,차대차 - 후진중충돌,안전운전불이행,건조,맑음,단일로 - 기타,승용,남,59세,상해없음,승용,남,54세,상해없음
2019050500100183,2019년 5월 5일 11시,일요일,전라남도 함평군 신광면,중상사고,0,1,0,0,차량단독 - 공작물충돌,안전운전불이행,건조,맑음,단일로 - 기타,승용,여,56세,중상,,,,
2019050500100184,2019년 5월 5일 11시,일요일,전라남도 영암군 신북면,사망사고,1,0,0,0,차량단독 - 도로외이탈 - 추락,안전운전불이행,건조,맑음,교차로 - 교차로부근,농기계,남,74세,사망,,,,
2019050500100214,2019년 5월 5일 12시,일요일,전라남도 강진군 성전면,부상신고사고,0,0,0,1,차량단독 - 전도전복 - 전도,안전운전불이행,건조,맑음,단일로 - 기타,이륜,남,88세,부상신고,,,,
2019050500100260,2019년 5월 5일 13시,일요일,전라남도 여수시 덕충동,중상사고,0,1,0,0,차대사람 - 기타,안전운전불이행,건조,맑음,주차장 - 주차장,승용,남,47세,상해없음,보행자,남,74세,중상
2019050500100261,2019년 5월 5일 13시,일요일,전라남도 순천시 연향동,경상사고,0,0,1,0,차대차 - 기타,안전운전불이행,건조,맑음,단일로 - 기타,승용,여,63세,상해없음,승용,여,38세,경상
2019050500100262,2019년 5월 5일 13시,일요일,전라남도 고흥군 고흥읍,경상사고,0,0,1,0,차량단독 - 기타,안전운전불이행,건조,맑음,단일로 - 기타,이륜,남,45세,경상,,,,
2019050500100263,2019년 5월 5일 13시,일요일,전라남도 보성군 보성읍,경상사고,0,0,3,0,차대차 - 측면충돌,직진우회전진행방해,건조,맑음,교차로 - 교차로안,화물,남,69세,경상,승용,남,69세,경상
2019050500100264,2019년 5월 5일 13시,일요일,전라남도 담양군 창평면,경상사고,0,0,1,3,차대차 - 측면충돌,직진우회전진행방해,건조,맑음,교차로 - 교차로안,화물,남,60세,상해없음,승용,남,50세,경상
2019050500100265,2019년 5월 5일 13시,일요일,전라남도 구례군 토지면,중상사고,0,2,0,0,차대차 - 측면충돌,안전운전불이행,건조,맑음,단일로 - 기타,승용,남,32세,상해없음,승용,남,44세,중상
2019050500100301,2019년 5월 5일 14시,일요일,전라남도 신안군 압해읍,경상사고,0,0,3,0,차대차 - 추돌,안전운전불이행,건조,맑음,단일로 - 기타,승용,남,24세,상해없음,승용,여,60세,상해없음
2019050500100302,2019년 5월 5일 14시,일요일,전라남도 나주시 금천면,경상사고,0,0,3,0,차대차 - 측면충돌,안전거리미확보,건조,맑음,단일로 - 기타,승용,남,68세,상해없음,승용,남,36세,경상
2019050500100303,2019년 5월 5일 14시,일요일,전라남도 보성군 보성읍,경상사고,0,0,1,1,차대차 - 후진중충돌,불법유턴,건조,맑음,주차장 - 주차장,승용,여,42세,부상신고,승용,남,36세,상해없음
2019050500100345,2019년 5월 5일 15시,일요일,전라남도 화순군 화순읍,중상사고,0,1,2,0,차대차 - 추돌,안전거리미확보,건조,맑음,단일로 - 기타,승용,남,59세,상해없음,승용,여,53세,경상
2019050500100346,2019년 5월 5일 15시,일요일,전라남도 나주시 문평면,경상사고,0,0,3,0,차대차 - 추돌,안전거리미확보,건조,맑음,단일로 - 기타,승용,남,33세,상해없음,화물,남,26세,경상
2019050500100347,2019년 5월 5일 15시,일요일,전라남도 광양시 진월면,경상사고,0,0,1,0,차대사람 - 기타,안전운전불이행,건조,맑음,단일로 - 기타,승용,남,51세,상해없음,보행자,남,51세,경상
2019050500100427,2019년 5월 5일 17시,일요일,전라남도 해남군 문내면,경상사고,0,0,3,0,차대차 - 측면충돌,차로위반,건조,맑음,단일로 - 기타,승용,여,52세,경상,승용,여,47세,경상
2019050500100428,2019년 5월 5일 17시,일요일,전라남도 광양시 중동,경상사고,0,0,4,0,차대차 - 측면충돌,신호위반,건조,맑음,교차로 - 교차로안,승용,여,31세,상해없음,승용,남,55세,경상
2019050500100463,2019년 5월 5일 18시,일요일,전라남도 영암군 영암읍,사망사고,1,2,1,0,차대차 - 기타,안전운전불이행,건조,맑음,기타 - 기타,승용,남,30세,상해없음,승용,여,51세,사망
2019050500100495,2019년 5월 5일 19시,일요일,전라남도 곡성군 오곡면,부상신고사고,0,0,0,1,차량단독 - 공작물충돌,안전운전불이행,건조,맑음,단일로 - 기타,승용,남,48세,부상신고,,,,
2019050500100526,2019년 5월 5일 20시,일요일,전라남도 목포시 용당동,중상사고,0,1,0,0,차대사람 - 횡단중,안전운전불이행,건조,맑음,교차로 - 교차로횡단보도내,승용,여,55세,상해없음,보행자,여,77세,중상
2019050500100560,2019년 5월 5일 21시,일요일,전라남도 목포시 축복동3가,경상사고,0,0,1,0,차대사람 - 기타,안전운전불이행,건조,맑음,교차로 - 교차로안,승용,남,50세,상해없음,보행자,여,46세,경상
2019050500100588,2019년 5월 5일 22시,일요일,전라남도 목포시 산정동,경상사고,0,0,3,0,차대차 - 추돌,안전운전불이행,건조,맑음,단일로 - 기타,승용,남,48세,상해없음,승합,남,51세,경상
2019050500100589,2019년 5월 5일 22시,일요일,전라남도 여수시 여서동,경상사고,0,0,1,0,차대차 - 측면충돌,직진우회전진행방해,건조,맑음,교차로 - 교차로안,승용,남,35세,상해없음,승용,남,26세,경상
2019050500100613,2019년 5월 5일 23시,일요일,전라남도 목포시 용당동,중상사고,0,1,0,0,차대차 - 기타,안전운전불이행,건조,맑음,기타 - 기타,자전거,여,38세,중상,화물,남,61세,상해없음
2019050500100614,2019년 5월 5일 23시,일요일,전라남도 여수시 학동,경상사고,0,0,2,0,차대차 - 측면충돌,교차로운행방법위반,건조,맑음,교차로 - 교차로안,승용,여,61세,상해없음,승용,남,36세,경상
2019050600100026,2019년 5월 6일 00시,월요일,전라남도 진도군 의신면,사망사고,3,2,0,0,차대차 - 정면충돌,중앙선침범,건조,맑음,단일로 - 기타,승용,남,27세,상해없음,승용,남,58세,사망
2019050600100043,2019년 5월 6일 01시,월요일,전라남도 목포시 옥암동,경상사고,0,0,2,0,차대차 - 기타,직진우회전진행방해,건조,맑음,교차로 - 교차로안,승합,남,33세,경상,승용,남,57세,경상
2019050600100063,2019년 5월 6일 02시,월요일,전라남도 영광군 영광읍,경상사고,0,0,1,0,차량단독 - 공작물충돌,안전운전불이행,건조,맑음,단일로 - 기타,승용,남,17세,경상,,,,
2019050600100079,2019년 5월 6일 04시,월요일,전라남도 여수시 화치동,중상사고,0,1,0,0,차대차 - 추돌,안전운전불이행,건조,맑음,단일로 - 기타,화물,남,47세,중상,특수,남,36세,기타불명
2019050600100086,2019년 5월 6일 05시,월요일,전라남도 나주시 남평읍,경상사고,0,0,1,0,차대차 - 측면충돌,안전운전불이행,건조,맑음,교차로 - 교차로안,승용,남,30세,상해없음,승용,남,26세,경상
2019050600100094,2019년 5월 6일 06시,월요일,전라남도 영암군 삼호읍,경상사고,0,0,4,0,차대차 - 측면충돌,안전운전불이행,건조,맑음,교차로 - 교차로부근,승용,남,60세,상해없음,화물,남,52세,경상
2019050600100101,2019년 5월 6일 07시,월요일,전라남도 영암군 시종면,중상사고,0,1,1,0,차대차 - 측면충돌,안전운전불이행,건조,맑음,교차로 - 교차로안,이륜,여,60세,중상,승용,여,51세,경상
2019050600100102,2019년 5월 6일 07시,월요일,전라남도 광양시 옥곡면,경상사고,0,0,1,0,차대차 - 기타,기타,건조,맑음,교차로 - 교차로안,승용,남,49세,상해없음,승용,남,59세,상해없음
2019050600100117,2019년 5월 6일 08시,월요일,전라남도 화순군 화순읍,경상사고,0,0,6,0,차대차 - 후진중충돌,안전운전불이행,건조,맑음,기타 - 기타,승용,남,14세,상해없음,승용,남,62세,경상
2019050600100133,2019년 5월 6일 09시,월요일,전라남도 무안군 청계면,경상사고,0,0,2,0,차대차 - 기타,안전운전불이행,건조,맑음,단일로 - 기타,승용,남,55세,경상,화물,남,66세,경상
2019050600100161,2019년 5월 6일 10시,월요일,전라남도 화순군 화순읍,경상사고,0,0,1,0,차대차 - 추돌,안전운전불이행,건조,맑음,단일로 - 기타,승용,남,17세,상해없음,승용,여,62세,경상
2019050600100162,2019년 5월 6일 10시,월요일,전라남도 영암군 삼호읍,경상사고,0,0,2,0,차대차 - 정면충돌,안전운전불이행,건조,맑음,단일로 - 기타,농기계,남,58세,상해없음,화물,남,68세,경상
2019050600100183,2019년 5월 6일 11시,월요일,전라남도 장흥군 장흥읍,중상사고,0,8,8,0,차대차 - 추돌,불법유턴,건조,맑음,단일로 - 기타,화물,남,59세,상해없음,승합,남,37세,상해없음
2019050600100184,2019년 5월 6일 11시,월요일,전라남도 완도군 청산면,중상사고,0,1,0,0,차량단독 - 도로외이탈 - 기타,안전운전불이행,건조,맑음,단일로 - 기타,개인형이동수단(PM),남,38세,상해없음,,,,
2019050600100217,2019년 5월 6일 12시,월요일,전라남도 목포시 옥암동,경상사고,0,0,1,0,차대차 - 측면충돌,교차로운행방법위반,건조,맑음,교차로 - 교차로안,이륜,남,24세,상해없음,승용,남,37세,경상
2019050600100218,2019년 5월 6일 12시,월요일,전라남도 순천시 연향동,경상사고,0,0,1,1,차대차 - 기타,안전운전불이행,건조,맑음,단일로 - 기타,승용,남,40세,상해없음,승용,여,45세,상해없음
2019050600100219,2019년 5월 6일 12시,월요일,전라남도 영암군 미암면,경상사고,0,0,3,0,차대차 - 정면충돌,중앙선침범,건조,맑음,단일로 - 기타,승용,여,64세,경상,화물,남,64세,경상
2019050600100251,2019년 5월 6일 13시,월요일,전라남도 무안군 무안읍,경상사고,0,0,3,0,차대차 - 측면충돌,안전운전불이행,건조,맑음,교차로 - 교차로안,승용,남,66세,상해없음,화물,남,61세,경상
2019050600100298,2019년 5월 6일 14시,월요일,전라남도 목포시 옥암동,경상사고,0,0,4,0,차대차 - 기타,교차로운행방법위반,건조,맑음,교차로 - 교차로안,이륜,남,18세,경상,승용,여,45세,경상
2019050600100299,2019년 5월 6일 14시,월요일,전라남도 해남군 해남읍,경상사고,0,0,1,0,차대차 - 추돌,안전운전불이행,건조,맑음,단일로 - 기타,승용,남,40세,상해없음,승용,남,52세,경상
2019050600100300,2019년 5월 6일 14시,월요일,전라남도 해남군 화원면,경상사고,0,0,4,0,차대차 - 측면충돌,직진우회전진행방해,건조,맑음,교차로 - 교차로안,승용,남,62세,경상,화물,남,25세,경상
2019050600100301,2019년 5월 6일 14시,월요일,전라남도 장성군 북일면,경상사고,0,0,2,0,차대차 - 정면충돌,중앙선침범,건조,맑음,단일로 - 기타,화물,남,59세,상해없음,승용,남,36세,경상
2019050600100340,2019년 5월 6일 15시,월요일,전라남도 목포시 상동,경상사고,0,0,2,0,차대차 - 측면충돌,직진우회전진행방해,건조,맑음,교차로 - 교차로안,승용,여,52세,경상,승용,남,23세,경상
2019050600100341,2019년 5월 6일 15시,월요일,전라남도 영암군 삼호읍,경상사고,0,0,1,0,차대차 - 기타,안전운전불이행,건조,맑음,교차로 - 교차로안,승용,남,44세,상해없음,이륜,남,18세,경상
2019050600100381,2019년 5월 6일 16시,월요일,전라남도 나주시 부덕동,중상사고,0,1,0,0,차대차 - 측면충돌,중앙선침범,건조,맑음,단일로 - 기타,사륜오토바이(ATV),여,84세,중상,화물,남,54세,상해없음
2019050600100382,2019년 5월 6일 16시,월요일,전라남도 담양군 담양읍,경상사고,0,0,1,0,차대사람 - 횡단중,보행자보호의무위반,건조,맑음,단일로 - 기타,승용,남,62세,상해없음,보행자,남,8세,경상
2019050600100426,2019년 5월 6일 17시,월요일,전라남도 목포시 용당동,경상사고,0,0,4,0,차대차 - 기타,직진우회전진행방해,건조,맑음,교차로 - 교차로안,화물,남,59세,상해없음,승용,남,35세,경상
2019050600100470,2019년 5월 6일 18시,월요일,전라남도 보성군 벌교읍,중상사고,0,1,0,0,차량단독 - 전도전복 - 전복,안전운전불이행,건조,맑음,단일로 - 기타,사륜오토바이(ATV),남,76세,중상,,,,
2019050600100587,2019년 5월 6일 22시,월요일,전라남도 나주시 동수동,사망사고,1,0,1,0,차량단독 - 공작물충돌,안전운전불이행,건조,맑음,단일로 - 기타,승용,남,57세,경상,,,,
2019050700100048,2019년 5월 7일 01시,화요일,전라남도 여수시 문수동,경상사고,0,0,1,0,차대사람 - 기타,안전운전불이행,건조,맑음,교차로 - 교차로안,승용,여,41세,상해없음,보행자,여,36세,경상
2019050700100059,2019년 5월 7일 04시,화요일,전라남도 순천시 매곡동,중상사고,0,1,1,0,차대차 - 측면충돌,안전운전불이행,건조,맑음,교차로 - 교차로안,승용,남,54세,경상,승용,여,29세,중상
2019050700100067,2019년 5월 7일 05시,화요일,전라남도 여수시 신기동,경상사고,0,0,1,0,차대차 - 측면충돌,안전운전불이행,건조,맑음,단일로 - 기타,승용,여,23세,경상,승용,남,53세,상해없음
2019050700100079,2019년 5월 7일 06시,화요일,전라남도 광양시 중동,경상사고,0,0,1,0,차대차 - 측면충돌,안전운전불이행,건조,맑음,단일로 - 기타,승용,남,56세,상해없음,이륜,남,42세,경상
2019050700100099,2019년 5월 7일 07시,화요일,전라남도 보성군 보성읍,경상사고,0,0,1,0,차대차 - 측면충돌,교차로운행방법위반,건조,맑음,교차로 - 교차로안,화물,남,53세,상해없음,화물,남,55세,경상
2019050700100100,2019년 5월 7일 07시,화요일,전라남도 영암군 미암면,중상사고,0,1,3,0,차대차 - 측면충돌,교차로운행방법위반,건조,맑음,교차로 - 교차로안,화물,남,76세,상해없음,화물,남,41세,경상
2019050700100145,2019년 5월 7일 08시,화요일,전라남도 목포시 호남동,경상사고,0,0,1,0,차대차 - 기타,교차로운행방법위반,건조,맑음,교차로 - 교차로안,승용,남,64세,상해없음,자전거,남,81세,경상
2019050700100146,2019년 5월 7일 08시,화요일,전라남도 여수시 여서동,경상사고,0,0,1,0,차대차 - 측면충돌,중앙선침범,건조,맑음,단일로 - 기타,승용,남,37세,상해없음,승용,남,51세,경상
2019050700100147,2019년 5월 7일 08시,화요일,전라남도 순천시 해룡면,중상사고,0,1,0,0,차대차 - 측면충돌,신호위반,건조,맑음,교차로 - 교차로안,승용,여,60세,상해없음,승용,여,35세,중상
2019050700100198,2019년 5월 7일 09시,화요일,전라남도 나주시 반남면,경상사고,0,0,1,0,차대차 - 측면충돌,안전운전불이행,건조,맑음,교차로 - 교차로안,승용,여,33세,상해없음,이륜,남,67세,경상
2019050700100199,2019년 5월 7일 09시,화요일,전라남도 장흥군 장흥읍,경상사고,0,0,2,0,차대차 - 측면충돌,교차로운행방법위반,건조,맑음,교차로 - 교차로안,승용,여,30세,경상,승용,여,45세,경상
2019050700100200,2019년 5월 7일 09시,화요일,전라남도 화순군 화순읍,중상사고,0,1,0,0,차대사람 - 길가장자리구역통행중,안전운전불이행,건조,맑음,단일로 - 기타,승용,남,63세,상해없음,보행자,여,77세,중상
2019050700100201,2019년 5월 7일 09시,화요일,전라남도 강진군 신전면,경상사고,0,0,1,0,차대차 - 정면충돌,안전운전불이행,건조,맑음,교차로 - 교차로안,이륜,남,74세,경상,승용,남,49세,상해없음
2019050700100202,2019년 5월 7일 09시,화요일,전라남도 강진군 군동면,경상사고,0,0,1,0,차대차 - 기타,중앙선침범,건조,맑음,교차로 - 교차로부근,화물,남,76세,상해없음,이륜,남,82세,경상
2019050700100240,2019년 5월 7일 10시,화요일,전라남도 순천시 연향동,경상사고,0,0,1,0,차대사람 - 차도통행중,안전운전불이행,건조,맑음,교차로 - 교차로횡단보도내,승용,남,68세,상해없음,보행자,남,30세,경상
2019050700100241,2019년 5월 7일 10시,화요일,전라남도 담양군 담양읍,경상사고,0,0,1,0,차대차 - 측면충돌,안전거리미확보,건조,맑음,단일로 - 기타,승용,남,68세,상해없음,이륜,남,82세,경상
2019050700100242,2019년 5월 7일 10시,화요일,전라남도 무안군 해제면,경상사고,0,0,1,0,차대차 - 추돌,안전운전불이행,건조,맑음,단일로 - 기타,화물,남,63세,상해없음,화물,여,56세,경상
2019050700100267,2019년 5월 7일 11시,화요일,전라남도 신안군 지도읍,경상사고,0,0,1,0,차대차 - 기타,중앙선침범,건조,맑음,기타 - 기타,화물,남,50세,상해없음,승합,남,37세,경상
2019050700100310,2019년 5월 7일 12시,화요일,전라남도 목포시 석현동,경상사고,0,0,1,0,차대차 - 기타,교차로운행방법위반,건조,맑음,교차로 - 교차로부근,승합,남,46세,상해없음,승용,남,53세,경상
2019050700100355,2019년 5월 7일 13시,화요일,전라남도 여수시 서교동,경상사고,0,0,2,0,차대차 - 기타,신호위반,건조,맑음,교차로 - 교차로안,승용,여,53세,상해없음,승용,여,62세,경상
2019050700100356,2019년 5월 7일 13시,화요일,전라남도 순천시 가곡동,경상사고,0,0,3,0,차대차 - 기타,안전운전불이행,건조,맑음,교차로 - 교차로안,승용,여,41세,경상,승용,남,66세,경상
2019050700100357,2019년 5월 7일 13시,화요일,전라남도 화순군 도곡면,중상사고,0,1,0,0,차대차 - 기타,교차로운행방법위반,건조,맑음,교차로 - 교차로안,승용,남,57세,상해없음,사륜오토바이(ATV),남,58세,중상
2019050700100392,2019년 5월 7일 14시,화요일,전라남도 보성군 벌교읍,경상사고,0,0,4,0,차대차 - 측면충돌,직진우회전진행방해,건조,맑음,교차로 - 교차로안,승용,여,62세,상해없음,승용,남,18세,경상
2019050700100434,2019년 5월 7일 15시,화요일,전라남도 순천시 가곡동,경상사고,0,0,2,0,차대차 - 측면충돌,중앙선침범,건조,맑음,단일로 - 기타,승용,남,53세,상해없음,승용,남,64세,경상
2019050700100435,2019년 5월 7일 15시,화요일,전라남도 광양시 광양읍,경상사고,0,0,1,0,차대차 - 기타,안전거리미확보,건조,맑음,단일로 - 기타,승용,남,38세,상해없음,이륜,남,20세,경상
2019050700100478,2019년 5월 7일 16시,화요일,전라남도 여수시 소라면,경상사고,0,0,1,0,차대사람 - 횡단중,보행자보호의무위반,건조,맑음,단일로 - 기타,화물,남,61세,상해없음,보행자,여,56세,경상
2019050700100479,2019년 5월 7일 16시,화요일,전라남도 여수시 여서동,경상사고,0,0,2,0,차대차 - 측면충돌,안전운전불이행,건조,맑음,단일로 - 기타,승용,남,29세,경상,승용,남,36세,경상
2019050700100480,2019년 5월 7일 16시,화요일,전라남도 해남군 현산면,중상사고,0,1,0,0,차대사람 - 기타,안전운전불이행,건조,맑음,교차로 - 교차로안,승용,여,59세,상해없음,보행자,여,81세,중상
2019050700100481,2019년 5월 7일 16시,화요일,전라남도 영암군 도포면,경상사고,0,0,3,0,차대차 - 측면충돌,안전운전불이행,건조,맑음,교차로 - 교차로안,승용,여,43세,경상,승용,여,52세,경상
2019050700100522,2019년 5월 7일 17시,화요일,전라남도 여수시 만흥동,경상사고,0,0,1,0,차대차 - 추돌,안전운전불이행,건조,맑음,단일로 - 고가도로위,승용,남,49세,상해없음,승용,남,40세,경상
2019050700100523,2019년 5월 7일 17시,화요일,전라남도 화순군 화순읍,경상사고,0,0,1,0,차대차 - 기타,교차로운행방법위반,건조,맑음,교차로 - 교차로안,승용,남,41세,상해없음,승용,여,50세,경상
2019050700100574,2019년 5월 7일 18시,화요일,전라남도 순천시 서면,경상사고,0,0,1,0,차대차 - 측면충돌,안전거리미확보,건조,맑음,단일로 - 기타,승용,여,42세,상해없음,승합,남,53세,상해없음
2019050700100575,2019년 5월 7일 18시,화요일,전라남도 해남군 송지면,경상사고,0,0,3,0,차대사람 - 기타,안전운전불이행,건조,맑음,교차로 - 교차로안,승용,남,64세,상해없음,보행자,여,15세,경상
2019050700100576,2019년 5월 7일 18시,화요일,전라남도 해남군 해남읍,경상사고,0,0,1,0,차대차 - 측면충돌,안전운전불이행,건조,맑음,교차로 - 교차로안,화물,남,33세,상해없음,승용,여,29세,경상
2019050700100577,2019년 5월 7일 18시,화요일,전라남도 함평군 해보면,중상사고,0,1,0,0,차대차 - 기타,직진우회전진행방해,건조,맑음,교차로 - 교차로부근,기타불명,기타불명,미분류,기타불명,화물,남,32세,중상
2019050700100578,2019년 5월 7일 18시,화요일,전라남도 강진군 칠량면,중상사고,0,1,1,0,차대차 - 측면충돌,교차로운행방법위반,건조,맑음,교차로 - 교차로안,화물,남,71세,중상,화물,남,37세,경상
2019050700100579,2019년 5월 7일 18시,화요일,전라남도 광양시 금호동,경상사고,0,0,3,0,차대차 - 추돌,안전운전불이행,건조,맑음,단일로 - 기타,승용,남,59세,상해없음,승용,여,52세,경상
2019050700100630,2019년 5월 7일 19시,화요일,전라남도 순천시 조례동,경상사고,0,0,1,0,차대차 - 측면충돌,안전운전불이행,건조,맑음,단일로 - 기타,승용,남,35세,상해없음,이륜,남,22세,경상
2019050700100668,2019년 5월 7일 20시,화요일,전라남도 화순군 화순읍,경상사고,0,0,2,0,차대사람 - 기타,안전운전불이행,건조,맑음,단일로 - 기타,승용,여,50세,상해없음,보행자,여,13세,경상
2019050700100669,2019년 5월 7일 20시,화요일,전라남도 장성군 황룡면,중상사고,0,4,0,0,차대차 - 기타,신호위반,건조,맑음,교차로 - 교차로안,승합,여,61세,중상,승용,남,27세,중상
2019050700100689,2019년 5월 7일 21시,화요일,전라남도 목포시 옥암동,중상사고,0,1,2,0,차대차 - 측면충돌,신호위반,건조,맑음,교차로 - 교차로안,승용,남,24세,경상,승합,남,60세,경상
2019050800100076,2019년 5월 8일 06시,수요일,전라남도 목포시 산정동,경상사고,0,0,1,3,차대차 - 기타,안전운전불이행,건조,맑음,단일로 - 기타,승용,남,30세,상해없음,승용,남,57세,경상
2019050800100098,2019년 5월 8일 07시,수요일,전라남도 순천시 해룡면,경상사고,0,0,1,0,차대차 - 추돌,안전운전불이행,건조,맑음,교차로 - 교차로부근,승용,여,70세,상해없음,승용,여,30세,경상
2019050800100099,2019년 5월 8일 07시,수요일,전라남도 함평군 나산면,경상사고,0,0,1,0,차대차 - 측면충돌,중앙선침범,건조,맑음,단일로 - 기타,건설기계,남,57세,상해없음,승용,남,64세,경상
2019050800100145,2019년 5월 8일 08시,수요일,전라남도 목포시 용당동,경상사고,0,0,1,0,차대차 - 기타,안전운전불이행,건조,맑음,교차로 - 교차로안,승용,여,29세,상해없음,화물,남,33세,경상
2019050800100146,2019년 5월 8일 08시,수요일,전라남도 여수시 신기동,중상사고,0,1,1,0,차대차 - 측면충돌,안전운전불이행,건조,맑음,교차로 - 교차로안,승용,남,64세,상해없음,자전거,여,35세,중상
2019050800100147,2019년 5월 8일 08시,수요일,전라남도 화순군 남면,경상사고,0,0,1,0,차대차 - 기타,안전운전불이행,건조,맑음,단일로 - 기타,승용,여,49세,상해없음,승합,남,64세,경상
2019050800100177,2019년 5월 8일 09시,수요일,전라남도 목포시 상동,경상사고,0,0,1,0,차대차 - 측면충돌,신호위반,건조,맑음,교차로 - 교차로안,승용,남,79세,상해없음,승합,남,33세,경상
2019050800100178,2019년 5월 8일 09시,수요일,전라남도 화순군 화순읍,경상사고,0,0,1,0,차대사람 - 기타,안전운전불이행,건조,맑음,단일로 - 기타,화물,남,47세,상해없음,보행자,남,60세,경상
2019050800100179,2019년 5월 8일 09시,수요일,전라남도 완도군 고금면,경상사고,0,0,4,0,차대차 - 추돌,안전운전불이행,건조,맑음,교차로 - 교차로부근,승용,남,58세,상해없음,화물,남,61세,경상
2019050800100229,2019년 5월 8일 10시,수요일,전라남도 여수시 학동,경상사고,0,0,3,0,차대차 - 기타,안전운전불이행,건조,맑음,교차로 - 교차로안,승용,남,38세,상해없음,승용,남,31세,경상
2019050800100230,2019년 5월 8일 10시,수요일,전라남도 장성군 남면,중상사고,0,2,0,0,차대사람 - 기타,안전운전불이행,건조,맑음,단일로 - 기타,화물,남,70세,상해없음,보행자,남,74세,중상
2019050800100262,2019년 5월 8일 11시,수요일,전라남도 순천시 연향동,중상사고,0,1,1,0,차대사람 - 횡단중,보행자보호의무위반,건조,맑음,교차로 - 교차로부근,승용,남,60세,상해없음,보행자,여,59세,중상
2019050800100263,2019년 5월 8일 11시,수요일,전라남도 나주시 세지면,중상사고,0,1,1,0,차대차 - 기타,안전운전불이행,건조,맑음,단일로 - 기타,화물,남,67세,상해없음,이륜,남,70세,중상
2019050800100264,2019년 5월 8일 11시,수요일,전라남도 곡성군 곡성읍,중상사고,0,1,0,0,차대차 - 측면충돌,안전운전불이행,건조,맑음,교차로 - 교차로안,승용,여,36세,상해없음,사륜오토바이(ATV),여,82세,중상
2019050800100331,2019년 5월 8일 13시,수요일,전라남도 장흥군 장흥읍,중상사고,0,1,0,0,차대차 - 기타,안전운전불이행,젖음/습기,맑음,교차로 - 교차로부근,이륜,남,77세,중상,승용,남,75세,상해없음
2019050800100332,2019년 5월 8일 13시,수요일,전라남도 무안군 일로읍,경상사고,0,0,2,0,차대차 - 측면충돌,교차로운행방법위반,건조,맑음,교차로 - 교차로안,건설기계,남,45세,경상,승용,여,24세,경상
2019050800100362,2019년 5월 8일 14시,수요일,전라남도 해남군 마산면,중상사고,0,1,2,0,차대차 - 측면충돌,신호위반,건조,맑음,교차로 - 교차로안,승용,남,74세,경상,화물,여,52세,경상
2019050800100363,2019년 5월 8일 14시,수요일,전라남도 함평군 나산면,중상사고,0,1,0,0,차대차 - 측면충돌,기타,건조,맑음,교차로 - 교차로안,건설기계,남,36세,상해없음,승용,여,60세,중상
2019050800100364,2019년 5월 8일 14시,수요일,전라남도 담양군 담양읍,경상사고,0,0,1,0,차대사람 - 횡단중,안전운전불이행,건조,맑음,단일로 - 기타,승합,남,57세,상해없음,보행자,남,64세,경상
2019050800100398,2019년 5월 8일 15시,수요일,전라남도 나주시 남평읍,경상사고,0,0,1,0,차대차 - 기타,교차로운행방법위반,건조,맑음,교차로 - 교차로안,승용,여,63세,상해없음,자전거,남,72세,경상
2019050800100399,2019년 5월 8일 15시,수요일,전라남도 완도군 고금면,중상사고,0,1,0,0,차대차 - 측면충돌,중앙선침범,건조,맑음,단일로 - 기타,농기계,남,78세,상해없음,이륜,남,79세,중상
2019050800100400,2019년 5월 8일 15시,수요일,전라남도 무안군 현경면,중상사고,0,1,1,0,차대차 - 정면충돌,중앙선침범,건조,맑음,단일로 - 기타,승용,여,38세,상해없음,승용,남,70세,중상
2019050800100450,2019년 5월 8일 16시,수요일,전라남도 광양시 광영동,경상사고,0,0,2,0,차대차 - 측면충돌,안전거리미확보,건조,맑음,단일로 - 기타,건설기계,남,46세,상해없음,승용,여,41세,경상
2019050800100493,2019년 5월 8일 17시,수요일,전라남도 목포시 대양동,경상사고,0,0,5,0,차대차 - 기타,차로위반,건조,맑음,단일로 - 기타,승용,남,74세,경상,승용,여,56세,경상
2019050800100494,2019년 5월 8일 17시,수요일,전라남도 함평군 해보면,경상사고,0,0,1,0,차대차 - 측면충돌,안전운전불이행,건조,맑음,교차로 - 교차로안,승합,남,51세,상해없음,화물,남,72세,상해없음