사고번호,사고일시,요일,시군구,사고내용,사망자수,중상자수,경상자수,부상신고자수,사고유형,법규위반,노면상태,기상상태,도로형태,가해운전자 차종,가해운전자 성별,가해운전자 연령,가해운전자 상해정도,피해운전자 차종,피해운전자 성별,피해운전자 연령,피해운전자 상해정도
2019050800100543,2019년 5월 8일 18시,수요일,전라남도 순천시 조례동,경상사고,0,0,1,0,차대차 - 기타,안전운전불이행,건조,맑음,단일로 - 기타,승용,남,49세,상해없음,자전거,여,25세,경상
2019050800100544,2019년 5월 8일 18시,수요일,전라남도 영광군 법성면,중상사고,0,1,0,0,차량단독 - 전도전복 - 전도,안전운전불이행,건조,맑음,단일로 - 기타,이륜,여,72세,중상,,,,
2019050800100628,2019년 5월 8일 20시,수요일,전라남도 여수시 돌산읍,경상사고,0,0,5,0,차대차 - 기타,신호위반,건조,맑음,교차로 - 교차로안,화물,남,31세,경상,승용,남,62세,경상
2019050800100665,2019년 5월 8일 21시,수요일,전라남도 여수시 중흥동,경상사고,0,0,3,0,차대차 - 추돌,안전운전불이행,건조,맑음,단일로 - 기타,승용,남,64세,상해없음,승용,남,44세,경상
2019050800100688,2019년 5월 8일 22시,수요일,전라남도 영광군 묘량면,경상사고,0,0,1,0,차대차 - 추돌,안전운전불이행,건조,맑음,단일로 - 기타,승용,여,32세,상해없음,승용,남,40세,경상
2019050900100050,2019년 5월 9일 03시,목요일,전라남도 순천시 서면,사망사고,1,0,0,0,차대차 - 기타,안전운전불이행,건조,맑음,단일로 - 기타,승용,남,32세,상해없음,화물,남,23세,사망
2019050900100061,2019년 5월 9일 05시,목요일,전라남도 목포시 상동,중상사고,0,1,0,0,차대사람 - 기타,안전운전불이행,건조,맑음,교차로 - 교차로부근,승합,남,55세,상해없음,보행자,여,65세,중상
2019050900100319,2019년 5월 9일 13시,목요일,전라남도 목포시 상동,중상사고,0,1,0,0,차대차 - 기타,안전운전불이행,건조,맑음,단일로 - 기타,이륜,남,22세,상해없음,승합,남,65세,상해없음
2019050900100320,2019년 5월 9일 13시,목요일,전라남도 목포시 연산동,경상사고,0,0,1,0,차대차 - 측면충돌,직진우회전진행방해,건조,맑음,교차로 - 교차로안,승용,여,64세,상해없음,이륜,남,18세,경상
2019050900100321,2019년 5월 9일 13시,목요일,전라남도 신안군 압해읍,경상사고,0,0,2,0,차대차 - 측면충돌,중앙선침범,건조,맑음,단일로 - 기타,화물,남,46세,경상,승용,여,56세,경상
2019050900100322,2019년 5월 9일 13시,목요일,전라남도 순천시 조례동,경상사고,0,0,1,0,차대차 - 기타,신호위반,건조,맑음,교차로 - 교차로안,승용,여,28세,상해없음,승용,여,28세,경상
2019050900100323,2019년 5월 9일 13시,목요일,전라남도 강진군 칠량면,중상사고,0,1,0,0,차량단독 - 기타,안전운전불이행,건조,맑음,교차로 - 교차로안,농기계,남,83세,중상,,,,
2019050900100324,2019년 5월 9일 13시,목요일,전라남도 구례군 구례읍,중상사고,0,1,0,1,차대차 - 정면충돌,중앙선침범,건조,맑음,단일로 - 기타,승용,남,48세,부상신고,화물,남,57세,중상
2019050900100362,2019년 5월 9일 14시,목요일,전라남도 여수시 학동,경상사고,0,0,3,0,차대차 - 측면충돌,안전운전불이행,건조,맑음,단일로 - 기타,승합,여,60세,상해없음,화물,남,32세,경상
2019050900100363,2019년 5월 9일 14시,목요일,전라남도 보성군 회천면,중상사고,0,1,1,0,차대차 - 측면충돌,신호위반,건조,맑음,교차로 - 교차로안,승용,여,57세,상해없음,승용,남,41세,경상
2019050900100389,2019년 5월 9일 15시,목요일,전라남도 장흥군 안양면,중상사고,0,1,0,0,차량단독 - 도로외이탈 - 기타,안전운전불이행,건조,맑음,교차로 - 교차로부근,농기계,남,81세,중상,,,,
2019050900100429,2019년 5월 9일 16시,목요일,전라남도 순천시 덕월동,경상사고,0,0,1,0,차대차 - 기타,안전운전불이행,건조,맑음,교차로 - 교차로부근,화물,남,64세,상해없음,화물,남,69세,경상
2019050900100473,2019년 5월 9일 17시,목요일,전라남도 영암군 삼호읍,경상사고,0,0,1,0,차대차 - 후진중충돌,안전운전불이행,건조,맑음,기타 - 기타,승용,남,55세,상해없음,승용,남,42세,경상
2019050900100474,2019년 5월 9일 17시,목요일,전라남도 장성군 북일면,경상사고,0,0,1,0,차대차 - 측면충돌,안전운전불이행,건조,맑음,교차로 - 교차로안,승합,남,64세,상해없음,자전거,남,63세,경상
2019050900100475,2019년 5월 9일 17시,목요일,전라남도 무안군 망운면,중상사고,0,1,0,0,차량단독 - 전도전복 - 전도,안전운전불이행,건조,맑음,단일로 - 기타,원동기,여,63세,상해없음,,,,
2019050900100527,2019년 5월 9일 18시,목요일,전라남도 순천시 풍덕동,부상신고사고,0,0,0,1,차대사람 - 기타,안전운전불이행,건조,맑음,단일로 - 기타,승용,여,66세,부상신고,보행자,기타불명,미분류,기타불명
2019050900100528,2019년 5월 9일 18시,목요일,전라남도 나주시 산포면,경상사고,0,0,3,0,차대차 - 측면충돌,직진우회전진행방해,건조,맑음,교차로 - 교차로안,화물,남,51세,경상,승용,여,23세,경상
2019050900100561,2019년 5월 9일 19시,목요일,전라남도 목포시 옥암동,경상사고,0,0,2,0,차대차 - 측면충돌,안전운전불이행,건조,맑음,교차로 - 교차로안,승합,남,63세,상해없음,승용,남,35세,경상
2019050900100562,2019년 5월 9일 19시,목요일,전라남도 목포시 옥암동,중상사고,0,1,0,0,차대차 - 기타,안전운전불이행,건조,맑음,단일로 - 기타,승용,여,25세,상해없음,이륜,남,40세,중상
2019050900100563,2019년 5월 9일 19시,목요일,전라남도 목포시 상동,경상사고,0,0,5,0,차대차 - 추돌,직진우회전진행방해,건조,맑음,교차로 - 교차로안,승용,남,23세,경상,승용,여,44세,경상
2019050900100564,2019년 5월 9일 19시,목요일,전라남도 무안군 청계면,경상사고,0,0,1,0,차대차 - 측면충돌,안전운전불이행,건조,맑음,교차로 - 교차로안,승용,남,77세,상해없음,승용,남,56세,경상
2019050900100590,2019년 5월 9일 20시,목요일,전라남도 순천시 행동,중상사고,0,1,0,0,차대사람 - 기타,안전운전불이행,건조,맑음,단일로 - 기타,승용,여,33세,상해없음,보행자,여,75세,중상
2019050900100591,2019년 5월 9일 20시,목요일,전라남도 장성군 삼계면,중상사고,0,1,0,0,차대차 - 추돌,안전운전불이행,건조,맑음,단일로 - 기타,승용,남,59세,상해없음,자전거,남,61세,중상
2019050900100626,2019년 5월 9일 21시,목요일,전라남도 목포시 옥암동,경상사고,0,0,1,0,차대차 - 기타,안전운전불이행,건조,맑음,기타 - 기타,승용,여,46세,기타불명,승용,여,56세,경상
2019050900100651,2019년 5월 9일 22시,목요일,전라남도 순천시 연향동,중상사고,0,1,0,0,차대차 - 측면충돌,신호위반,건조,맑음,교차로 - 교차로안,승용,남,63세,상해없음,이륜,남,34세,중상
2019050900100671,2019년 5월 9일 23시,목요일,전라남도 광양시 광양읍,중상사고,0,1,2,0,차대차 - 기타,기타,건조,맑음,교차로 - 교차로안,승용,남,49세,상해없음,승합,남,52세,경상
2019051000100035,2019년 5월 10일 00시,금요일,전라남도 나주시 금천면,중상사고,0,1,1,0,차대차 - 측면충돌,안전운전불이행,건조,맑음,교차로 - 교차로안,승용,남,33세,상해없음,승용,남,61세,중상
2019051000100113,2019년 5월 10일 07시,금요일,전라남도 여수시 학동,경상사고,0,0,1,0,차대차 - 기타,차로위반,건조,맑음,단일로 - 기타,승용,남,64세,상해없음,승용,남,41세,경상
2019051000100114,2019년 5월 10일 07시,금요일,전라남도 장성군 서삼면,중상사고,0,1,2,0,차대차 - 측면충돌,안전운전불이행,건조,맑음,교차로 - 교차로안,승용,여,53세,상해없음,승용,여,74세,중상
2019051000100200,2019년 5월 10일 09시,금요일,전라남도 목포시 산정동,경상사고,0,0,1,0,차대차 - 측면충돌,직진우회전진행방해,건조,맑음,교차로 - 교차로안,화물,남,63세,상해없음,승용,남,37세,경상
2019051000100201,2019년 5월 10일 09시,금요일,전라남도 보성군 벌교읍,경상사고,0,0,2,0,차대차 - 측면충돌,직진우회전진행방해,건조,맑음,교차로 - 교차로안,화물,남,30세,상해없음,승용,남,63세,경상
2019051000100233,2019년 5월 10일 10시,금요일,전라남도 순천시 조곡동,중상사고,0,1,1,0,차대차 - 측면충돌,신호위반,건조,맑음,교차로 - 교차로안,승용,남,72세,상해없음,원동기,남,63세,중상
2019051000100234,2019년 5월 10일 10시,금요일,전라남도 나주시 빛가람동,부상신고사고,0,0,0,1,차대사람 - 횡단중,신호위반,건조,맑음,교차로 - 교차로부근,기타불명,기타불명,미분류,기타불명,보행자,남,27세,부상신고
2019051000100235,2019년 5월 10일 10시,금요일,전라남도 완도군 완도읍,경상사고,0,0,1,0,차대차 - 측면충돌,안전운전불이행,건조,맑음,단일로 - 기타,승용,여,68세,상해없음,이륜,남,82세,경상
2019051000100261,2019년 5월 10일 11시,금요일,전라남도 광양시 다압면,중상사고,0,1,0,0,차대차 - 기타,안전운전불이행,건조,맑음,단일로 - 기타,이륜,남,80세,중상,승용,남,79세,상해없음
2019051000100292,2019년 5월 10일 12시,금요일,전라남도 순천시 오천동,중상사고,0,1,0,0,차대차 - 측면충돌,신호위반,건조,맑음,교차로 - 교차로안,승합,남,44세,상해없음,승용,남,26세,중상
2019051000100293,2019년 5월 10일 12시,금요일,전라남도 영광군 군서면,경상사고,0,0,1,0,차대차 - 정면충돌,안전운전불이행,건조,맑음,교차로 - 교차로안,화물,여,52세,상해없음,승용,여,62세,경상
2019051000100294,2019년 5월 10일 12시,금요일,전라남도 광양시 광양읍,경상사고,0,0,2,0,차대차 - 측면충돌,직진우회전진행방해,건조,맑음,교차로 - 교차로안,화물,남,55세,상해없음,승용,여,37세,경상
2019051000100338,2019년 5월 10일 13시,금요일,전라남도 장흥군 장흥읍,경상사고,0,0,1,0,차대차 - 추돌,안전운전불이행,건조,맑음,교차로 - 교차로부근,화물,남,45세,상해없음,승용,남,67세,경상
2019051000100369,2019년 5월 10일 14시,금요일,전라남도 목포시 산정동,경상사고,0,0,1,0,차대차 - 기타,신호위반,건조,맑음,교차로 - 교차로안,승용,남,83세,상해없음,화물,남,39세,경상
2019051000100370,2019년 5월 10일 14시,금요일,전라남도 순천시 별량면,경상사고,0,0,1,0,차대차 - 기타,안전거리미확보,건조,맑음,단일로 - 기타,승용,여,49세,상해없음,승용,여,52세,경상
2019051000100371,2019년 5월 10일 14시,금요일,전라남도 고흥군 점암면,중상사고,0,2,4,0,차대차 - 측면충돌,직진우회전진행방해,건조,맑음,교차로 - 교차로안,화물,남,69세,경상,승용,남,72세,경상
2019051000100372,2019년 5월 10일 14시,금요일,전라남도 영암군 영암읍,사망사고,1,0,0,0,차대차 - 측면충돌,신호위반,건조,맑음,교차로 - 교차로부근,원동기,여,56세,사망,화물,남,25세,상해없음
2019051000100373,2019년 5월 10일 14시,금요일,전라남도 영암군 시종면,경상사고,0,0,1,0,차대차 - 측면충돌,안전운전불이행,건조,맑음,교차로 - 교차로안,건설기계,남,55세,상해없음,승용,남,38세,경상
2019051000100374,2019년 5월 10일 14시,금요일,전라남도 무안군 해제면,경상사고,0,0,1,0,차대차 - 추돌,안전운전불이행,건조,맑음,교차로 - 교차로안,화물,남,63세,상해없음,승용,남,67세,경상
2019051000100427,2019년 5월 10일 15시,금요일,전라남도 여수시 봉산동,중상사고,0,1,0,0,차대사람 - 기타,안전운전불이행,건조,맑음,단일로 - 기타,승합,남,65세,상해없음,보행자,여,70세,중상
2019051000100471,2019년 5월 10일 16시,금요일,전라남도 광양시 중동,중상사고,0,1,0,0,차대차 - 기타,안전운전불이행,건조,맑음,기타 - 기타,자전거,남,8세,중상,승용,여,51세,상해없음
2019051000100508,2019년 5월 10일 17시,금요일,전라남도 순천시 동외동,경상사고,0,0,1,0,차대차 - 측면충돌,안전거리미확보,건조,맑음,단일로 - 기타,승용,남,58세,상해없음,승용,남,33세,경상
2019051000100509,2019년 5월 10일 17시,금요일,전라남도 나주시 이창동,경상사고,0,0,3,0,차대차 - 측면충돌,교차로운행방법위반,건조,맑음,교차로 - 교차로안,승합,남,62세,상해없음,승용,남,44세,경상
2019051000100510,2019년 5월 10일 17시,금요일,전라남도 장흥군 용산면,중상사고,0,2,0,0,차대차 - 정면충돌,중앙선침범,건조,맑음,단일로 - 기타,승용,남,27세,중상,화물,남,62세,중상
2019051000100561,2019년 5월 10일 18시,금요일,전라남도 나주시 금천면,경상사고,0,0,3,0,차대차 - 추돌,안전거리미확보,건조,맑음,단일로 - 기타,승용,남,56세,경상,승용,여,47세,경상
2019051000100562,2019년 5월 10일 18시,금요일,전라남도 나주시 금천면,경상사고,0,0,3,0,차대차 - 추돌,안전거리미확보,건조,맑음,단일로 - 기타,화물,남,58세,경상,승용,남,56세,경상
2019051000100563,2019년 5월 10일 18시,금요일,전라남도 나주시 금천면,경상사고,0,0,2,0,차대차 - 추돌,안전거리미확보,건조,맑음,단일로 - 기타,승용,남,36세,경상,화물,남,58세,경상
2019051000100564,2019년 5월 10일 18시,금요일,전라남도 광양시 광양읍,경상사고,0,0,1,0,차대차 - 측면충돌,안전운전불이행,건조,맑음,교차로 - 교차로안,승용,남,50세,경상,승합,남,48세,상해없음
2019051000100565,2019년 5월 10일 18시,금요일,전라남도 나주시 노안면,경상사고,0,0,3,0,차대차 - 추돌,안전운전불이행,건조,맑음,단일로 - 기타,승용,남,26세,상해없음,승용,남,48세,경상
2019051000100603,2019년 5월 10일 19시,금요일,전라남도 목포시 석현동,경상사고,0,0,1,0,차대사람 - 기타,안전운전불이행,건조,맑음,단일로 - 기타,화물,남,53세,상해없음,보행자,남,68세,경상
2019051000100604,2019년 5월 10일 19시,금요일,전라남도 고흥군 도양읍,중상사고,0,1,0,0,차대차 - 측면충돌,기타,건조,맑음,교차로 - 교차로안,이륜,남,64세,중상,화물,남,53세,상해없음
2019051000100605,2019년 5월 10일 19시,금요일,전라남도 광양시 옥곡면,중상사고,0,1,0,0,차대차 - 기타,직진우회전진행방해,건조,맑음,교차로 - 교차로안,자전거,남,61세,중상,승용,남,40세,상해없음
2019051000100703,2019년 5월 10일 22시,금요일,전라남도 목포시 용당동,경상사고,0,0,2,0,차대차 - 측면충돌,교차로운행방법위반,건조,맑음,교차로 - 교차로안,승용,남,52세,경상,승용,남,51세,경상
2019051100100034,2019년 5월 11일 00시,토요일,전라남도 곡성군 오산면,경상사고,0,0,4,0,차대차 - 기타,안전거리미확보,건조,맑음,단일로 - 기타,승용,남,54세,상해없음,승용,남,18세,경상
2019051100100096,2019년 5월 11일 04시,토요일,전라남도 여수시 여서동,경상사고,0,0,1,0,차대차 - 기타,차로위반,건조,맑음,교차로 - 교차로안,화물,남,69세,상해없음,승용,남,44세,경상
2019051100100156,2019년 5월 11일 08시,토요일,전라남도 여수시 미평동,경상사고,0,0,1,0,차대차 - 측면충돌,안전운전불이행,건조,맑음,교차로 - 교차로부근,승용,여,52세,상해없음,승용,남,57세,경상
2019051100100157,2019년 5월 11일 08시,토요일,전라남도 순천시 연향동,경상사고,0,0,1,0,차대차 - 측면충돌,안전운전불이행,건조,맑음,단일로 - 기타,승합,남,53세,상해없음,자전거,남,17세,경상
2019051100100193,2019년 5월 11일 09시,토요일,전라남도 나주시 금천면,경상사고,0,0,1,0,차대차 - 측면충돌,안전운전불이행,건조,맑음,교차로 - 교차로부근,승용,여,48세,상해없음,화물,여,59세,경상
2019051100100194,2019년 5월 11일 09시,토요일,전라남도 화순군 이양면,경상사고,0,0,2,0,차대차 - 기타,중앙선침범,건조,맑음,단일로 - 기타,이륜,남,51세,기타불명,승용,남,59세,경상
2019051100100195,2019년 5월 11일 09시,토요일,전라남도 함평군 해보면,경상사고,0,0,2,0,차대차 - 측면충돌,신호위반,건조,맑음,교차로 - 교차로안,승용,여,52세,경상,화물,남,23세,상해없음
2019051100100196,2019년 5월 11일 09시,토요일,전라남도 무안군 삼향읍,중상사고,0,1,0,0,차대차 - 측면충돌,교차로운행방법위반,건조,맑음,교차로 - 교차로안,승용,남,44세,상해없음,승용,여,56세,중상
2019051100100222,2019년 5월 11일 10시,토요일,전라남도 신안군 압해읍,경상사고,0,0,2,0,차대차 - 기타,안전운전불이행,건조,맑음,단일로 - 기타,화물,남,65세,상해없음,화물,남,76세,경상
2019051100100223,2019년 5월 11일 10시,토요일,전라남도 순천시 황전면,중상사고,0,1,0,0,차대차 - 측면충돌,교차로운행방법위반,건조,맑음,교차로 - 교차로안,이륜,남,63세,중상,화물,남,77세,상해없음
2019051100100224,2019년 5월 11일 10시,토요일,전라남도 보성군 보성읍,경상사고,0,0,1,0,차대차 - 측면충돌,교차로운행방법위반,건조,맑음,교차로 - 교차로안,승용,남,67세,상해없음,승용,여,64세,경상
2019051100100225,2019년 5월 11일 10시,토요일,전라남도 진도군 진도읍,경상사고,0,0,1,0,차대사람 - 횡단중,안전운전불이행,건조,맑음,교차로 - 교차로횡단보도내,이륜,남,68세,상해없음,보행자,여,76세,경상
2019051100100226,2019년 5월 11일 10시,토요일,전라남도 구례군 광의면,중상사고,0,4,2,0,차대차 - 정면충돌,중앙선침범,건조,맑음,단일로 - 기타,승용,여,49세,상해없음,승용,남,62세,경상
2019051100100270,2019년 5월 11일 11시,토요일,전라남도 순천시 연향동,중상사고,0,1,3,0,차대차 - 측면충돌,직진우회전진행방해,건조,맑음,교차로 - 교차로안,승용,여,35세,경상,승용,여,51세,경상
2019051100100271,2019년 5월 11일 11시,토요일,전라남도 보성군 보성읍,경상사고,0,0,1,0,차대차 - 측면충돌,교차로운행방법위반,건조,맑음,교차로 - 교차로안,이륜,남,71세,경상,승용,남,56세,상해없음
2019051100100272,2019년 5월 11일 11시,토요일,전라남도 진도군 진도읍,경상사고,0,0,2,0,차대차 - 측면충돌,교차로운행방법위반,건조,맑음,교차로 - 교차로안,승용,여,44세,상해없음,자전거,남,44세,경상
2019051100100273,2019년 5월 11일 11시,토요일,전라남도 장성군 장성읍,경상사고,0,0,5,0,차대차 - 추돌,안전운전불이행,건조,맑음,단일로 - 기타,승용,여,37세,경상,승용,여,26세,경상
2019051100100319,2019년 5월 11일 12시,토요일,전라남도 순천시 연향동,경상사고,0,0,1,0,차대차 - 측면충돌,직진우회전진행방해,건조,맑음,교차로 - 교차로안,승용,여,49세,상해없음,승용,여,41세,상해없음
2019051100100366,2019년 5월 11일 13시,토요일,전라남도 여수시 오림동,경상사고,0,0,1,0,차대차 - 측면충돌,안전운전불이행,건조,맑음,단일로 - 기타,승용,남,22세,상해없음,승용,남,40세,경상
2019051100100416,2019년 5월 11일 14시,토요일,전라남도 여수시 연등동,경상사고,0,0,1,0,차량단독 - 공작물충돌,안전운전불이행,건조,맑음,단일로 - 기타,승용,남,23세,경상,,,,
2019051100100454,2019년 5월 11일 15시,토요일,전라남도 목포시 석현동,경상사고,0,0,2,0,차대차 - 기타,신호위반,건조,맑음,교차로 - 교차로안,승용,남,62세,상해없음,승용,남,18세,경상
2019051100100455,2019년 5월 11일 15시,토요일,전라남도 장흥군 장흥읍,중상사고,0,1,0,0,차대차 - 측면충돌,교차로운행방법위반,건조,맑음,교차로 - 교차로안,승용,남,70세,상해없음,자전거,남,59세,중상
2019051100100456,2019년 5월 11일 15시,토요일,전라남도 광양시 광양읍,경상사고,0,0,1,0,차대사람 - 기타,안전운전불이행,건조,맑음,단일로 - 기타,승합,남,55세,상해없음,보행자,남,58세,경상
2019051100100582,2019년 5월 11일 18시,토요일,전라남도 목포시 용당동,중상사고,0,1,0,0,차대차 - 기타,안전운전불이행,건조,맑음,교차로 - 교차로부근,원동기,남,32세,중상,승용,여,29세,상해없음
2019051100100583,2019년 5월 11일 18시,토요일,전라남도 목포시 상동,경상사고,0,0,1,0,차대차 - 기타,중앙선침범,건조,맑음,단일로 - 기타,승용,여,61세,상해없음,승용,남,59세,경상
2019051100100584,2019년 5월 11일 18시,토요일,전라남도 순천시 조례동,경상사고,0,0,1,0,차대차 - 측면충돌,안전운전불이행,건조,맑음,단일로 - 기타,승용,여,55세,상해없음,이륜,남,18세,경상
2019051100100625,2019년 5월 11일 19시,토요일,전라남도 순천시 장천동,경상사고,0,0,3,0,차대차 - 측면충돌,중앙선침범,건조,맑음,단일로 - 기타,승용,남,61세,상해없음,승용,남,25세,경상
2019051100100653,2019년 5월 11일 20시,토요일,전라남도 순천시 인제동,중상사고,0,1,0,0,차대사람 - 차도통행중,안전운전불이행,건조,맑음,교차로 - 교차로안,승합,남,54세,상해없음,보행자,남,23세,중상
2019051100100654,2019년 5월 11일 20시,토요일,전라남도 영암군 삼호읍,경상사고,0,0,1,0,차대사람 - 횡단중,기타,건조,맑음,교차로 - 교차로횡단보도내,승용,남,64세,상해없음,보행자,남,11세,경상
2019051100100655,2019년 5월 11일 20시,토요일,전라남도 광양시 중동,중상사고,0,1,0,0,차대차 - 측면충돌,신호위반,건조,맑음,교차로 - 교차로안,승용,여,43세,상해없음,이륜,남,35세,중상
2019051100100682,2019년 5월 11일 21시,토요일,전라남도 순천시 승주읍,경상사고,0,0,1,0,차량단독 - 전도전복 - 전도,안전운전불이행,건조,맑음,단일로 - 기타,이륜,남,52세,경상,,,,
2019051100100683,2019년 5월 11일 21시,토요일,전라남도 순천시 조례동,경상사고,0,0,1,0,차대차 - 측면충돌,중앙선침범,건조,맑음,단일로 - 기타,승용,남,36세,상해없음,이륜,남,25세,경상
2019051100100741,2019년 5월 11일 23시,토요일,전라남도 순천시 매곡동,중상사고,0,1,0,0,차대사람 - 차도통행중,안전운전불이행,건조,맑음,단일로 - 기타,승용,여,58세,상해없음,보행자,남,21세,중상
2019051200100032,2019년 5월 12일 00시,일요일,전라남도 여수시 공화동,경상사고,0,0,1,0,차대사람 - 기타,안전운전불이행,건조,맑음,단일로 - 기타,승용,남,68세,상해없음,보행자,남,30세,경상
2019051200100033,2019년 5월 12일 00시,일요일,전라남도 고흥군 도양읍,경상사고,0,0,1,0,차대사람 - 기타,안전운전불이행,건조,맑음,단일로 - 기타,화물,남,51세,상해없음,보행자,남,32세,경상
2019051200100043,2019년 5월 12일 01시,일요일,전라남도 여수시 여서동,경상사고,0,0,1,0,차대사람 - 기타,안전운전불이행,건조,맑음,단일로 - 기타,승용,남,47세,상해없음,보행자,남,50세,경상
2019051200100044,2019년 5월 12일 01시,일요일,전라남도 여수시 종화동,경상사고,0,0,4,0,차대차 - 추돌,안전운전불이행,건조,맑음,단일로 - 기타,승용,남,22세,상해없음,승용,남,22세,경상
2019051200100045,2019년 5월 12일 01시,일요일,전라남도 광양시 진월면,중상사고,0,1,0,0,차대차 - 기타,안전운전불이행,건조,맑음,단일로 - 교량,승용,남,57세,상해없음,승용,남,21세,중상
2019051200100060,2019년 5월 12일 02시,일요일,전라남도 해남군 화산면,중상사고,0,1,1,0,차대차 - 정면충돌,안전운전불이행,건조,맑음,단일로 - 기타,화물,남,30세,경상,승용,남,54세,중상
2019051200100098,2019년 5월 12일 06시,일요일,전라남도 장흥군 관산읍,중상사고,0,1,0,0,차대차 - 기타,안전운전불이행,건조,맑음,단일로 - 기타,승용,남,70세,상해없음,자전거,남,47세,중상
2019051200100116,2019년 5월 12일 07시,일요일,전라남도 영암군 미암면,중상사고,0,1,1,0,차대차 - 측면충돌,기타,건조,맑음,교차로 - 교차로안,승용,남,46세,상해없음,승용,남,46세,경상
2019051200100146,2019년 5월 12일 09시,일요일,전라남도 목포시 상동,중상사고,0,1,3,0,차대차 - 기타,안전운전불이행,건조,맑음,단일로 - 기타,승용,남,44세,경상,승용,남,58세,경상
2019051200100173,2019년 5월 12일 10시,일요일,전라남도 순천시 매곡동,경상사고,0,0,1,0,차대차 - 기타,신호위반,건조,맑음,교차로 - 교차로안,승용,남,41세,상해없음,승합,남,58세,경상
2019051200100174,2019년 5월 12일 10시,일요일,전라남도 영암군 시종면,중상사고,0,1,1,0,차대차 - 정면충돌,중앙선침범,건조,맑음,교차로 - 교차로안,이륜,남,55세,경상,이륜,남,70세,중상
2019051200100203,2019년 5월 12일 11시,일요일,전라남도 해남군 산이면,중상사고,0,1,0,0,차대차 - 정면충돌,중앙선침범,건조,맑음,단일로 - 기타,화물,남,69세,상해없음,이륜,남,75세,중상
2019051200100236,2019년 5월 12일 12시,일요일,전라남도 목포시 상동,경상사고,0,0,2,0,차대차 - 기타,교차로운행방법위반,건조,맑음,교차로 - 교차로안,승용,남,39세,경상,승용,남,33세,경상
2019051200100237,2019년 5월 12일 12시,일요일,전라남도 영광군 영광읍,중상사고,0,1,0,0,차대사람 - 길가장자리구역통행중,안전운전불이행,건조,맑음,단일로 - 기타,화물,남,58세,상해없음,보행자,남,21세,중상
2019051200100269,2019년 5월 12일 13시,일요일,전라남도 목포시 산정동,경상사고,0,0,1,0,차대차 - 기타,안전운전불이행,건조,맑음,교차로 - 교차로안,승용,여,35세,상해없음,승용,남,73세,경상
2019051200100270,2019년 5월 12일 13시,일요일,전라남도 여수시 충무동,경상사고,0,0,2,0,차대차 - 추돌,교차로운행방법위반,건조,맑음,교차로 - 교차로안,승용,남,54세,상해없음,승용,남,38세,경상
2019051200100297,2019년 5월 12일 14시,일요일,전라남도 영암군 삼호읍,경상사고,0,0,2,0,차대차 - 추돌,안전운전불이행,건조,맑음,교차로 - 교차로부근,승용,여,47세,상해없음,승용,남,52세,경상
2019051200100329,2019년 5월 12일 15시,일요일,전라남도 목포시 산정동,경상사고,0,0,3,0,차대차 - 추돌,안전운전불이행,건조,맑음,단일로 - 기타,승용,남,47세,상해없음,승용,남,22세,경상
2019051200100330,2019년 5월 12일 15시,일요일,전라남도 순천시 연향동,경상사고,0,0,2,0,차대차 - 측면충돌,안전운전불이행,건조,맑음,교차로 - 교차로안,승용,남,24세,상해없음,승용,남,35세,경상
2019051200100331,2019년 5월 12일 15시,일요일,전라남도 담양군 가사문학면,사망사고,1,1,1,0,차량단독 - 기타,안전운전불이행,건조,맑음,단일로 - 기타,승용,여,64세,경상,,,,
2019051200100332,2019년 5월 12일 15시,일요일,전라남도 장성군 장성읍,경상사고,0,0,6,0,차대차 - 측면충돌,안전운전불이행,건조,맑음,단일로 - 기타,승용,남,33세,경상,승용,남,31세,경상
2019051200100366,2019년 5월 12일 16시,일요일,전라남도 목포시 해안동1가,경상사고,0,0,3,0,차대차 - 측면충돌,직진우회전진행방해,건조,맑음,교차로 - 교차로안,승용,남,71세,경상,이륜,남,19세,경상
2019051200100367,2019년 5월 12일 16시,일요일,전라남도 순천시 저전동,경상사고,0,0,1,0,차대차 - 기타,안전운전불이행,건조,맑음,단일로 - 기타,이륜,남,71세,경상,승용,남,51세,상해없음
2019051200100404,2019년 5월 12일 17시,일요일,전라남도 무안군 몽탄면,경상사고,0,0,2,0,차대차 - 측면충돌,안전거리미확보,건조,맑음,단일로 - 기타,승용,남,39세,상해없음,승용,여,34세,경상
2019051200100438,2019년 5월 12일 18시,일요일,전라남도 목포시 용해동,경상사고,0,0,1,0,차대차 - 측면충돌,신호위반,건조,맑음,교차로 - 교차로안,이륜,남,17세,상해없음,승용,남,46세,경상
2019051200100439,2019년 5월 12일 18시,일요일,전라남도 영암군 삼호읍,경상사고,0,0,1,0,차대차 - 기타,안전운전불이행,건조,맑음,교차로 - 교차로부근,화물,남,60세,상해없음,승용,여,37세,경상
2019051200100440,2019년 5월 12일 18시,일요일,전라남도 강진군 강진읍,경상사고,0,0,1,0,차대사람 - 기타,안전운전불이행,건조,맑음,교차로 - 교차로부근,승용,남,57세,상해없음,보행자,여,68세,경상
2019051200100441,2019년 5월 12일 18시,일요일,전라남도 담양군 고서면,경상사고,0,0,4,0,차대차 - 기타,중앙선침범,건조,맑음,단일로 - 기타,승용,남,54세,상해없음,승용,남,33세,경상