사고번호,사고일시,요일,시군구,사고내용,사망자수,중상자수,경상자수,부상신고자수,사고유형,법규위반,노면상태,기상상태,도로형태,가해운전자 차종,가해운전자 성별,가해운전자 연령,가해운전자 상해정도,피해운전자 차종,피해운전자 성별,피해운전자 연령,피해운전자 상해정도
2019051200100468,2019년 5월 12일 19시,일요일,전라남도 광양시 중동,경상사고,0,0,2,0,차대차 - 측면충돌,안전운전불이행,건조,맑음,교차로 - 교차로안,원동기,남,25세,경상,승용,남,19세,경상
2019051200100495,2019년 5월 12일 20시,일요일,전라남도 목포시 상동,경상사고,0,0,3,0,차대차 - 기타,교차로운행방법위반,건조,맑음,교차로 - 교차로안,승용,남,34세,경상,승용,남,35세,경상
2019051200100496,2019년 5월 12일 20시,일요일,전라남도 여수시 학동,경상사고,0,0,1,0,차대차 - 측면충돌,안전운전불이행,건조,맑음,교차로 - 교차로안,승용,남,64세,상해없음,이륜,남,41세,경상
2019051200100497,2019년 5월 12일 20시,일요일,전라남도 해남군 해남읍,중상사고,0,1,1,0,차대사람 - 기타,안전운전불이행,건조,맑음,단일로 - 기타,이륜,남,17세,경상,보행자,남,83세,중상
2019051200100498,2019년 5월 12일 20시,일요일,전라남도 함평군 대동면,경상사고,0,0,1,0,차대차 - 추돌,안전운전불이행,건조,맑음,단일로 - 기타,승용,여,53세,상해없음,화물,남,57세,기타불명
2019051200100521,2019년 5월 12일 21시,일요일,전라남도 나주시 남내동,중상사고,0,1,0,0,차대사람 - 횡단중,안전운전불이행,건조,맑음,단일로 - 기타,승용,남,41세,상해없음,보행자,남,55세,중상
2019051200100522,2019년 5월 12일 21시,일요일,전라남도 장성군 남면,중상사고,0,1,0,0,차량단독 - 기타,안전운전불이행,건조,맑음,단일로 - 기타,승용,남,71세,상해없음,,,,
2019051300100069,2019년 5월 13일 06시,월요일,전라남도 광양시 중동,경상사고,0,0,3,0,차대차 - 측면충돌,차로위반,건조,맑음,단일로 - 교량,승용,남,60세,경상,승용,남,25세,경상
2019051300100133,2019년 5월 13일 08시,월요일,전라남도 곡성군 삼기면,경상사고,0,0,2,0,차대차 - 추돌,안전운전불이행,건조,맑음,교차로 - 교차로부근,화물,남,66세,경상,승용,남,43세,경상
2019051300100170,2019년 5월 13일 09시,월요일,전라남도 여수시 오천동,중상사고,0,2,1,0,차대차 - 측면충돌,중앙선침범,건조,맑음,교차로 - 교차로부근,화물,남,64세,상해없음,승용,남,60세,경상
2019051300100171,2019년 5월 13일 09시,월요일,전라남도 여수시 미평동,중상사고,0,1,2,0,차대차 - 추돌,안전운전불이행,건조,맑음,교차로 - 교차로부근,승용,남,64세,상해없음,승용,남,27세,상해없음
2019051300100172,2019년 5월 13일 09시,월요일,전라남도 장흥군 관산읍,경상사고,0,0,1,0,차대차 - 측면충돌,직진우회전진행방해,건조,맑음,교차로 - 교차로안,화물,남,54세,상해없음,이륜,남,65세,경상
2019051300100213,2019년 5월 13일 10시,월요일,전라남도 광양시 옥곡면,경상사고,0,0,1,0,차대차 - 측면충돌,교차로운행방법위반,건조,맑음,교차로 - 교차로안,승용,남,35세,상해없음,화물,남,38세,경상
2019051300100274,2019년 5월 13일 12시,월요일,전라남도 목포시 용해동,중상사고,0,1,1,0,차량단독 - 기타,안전운전불이행,건조,맑음,기타 - 기타,승용,남,64세,중상,,,,
2019051300100275,2019년 5월 13일 12시,월요일,전라남도 순천시 해룡면,경상사고,0,0,1,0,차대차 - 기타,안전운전불이행,건조,맑음,교차로 - 교차로부근,이륜,남,23세,상해없음,승용,여,34세,경상
2019051300100305,2019년 5월 13일 13시,월요일,전라남도 고흥군 도양읍,경상사고,0,0,1,0,차대차 - 측면충돌,교차로운행방법위반,건조,맑음,교차로 - 교차로안,이륜,남,75세,경상,승용,남,58세,상해없음
2019051300100306,2019년 5월 13일 13시,월요일,전라남도 함평군 함평읍,중상사고,0,1,0,0,차대차 - 측면충돌,안전운전불이행,건조,맑음,교차로 - 교차로부근,이륜,남,67세,중상,승용,남,66세,상해없음
2019051300100452,2019년 5월 13일 17시,월요일,전라남도 나주시 보산동,경상사고,0,0,2,0,차대차 - 측면충돌,안전운전불이행,건조,맑음,단일로 - 기타,승용,남,54세,경상,승용,남,27세,경상
2019051300100494,2019년 5월 13일 18시,월요일,전라남도 화순군 화순읍,경상사고,0,0,3,0,차대차 - 측면충돌,차로위반,건조,맑음,단일로 - 기타,화물,남,71세,경상,화물,남,52세,경상
2019051300100495,2019년 5월 13일 18시,월요일,전라남도 담양군 수북면,경상사고,0,0,1,0,차대사람 - 기타,안전운전불이행,건조,맑음,교차로 - 교차로부근,화물,남,48세,상해없음,보행자,여,75세,경상
2019051300100496,2019년 5월 13일 18시,월요일,전라남도 곡성군 겸면,중상사고,0,2,0,0,차대차 - 정면충돌,중앙선침범,건조,맑음,단일로 - 기타,승용,여,37세,중상,승용,여,28세,중상
2019051300100497,2019년 5월 13일 18시,월요일,전라남도 무안군 삼향읍,경상사고,0,0,1,0,차대차 - 측면충돌,교차로운행방법위반,건조,맑음,교차로 - 교차로안,승용,여,49세,상해없음,승용,남,36세,경상
2019051300100533,2019년 5월 13일 19시,월요일,전라남도 목포시 상동,중상사고,0,1,1,0,차대차 - 측면충돌,안전운전불이행,건조,맑음,교차로 - 교차로안,이륜,남,19세,중상,이륜,남,33세,경상
2019051300100534,2019년 5월 13일 19시,월요일,전라남도 구례군 마산면,사망사고,1,0,1,0,차대차 - 추돌,안전운전불이행,건조,맑음,단일로 - 기타,화물,남,39세,경상,농기계,남,85세,사망
2019051300100564,2019년 5월 13일 20시,월요일,전라남도 목포시 산정동,경상사고,0,0,2,0,차대차 - 기타,안전운전불이행,건조,맑음,단일로 - 기타,승용,남,45세,상해없음,승용,남,41세,경상
2019051300100565,2019년 5월 13일 20시,월요일,전라남도 해남군 황산면,중상사고,0,1,0,0,차량단독 - 도로외이탈 - 추락,안전운전불이행,건조,맑음,단일로 - 기타,승용,남,66세,중상,,,,
2019051300100600,2019년 5월 13일 21시,월요일,전라남도 강진군 도암면,경상사고,0,0,1,0,차량단독 - 도로외이탈 - 추락,안전운전불이행,건조,맑음,단일로 - 기타,승용,남,19세,경상,,,,
2019051300100601,2019년 5월 13일 21시,월요일,전라남도 강진군 작천면,사망사고,1,0,0,0,차량단독 - 전도전복 - 전도,안전운전불이행,건조,맑음,교차로 - 교차로안,이륜,남,61세,사망,,,,
2019051300100621,2019년 5월 13일 22시,월요일,전라남도 순천시 조례동,경상사고,0,0,2,0,차대차 - 측면충돌,교차로운행방법위반,건조,맑음,교차로 - 교차로안,승용,남,27세,상해없음,승용,남,35세,경상
2019051300100622,2019년 5월 13일 22시,월요일,전라남도 장성군 황룡면,경상사고,0,0,2,0,차량단독 - 기타,안전운전불이행,건조,맑음,기타 - 기타,이륜,남,18세,경상,,,,
2019051400100082,2019년 5월 14일 06시,화요일,전라남도 순천시 장천동,경상사고,0,0,1,0,차대차 - 추돌,안전운전불이행,건조,맑음,교차로 - 교차로부근,승용,여,58세,상해없음,승용,남,65세,경상
2019051400100095,2019년 5월 14일 07시,화요일,전라남도 목포시 대양동,중상사고,0,1,2,0,차대차 - 측면충돌,안전거리미확보,건조,맑음,기타 - 기타,승용,남,72세,경상,승용,남,57세,경상
2019051400100126,2019년 5월 14일 08시,화요일,전라남도 목포시 석현동,경상사고,0,0,1,0,차대차 - 기타,교차로운행방법위반,건조,맑음,교차로 - 교차로안,승용,여,38세,상해없음,화물,남,48세,경상
2019051400100176,2019년 5월 14일 09시,화요일,전라남도 해남군 해남읍,부상신고사고,0,0,0,2,차대차 - 기타,교차로운행방법위반,건조,맑음,교차로 - 교차로안,승용,남,60세,상해없음,승용,남,37세,부상신고
2019051400100205,2019년 5월 14일 10시,화요일,전라남도 순천시 오천동,경상사고,0,0,1,0,차대차 - 측면충돌,안전운전불이행,건조,맑음,교차로 - 교차로부근,자전거,남,66세,경상,승용,여,56세,상해없음
2019051400100206,2019년 5월 14일 10시,화요일,전라남도 영암군 삼호읍,중상사고,0,1,1,0,차대차 - 측면충돌,안전운전불이행,건조,맑음,교차로 - 교차로안,화물,여,54세,중상,화물,남,44세,경상
2019051400100207,2019년 5월 14일 10시,화요일,전라남도 강진군 강진읍,경상사고,0,0,1,0,차대차 - 측면충돌,중앙선침범,건조,맑음,교차로 - 교차로부근,이륜,남,64세,경상,화물,남,61세,상해없음
2019051400100232,2019년 5월 14일 11시,화요일,전라남도 함평군 손불면,중상사고,0,2,1,0,차대차 - 추돌,안전운전불이행,건조,맑음,단일로 - 기타,건설기계,남,62세,상해없음,승합,남,49세,중상
2019051400100233,2019년 5월 14일 11시,화요일,전라남도 목포시 상동,경상사고,0,0,1,0,차대차 - 기타,안전운전불이행,건조,맑음,단일로 - 기타,이륜,남,19세,경상,승용,남,40세,기타불명
2019051400100234,2019년 5월 14일 11시,화요일,전라남도 순천시 매곡동,경상사고,0,0,2,0,차대차 - 정면충돌,안전운전불이행,건조,맑음,교차로 - 교차로안,승용,여,50세,경상,원동기,남,77세,경상
2019051400100235,2019년 5월 14일 11시,화요일,전라남도 순천시 남내동,중상사고,0,1,0,0,차대사람 - 기타,기타,건조,맑음,기타 - 기타,승용,여,53세,상해없음,보행자,여,57세,중상
2019051400100267,2019년 5월 14일 12시,화요일,전라남도 목포시 용해동,중상사고,0,1,0,0,차대차 - 측면충돌,안전운전불이행,건조,맑음,단일로 - 기타,화물,남,68세,상해없음,이륜,남,54세,중상
2019051400100268,2019년 5월 14일 12시,화요일,전라남도 목포시 상락동1가,중상사고,0,1,0,0,차대차 - 기타,교차로운행방법위반,건조,맑음,교차로 - 교차로안,승용,남,72세,상해없음,이륜,남,61세,중상
2019051400100269,2019년 5월 14일 12시,화요일,전라남도 장흥군 용산면,중상사고,0,1,0,0,차량단독 - 기타,안전운전불이행,건조,맑음,단일로 - 기타,화물,남,67세,중상,,,,
2019051400100270,2019년 5월 14일 12시,화요일,전라남도 고흥군 남양면,중상사고,0,1,0,0,차량단독 - 공작물충돌,안전운전불이행,건조,맑음,단일로 - 기타,기타불명,남,83세,중상,,,,
2019051400100300,2019년 5월 14일 13시,화요일,전라남도 함평군 학교면,경상사고,0,0,2,0,차대차 - 측면충돌,직진우회전진행방해,건조,맑음,교차로 - 교차로안,화물,남,56세,상해없음,승용,여,61세,경상
2019051400100301,2019년 5월 14일 13시,화요일,전라남도 담양군 대전면,중상사고,0,1,0,0,차대차 - 기타,직진우회전진행방해,건조,맑음,교차로 - 교차로안,화물,남,27세,상해없음,자전거,남,52세,중상
2019051400100340,2019년 5월 14일 14시,화요일,전라남도 장성군 남면,경상사고,0,0,2,0,차대차 - 추돌,안전운전불이행,건조,맑음,교차로 - 교차로부근,화물,남,64세,상해없음,승용,남,62세,경상
2019051400100341,2019년 5월 14일 14시,화요일,전라남도 강진군 강진읍,부상신고사고,0,0,0,1,차대사람 - 기타,안전운전불이행,건조,맑음,교차로 - 교차로안,화물,남,51세,상해없음,보행자,남,58세,부상신고
2019051400100382,2019년 5월 14일 15시,화요일,전라남도 고흥군 두원면,중상사고,0,1,0,0,차량단독 - 공작물충돌,안전운전불이행,건조,맑음,단일로 - 기타,화물,남,57세,중상,,,,
2019051400100383,2019년 5월 14일 15시,화요일,전라남도 진도군 진도읍,경상사고,0,0,1,0,차대차 - 측면충돌,차로위반,건조,맑음,교차로 - 교차로부근,승용,남,85세,상해없음,승용,여,65세,경상
2019051400100418,2019년 5월 14일 16시,화요일,전라남도 순천시 주암면,부상신고사고,0,0,0,1,차량단독 - 기타,안전운전불이행,건조,맑음,단일로 - 기타,승합,남,60세,부상신고,,,,
2019051400100419,2019년 5월 14일 16시,화요일,전라남도 함평군 학교면,중상사고,0,1,0,0,차대사람 - 길가장자리구역통행중,안전운전불이행,건조,맑음,교차로 - 교차로안,화물,남,29세,상해없음,보행자,남,43세,중상
2019051400100473,2019년 5월 14일 17시,화요일,전라남도 목포시 대성동,경상사고,0,0,2,0,차대차 - 기타,안전운전불이행,건조,맑음,교차로 - 교차로안,승용,남,49세,경상,승용,남,28세,경상
2019051400100474,2019년 5월 14일 17시,화요일,전라남도 여수시 학동,경상사고,0,0,1,0,차대차 - 추돌,안전운전불이행,건조,맑음,단일로 - 기타,승용,남,48세,상해없음,화물,남,43세,경상
2019051400100475,2019년 5월 14일 17시,화요일,전라남도 완도군 완도읍,경상사고,0,0,1,0,차대차 - 측면충돌,안전운전불이행,건조,맑음,단일로 - 기타,농기계,남,70세,경상,승합,남,34세,상해없음
2019051400100476,2019년 5월 14일 17시,화요일,전라남도 구례군 산동면,중상사고,0,1,0,0,차량단독 - 기타,안전운전불이행,건조,맑음,교차로 - 교차로안,농기계,남,79세,중상,,,,
2019051400100525,2019년 5월 14일 18시,화요일,전라남도 목포시 옥암동,중상사고,0,1,0,0,차대사람 - 횡단중,안전운전불이행,건조,맑음,단일로 - 기타,승용,남,31세,상해없음,보행자,여,60세,중상
2019051400100526,2019년 5월 14일 18시,화요일,전라남도 광양시 광양읍,경상사고,0,0,1,1,차대차 - 측면충돌,직진우회전진행방해,건조,맑음,교차로 - 교차로안,승용,남,29세,부상신고,승용,남,24세,경상
2019051400100562,2019년 5월 14일 19시,화요일,전라남도 순천시 조례동,중상사고,0,1,0,0,차대차 - 측면충돌,중앙선침범,건조,맑음,기타 - 기타,승용,남,69세,상해없음,이륜,남,23세,중상
2019051400100603,2019년 5월 14일 20시,화요일,전라남도 목포시 석현동,경상사고,0,0,4,0,차대차 - 기타,직진우회전진행방해,건조,맑음,교차로 - 교차로안,승용,남,44세,경상,승용,남,51세,경상
2019051400100634,2019년 5월 14일 21시,화요일,전라남도 목포시 달동,사망사고,1,0,0,0,차대사람 - 횡단중,과속,건조,맑음,단일로 - 기타,승용,남,59세,상해없음,보행자,남,54세,사망
2019051400100635,2019년 5월 14일 21시,화요일,전라남도 여수시 중앙동,경상사고,0,0,2,0,차대차 - 추돌,안전운전불이행,건조,맑음,단일로 - 기타,승용,남,38세,상해없음,승용,남,24세,경상
2019051400100636,2019년 5월 14일 21시,화요일,전라남도 영광군 영광읍,중상사고,0,1,0,0,차대차 - 측면충돌,과속,건조,맑음,교차로 - 교차로안,승용,남,39세,상해없음,이륜,남,74세,중상
2019051400100690,2019년 5월 14일 23시,화요일,전라남도 목포시 옥암동,경상사고,0,0,1,0,차대차 - 추돌,안전운전불이행,건조,맑음,교차로 - 교차로부근,승용,남,25세,상해없음,승합,남,48세,경상
2019051500100052,2019년 5월 15일 01시,수요일,전라남도 광양시 성황동,경상사고,0,0,1,0,차대차 - 정면충돌,신호위반,건조,맑음,교차로 - 교차로안,승용,여,43세,상해없음,승용,남,55세,경상
2019051500100053,2019년 5월 15일 01시,수요일,전라남도 광양시 마동,부상신고사고,0,0,0,1,차량단독 - 공작물충돌,안전운전불이행,건조,맑음,단일로 - 기타,승용,남,30세,부상신고,,,,
2019051500100085,2019년 5월 15일 05시,수요일,전라남도 순천시 해룡면,경상사고,0,0,2,0,차대차 - 추돌,안전운전불이행,건조,맑음,교차로 - 교차로부근,승용,남,30세,상해없음,승용,남,54세,경상
2019051500100086,2019년 5월 15일 05시,수요일,전라남도 담양군 무정면,경상사고,0,0,3,0,차량단독 - 도로외이탈 - 기타,안전운전불이행,건조,맑음,단일로 - 기타,승용,여,68세,경상,,,,
2019051500100091,2019년 5월 15일 06시,수요일,전라남도 여수시 학동,경상사고,0,0,1,0,차대차 - 측면충돌,안전운전불이행,건조,맑음,교차로 - 교차로안,건설기계,남,46세,상해없음,승용,남,47세,경상
2019051500100114,2019년 5월 15일 07시,수요일,전라남도 순천시 덕암동,경상사고,0,0,1,0,차대차 - 측면충돌,교차로운행방법위반,건조,맑음,교차로 - 교차로횡단보도내,승용,남,53세,상해없음,승용,남,35세,경상
2019051500100115,2019년 5월 15일 07시,수요일,전라남도 나주시 왕곡면,중상사고,0,1,1,0,차대차 - 정면충돌,안전운전불이행,건조,맑음,단일로 - 기타,승용,여,23세,경상,화물,남,50세,중상
2019051500100152,2019년 5월 15일 08시,수요일,전라남도 해남군 해남읍,경상사고,0,0,1,0,차대차 - 측면충돌,중앙선침범,건조,맑음,교차로 - 교차로안,화물,남,74세,상해없음,이륜,남,73세,경상
2019051500100185,2019년 5월 15일 09시,수요일,전라남도 광양시 광양읍,경상사고,0,0,1,0,차대사람 - 횡단중,안전운전불이행,건조,맑음,단일로 - 기타,화물,남,60세,상해없음,보행자,여,20세,경상
2019051500100230,2019년 5월 15일 10시,수요일,전라남도 순천시 풍덕동,경상사고,0,0,6,0,차대차 - 추돌,안전거리미확보,건조,맑음,단일로 - 기타,승합,남,62세,상해없음,승용,여,56세,경상
2019051500100231,2019년 5월 15일 10시,수요일,전라남도 무안군 청계면,경상사고,0,0,2,0,차대차 - 측면충돌,안전운전불이행,건조,맑음,교차로 - 교차로안,승용,여,44세,경상,승합,남,53세,경상
2019051500100299,2019년 5월 15일 12시,수요일,전라남도 목포시 산정동,경상사고,0,0,3,0,차대차 - 기타,직진우회전진행방해,건조,맑음,교차로 - 교차로안,승용,여,60세,경상,승용,남,40세,경상
2019051500100300,2019년 5월 15일 12시,수요일,전라남도 해남군 해남읍,중상사고,0,1,0,0,차대차 - 기타,안전운전불이행,건조,맑음,단일로 - 기타,승용,남,51세,상해없음,승용,남,56세,중상
2019051500100301,2019년 5월 15일 12시,수요일,전라남도 광양시 중동,중상사고,0,1,0,0,차대차 - 기타,안전거리미확보,건조,맑음,단일로 - 기타,승용,남,24세,상해없음,이륜,남,45세,중상
2019051500100346,2019년 5월 15일 13시,수요일,전라남도 순천시 서면,경상사고,0,0,4,0,차대차 - 추돌,안전운전불이행,건조,맑음,단일로 - 기타,승용,남,28세,경상,승용,남,58세,경상
2019051500100347,2019년 5월 15일 13시,수요일,전라남도 무안군 해제면,사망사고,1,0,1,0,차대차 - 정면충돌,중앙선침범,건조,맑음,교차로 - 교차로부근,승용,여,63세,사망,특수,남,47세,경상
2019051500100374,2019년 5월 15일 14시,수요일,전라남도 목포시 상동,경상사고,0,0,1,0,차대차 - 기타,신호위반,건조,맑음,교차로 - 교차로안,이륜,남,50세,경상,승용,여,60세,상해없음
2019051500100375,2019년 5월 15일 14시,수요일,전라남도 목포시 용당동,중상사고,0,1,0,0,차대차 - 기타,안전운전불이행,건조,맑음,단일로 - 기타,자전거,여,66세,중상,승용,남,43세,상해없음
2019051500100376,2019년 5월 15일 14시,수요일,전라남도 순천시 조례동,경상사고,0,0,1,0,차대차 - 측면충돌,안전운전불이행,건조,맑음,단일로 - 기타,승용,여,56세,상해없음,승용,남,29세,경상
2019051500100377,2019년 5월 15일 14시,수요일,전라남도 순천시 조례동,경상사고,0,0,2,0,차대차 - 측면충돌,안전거리미확보,건조,맑음,단일로 - 기타,승용,여,60세,경상,승용,여,42세,경상
2019051500100378,2019년 5월 15일 14시,수요일,전라남도 진도군 의신면,중상사고,0,1,0,0,차대차 - 정면충돌,안전운전불이행,건조,맑음,기타 - 기타,승용,여,69세,상해없음,이륜,남,82세,중상
2019051500100379,2019년 5월 15일 14시,수요일,전라남도 광양시 광양읍,사망사고,1,0,0,0,차대차 - 측면충돌,안전운전불이행,건조,맑음,교차로 - 교차로횡단보도내,자전거,남,10세,사망,승합,남,51세,상해없음
2019051500100421,2019년 5월 15일 15시,수요일,전라남도 해남군 화원면,경상사고,0,0,3,0,차대차 - 추돌,안전운전불이행,건조,맑음,단일로 - 기타,화물,남,45세,상해없음,승용,여,52세,경상
2019051500100422,2019년 5월 15일 15시,수요일,전라남도 강진군 성전면,경상사고,0,0,2,0,차대차 - 기타,신호위반,건조,맑음,교차로 - 교차로안,승용,남,62세,경상,화물,남,65세,경상
2019051500100458,2019년 5월 15일 16시,수요일,전라남도 장흥군 장흥읍,경상사고,0,0,1,0,차대사람 - 길가장자리구역통행중,안전운전불이행,건조,맑음,단일로 - 기타,승용,남,36세,상해없음,보행자,남,2세,경상
2019051500100459,2019년 5월 15일 16시,수요일,전라남도 강진군 강진읍,경상사고,0,0,2,0,차대차 - 측면충돌,기타,건조,맑음,교차로 - 교차로안,승용,여,53세,상해없음,화물,남,65세,경상
2019051500100460,2019년 5월 15일 16시,수요일,전라남도 무안군 삼향읍,경상사고,0,0,4,0,차대차 - 기타,안전운전불이행,건조,맑음,교차로 - 교차로안,승용,여,30세,상해없음,승용,남,35세,경상
2019051500100505,2019년 5월 15일 17시,수요일,전라남도 나주시 성북동,부상신고사고,0,0,0,1,차대차 - 측면충돌,교차로운행방법위반,건조,맑음,교차로 - 교차로안,원동기,남,22세,상해없음,승용,여,38세,부상신고
2019051500100551,2019년 5월 15일 18시,수요일,전라남도 영암군 삼호읍,중상사고,0,1,2,0,차대차 - 측면충돌,안전운전불이행,건조,맑음,교차로 - 교차로안,승용,남,34세,경상,승용,남,31세,중상
2019051500100552,2019년 5월 15일 18시,수요일,전라남도 담양군 담양읍,중상사고,0,1,0,0,차대차 - 측면충돌,교차로운행방법위반,건조,맑음,교차로 - 교차로안,승용,남,59세,상해없음,이륜,여,68세,중상
2019051500100553,2019년 5월 15일 18시,수요일,전라남도 진도군 진도읍,경상사고,0,0,1,0,차대차 - 기타,안전운전불이행,건조,맑음,기타 - 기타,승용,여,34세,상해없음,이륜,남,17세,경상
2019051500100662,2019년 5월 15일 21시,수요일,전라남도 완도군 완도읍,경상사고,0,0,1,0,차대차 - 측면충돌,교차로운행방법위반,건조,맑음,교차로 - 교차로안,승용,남,53세,상해없음,승용,남,21세,경상
2019051500100686,2019년 5월 15일 22시,수요일,전라남도 곡성군 삼기면,사망사고,1,0,1,0,차량단독 - 전도전복 - 전복,안전운전불이행,건조,맑음,단일로 - 기타,승용,남,64세,경상,,,,
2019051600100047,2019년 5월 16일 00시,목요일,전라남도 나주시 산포면,경상사고,0,0,1,0,차대차 - 추돌,안전운전불이행,건조,맑음,단일로 - 기타,승용,남,26세,상해없음,승용,여,32세,경상
2019051600100096,2019년 5월 16일 05시,목요일,전라남도 목포시 용당동,경상사고,0,0,2,0,차대차 - 측면충돌,안전운전불이행,건조,맑음,교차로 - 교차로안,승용,여,55세,경상,승용,남,27세,경상
2019051600100127,2019년 5월 16일 07시,목요일,전라남도 순천시 낙안면,경상사고,0,0,1,0,차량단독 - 기타,안전운전불이행,건조,맑음,단일로 - 기타,승합,남,59세,상해없음,,,,
2019051600100128,2019년 5월 16일 07시,목요일,전라남도 담양군 창평면,경상사고,0,0,1,0,차대차 - 측면충돌,기타,건조,맑음,교차로 - 교차로안,승용,남,63세,상해없음,이륜,여,69세,경상
2019051600100173,2019년 5월 16일 08시,목요일,전라남도 해남군 해남읍,중상사고,0,1,0,0,차대사람 - 기타,안전운전불이행,건조,맑음,단일로 - 기타,승용,남,78세,상해없음,보행자,여,73세,중상
2019051600100174,2019년 5월 16일 08시,목요일,전라남도 화순군 화순읍,중상사고,0,1,0,0,차대차 - 기타,안전운전불이행,건조,맑음,단일로 - 기타,승용,여,40세,상해없음,이륜,남,81세,중상
2019051600100223,2019년 5월 16일 09시,목요일,전라남도 여수시 소라면,경상사고,0,0,1,0,차대차 - 기타,안전운전불이행,건조,맑음,단일로 - 기타,원동기,남,65세,경상,건설기계,남,60세,상해없음
2019051600100259,2019년 5월 16일 10시,목요일,전라남도 목포시 석현동,경상사고,0,0,1,0,차대차 - 기타,안전거리미확보,건조,맑음,단일로 - 기타,승용,남,71세,상해없음,화물,남,46세,경상
2019051600100260,2019년 5월 16일 10시,목요일,전라남도 고흥군 남양면,경상사고,0,0,4,0,차대차 - 측면충돌,차로위반,건조,맑음,단일로 - 기타,승합,여,58세,상해없음,승용,여,29세,경상
2019051600100261,2019년 5월 16일 10시,목요일,전라남도 화순군 춘양면,부상신고사고,0,0,0,1,차대사람 - 기타,안전운전불이행,건조,맑음,주차장 - 주차장,승용,남,68세,상해없음,보행자,남,36세,부상신고
2019051600100303,2019년 5월 16일 11시,목요일,전라남도 목포시 상동,경상사고,0,0,4,0,차대차 - 기타,안전운전불이행,건조,맑음,단일로 - 기타,승용,여,52세,경상,승용,남,40세,경상
2019051600100304,2019년 5월 16일 11시,목요일,전라남도 순천시 조례동,중상사고,0,1,0,0,차대사람 - 기타,안전운전불이행,건조,맑음,교차로 - 교차로안,승용,남,44세,상해없음,보행자,여,62세,중상
2019051600100305,2019년 5월 16일 11시,목요일,전라남도 고흥군 도화면,중상사고,0,1,3,0,차대차 - 측면충돌,교차로운행방법위반,건조,맑음,교차로 - 교차로안,승용,여,59세,상해없음,화물,여,48세,경상
2019051600100306,2019년 5월 16일 11시,목요일,전라남도 영암군 덕진면,중상사고,0,1,0,0,차대사람 - 차도통행중,안전운전불이행,건조,맑음,단일로 - 기타,승용,남,78세,상해없음,보행자,남,75세,중상
2019051600100307,2019년 5월 16일 11시,목요일,전라남도 담양군 금성면,중상사고,0,1,0,0,차대차 - 측면충돌,안전운전불이행,건조,맑음,단일로 - 기타,승용,남,60세,상해없음,원동기,남,83세,중상
2019051600100337,2019년 5월 16일 12시,목요일,전라남도 영광군 영광읍,중상사고,0,1,0,0,차대차 - 추돌,안전운전불이행,건조,맑음,단일로 - 기타,화물,남,44세,상해없음,화물,여,58세,중상
2019051600100338,2019년 5월 16일 12시,목요일,전라남도 무안군 삼향읍,중상사고,0,1,0,0,차대사람 - 횡단중,안전운전불이행,건조,맑음,교차로 - 교차로안,승용,남,30세,상해없음,보행자,여,81세,중상
2019051600100365,2019년 5월 16일 13시,목요일,전라남도 순천시 별량면,중상사고,0,1,0,0,차대사람 - 기타,안전운전불이행,건조,맑음,단일로 - 기타,승합,남,27세,상해없음,보행자,여,79세,중상
2019051600100366,2019년 5월 16일 13시,목요일,전라남도 화순군 화순읍,경상사고,0,0,1,0,차대차 - 측면충돌,안전거리미확보,건조,맑음,교차로 - 교차로부근,승용,남,68세,상해없음,이륜,남,36세,경상
2019051600100392,2019년 5월 16일 14시,목요일,전라남도 완도군 군외면,경상사고,0,0,2,0,차대차 - 추돌,중앙선침범,건조,맑음,단일로 - 기타,화물,남,67세,경상,특수,남,35세,상해없음
2019051600100393,2019년 5월 16일 14시,목요일,전라남도 무안군 삼향읍,경상사고,0,0,1,0,차대사람 - 횡단중,안전운전불이행,건조,맑음,단일로 - 기타,승용,남,41세,상해없음,보행자,여,8세,경상
2019051600100394,2019년 5월 16일 14시,목요일,전라남도 광양시 다압면,사망사고,1,1,0,0,차량단독 - 도로외이탈 - 추락,안전운전불이행,건조,맑음,단일로 - 기타,농기계,남,76세,중상,,,,
2019051600100426,2019년 5월 16일 15시,목요일,전라남도 무안군 삼향읍,경상사고,0,0,1,0,차대차 - 기타,안전운전불이행,건조,맑음,단일로 - 기타,건설기계,남,48세,상해없음,승용,남,43세,경상
2019051600100521,2019년 5월 16일 17시,목요일,전라남도 여수시 선원동,중상사고,0,1,0,0,차대사람 - 횡단중,보행자보호의무위반,건조,맑음,단일로 - 기타,승용,남,33세,상해없음,보행자,남,84세,중상
2019051600100522,2019년 5월 16일 17시,목요일,전라남도 여수시 화장동,중상사고,0,1,0,0,차대차 - 측면충돌,교차로운행방법위반,건조,맑음,교차로 - 교차로안,화물,남,50세,상해없음,승용,남,54세,중상
2019051600100523,2019년 5월 16일 17시,목요일,전라남도 순천시 용당동,경상사고,0,0,4,0,차대차 - 추돌,안전거리미확보,건조,맑음,단일로 - 기타,화물,남,42세,경상,화물,남,60세,경상