사고번호,사고일시,요일,시군구,사고내용,사망자수,중상자수,경상자수,부상신고자수,사고유형,법규위반,노면상태,기상상태,도로형태,가해운전자 차종,가해운전자 성별,가해운전자 연령,가해운전자 상해정도,피해운전자 차종,피해운전자 성별,피해운전자 연령,피해운전자 상해정도
2019051600100524,2019년 5월 16일 17시,목요일,전라남도 순천시 서면,경상사고,0,0,1,0,차대차 - 추돌,안전거리미확보,건조,맑음,교차로 - 교차로부근,화물,남,60세,상해없음,승용,여,57세,경상
2019051600100525,2019년 5월 16일 17시,목요일,전라남도 나주시 금천면,경상사고,0,0,3,0,차대차 - 추돌,안전거리미확보,건조,맑음,교차로 - 교차로횡단보도내,승용,여,56세,상해없음,승용,여,44세,경상
2019051600100526,2019년 5월 16일 17시,목요일,전라남도 광양시 광양읍,경상사고,0,0,2,0,차대차 - 측면충돌,안전운전불이행,건조,맑음,단일로 - 기타,이륜,남,20세,경상,승용,여,56세,경상
2019051600100568,2019년 5월 16일 18시,목요일,전라남도 장흥군 장흥읍,사망사고,1,0,1,0,차대차 - 측면충돌,안전운전불이행,건조,맑음,교차로 - 교차로안,이륜,남,76세,사망,화물,남,60세,경상
2019051600100569,2019년 5월 16일 18시,목요일,전라남도 장흥군 장흥읍,경상사고,0,0,1,0,차대사람 - 길가장자리구역통행중,안전운전불이행,건조,맑음,기타 - 기타,승용,여,39세,상해없음,보행자,남,49세,경상
2019051600100570,2019년 5월 16일 18시,목요일,전라남도 화순군 화순읍,중상사고,0,1,1,0,차대차 - 측면충돌,신호위반,건조,맑음,교차로 - 교차로안,승용,남,35세,중상,승용,남,27세,경상
2019051600100571,2019년 5월 16일 18시,목요일,전라남도 광양시 광양읍,경상사고,0,0,1,0,차대차 - 추돌,안전운전불이행,건조,맑음,단일로 - 기타,승용,여,53세,상해없음,승합,남,30세,경상
2019051600100701,2019년 5월 16일 22시,목요일,전라남도 장흥군 장흥읍,경상사고,0,0,3,0,차대차 - 측면충돌,교차로운행방법위반,건조,맑음,교차로 - 교차로안,승용,남,57세,경상,승용,여,60세,경상
2019051600100702,2019년 5월 16일 22시,목요일,전라남도 진도군 군내면,중상사고,0,1,0,0,차량단독 - 기타,안전운전불이행,건조,맑음,단일로 - 기타,승용,남,35세,상해없음,,,,
2019051600100729,2019년 5월 16일 23시,목요일,전라남도 목포시 용당동,경상사고,0,0,1,0,차대사람 - 횡단중,안전운전불이행,건조,맑음,단일로 - 기타,승용,남,35세,상해없음,보행자,남,24세,경상
2019051700100085,2019년 5월 17일 06시,금요일,전라남도 여수시 국동,중상사고,0,1,0,0,차대사람 - 횡단중,보행자보호의무위반,건조,맑음,교차로 - 교차로안,화물,남,46세,상해없음,보행자,여,58세,중상
2019051700100086,2019년 5월 17일 06시,금요일,전라남도 장성군 장성읍,중상사고,0,1,0,0,차대차 - 정면충돌,중앙선침범,건조,맑음,단일로 - 기타,승용,남,66세,상해없음,승용,여,52세,중상
2019051700100087,2019년 5월 17일 06시,금요일,전라남도 강진군 도암면,중상사고,0,1,0,0,차대차 - 측면충돌,안전거리미확보,건조,맑음,교차로 - 교차로부근,승용,남,47세,상해없음,화물,남,58세,중상
2019051700100111,2019년 5월 17일 07시,금요일,전라남도 장흥군 장흥읍,경상사고,0,0,1,0,차대차 - 측면충돌,안전운전불이행,건조,맑음,단일로 - 기타,승용,남,63세,상해없음,자전거,여,76세,경상
2019051700100153,2019년 5월 17일 08시,금요일,전라남도 목포시 옥암동,경상사고,0,0,1,0,차대차 - 추돌,안전운전불이행,건조,맑음,단일로 - 기타,승용,남,23세,상해없음,승용,남,66세,경상
2019051700100182,2019년 5월 17일 09시,금요일,전라남도 함평군 해보면,경상사고,0,0,1,0,차량단독 - 공작물충돌,안전운전불이행,건조,맑음,단일로 - 기타,화물,남,60세,경상,,,,
2019051700100216,2019년 5월 17일 10시,금요일,전라남도 목포시 옥암동,경상사고,0,0,1,0,차대차 - 측면충돌,신호위반,건조,맑음,교차로 - 교차로안,승용,남,47세,상해없음,승용,여,38세,경상
2019051700100217,2019년 5월 17일 10시,금요일,전라남도 목포시 상동,경상사고,0,0,2,0,차대차 - 기타,안전운전불이행,건조,맑음,기타 - 기타,승용,남,23세,경상,화물,남,20세,경상
2019051700100243,2019년 5월 17일 11시,금요일,전라남도 여수시 교동,경상사고,0,0,1,0,차대사람 - 차도통행중,안전운전불이행,건조,맑음,교차로 - 교차로안,화물,남,39세,상해없음,보행자,남,90세 이상,경상
2019051700100279,2019년 5월 17일 12시,금요일,전라남도 순천시 오천동,중상사고,0,1,0,0,차대차 - 측면충돌,중앙선침범,건조,맑음,교차로 - 교차로부근,승용,여,54세,상해없음,이륜,남,43세,중상
2019051700100311,2019년 5월 17일 13시,금요일,전라남도 목포시 연산동,경상사고,0,0,4,0,차대차 - 측면충돌,안전거리미확보,건조,맑음,단일로 - 고가도로위,승용,여,55세,경상,승용,여,53세,경상
2019051700100312,2019년 5월 17일 13시,금요일,전라남도 여수시 오림동,경상사고,0,0,2,0,차대차 - 추돌,안전거리미확보,건조,맑음,단일로 - 기타,화물,남,72세,상해없음,승용,남,40세,경상
2019051700100349,2019년 5월 17일 14시,금요일,전라남도 목포시 상동,중상사고,0,1,1,0,차대차 - 측면충돌,안전거리미확보,건조,맑음,기타 - 기타,승용,여,54세,경상,승용,여,63세,중상
2019051700100388,2019년 5월 17일 15시,금요일,전라남도 여수시 문수동,경상사고,0,0,3,0,차대차 - 추돌,안전운전불이행,건조,맑음,주차장 - 주차장,승용,남,72세,경상,승용,여,28세,경상
2019051700100419,2019년 5월 17일 16시,금요일,전라남도 여수시 교동,중상사고,0,1,0,0,차대차 - 측면충돌,차로위반,건조,맑음,단일로 - 기타,이륜,남,66세,중상,승용,여,53세,상해없음
2019051700100420,2019년 5월 17일 16시,금요일,전라남도 해남군 송지면,부상신고사고,0,0,0,1,차량단독 - 도로외이탈 - 기타,안전운전불이행,건조,맑음,교차로 - 교차로안,화물,남,57세,부상신고,,,,
2019051700100474,2019년 5월 17일 17시,금요일,전라남도 목포시 죽교동,경상사고,0,0,2,0,차대차 - 측면충돌,안전운전불이행,젖음/습기,흐림,단일로 - 기타,승용,남,61세,경상,화물,남,39세,경상
2019051700100475,2019년 5월 17일 17시,금요일,전라남도 목포시 상동,경상사고,0,0,1,0,차대사람 - 기타,안전운전불이행,젖음/습기,비,교차로 - 교차로안,승용,남,48세,상해없음,보행자,남,7세,경상
2019051700100476,2019년 5월 17일 17시,금요일,전라남도 화순군 화순읍,중상사고,0,1,0,0,차대사람 - 횡단중,보행자보호의무위반,건조,맑음,교차로 - 교차로부근,화물,남,67세,상해없음,보행자,남,65세,중상
2019051700100477,2019년 5월 17일 17시,금요일,전라남도 영암군 영암읍,경상사고,0,0,1,0,차대차 - 기타,안전운전불이행,건조,맑음,교차로 - 교차로안,농기계,남,75세,상해없음,승용,남,46세,경상
2019051700100478,2019년 5월 17일 17시,금요일,전라남도 강진군 대구면,중상사고,0,1,0,0,차대차 - 기타,안전운전불이행,젖음/습기,비,단일로 - 기타,농기계,남,77세,상해없음,이륜,여,58세,중상
2019051700100523,2019년 5월 17일 18시,금요일,전라남도 목포시 옥암동,경상사고,0,0,1,0,차대차 - 측면충돌,안전거리미확보,젖음/습기,비,교차로 - 교차로부근,승용,남,51세,상해없음,승용,남,38세,경상
2019051700100524,2019년 5월 17일 18시,금요일,전라남도 나주시 남평읍,경상사고,0,0,1,1,차대차 - 측면충돌,안전운전불이행,건조,맑음,단일로 - 기타,화물,남,69세,상해없음,승합,남,53세,상해없음
2019051700100571,2019년 5월 17일 19시,금요일,전라남도 목포시 산정동,경상사고,0,0,1,0,차대사람 - 기타,안전운전불이행,젖음/습기,비,단일로 - 기타,이륜,남,32세,상해없음,보행자,여,14세,경상
2019051700100572,2019년 5월 17일 19시,금요일,전라남도 함평군 손불면,경상사고,0,0,2,0,차대차 - 측면충돌,안전운전불이행,건조,맑음,단일로 - 기타,화물,남,67세,경상,승용,여,40세,경상
2019051700100615,2019년 5월 17일 20시,금요일,전라남도 나주시 운곡동,경상사고,0,0,1,0,차대차 - 측면충돌,안전운전불이행,젖음/습기,비,단일로 - 기타,승용,남,46세,상해없음,승용,여,38세,경상
2019051700100616,2019년 5월 17일 20시,금요일,전라남도 광양시 중동,중상사고,0,1,0,0,차대사람 - 횡단중,안전운전불이행,젖음/습기,비,교차로 - 교차로횡단보도내,승용,여,51세,상해없음,보행자,남,12세,중상
2019051700100653,2019년 5월 17일 21시,금요일,전라남도 여수시 봉계동,경상사고,0,0,2,0,차대차 - 추돌,안전운전불이행,젖음/습기,비,단일로 - 기타,화물,남,47세,상해없음,승용,남,71세,경상
2019051700100654,2019년 5월 17일 21시,금요일,전라남도 여수시 봉계동,경상사고,0,0,1,0,차대차 - 추돌,안전운전불이행,젖음/습기,비,단일로 - 기타,승용,여,47세,상해없음,승용,여,41세,경상
2019051700100655,2019년 5월 17일 21시,금요일,전라남도 여수시 둔덕동,경상사고,0,0,2,0,차대차 - 추돌,안전운전불이행,젖음/습기,비,교차로 - 교차로안,승합,남,43세,상해없음,승용,남,44세,경상
2019051700100656,2019년 5월 17일 21시,금요일,전라남도 순천시 해룡면,경상사고,0,0,1,0,차대차 - 측면충돌,안전거리미확보,젖음/습기,비,교차로 - 교차로부근,승용,남,59세,상해없음,이륜,남,38세,경상
2019051700100657,2019년 5월 17일 21시,금요일,전라남도 광양시 광양읍,경상사고,0,0,2,1,차대차 - 측면충돌,신호위반,젖음/습기,비,교차로 - 교차로안,승용,여,60세,부상신고,승용,여,48세,경상
2019051700100682,2019년 5월 17일 22시,금요일,전라남도 목포시 산정동,경상사고,0,0,2,0,차대사람 - 기타,안전운전불이행,젖음/습기,비,단일로 - 기타,승용,남,39세,상해없음,보행자,남,24세,경상
2019051700100683,2019년 5월 17일 22시,금요일,전라남도 여수시 학동,경상사고,0,0,1,0,차대차 - 추돌,안전운전불이행,건조,맑음,교차로 - 교차로안,승용,남,51세,상해없음,승용,여,52세,상해없음
2019051700100684,2019년 5월 17일 22시,금요일,전라남도 광양시 금호동,중상사고,0,1,3,0,차대차 - 정면충돌,중앙선침범,젖음/습기,비,단일로 - 기타,승용,남,28세,경상,승용,여,42세,중상
2019051700100714,2019년 5월 17일 23시,금요일,전라남도 목포시 산정동,중상사고,0,1,0,0,차대사람 - 기타,안전운전불이행,젖음/습기,비,단일로 - 기타,승용,남,38세,상해없음,보행자,여,23세,중상
2019051700100715,2019년 5월 17일 23시,금요일,전라남도 여수시 돌산읍,사망사고,1,1,0,0,차대차 - 측면충돌,중앙선침범,젖음/습기,비,교차로 - 교차로부근,승용,남,47세,상해없음,승용,남,45세,중상
2019051800100041,2019년 5월 18일 00시,토요일,전라남도 순천시 해룡면,경상사고,0,0,4,0,차대차 - 측면충돌,직진우회전진행방해,건조,맑음,교차로 - 교차로안,승용,여,45세,경상,승용,여,30세,경상
2019051800100090,2019년 5월 18일 02시,토요일,전라남도 담양군 창평면,중상사고,0,1,0,0,차대차 - 기타,안전거리미확보,젖음/습기,비,단일로 - 기타,승용,여,59세,상해없음,승용,남,42세,중상
2019051800100107,2019년 5월 18일 03시,토요일,전라남도 담양군 고서면,중상사고,0,2,0,0,차대차 - 기타,안전운전불이행,젖음/습기,비,단일로 - 기타,화물,남,39세,중상,승용,남,27세,중상
2019051800100160,2019년 5월 18일 07시,토요일,전라남도 여수시 중흥동,중상사고,0,1,0,0,차대차 - 측면충돌,중앙선침범,건조,맑음,단일로 - 기타,승용,남,56세,상해없음,승용,남,31세,중상
2019051800100161,2019년 5월 18일 07시,토요일,전라남도 순천시 풍덕동,경상사고,0,0,1,0,차대사람 - 보도통행중,보행자보호의무위반,젖음/습기,비,교차로 - 교차로횡단보도내,승용,남,62세,상해없음,보행자,여,63세,경상
2019051800100162,2019년 5월 18일 07시,토요일,전라남도 담양군 담양읍,경상사고,0,0,1,0,차대차 - 측면충돌,신호위반,젖음/습기,비,교차로 - 교차로안,승용,남,55세,상해없음,승용,남,45세,경상
2019051800100202,2019년 5월 18일 09시,토요일,전라남도 목포시 연산동,경상사고,0,0,3,0,차대차 - 측면충돌,안전운전불이행,젖음/습기,흐림,단일로 - 기타,화물,남,70세,상해없음,승용,여,39세,경상
2019051800100239,2019년 5월 18일 10시,토요일,전라남도 목포시 산정동,중상사고,0,1,0,0,차대사람 - 횡단중,안전운전불이행,건조,맑음,단일로 - 기타,승용,여,61세,상해없음,보행자,여,14세,중상
2019051800100240,2019년 5월 18일 10시,토요일,전라남도 나주시 왕곡면,경상사고,0,0,1,0,차대차 - 측면충돌,안전운전불이행,건조,맑음,단일로 - 기타,승용,남,15세,상해없음,승용,남,28세,경상
2019051800100241,2019년 5월 18일 10시,토요일,전라남도 광양시 광양읍,부상신고사고,0,0,0,1,차량단독 - 공작물충돌,안전운전불이행,젖음/습기,비,단일로 - 기타,화물,남,53세,부상신고,,,,
2019051800100278,2019년 5월 18일 11시,토요일,전라남도 목포시 용당동,경상사고,0,0,2,0,차대차 - 측면충돌,교차로운행방법위반,젖음/습기,흐림,교차로 - 교차로안,승용,여,62세,경상,승용,남,44세,경상
2019051800100279,2019년 5월 18일 11시,토요일,전라남도 여수시 선원동,중상사고,0,1,0,0,차대사람 - 기타,안전운전불이행,젖음/습기,비,단일로 - 기타,승용,남,78세,상해없음,보행자,여,65세,중상
2019051800100280,2019년 5월 18일 11시,토요일,전라남도 강진군 강진읍,경상사고,0,0,1,0,차대차 - 기타,직진우회전진행방해,건조,맑음,교차로 - 교차로안,승용,여,36세,상해없음,이륜,남,19세,경상
2019051800100313,2019년 5월 18일 12시,토요일,전라남도 장성군 삼서면,경상사고,0,0,1,0,차대차 - 추돌,안전운전불이행,젖음/습기,비,단일로 - 기타,승용,남,51세,상해없음,화물,남,54세,경상
2019051800100362,2019년 5월 18일 13시,토요일,전라남도 여수시 시전동,경상사고,0,0,2,2,차대차 - 추돌,안전운전불이행,젖음/습기,비,단일로 - 기타,승용,남,60세,상해없음,승용,남,45세,경상
2019051800100402,2019년 5월 18일 14시,토요일,전라남도 목포시 상동,경상사고,0,0,2,0,차대차 - 기타,안전운전불이행,건조,맑음,단일로 - 기타,승용,남,49세,상해없음,승용,남,52세,경상
2019051800100474,2019년 5월 18일 16시,토요일,전라남도 무안군 일로읍,경상사고,0,0,2,0,차대차 - 측면충돌,중앙선침범,건조,맑음,교차로 - 교차로부근,화물,여,60세,상해없음,승용,여,63세,경상
2019051800100506,2019년 5월 18일 17시,토요일,전라남도 여수시 돌산읍,중상사고,0,1,1,0,차대차 - 추돌,안전운전불이행,젖음/습기,비,교차로 - 교차로부근,승용,남,57세,상해없음,승용,남,65세,경상
2019051800100507,2019년 5월 18일 17시,토요일,전라남도 보성군 벌교읍,중상사고,0,1,0,0,차량단독 - 전도전복 - 전도,안전운전불이행,젖음/습기,비,단일로 - 기타,사륜오토바이(ATV),남,78세,중상,,,,
2019051800100508,2019년 5월 18일 17시,토요일,전라남도 광양시 마동,경상사고,0,0,3,0,차대차 - 측면충돌,안전운전불이행,건조,맑음,교차로 - 교차로부근,화물,남,34세,상해없음,승용,남,59세,경상
2019051800100545,2019년 5월 18일 18시,토요일,전라남도 여수시 율촌면,사망사고,1,0,0,0,차량단독 - 전도전복 - 전복,안전운전불이행,젖음/습기,흐림,단일로 - 기타,승용,남,56세,사망,,,,
2019051800100546,2019년 5월 18일 18시,토요일,전라남도 순천시 조례동,경상사고,0,0,2,0,차대차 - 기타,교차로운행방법위반,건조,맑음,교차로 - 교차로안,승용,남,63세,상해없음,승용,여,36세,경상
2019051800100578,2019년 5월 18일 19시,토요일,전라남도 화순군 한천면,중상사고,0,1,4,0,차량단독 - 공작물충돌,안전운전불이행,건조,맑음,단일로 - 기타,승용,여,37세,중상,,,,
2019051800100613,2019년 5월 18일 20시,토요일,전라남도 여수시 화장동,경상사고,0,0,2,0,차대차 - 측면충돌,신호위반,젖음/습기,비,교차로 - 교차로안,승용,남,30세,상해없음,승용,남,36세,경상
2019051800100614,2019년 5월 18일 20시,토요일,전라남도 광양시 옥곡면,경상사고,0,0,3,0,차대차 - 기타,교차로운행방법위반,젖음/습기,비,교차로 - 교차로부근,승용,남,55세,상해없음,승용,남,26세,경상
2019051800100637,2019년 5월 18일 21시,토요일,전라남도 해남군 해남읍,사망사고,1,0,0,0,차대사람 - 횡단중,과속,젖음/습기,흐림,교차로 - 교차로부근,승용,남,50세,상해없음,보행자,남,53세,사망
2019051800100638,2019년 5월 18일 21시,토요일,전라남도 광양시 중동,경상사고,0,0,1,0,차대차 - 측면충돌,안전운전불이행,건조,맑음,교차로 - 교차로안,승용,남,53세,상해없음,자전거,남,17세,경상
2019051800100664,2019년 5월 18일 22시,토요일,전라남도 여수시 봉산동,경상사고,0,0,3,0,차대차 - 기타,신호위반,건조,맑음,교차로 - 교차로안,승용,여,27세,상해없음,승용,남,69세,경상
2019051800100665,2019년 5월 18일 22시,토요일,전라남도 나주시 남평읍,경상사고,0,0,2,0,차대차 - 기타,안전운전불이행,건조,맑음,교차로 - 교차로안,승용,여,33세,경상,승용,여,37세,상해없음
2019051800100684,2019년 5월 18일 23시,토요일,전라남도 여수시 충무동,중상사고,0,1,0,0,차대사람 - 횡단중,안전운전불이행,젖음/습기,비,단일로 - 기타,승용,남,32세,상해없음,보행자,남,38세,중상
2019051800100685,2019년 5월 18일 23시,토요일,전라남도 완도군 완도읍,경상사고,0,0,5,0,차대차 - 측면충돌,안전운전불이행,건조,흐림,교차로 - 교차로안,화물,남,39세,상해없음,승용,남,20세,경상
2019051900100111,2019년 5월 19일 06시,일요일,전라남도 여수시 소호동,경상사고,0,0,1,0,차량단독 - 전도전복 - 전도,안전운전불이행,젖음/습기,비,단일로 - 기타,승용,남,21세,경상,,,,
2019051900100120,2019년 5월 19일 07시,일요일,전라남도 순천시 해룡면,부상신고사고,0,0,0,1,차량단독 - 공작물충돌,안전운전불이행,젖음/습기,비,단일로 - 기타,승용,남,31세,부상신고,,,,
2019051900100121,2019년 5월 19일 07시,일요일,전라남도 해남군 삼산면,경상사고,0,0,5,0,차대차 - 측면충돌,안전운전불이행,젖음/습기,흐림,교차로 - 교차로안,농기계,남,72세,상해없음,승합,남,65세,상해없음
2019051900100153,2019년 5월 19일 09시,일요일,전라남도 장흥군 관산읍,중상사고,0,1,0,0,차대차 - 측면충돌,교차로운행방법위반,젖음/습기,비,단일로 - 기타,승합,남,58세,상해없음,화물,여,75세,중상
2019051900100170,2019년 5월 19일 10시,일요일,전라남도 순천시 연향동,경상사고,0,0,2,0,차대차 - 추돌,안전운전불이행,젖음/습기,비,단일로 - 기타,승용,여,44세,상해없음,승용,남,46세,경상
2019051900100247,2019년 5월 19일 13시,일요일,전라남도 순천시 연향동,중상사고,0,1,2,0,차대차 - 기타,교차로운행방법위반,젖음/습기,비,교차로 - 교차로안,승용,여,40세,경상,승용,남,52세,경상
2019051900100278,2019년 5월 19일 14시,일요일,전라남도 목포시 산정동,중상사고,0,1,0,0,차대사람 - 기타,보행자보호의무위반,건조,맑음,교차로 - 교차로횡단보도내,승합,남,65세,상해없음,보행자,여,81세,중상
2019051900100279,2019년 5월 19일 14시,일요일,전라남도 여수시 덕충동,경상사고,0,0,2,0,차대차 - 측면충돌,안전운전불이행,젖음/습기,비,단일로 - 기타,승용,남,33세,상해없음,승용,남,32세,경상
2019051900100381,2019년 5월 19일 17시,일요일,전라남도 목포시 상동,경상사고,0,0,1,0,차대차 - 기타,안전운전불이행,건조,맑음,단일로 - 기타,승용,남,64세,상해없음,화물,남,41세,상해없음
2019051900100421,2019년 5월 19일 18시,일요일,전라남도 여수시 율촌면,중상사고,0,1,0,0,차대차 - 기타,안전운전불이행,젖음/습기,비,기타 - 기타,승용,남,30세,중상,승용,남,37세,상해없음
2019051900100422,2019년 5월 19일 18시,일요일,전라남도 순천시 풍덕동,경상사고,0,0,2,0,차대차 - 추돌,차로위반,젖음/습기,비,단일로 - 기타,승용,남,25세,경상,승합,남,20세,경상
2019051900100497,2019년 5월 19일 20시,일요일,전라남도 무안군 현경면,경상사고,0,0,1,0,차량단독 - 공작물충돌,안전운전불이행,젖음/습기,비,단일로 - 기타,승용,여,55세,경상,,,,
2019051900100533,2019년 5월 19일 21시,일요일,전라남도 고흥군 도양읍,중상사고,0,2,1,0,차대차 - 측면충돌,교차로운행방법위반,젖음/습기,비,교차로 - 교차로안,승용,여,26세,경상,승합,여,45세,중상
2019051900100587,2019년 5월 19일 23시,일요일,전라남도 여수시 선원동,경상사고,0,0,1,0,차대사람 - 기타,안전운전불이행,젖음/습기,흐림,단일로 - 기타,승용,여,25세,상해없음,보행자,남,45세,경상
2019052000100030,2019년 5월 20일 00시,월요일,전라남도 여수시 여서동,경상사고,0,0,1,0,차대차 - 추돌,안전운전불이행,건조,맑음,교차로 - 교차로부근,승용,남,53세,상해없음,승용,남,27세,상해없음
2019052000100051,2019년 5월 20일 03시,월요일,전라남도 목포시 상동,경상사고,0,0,1,0,차대차 - 기타,안전운전불이행,건조,맑음,기타 - 기타,승용,여,22세,경상,승용,남,32세,상해없음
2019052000100070,2019년 5월 20일 06시,월요일,전라남도 목포시 용해동,중상사고,0,1,3,0,차대차 - 측면충돌,중앙선침범,젖음/습기,비,단일로 - 기타,화물,남,52세,경상,승용,남,57세,경상
2019052000100071,2019년 5월 20일 06시,월요일,전라남도 여수시 미평동,경상사고,0,0,1,0,차대차 - 기타,차로위반,건조,흐림,교차로 - 교차로부근,승용,남,69세,상해없음,승용,남,51세,경상
2019052000100072,2019년 5월 20일 06시,월요일,전라남도 장성군 동화면,중상사고,0,1,0,0,차대차 - 정면충돌,중앙선침범,건조,맑음,단일로 - 기타,승용,남,63세,상해없음,화물,남,64세,중상
2019052000100091,2019년 5월 20일 07시,월요일,전라남도 무안군 삼향읍,경상사고,0,0,1,0,차대차 - 측면충돌,신호위반,건조,맑음,교차로 - 교차로안,승용,남,61세,상해없음,화물,남,43세,경상
2019052000100138,2019년 5월 20일 08시,월요일,전라남도 무안군 삼향읍,경상사고,0,0,1,0,차대차 - 측면충돌,교차로운행방법위반,건조,맑음,교차로 - 교차로안,승용,여,65세,상해없음,승용,여,46세,경상
2019052000100170,2019년 5월 20일 09시,월요일,전라남도 목포시 상동,중상사고,0,1,0,0,차대사람 - 횡단중,안전운전불이행,건조,맑음,단일로 - 기타,승용,여,28세,상해없음,보행자,여,72세,중상
2019052000100171,2019년 5월 20일 09시,월요일,전라남도 신안군 도초면,경상사고,0,0,4,0,차대차 - 기타,안전운전불이행,건조,맑음,단일로 - 기타,농기계,남,69세,상해없음,승용,남,39세,경상
2019052000100172,2019년 5월 20일 09시,월요일,전라남도 순천시 송광면,중상사고,0,1,1,0,차대차 - 정면충돌,기타,건조,맑음,단일로 - 기타,승용,여,64세,중상,승용,남,57세,경상
2019052000100210,2019년 5월 20일 10시,월요일,전라남도 나주시 동수동,경상사고,0,0,2,0,차대차 - 측면충돌,안전운전불이행,건조,맑음,교차로 - 교차로안,화물,남,31세,경상,승용,남,39세,경상
2019052000100211,2019년 5월 20일 10시,월요일,전라남도 장흥군 장동면,경상사고,0,0,2,0,차대차 - 측면충돌,교차로운행방법위반,건조,맑음,교차로 - 교차로안,승용,남,62세,경상,승용,남,31세,경상
2019052000100212,2019년 5월 20일 10시,월요일,전라남도 곡성군 곡성읍,경상사고,0,0,1,1,차대차 - 기타,교차로운행방법위반,건조,맑음,교차로 - 교차로안,승용,남,30세,부상신고,화물,남,50세,경상
2019052000100247,2019년 5월 20일 11시,월요일,전라남도 여수시 여서동,사망사고,1,0,0,0,차대차 - 측면충돌,안전운전불이행,건조,맑음,단일로 - 기타,이륜,남,70세,사망,화물,남,23세,상해없음
2019052000100248,2019년 5월 20일 11시,월요일,전라남도 나주시 삼영동,경상사고,0,0,2,0,차대차 - 측면충돌,안전운전불이행,건조,맑음,교차로 - 교차로안,승용,남,68세,경상,승용,여,59세,경상
2019052000100280,2019년 5월 20일 12시,월요일,전라남도 무안군 청계면,경상사고,0,0,2,0,차대차 - 추돌,안전운전불이행,건조,맑음,교차로 - 교차로부근,승용,여,51세,상해없음,승용,남,79세,경상
2019052000100310,2019년 5월 20일 13시,월요일,전라남도 나주시 관정동,중상사고,0,1,0,0,차대차 - 후진중충돌,안전운전불이행,건조,맑음,교차로 - 교차로안,화물,남,67세,상해없음,이륜,남,83세,중상
2019052000100311,2019년 5월 20일 13시,월요일,전라남도 나주시 왕곡면,경상사고,0,0,3,0,차대차 - 측면충돌,안전운전불이행,건조,맑음,교차로 - 교차로안,화물,남,63세,경상,승용,여,65세,경상
2019052000100312,2019년 5월 20일 13시,월요일,전라남도 영광군 영광읍,중상사고,0,1,0,0,차대차 - 측면충돌,교차로운행방법위반,건조,맑음,교차로 - 교차로안,승용,남,51세,상해없음,이륜,남,64세,중상
2019052000100313,2019년 5월 20일 13시,월요일,전라남도 영암군 영암읍,경상사고,0,0,1,0,차대차 - 측면충돌,중앙선침범,건조,맑음,단일로 - 기타,화물,남,69세,상해없음,승용,남,42세,경상
2019052000100348,2019년 5월 20일 14시,월요일,전라남도 목포시 상동,경상사고,0,0,1,0,차대차 - 기타,안전운전불이행,건조,맑음,단일로 - 기타,승용,여,58세,상해없음,승용,남,29세,경상
2019052000100389,2019년 5월 20일 15시,월요일,전라남도 순천시 왕지동,경상사고,0,0,2,0,차대차 - 측면충돌,안전운전불이행,건조,맑음,교차로 - 교차로안,승용,여,52세,상해없음,승용,여,48세,경상
2019052000100441,2019년 5월 20일 16시,월요일,전라남도 목포시 상동,경상사고,0,0,1,0,차대차 - 측면충돌,차로위반,건조,맑음,단일로 - 기타,승용,남,71세,상해없음,승용,여,51세,경상
2019052000100442,2019년 5월 20일 16시,월요일,전라남도 목포시 용해동,중상사고,0,1,2,0,차대차 - 기타,교차로운행방법위반,건조,맑음,단일로 - 기타,승용,남,42세,경상,이륜,남,26세,중상
2019052000100443,2019년 5월 20일 16시,월요일,전라남도 순천시 서면,경상사고,0,0,1,0,차대차 - 기타,직진우회전진행방해,건조,맑음,교차로 - 교차로안,화물,남,20세,상해없음,승용,남,72세,경상
2019052000100444,2019년 5월 20일 16시,월요일,전라남도 순천시 인월동,경상사고,0,0,1,0,차대차 - 추돌,안전거리미확보,건조,맑음,단일로 - 기타,승용,남,26세,상해없음,승용,남,43세,경상
2019052000100445,2019년 5월 20일 16시,월요일,전라남도 나주시 금천면,경상사고,0,0,1,0,차대차 - 측면충돌,안전거리미확보,건조,맑음,교차로 - 교차로부근,승용,여,53세,상해없음,승용,남,30세,경상
2019052000100446,2019년 5월 20일 16시,월요일,전라남도 영암군 금정면,경상사고,0,0,1,0,차대차 - 정면충돌,신호위반,건조,맑음,교차로 - 교차로안,건설기계,남,46세,상해없음,승용,여,44세,경상
2019052000100447,2019년 5월 20일 16시,월요일,전라남도 담양군 가사문학면,경상사고,0,0,2,0,차대차 - 정면충돌,중앙선침범,건조,맑음,단일로 - 기타,승용,남,36세,상해없음,승용,여,53세,경상
2019052000100448,2019년 5월 20일 16시,월요일,전라남도 광양시 광양읍,경상사고,0,0,2,0,차대차 - 측면충돌,직진우회전진행방해,건조,맑음,교차로 - 교차로안,화물,남,67세,상해없음,승용,남,51세,경상
2019052000100502,2019년 5월 20일 17시,월요일,전라남도 완도군 고금면,중상사고,0,1,0,0,차량단독 - 기타,기타,건조,맑음,단일로 - 기타,화물,남,73세,중상,,,,