사고번호,사고일시,요일,시군구,사고내용,사망자수,중상자수,경상자수,부상신고자수,사고유형,법규위반,노면상태,기상상태,도로형태,가해운전자 차종,가해운전자 성별,가해운전자 연령,가해운전자 상해정도,피해운전자 차종,피해운전자 성별,피해운전자 연령,피해운전자 상해정도
2019052000100549,2019년 5월 20일 18시,월요일,전라남도 목포시 달동,경상사고,0,0,3,0,차대차 - 추돌,안전운전불이행,건조,맑음,교차로 - 교차로안,승용,여,38세,상해없음,승용,남,38세,경상
2019052000100550,2019년 5월 20일 18시,월요일,전라남도 여수시 오림동,경상사고,0,0,1,0,차대차 - 측면충돌,직진우회전진행방해,건조,맑음,교차로 - 교차로안,승용,여,50세,상해없음,자전거,남,23세,경상
2019052000100551,2019년 5월 20일 18시,월요일,전라남도 영암군 학산면,경상사고,0,0,1,0,차대차 - 측면충돌,중앙선침범,건조,맑음,단일로 - 기타,승합,남,66세,상해없음,승합,남,45세,경상
2019052000100552,2019년 5월 20일 18시,월요일,전라남도 완도군 완도읍,중상사고,0,1,1,0,차대차 - 측면충돌,직진우회전진행방해,건조,맑음,교차로 - 교차로안,승용,남,35세,경상,승합,남,59세,상해없음
2019052000100624,2019년 5월 20일 20시,월요일,전라남도 목포시 상동,중상사고,0,1,2,0,차대차 - 기타,교차로운행방법위반,건조,맑음,교차로 - 교차로안,승용,남,56세,경상,승용,남,64세,중상
2019052000100653,2019년 5월 20일 21시,월요일,전라남도 영암군 삼호읍,중상사고,0,1,0,0,차대차 - 추돌,안전운전불이행,건조,맑음,교차로 - 교차로부근,이륜,남,25세,중상,화물,남,26세,기타불명
2019052000100676,2019년 5월 20일 22시,월요일,전라남도 목포시 대양동,경상사고,0,0,3,0,차대차 - 기타,안전거리미확보,건조,맑음,교차로 - 교차로부근,승용,남,43세,경상,기타불명,기타불명,미분류,기타불명
2019052000100699,2019년 5월 20일 23시,월요일,전라남도 목포시 상동,경상사고,0,0,1,0,차대차 - 측면충돌,안전운전불이행,건조,맑음,단일로 - 기타,승용,남,43세,상해없음,승용,남,50세,경상
2019052000100700,2019년 5월 20일 23시,월요일,전라남도 순천시 연향동,경상사고,0,0,2,0,차대차 - 측면충돌,안전거리미확보,건조,맑음,교차로 - 교차로부근,화물,남,27세,상해없음,승용,남,46세,경상
2019052000100701,2019년 5월 20일 23시,월요일,전라남도 고흥군 고흥읍,중상사고,0,1,0,0,차대사람 - 길가장자리구역통행중,안전운전불이행,건조,맑음,단일로 - 기타,승용,여,24세,상해없음,보행자,남,49세,중상
2019052100100097,2019년 5월 21일 06시,화요일,전라남도 보성군 보성읍,경상사고,0,0,4,0,차대차 - 기타,신호위반,건조,맑음,교차로 - 교차로안,승합,남,51세,상해없음,승용,남,50세,경상
2019052100100121,2019년 5월 21일 07시,화요일,전라남도 담양군 담양읍,중상사고,0,1,0,0,차량단독 - 기타,안전운전불이행,건조,맑음,단일로 - 기타,승합,남,56세,상해없음,,,,
2019052100100157,2019년 5월 21일 08시,화요일,전라남도 목포시 산정동,경상사고,0,0,1,0,차대사람 - 차도통행중,안전운전불이행,건조,맑음,교차로 - 교차로안,승용,남,28세,상해없음,보행자,여,64세,경상
2019052100100158,2019년 5월 21일 08시,화요일,전라남도 담양군 창평면,중상사고,0,1,0,0,차대차 - 측면충돌,직진우회전진행방해,건조,맑음,교차로 - 교차로안,화물,여,44세,상해없음,자전거,남,80세,중상
2019052100100222,2019년 5월 21일 09시,화요일,전라남도 목포시 산정동,경상사고,0,0,2,0,차대차 - 측면충돌,직진우회전진행방해,건조,맑음,교차로 - 교차로안,승용,남,63세,경상,화물,남,35세,상해없음
2019052100100223,2019년 5월 21일 09시,화요일,전라남도 순천시 서면,경상사고,0,0,1,0,차대차 - 기타,안전거리미확보,건조,맑음,단일로 - 기타,승용,남,34세,상해없음,화물,남,59세,경상
2019052100100224,2019년 5월 21일 09시,화요일,전라남도 곡성군 곡성읍,부상신고사고,0,0,0,1,차대차 - 측면충돌,안전운전불이행,건조,맑음,교차로 - 교차로안,이륜,남,86세,부상신고,승용,남,47세,상해없음
2019052100100257,2019년 5월 21일 10시,화요일,전라남도 신안군 임자면,경상사고,0,0,1,0,차대차 - 기타,안전운전불이행,건조,맑음,단일로 - 기타,화물,남,76세,상해없음,승용,여,56세,경상
2019052100100289,2019년 5월 21일 11시,화요일,전라남도 곡성군 옥과면,사망사고,1,4,2,0,차량단독 - 공작물충돌,과속,건조,맑음,단일로 - 기타,승용,남,20세,경상,,,,
2019052100100323,2019년 5월 21일 12시,화요일,전라남도 목포시 복만동,경상사고,0,0,1,0,차대사람 - 횡단중,안전운전불이행,건조,맑음,교차로 - 교차로안,승용,남,76세,상해없음,보행자,여,23세,경상
2019052100100324,2019년 5월 21일 12시,화요일,전라남도 화순군 화순읍,경상사고,0,0,1,0,차대차 - 기타,중앙선침범,건조,맑음,단일로 - 기타,화물,남,68세,상해없음,화물,남,50세,경상
2019052100100352,2019년 5월 21일 13시,화요일,전라남도 보성군 회천면,경상사고,0,0,1,0,차대차 - 측면충돌,안전운전불이행,건조,맑음,단일로 - 기타,승합,남,59세,상해없음,자전거,여,76세,경상
2019052100100382,2019년 5월 21일 14시,화요일,전라남도 목포시 산정동,경상사고,0,0,1,0,차대차 - 기타,안전운전불이행,건조,맑음,기타 - 기타,승용,여,56세,상해없음,승용,남,56세,경상
2019052100100415,2019년 5월 21일 15시,화요일,전라남도 목포시 산정동,경상사고,0,0,1,0,차대차 - 기타,신호위반,건조,맑음,교차로 - 교차로안,승용,남,52세,상해없음,승용,남,44세,경상
2019052100100507,2019년 5월 21일 17시,화요일,전라남도 순천시 해룡면,경상사고,0,0,1,0,차대차 - 측면충돌,기타,건조,맑음,단일로 - 기타,승용,여,34세,상해없음,승용,남,40세,경상
2019052100100508,2019년 5월 21일 17시,화요일,전라남도 나주시 금천면,경상사고,0,0,1,0,차대차 - 추돌,안전거리미확보,건조,맑음,단일로 - 기타,원동기,남,20세,경상,승용,남,22세,상해없음
2019052100100509,2019년 5월 21일 17시,화요일,전라남도 화순군 이서면,중상사고,0,1,0,0,차대차 - 기타,중앙선침범,건조,맑음,단일로 - 기타,자전거,남,55세,중상,화물,남,56세,상해없음
2019052100100510,2019년 5월 21일 17시,화요일,전라남도 함평군 신광면,경상사고,0,0,1,0,차대차 - 측면충돌,기타,건조,맑음,교차로 - 교차로부근,화물,남,59세,상해없음,이륜,남,81세,경상
2019052100100511,2019년 5월 21일 17시,화요일,전라남도 곡성군 곡성읍,경상사고,0,0,1,0,차대차 - 측면충돌,안전운전불이행,건조,맑음,단일로 - 기타,화물,남,78세,상해없음,승용,여,60세,경상
2019052100100557,2019년 5월 21일 18시,화요일,전라남도 신안군 압해읍,경상사고,0,0,1,0,차대사람 - 기타,보행자보호의무위반,건조,맑음,기타 - 기타,화물,남,59세,상해없음,보행자,여,55세,경상
2019052100100558,2019년 5월 21일 18시,화요일,전라남도 목포시 옥암동,경상사고,0,0,1,0,차대사람 - 차도통행중,안전운전불이행,건조,맑음,교차로 - 교차로부근,승용,남,24세,상해없음,보행자,남,51세,경상
2019052100100559,2019년 5월 21일 18시,화요일,전라남도 목포시 용당동,경상사고,0,0,1,0,차대차 - 기타,안전운전불이행,건조,맑음,단일로 - 기타,승용,남,53세,상해없음,승용,남,45세,경상
2019052100100560,2019년 5월 21일 18시,화요일,전라남도 순천시 조곡동,중상사고,0,1,0,0,차대사람 - 기타,안전운전불이행,건조,맑음,기타 - 기타,승용,남,48세,상해없음,보행자,남,54세,중상
2019052100100561,2019년 5월 21일 18시,화요일,전라남도 순천시 조례동,경상사고,0,0,1,0,차대차 - 측면충돌,안전운전불이행,건조,맑음,단일로 - 기타,승용,남,59세,상해없음,이륜,남,30세,경상
2019052100100562,2019년 5월 21일 18시,화요일,전라남도 고흥군 고흥읍,경상사고,0,0,1,0,차대사람 - 길가장자리구역통행중,안전운전불이행,건조,맑음,교차로 - 교차로안,화물,남,71세,상해없음,보행자,여,62세,경상
2019052100100563,2019년 5월 21일 18시,화요일,전라남도 담양군 수북면,중상사고,0,1,2,0,차대차 - 기타,교차로운행방법위반,건조,맑음,교차로 - 교차로안,승합,남,45세,상해없음,화물,여,25세,경상
2019052100100564,2019년 5월 21일 18시,화요일,전라남도 광양시 광양읍,경상사고,0,0,1,0,차대차 - 추돌,안전거리미확보,건조,맑음,단일로 - 기타,승용,남,67세,상해없음,승용,남,44세,경상
2019052100100608,2019년 5월 21일 19시,화요일,전라남도 장흥군 장흥읍,중상사고,0,1,0,0,차대차 - 측면충돌,안전운전불이행,건조,맑음,단일로 - 기타,이륜,남,31세,중상,승용,여,41세,상해없음
2019052100100649,2019년 5월 21일 20시,화요일,전라남도 목포시 상동,경상사고,0,0,4,0,차대차 - 측면충돌,교차로운행방법위반,건조,맑음,교차로 - 교차로안,승용,남,26세,상해없음,승용,여,46세,경상
2019052100100650,2019년 5월 21일 20시,화요일,전라남도 순천시 조곡동,경상사고,0,0,1,0,차대사람 - 횡단중,신호위반,건조,맑음,교차로 - 교차로횡단보도내,이륜,남,22세,상해없음,보행자,남,10세,경상
2019052100100679,2019년 5월 21일 21시,화요일,전라남도 진도군 고군면,중상사고,0,1,2,0,차대차 - 정면충돌,안전운전불이행,건조,맑음,단일로 - 기타,화물,남,79세,중상,승용,여,51세,경상
2019052100100713,2019년 5월 21일 22시,화요일,전라남도 나주시 송월동,경상사고,0,0,1,0,차대차 - 측면충돌,안전운전불이행,건조,맑음,교차로 - 교차로안,승용,남,34세,상해없음,승용,여,36세,경상
2019052100100742,2019년 5월 21일 23시,화요일,전라남도 순천시 해룡면,경상사고,0,0,1,0,차대차 - 측면충돌,교차로운행방법위반,건조,맑음,교차로 - 교차로안,승용,여,28세,상해없음,승용,남,47세,경상
2019052100100743,2019년 5월 21일 23시,화요일,전라남도 장성군 장성읍,경상사고,0,0,1,0,차량단독 - 공작물충돌,안전운전불이행,건조,맑음,단일로 - 기타,이륜,남,34세,경상,,,,
2019052200100042,2019년 5월 22일 01시,수요일,전라남도 광양시 중동,경상사고,0,0,1,0,차대차 - 측면충돌,안전거리미확보,건조,맑음,단일로 - 기타,승용,여,53세,상해없음,승용,남,43세,경상
2019052200100062,2019년 5월 22일 04시,수요일,전라남도 해남군 현산면,중상사고,0,1,0,0,차량단독 - 전도전복 - 전복,안전운전불이행,건조,맑음,단일로 - 기타,승용,여,57세,중상,,,,
2019052200100071,2019년 5월 22일 05시,수요일,전라남도 나주시 세지면,중상사고,0,2,0,0,차량단독 - 기타,안전운전불이행,건조,맑음,단일로 - 기타,화물,여,45세,중상,,,,
2019052200100082,2019년 5월 22일 06시,수요일,전라남도 신안군 지도읍,중상사고,0,1,0,0,차대사람 - 기타,안전운전불이행,건조,맑음,단일로 - 기타,화물,남,65세,상해없음,보행자,여,61세,중상
2019052200100112,2019년 5월 22일 07시,수요일,전라남도 순천시 해룡면,경상사고,0,0,2,0,차대차 - 기타,직진우회전진행방해,건조,맑음,교차로 - 교차로안,건설기계,남,49세,상해없음,승용,여,45세,경상
2019052200100113,2019년 5월 22일 07시,수요일,전라남도 나주시 빛가람동,경상사고,0,0,1,0,차대차 - 측면충돌,교차로운행방법위반,건조,맑음,교차로 - 교차로안,승용,남,62세,상해없음,승용,여,59세,경상
2019052200100114,2019년 5월 22일 07시,수요일,전라남도 영광군 군서면,중상사고,0,1,0,0,차량단독 - 기타,안전운전불이행,건조,맑음,단일로 - 기타,승합,남,44세,상해없음,,,,
2019052200100174,2019년 5월 22일 08시,수요일,전라남도 목포시 상동,경상사고,0,0,1,0,차대차 - 측면충돌,중앙선침범,건조,맑음,단일로 - 기타,승용,남,30세,상해없음,승용,남,49세,경상
2019052200100175,2019년 5월 22일 08시,수요일,전라남도 순천시 해룡면,경상사고,0,0,1,0,차대차 - 기타,안전거리미확보,건조,맑음,단일로 - 기타,승용,남,48세,상해없음,건설기계,남,54세,경상
2019052200100176,2019년 5월 22일 08시,수요일,전라남도 진도군 진도읍,경상사고,0,0,1,0,차대차 - 측면충돌,교차로운행방법위반,건조,맑음,교차로 - 교차로안,사륜오토바이(ATV),여,78세,경상,승용,남,37세,상해없음
2019052200100220,2019년 5월 22일 09시,수요일,전라남도 목포시 산정동,경상사고,0,0,1,0,차대차 - 측면충돌,안전운전불이행,건조,맑음,단일로 - 기타,승용,여,47세,상해없음,승용,여,34세,경상
2019052200100221,2019년 5월 22일 09시,수요일,전라남도 강진군 작천면,경상사고,0,0,1,0,차량단독 - 전도전복 - 전도,안전운전불이행,건조,맑음,단일로 - 기타,이륜,여,72세,경상,,,,
2019052200100277,2019년 5월 22일 11시,수요일,전라남도 목포시 용당동,경상사고,0,0,2,0,차대차 - 측면충돌,안전운전불이행,건조,맑음,단일로 - 기타,승용,여,46세,상해없음,승합,남,47세,상해없음
2019052200100278,2019년 5월 22일 11시,수요일,전라남도 목포시 상동,경상사고,0,0,6,0,차대차 - 추돌,안전운전불이행,건조,맑음,단일로 - 기타,승용,여,38세,경상,화물,여,49세,경상
2019052200100279,2019년 5월 22일 11시,수요일,전라남도 장성군 장성읍,중상사고,0,1,0,0,차대사람 - 횡단중,안전운전불이행,건조,맑음,단일로 - 기타,화물,남,52세,상해없음,보행자,남,87세,중상
2019052200100310,2019년 5월 22일 12시,수요일,전라남도 여수시 여서동,중상사고,0,1,0,0,차대사람 - 횡단중,보행자보호의무위반,건조,맑음,교차로 - 교차로안,화물,남,50세,상해없음,보행자,여,47세,중상
2019052200100349,2019년 5월 22일 13시,수요일,전라남도 강진군 작천면,부상신고사고,0,0,0,1,차량단독 - 전도전복 - 전도,안전운전불이행,건조,맑음,단일로 - 기타,이륜,여,72세,부상신고,,,,
2019052200100390,2019년 5월 22일 14시,수요일,전라남도 목포시 석현동,경상사고,0,0,1,0,차대차 - 기타,교차로운행방법위반,건조,맑음,단일로 - 기타,승용,남,44세,상해없음,이륜,남,27세,경상
2019052200100419,2019년 5월 22일 15시,수요일,전라남도 목포시 석현동,경상사고,0,0,2,0,차대차 - 기타,신호위반,건조,맑음,교차로 - 교차로안,승용,남,77세,경상,승용,여,59세,경상
2019052200100460,2019년 5월 22일 16시,수요일,전라남도 여수시 소라면,경상사고,0,0,1,0,차대사람 - 기타,안전운전불이행,건조,맑음,단일로 - 기타,승합,남,59세,상해없음,보행자,여,73세,경상
2019052200100461,2019년 5월 22일 16시,수요일,전라남도 순천시 조곡동,중상사고,0,1,3,0,차대차 - 기타,직진우회전진행방해,건조,맑음,교차로 - 교차로부근,승용,남,62세,경상,승용,남,22세,경상
2019052200100462,2019년 5월 22일 16시,수요일,전라남도 나주시 남평읍,중상사고,0,1,0,0,차대차 - 측면충돌,기타,건조,맑음,교차로 - 교차로안,이륜,남,39세,중상,승용,여,39세,상해없음
2019052200100463,2019년 5월 22일 16시,수요일,전라남도 무안군 삼향읍,중상사고,0,1,0,0,차대차 - 추돌,안전운전불이행,건조,맑음,교차로 - 교차로안,승용,여,60세,상해없음,자전거,남,12세,중상
2019052200100464,2019년 5월 22일 16시,수요일,전라남도 진도군 군내면,중상사고,0,1,0,0,차대사람 - 기타,안전운전불이행,건조,맑음,단일로 - 기타,농기계,남,47세,상해없음,보행자,남,48세,중상
2019052200100465,2019년 5월 22일 16시,수요일,전라남도 광양시 옥곡면,중상사고,0,2,0,0,차대차 - 기타,교차로운행방법위반,건조,맑음,교차로 - 교차로안,이륜,남,71세,중상,화물,남,64세,상해없음
2019052200100514,2019년 5월 22일 17시,수요일,전라남도 여수시 문수동,중상사고,0,1,0,0,차대차 - 측면충돌,신호위반,건조,맑음,교차로 - 교차로안,승합,남,58세,상해없음,승용,남,70세,중상
2019052200100515,2019년 5월 22일 17시,수요일,전라남도 여수시 중흥동,경상사고,0,0,2,0,차대차 - 추돌,안전운전불이행,건조,맑음,단일로 - 기타,승용,남,22세,상해없음,승용,남,55세,경상
2019052200100556,2019년 5월 22일 18시,수요일,전라남도 여수시 학동,경상사고,0,0,1,0,차대차 - 정면충돌,신호위반,건조,맑음,교차로 - 교차로안,승용,여,48세,상해없음,자전거,남,60세,경상
2019052200100557,2019년 5월 22일 18시,수요일,전라남도 여수시 돌산읍,경상사고,0,0,2,0,차대차 - 기타,안전운전불이행,건조,맑음,교차로 - 교차로안,승용,남,69세,경상,승용,남,54세,경상
2019052200100558,2019년 5월 22일 18시,수요일,전라남도 고흥군 도덕면,경상사고,0,0,1,0,차대차 - 측면충돌,안전운전불이행,건조,맑음,단일로 - 기타,농기계,여,65세,경상,승용,남,69세,상해없음
2019052200100559,2019년 5월 22일 18시,수요일,전라남도 고흥군 도양읍,경상사고,0,0,1,0,차대차 - 추돌,안전운전불이행,건조,맑음,단일로 - 기타,승용,남,20세,상해없음,승용,남,50세,경상
2019052200100560,2019년 5월 22일 18시,수요일,전라남도 광양시 중동,경상사고,0,0,1,0,차대차 - 측면충돌,교차로운행방법위반,건조,맑음,교차로 - 교차로안,승용,여,41세,상해없음,승용,여,34세,경상
2019052200100601,2019년 5월 22일 19시,수요일,전라남도 해남군 송지면,중상사고,0,1,0,0,차대차 - 측면충돌,교차로운행방법위반,건조,맑음,교차로 - 교차로안,화물,남,41세,기타불명,승용,남,61세,중상
2019052200100639,2019년 5월 22일 20시,수요일,전라남도 목포시 산정동,경상사고,0,0,1,0,차대차 - 기타,안전운전불이행,건조,맑음,단일로 - 기타,승용,여,66세,경상,승용,남,62세,기타불명
2019052200100664,2019년 5월 22일 21시,수요일,전라남도 여수시 국동,중상사고,0,1,0,0,차대사람 - 기타,안전운전불이행,건조,맑음,교차로 - 교차로부근,승용,남,35세,상해없음,보행자,여,70세,중상
2019052300100093,2019년 5월 23일 06시,목요일,전라남도 목포시 석현동,중상사고,0,2,1,0,차대차 - 기타,신호위반,건조,맑음,교차로 - 교차로안,화물,남,57세,상해없음,화물,남,59세,경상
2019052300100094,2019년 5월 23일 06시,목요일,전라남도 여수시 중흥동,경상사고,0,0,2,0,차대차 - 측면충돌,불법유턴,건조,맑음,교차로 - 교차로안,화물,남,56세,경상,승용,남,51세,경상
2019052300100203,2019년 5월 23일 09시,목요일,전라남도 목포시 연산동,중상사고,0,1,0,0,차대차 - 기타,안전거리미확보,건조,맑음,단일로 - 기타,자전거,남,73세,중상,화물,남,60세,상해없음
2019052300100204,2019년 5월 23일 09시,목요일,전라남도 순천시 덕암동,중상사고,0,1,1,0,차대차 - 기타,차로위반,건조,맑음,단일로 - 기타,승용,여,60세,상해없음,승합,남,47세,상해없음
2019052300100205,2019년 5월 23일 09시,목요일,전라남도 무안군 무안읍,경상사고,0,0,2,0,차대차 - 측면충돌,안전운전불이행,건조,맑음,단일로 - 기타,화물,남,58세,상해없음,승용,남,59세,경상
2019052300100234,2019년 5월 23일 10시,목요일,전라남도 담양군 담양읍,중상사고,0,1,0,0,차대차 - 측면충돌,안전운전불이행,건조,맑음,단일로 - 기타,화물,여,60세,상해없음,이륜,남,81세,중상
2019052300100235,2019년 5월 23일 10시,목요일,전라남도 광양시 중동,중상사고,0,1,0,0,차대차 - 기타,안전운전불이행,건조,맑음,단일로 - 기타,승용,여,34세,상해없음,승합,기타불명,미분류,기타불명
2019052300100236,2019년 5월 23일 10시,목요일,전라남도 구례군 산동면,중상사고,0,1,2,0,차대차 - 정면충돌,안전운전불이행,건조,맑음,단일로 - 터널,승용,남,56세,경상,화물,남,66세,중상
2019052300100272,2019년 5월 23일 11시,목요일,전라남도 목포시 상동,경상사고,0,0,1,0,차대차 - 후진중충돌,안전운전불이행,건조,맑음,단일로 - 기타,승용,남,67세,상해없음,승합,남,56세,상해없음
2019052300100273,2019년 5월 23일 11시,목요일,전라남도 여수시 신기동,경상사고,0,0,2,0,차대차 - 추돌,안전운전불이행,건조,맑음,단일로 - 기타,승용,남,54세,상해없음,승용,여,38세,경상
2019052300100274,2019년 5월 23일 11시,목요일,전라남도 순천시 장천동,경상사고,0,0,1,0,차대차 - 기타,안전운전불이행,건조,맑음,교차로 - 교차로부근,자전거,남,75세,경상,승용,여,72세,상해없음
2019052300100275,2019년 5월 23일 11시,목요일,전라남도 순천시 해룡면,경상사고,0,0,2,0,차대차 - 측면충돌,직진우회전진행방해,건조,맑음,교차로 - 교차로안,승용,여,55세,경상,승용,여,59세,경상
2019052300100276,2019년 5월 23일 11시,목요일,전라남도 담양군 봉산면,경상사고,0,0,1,0,차대차 - 측면충돌,안전운전불이행,건조,맑음,교차로 - 교차로안,농기계,남,64세,상해없음,화물,남,66세,경상
2019052300100311,2019년 5월 23일 12시,목요일,전라남도 나주시 금천면,경상사고,0,0,1,0,차량단독 - 공작물충돌,안전운전불이행,건조,맑음,단일로 - 기타,승용,남,76세,경상,,,,
2019052300100312,2019년 5월 23일 12시,목요일,전라남도 해남군 북일면,경상사고,0,0,4,0,차대차 - 측면충돌,직진우회전진행방해,건조,맑음,교차로 - 교차로부근,화물,여,60세,상해없음,승용,남,32세,경상
2019052300100377,2019년 5월 23일 14시,목요일,전라남도 목포시 용해동,경상사고,0,0,2,0,차대차 - 기타,안전운전불이행,건조,맑음,단일로 - 기타,승용,여,42세,경상,이륜,남,17세,경상
2019052300100378,2019년 5월 23일 14시,목요일,전라남도 진도군 의신면,경상사고,0,0,1,0,차대차 - 측면충돌,안전운전불이행,건조,맑음,기타 - 기타,이륜,남,83세,경상,승합,남,33세,상해없음
2019052300100408,2019년 5월 23일 15시,목요일,전라남도 영광군 백수읍,중상사고,0,4,0,0,차대차 - 정면충돌,중앙선침범,건조,맑음,단일로 - 기타,화물,남,64세,중상,화물,남,65세,중상
2019052300100409,2019년 5월 23일 15시,목요일,전라남도 영암군 삼호읍,경상사고,0,0,1,0,차대차 - 기타,신호위반,건조,맑음,교차로 - 교차로안,승용,여,32세,상해없음,승용,남,54세,경상
2019052300100410,2019년 5월 23일 15시,목요일,전라남도 무안군 현경면,경상사고,0,0,1,0,차대사람 - 기타,안전운전불이행,건조,맑음,기타 - 기타,승합,남,59세,기타불명,보행자,남,22세,경상
2019052300100489,2019년 5월 23일 17시,목요일,전라남도 여수시 소라면,중상사고,0,1,8,0,차대차 - 추돌,안전거리미확보,건조,맑음,단일로 - 기타,화물,남,44세,상해없음,승용,남,34세,경상
2019052300100490,2019년 5월 23일 17시,목요일,전라남도 광양시 옥곡면,중상사고,0,1,0,0,차대차 - 측면충돌,신호위반,건조,맑음,교차로 - 교차로안,화물,남,48세,상해없음,승용,남,76세,중상
2019052300100541,2019년 5월 23일 18시,목요일,전라남도 순천시 조례동,경상사고,0,0,1,0,차대차 - 측면충돌,안전운전불이행,건조,맑음,단일로 - 기타,이륜,남,39세,경상,이륜,남,17세,상해없음
2019052300100542,2019년 5월 23일 18시,목요일,전라남도 화순군 화순읍,경상사고,0,0,4,0,차대차 - 측면충돌,안전운전불이행,건조,맑음,교차로 - 교차로안,승용,남,61세,경상,승용,남,17세,경상
2019052300100543,2019년 5월 23일 18시,목요일,전라남도 영암군 삼호읍,중상사고,0,1,0,0,차대차 - 측면충돌,안전운전불이행,건조,맑음,기타 - 기타,승용,남,59세,상해없음,승용,남,40세,중상
2019052300100544,2019년 5월 23일 18시,목요일,전라남도 진도군 지산면,경상사고,0,0,1,0,차대차 - 측면충돌,안전운전불이행,건조,맑음,기타 - 기타,승용,여,45세,상해없음,사륜오토바이(ATV),여,63세,경상
2019052300100629,2019년 5월 23일 20시,목요일,전라남도 순천시 해룡면,경상사고,0,0,2,0,차대차 - 추돌,안전운전불이행,건조,맑음,교차로 - 교차로안,승용,여,42세,상해없음,승용,남,41세,경상
2019052300100630,2019년 5월 23일 20시,목요일,전라남도 무안군 삼향읍,경상사고,0,0,1,0,차대차 - 측면충돌,교차로운행방법위반,건조,맑음,교차로 - 교차로안,이륜,남,25세,상해없음,승용,여,28세,경상
2019052300100631,2019년 5월 23일 20시,목요일,전라남도 무안군 삼향읍,경상사고,0,0,1,0,차대차 - 기타,교차로운행방법위반,건조,맑음,교차로 - 교차로안,승용,남,45세,상해없음,승용,남,60세,경상
2019052300100666,2019년 5월 23일 21시,목요일,전라남도 목포시 산정동,경상사고,0,0,1,0,차대차 - 기타,안전운전불이행,건조,맑음,교차로 - 교차로횡단보도내,승용,남,39세,상해없음,자전거,여,59세,경상
2019052300100685,2019년 5월 23일 22시,목요일,전라남도 여수시 문수동,경상사고,0,0,2,0,차대차 - 추돌,안전운전불이행,건조,맑음,교차로 - 교차로부근,승용,남,47세,상해없음,승용,여,43세,경상
2019052300100714,2019년 5월 23일 23시,목요일,전라남도 장흥군 대덕읍,경상사고,0,0,3,0,차대차 - 측면충돌,안전운전불이행,건조,맑음,단일로 - 기타,승용,여,64세,경상,화물,남,27세,경상
2019052400100095,2019년 5월 24일 06시,금요일,전라남도 목포시 죽교동,중상사고,0,1,0,0,차대사람 - 횡단중,보행자보호의무위반,건조,맑음,교차로 - 교차로횡단보도내,승용,여,51세,상해없음,보행자,남,81세,중상
2019052400100096,2019년 5월 24일 06시,금요일,전라남도 해남군 문내면,중상사고,0,1,0,0,차대사람 - 횡단중,중앙선침범,건조,맑음,단일로 - 기타,화물,남,70세,상해없음,보행자,여,76세,중상
2019052400100154,2019년 5월 24일 08시,금요일,전라남도 여수시 오림동,경상사고,0,0,1,0,차대차 - 측면충돌,신호위반,건조,맑음,교차로 - 교차로안,승용,남,57세,상해없음,승용,여,39세,경상
2019052400100155,2019년 5월 24일 08시,금요일,전라남도 장흥군 안양면,사망사고,1,2,2,0,차대차 - 측면충돌,과속,건조,맑음,교차로 - 교차로안,승용,남,27세,중상,승합,남,50세,경상
2019052400100156,2019년 5월 24일 08시,금요일,전라남도 화순군 화순읍,경상사고,0,0,1,0,차대사람 - 횡단중,안전운전불이행,건조,맑음,단일로 - 기타,승용,여,42세,상해없음,보행자,여,70세,경상
2019052400100229,2019년 5월 24일 10시,금요일,전라남도 순천시 조례동,경상사고,0,0,1,0,차대차 - 기타,안전운전불이행,건조,맑음,단일로 - 기타,승용,여,62세,상해없음,승용,여,48세,경상
2019052400100230,2019년 5월 24일 10시,금요일,전라남도 나주시 삼영동,경상사고,0,0,2,0,차대차 - 측면충돌,안전운전불이행,건조,맑음,단일로 - 기타,승용,남,62세,상해없음,화물,남,29세,경상
2019052400100231,2019년 5월 24일 10시,금요일,전라남도 장성군 진원면,경상사고,0,0,1,0,차대차 - 측면충돌,안전운전불이행,건조,맑음,교차로 - 교차로안,농기계,남,66세,상해없음,승용,남,22세,경상
2019052400100262,2019년 5월 24일 11시,금요일,전라남도 순천시 오천동,경상사고,0,0,1,0,차대차 - 기타,신호위반,건조,맑음,교차로 - 교차로안,승용,여,38세,상해없음,승용,여,51세,경상
2019052400100263,2019년 5월 24일 11시,금요일,전라남도 순천시 조례동,경상사고,0,0,1,0,차대차 - 추돌,안전운전불이행,건조,맑음,교차로 - 교차로안,화물,남,61세,상해없음,승용,여,43세,경상
2019052400100302,2019년 5월 24일 12시,금요일,전라남도 목포시 용당동,경상사고,0,0,3,0,차대차 - 측면충돌,차로위반,건조,맑음,단일로 - 기타,승용,여,46세,경상,승용,남,25세,경상
2019052400100303,2019년 5월 24일 12시,금요일,전라남도 순천시 해룡면,경상사고,0,0,1,0,차대사람 - 기타,안전운전불이행,건조,맑음,교차로 - 교차로부근,승용,남,29세,상해없음,보행자,여,66세,경상
2019052400100304,2019년 5월 24일 12시,금요일,전라남도 함평군 엄다면,경상사고,0,0,1,0,차대차 - 측면충돌,중앙선침범,건조,맑음,교차로 - 교차로안,승용,여,47세,상해없음,화물,남,57세,경상