사고번호,사고일시,요일,시군구,사고내용,사망자수,중상자수,경상자수,부상신고자수,사고유형,법규위반,노면상태,기상상태,도로형태,가해운전자 차종,가해운전자 성별,가해운전자 연령,가해운전자 상해정도,피해운전자 차종,피해운전자 성별,피해운전자 연령,피해운전자 상해정도
2019052400100347,2019년 5월 24일 13시,금요일,전라남도 보성군 벌교읍,경상사고,0,0,2,0,차대차 - 추돌,안전거리미확보,건조,맑음,단일로 - 기타,승용,남,55세,경상,화물,남,63세,경상
2019052400100348,2019년 5월 24일 13시,금요일,전라남도 보성군 보성읍,중상사고,0,1,0,0,차대사람 - 차도통행중,안전운전불이행,건조,맑음,교차로 - 교차로안,승용,남,55세,상해없음,보행자,여,71세,중상
2019052400100349,2019년 5월 24일 13시,금요일,전라남도 강진군 군동면,경상사고,0,0,1,0,차량단독 - 전도전복 - 전도,안전운전불이행,건조,맑음,단일로 - 기타,이륜,남,90세 이상,경상,,,,
2019052400100387,2019년 5월 24일 14시,금요일,전라남도 목포시 상동,경상사고,0,0,2,0,차대차 - 측면충돌,교차로운행방법위반,건조,맑음,교차로 - 교차로안,화물,남,61세,경상,승용,남,33세,경상
2019052400100388,2019년 5월 24일 14시,금요일,전라남도 영암군 영암읍,경상사고,0,0,1,0,차대차 - 기타,안전운전불이행,건조,맑음,교차로 - 교차로부근,화물,여,58세,상해없음,승용,여,53세,경상
2019052400100389,2019년 5월 24일 14시,금요일,전라남도 무안군 무안읍,경상사고,0,0,1,0,차대차 - 측면충돌,교차로운행방법위반,건조,맑음,교차로 - 교차로안,승용,여,31세,상해없음,승용,남,52세,경상
2019052400100433,2019년 5월 24일 15시,금요일,전라남도 목포시 용당동,경상사고,0,0,1,0,차대차 - 측면충돌,기타,건조,맑음,교차로 - 교차로부근,승용,여,73세,상해없음,승합,여,56세,경상
2019052400100434,2019년 5월 24일 15시,금요일,전라남도 여수시 학용동,경상사고,0,0,1,0,차대차 - 측면충돌,차로위반,건조,맑음,단일로 - 기타,승합,남,51세,상해없음,승용,여,45세,경상
2019052400100435,2019년 5월 24일 15시,금요일,전라남도 순천시 덕암동,경상사고,0,0,1,0,차대차 - 기타,안전운전불이행,건조,맑음,단일로 - 기타,승용,여,63세,상해없음,자전거,남,45세,경상
2019052400100436,2019년 5월 24일 15시,금요일,전라남도 장성군 남면,경상사고,0,0,1,0,차량단독 - 공작물충돌,안전운전불이행,건조,맑음,단일로 - 기타,이륜,남,62세,경상,,,,
2019052400100437,2019년 5월 24일 15시,금요일,전라남도 강진군 강진읍,경상사고,0,0,3,0,차대차 - 측면충돌,직진우회전진행방해,건조,맑음,교차로 - 교차로안,승용,여,45세,경상,승용,남,62세,경상
2019052400100483,2019년 5월 24일 16시,금요일,전라남도 목포시 영해동1가,중상사고,0,1,0,0,차대차 - 측면충돌,교차로운행방법위반,건조,맑음,교차로 - 교차로안,승용,남,69세,상해없음,자전거,남,78세,중상
2019052400100484,2019년 5월 24일 16시,금요일,전라남도 목포시 용해동,경상사고,0,0,2,0,차대차 - 기타,교차로운행방법위반,건조,맑음,교차로 - 교차로횡단보도내,승용,남,50세,상해없음,화물,남,30세,경상
2019052400100485,2019년 5월 24일 16시,금요일,전라남도 나주시 남평읍,경상사고,0,0,2,0,차대차 - 추돌,안전거리미확보,건조,맑음,단일로 - 기타,승용,여,61세,경상,건설기계,남,49세,경상
2019052400100486,2019년 5월 24일 16시,금요일,전라남도 장흥군 대덕읍,중상사고,0,1,0,0,차대차 - 측면충돌,교차로운행방법위반,건조,맑음,교차로 - 교차로안,이륜,남,58세,중상,승용,남,26세,상해없음
2019052400100487,2019년 5월 24일 16시,금요일,전라남도 고흥군 고흥읍,경상사고,0,0,1,0,차대차 - 측면충돌,안전운전불이행,건조,맑음,단일로 - 기타,승용,남,53세,경상,승용,여,52세,상해없음
2019052400100488,2019년 5월 24일 16시,금요일,전라남도 영암군 신북면,경상사고,0,0,1,0,차대차 - 추돌,기타,건조,맑음,교차로 - 교차로안,승합,여,56세,상해없음,승용,여,48세,경상
2019052400100541,2019년 5월 24일 17시,금요일,전라남도 목포시 옥암동,경상사고,0,0,2,0,차대차 - 측면충돌,교차로운행방법위반,건조,맑음,교차로 - 교차로부근,승용,여,46세,경상,승용,남,34세,경상
2019052400100542,2019년 5월 24일 17시,금요일,전라남도 순천시 해룡면,경상사고,0,0,1,0,차대차 - 측면충돌,직진우회전진행방해,건조,맑음,교차로 - 교차로안,승용,여,57세,기타불명,화물,남,59세,경상
2019052400100594,2019년 5월 24일 18시,금요일,전라남도 여수시 중흥동,중상사고,0,1,1,0,차대차 - 측면충돌,교차로운행방법위반,건조,맑음,교차로 - 교차로안,승용,남,29세,경상,화물,남,30세,중상
2019052400100595,2019년 5월 24일 18시,금요일,전라남도 광양시 마동,경상사고,0,0,1,0,차대차 - 측면충돌,차로위반,건조,맑음,교차로 - 교차로부근,승용,여,24세,경상,승용,여,30세,상해없음
2019052400100596,2019년 5월 24일 18시,금요일,전라남도 광양시 중동,경상사고,0,0,1,0,차대차 - 측면충돌,교차로운행방법위반,건조,맑음,교차로 - 교차로안,승용,남,68세,상해없음,화물,남,43세,경상
2019052400100644,2019년 5월 24일 19시,금요일,전라남도 순천시 조례동,중상사고,0,2,3,0,차대차 - 측면충돌,교차로운행방법위반,건조,맑음,교차로 - 교차로안,승용,여,61세,경상,승용,남,49세,경상
2019052400100677,2019년 5월 24일 20시,금요일,전라남도 여수시 신기동,경상사고,0,0,1,0,차대사람 - 횡단중,중앙선침범,건조,맑음,교차로 - 교차로횡단보도내,이륜,남,22세,상해없음,보행자,남,7세,경상
2019052400100678,2019년 5월 24일 20시,금요일,전라남도 여수시 율촌면,경상사고,0,0,1,0,차대차 - 측면충돌,안전운전불이행,건조,맑음,단일로 - 기타,특수,남,54세,상해없음,승용,남,61세,경상
2019052400100679,2019년 5월 24일 20시,금요일,전라남도 여수시 광무동,중상사고,0,1,0,0,차대사람 - 기타,안전운전불이행,건조,맑음,교차로 - 교차로안,승용,남,64세,상해없음,보행자,여,62세,중상
2019052400100712,2019년 5월 24일 21시,금요일,전라남도 목포시 상동,경상사고,0,0,2,0,차대차 - 추돌,안전운전불이행,건조,맑음,단일로 - 기타,화물,남,49세,경상,화물,남,57세,경상
2019052400100713,2019년 5월 24일 21시,금요일,전라남도 완도군 완도읍,중상사고,0,1,0,0,차대사람 - 횡단중,안전운전불이행,건조,맑음,단일로 - 기타,화물,여,22세,상해없음,보행자,여,46세,중상
2019052400100774,2019년 5월 24일 23시,금요일,전라남도 여수시 여서동,경상사고,0,0,2,0,차대차 - 측면충돌,중앙선침범,건조,맑음,교차로 - 교차로부근,승용,남,18세,상해없음,승용,여,54세,경상
2019052400100775,2019년 5월 24일 23시,금요일,전라남도 화순군 화순읍,경상사고,0,0,1,0,차대차 - 추돌,안전운전불이행,건조,맑음,단일로 - 기타,승용,남,52세,상해없음,승용,여,56세,경상
2019052500100085,2019년 5월 25일 04시,토요일,전라남도 영광군 영광읍,경상사고,0,0,2,0,차대차 - 측면충돌,신호위반,건조,맑음,교차로 - 교차로안,승용,여,50세,상해없음,승합,남,57세,경상
2019052500100096,2019년 5월 25일 05시,토요일,전라남도 해남군 북평면,경상사고,0,0,1,0,차대차 - 추돌,안전거리미확보,건조,맑음,단일로 - 기타,화물,남,66세,상해없음,농기계,남,54세,경상
2019052500100135,2019년 5월 25일 07시,토요일,전라남도 광양시 마동,경상사고,0,0,2,0,차대차 - 추돌,안전거리미확보,건조,맑음,교차로 - 교차로안,승합,남,34세,기타불명,승용,남,48세,경상
2019052500100166,2019년 5월 25일 08시,토요일,전라남도 장흥군 장흥읍,경상사고,0,0,1,0,차대차 - 측면충돌,신호위반,건조,맑음,교차로 - 교차로안,승용,여,38세,상해없음,화물,남,42세,경상
2019052500100167,2019년 5월 25일 08시,토요일,전라남도 장흥군 장평면,경상사고,0,0,1,0,차대차 - 측면충돌,안전운전불이행,건조,맑음,교차로 - 교차로안,사륜오토바이(ATV),여,82세,경상,승용,여,56세,상해없음
2019052500100188,2019년 5월 25일 09시,토요일,전라남도 순천시 조곡동,경상사고,0,0,1,0,차대차 - 측면충돌,안전운전불이행,건조,맑음,단일로 - 기타,승용,남,25세,경상,화물,남,54세,기타불명
2019052500100220,2019년 5월 25일 10시,토요일,전라남도 여수시 미평동,경상사고,0,0,4,0,차대차 - 측면충돌,신호위반,건조,맑음,교차로 - 교차로안,승용,남,52세,상해없음,승용,여,64세,경상
2019052500100221,2019년 5월 25일 10시,토요일,전라남도 화순군 화순읍,중상사고,0,1,0,0,차대사람 - 기타,안전운전불이행,건조,맑음,단일로 - 기타,승합,남,71세,상해없음,보행자,여,23세,중상
2019052500100222,2019년 5월 25일 10시,토요일,전라남도 강진군 병영면,경상사고,0,0,1,0,차량단독 - 전도전복 - 전도,안전운전불이행,건조,맑음,단일로 - 기타,자전거,여,67세,경상,,,,
2019052500100255,2019년 5월 25일 11시,토요일,전라남도 목포시 상동,경상사고,0,0,2,0,차대차 - 추돌,안전운전불이행,건조,맑음,기타 - 기타,승용,남,62세,경상,승용,여,30세,경상
2019052500100256,2019년 5월 25일 11시,토요일,전라남도 영광군 군서면,경상사고,0,0,2,0,차대차 - 정면충돌,중앙선침범,건조,맑음,단일로 - 기타,화물,남,65세,상해없음,승용,남,59세,경상
2019052500100257,2019년 5월 25일 11시,토요일,전라남도 영암군 영암읍,경상사고,0,0,1,0,차대차 - 측면충돌,안전운전불이행,건조,맑음,단일로 - 기타,승용,여,50세,상해없음,승용,여,57세,경상
2019052500100258,2019년 5월 25일 11시,토요일,전라남도 완도군 완도읍,중상사고,0,1,0,0,차대차 - 기타,안전운전불이행,건조,맑음,교차로 - 교차로부근,승용,남,62세,상해없음,승용,여,48세,중상
2019052500100336,2019년 5월 25일 13시,토요일,전라남도 목포시 죽교동,경상사고,0,0,2,0,차대차 - 측면충돌,기타,건조,맑음,단일로 - 기타,승용,여,51세,상해없음,승용,여,32세,상해없음
2019052500100337,2019년 5월 25일 13시,토요일,전라남도 순천시 용당동,경상사고,0,0,1,0,차량단독 - 기타,안전운전불이행,건조,맑음,단일로 - 기타,자전거,여,59세,경상,,,,
2019052500100338,2019년 5월 25일 13시,토요일,전라남도 고흥군 도덕면,경상사고,0,0,1,0,차량단독 - 전도전복 - 전복,안전운전불이행,건조,맑음,단일로 - 기타,화물,남,58세,경상,,,,
2019052500100339,2019년 5월 25일 13시,토요일,전라남도 영암군 영암읍,부상신고사고,0,0,0,1,차대차 - 측면충돌,안전운전불이행,건조,맑음,교차로 - 교차로안,원동기,남,89세,부상신고,승용,남,42세,상해없음
2019052500100340,2019년 5월 25일 13시,토요일,전라남도 광양시 광양읍,경상사고,0,0,1,0,차대차 - 측면충돌,직진우회전진행방해,건조,맑음,교차로 - 교차로안,승용,여,36세,상해없음,승용,여,75세,경상
2019052500100372,2019년 5월 25일 14시,토요일,전라남도 고흥군 도덕면,경상사고,0,0,2,0,차대차 - 추돌,안전운전불이행,건조,맑음,단일로 - 기타,화물,남,69세,상해없음,승용,여,49세,경상
2019052500100373,2019년 5월 25일 14시,토요일,전라남도 영암군 도포면,경상사고,0,0,1,0,차대차 - 측면충돌,중앙선침범,건조,맑음,교차로 - 교차로안,화물,남,62세,상해없음,승용,남,76세,경상
2019052500100374,2019년 5월 25일 14시,토요일,전라남도 담양군 고서면,중상사고,0,1,0,0,차대차 - 정면충돌,안전운전불이행,건조,맑음,단일로 - 기타,화물,남,58세,상해없음,승용,여,59세,중상
2019052500100375,2019년 5월 25일 14시,토요일,전라남도 곡성군 곡성읍,경상사고,0,0,4,1,차대차 - 측면충돌,직진우회전진행방해,건조,맑음,교차로 - 교차로안,승용,남,64세,부상신고,승용,남,25세,경상
2019052500100376,2019년 5월 25일 14시,토요일,전라남도 진도군 진도읍,사망사고,1,0,0,0,차대차 - 측면충돌,중앙선침범,건조,맑음,기타 - 기타,이륜,남,84세,사망,승용,남,28세,상해없음
2019052500100418,2019년 5월 25일 15시,토요일,전라남도 목포시 옥암동,경상사고,0,0,2,0,차대차 - 정면충돌,신호위반,건조,맑음,교차로 - 교차로안,승용,여,37세,상해없음,승용,여,49세,경상
2019052500100419,2019년 5월 25일 15시,토요일,전라남도 여수시 율촌면,중상사고,0,1,0,0,차량단독 - 공작물충돌,안전운전불이행,건조,맑음,단일로 - 기타,특수,남,60세,중상,,,,
2019052500100452,2019년 5월 25일 16시,토요일,전라남도 순천시 황전면,중상사고,0,1,1,0,차대차 - 기타,신호위반,건조,맑음,교차로 - 교차로안,농기계,남,23세,상해없음,화물,남,50세,상해없음
2019052500100453,2019년 5월 25일 16시,토요일,전라남도 순천시 옥천동,중상사고,0,1,0,0,차대사람 - 기타,안전운전불이행,건조,맑음,기타 - 기타,화물,남,58세,기타불명,보행자,여,81세,중상
2019052500100454,2019년 5월 25일 16시,토요일,전라남도 보성군 회천면,중상사고,0,1,0,0,차량단독 - 공작물충돌,안전운전불이행,건조,맑음,단일로 - 기타,이륜,남,17세,중상,,,,
2019052500100494,2019년 5월 25일 17시,토요일,전라남도 여수시 여서동,경상사고,0,0,2,0,차대사람 - 횡단중,안전운전불이행,건조,맑음,교차로 - 교차로안,승용,여,44세,상해없음,보행자,여,13세,경상
2019052500100495,2019년 5월 25일 17시,토요일,전라남도 순천시 주암면,중상사고,0,1,0,0,차대차 - 기타,중앙선침범,건조,맑음,단일로 - 기타,화물,남,55세,상해없음,이륜,여,44세,중상
2019052500100530,2019년 5월 25일 18시,토요일,전라남도 나주시 남평읍,경상사고,0,0,1,0,차대사람 - 기타,안전운전불이행,건조,맑음,단일로 - 기타,화물,남,60세,상해없음,보행자,남,64세,경상
2019052500100531,2019년 5월 25일 18시,토요일,전라남도 장흥군 장흥읍,경상사고,0,0,1,0,차대사람 - 보도통행중,안전운전불이행,건조,맑음,교차로 - 교차로부근,승합,남,53세,상해없음,보행자,여,69세,경상
2019052500100566,2019년 5월 25일 19시,토요일,전라남도 장성군 장성읍,경상사고,0,0,3,0,차대차 - 측면충돌,안전운전불이행,건조,맑음,단일로 - 기타,승용,남,43세,상해없음,화물,남,61세,경상
2019052500100593,2019년 5월 25일 20시,토요일,전라남도 나주시 세지면,경상사고,0,0,1,0,차량단독 - 전도전복 - 전도,안전운전불이행,건조,맑음,교차로 - 교차로안,이륜,남,52세,경상,,,,
2019052500100594,2019년 5월 25일 20시,토요일,전라남도 해남군 황산면,중상사고,0,1,0,0,차대사람 - 차도통행중,안전운전불이행,건조,맑음,단일로 - 기타,승용,여,55세,상해없음,보행자,여,83세,중상
2019052500100595,2019년 5월 25일 20시,토요일,전라남도 광양시 광양읍,중상사고,0,1,0,0,차대사람 - 기타,안전운전불이행,건조,맑음,단일로 - 기타,승용,남,36세,상해없음,보행자,남,76세,중상
2019052500100664,2019년 5월 25일 22시,토요일,전라남도 보성군 득량면,경상사고,0,0,1,0,차량단독 - 공작물충돌,안전운전불이행,건조,맑음,단일로 - 기타,승용,여,23세,경상,,,,
2019052500100696,2019년 5월 25일 23시,토요일,전라남도 나주시 왕곡면,중상사고,0,1,0,0,차량단독 - 공작물충돌,안전운전불이행,건조,맑음,단일로 - 기타,승용,남,45세,중상,,,,
2019052600100120,2019년 5월 26일 08시,일요일,전라남도 장흥군 회진면,경상사고,0,0,1,0,차대차 - 측면충돌,안전운전불이행,건조,맑음,교차로 - 교차로부근,화물,남,46세,상해없음,승합,남,34세,경상
2019052600100133,2019년 5월 26일 09시,일요일,전라남도 목포시 석현동,중상사고,0,1,2,0,차대차 - 정면충돌,신호위반,건조,맑음,교차로 - 교차로안,승용,남,81세,경상,화물,남,63세,경상
2019052600100134,2019년 5월 26일 09시,일요일,전라남도 순천시 해룡면,중상사고,0,1,1,0,차대차 - 측면충돌,교차로운행방법위반,건조,맑음,교차로 - 교차로안,승용,남,37세,중상,승용,남,35세,경상
2019052600100135,2019년 5월 26일 09시,일요일,전라남도 강진군 군동면,경상사고,0,0,3,0,차대차 - 추돌,안전거리미확보,건조,맑음,교차로 - 교차로부근,화물,남,47세,상해없음,승용,남,64세,경상
2019052600100158,2019년 5월 26일 10시,일요일,전라남도 영광군 군남면,부상신고사고,0,0,0,1,차량단독 - 도로외이탈 - 추락,안전운전불이행,건조,맑음,단일로 - 기타,승용,남,55세,부상신고,,,,
2019052600100159,2019년 5월 26일 10시,일요일,전라남도 광양시 광양읍,경상사고,0,0,1,0,차량단독 - 도로외이탈 - 추락,안전운전불이행,건조,맑음,교차로 - 교차로안,승용,여,47세,경상,,,,
2019052600100160,2019년 5월 26일 10시,일요일,전라남도 광양시 중동,경상사고,0,0,1,0,차대차 - 측면충돌,안전거리미확보,건조,맑음,단일로 - 기타,승용,여,30세,상해없음,승용,남,32세,경상
2019052600100190,2019년 5월 26일 11시,일요일,전라남도 해남군 송지면,경상사고,0,0,1,0,차량단독 - 도로외이탈 - 추락,안전운전불이행,건조,맑음,단일로 - 기타,승용,남,60세,경상,,,,
2019052600100257,2019년 5월 26일 13시,일요일,전라남도 해남군 옥천면,중상사고,0,2,8,0,차대차 - 기타,안전운전불이행,건조,맑음,단일로 - 기타,승용,여,56세,경상,승합,남,71세,상해없음
2019052600100258,2019년 5월 26일 13시,일요일,전라남도 보성군 노동면,경상사고,0,0,2,0,차대차 - 측면충돌,직진우회전진행방해,건조,맑음,교차로 - 교차로부근,승용,남,25세,상해없음,승용,여,28세,경상
2019052600100287,2019년 5월 26일 14시,일요일,전라남도 순천시 황전면,중상사고,0,1,4,0,차대차 - 추돌,안전운전불이행,건조,맑음,교차로 - 교차로부근,화물,남,64세,중상,화물,남,44세,경상
2019052600100288,2019년 5월 26일 14시,일요일,전라남도 나주시 송월동,중상사고,0,1,2,0,차대차 - 측면충돌,교차로운행방법위반,건조,맑음,교차로 - 교차로안,승용,여,53세,경상,승용,남,71세,경상
2019052600100289,2019년 5월 26일 14시,일요일,전라남도 함평군 월야면,경상사고,0,0,1,0,차량단독 - 공작물충돌,안전운전불이행,건조,맑음,단일로 - 기타,승합,남,33세,경상,,,,
2019052600100331,2019년 5월 26일 15시,일요일,전라남도 여수시 돌산읍,중상사고,0,2,0,0,차대차 - 정면충돌,중앙선침범,건조,맑음,교차로 - 교차로안,화물,남,64세,상해없음,승용,남,37세,중상
2019052600100332,2019년 5월 26일 15시,일요일,전라남도 여수시 봉산동,중상사고,0,1,0,0,차대차 - 측면충돌,안전운전불이행,건조,맑음,단일로 - 기타,이륜,남,41세,중상,승용,여,39세,기타불명
2019052600100333,2019년 5월 26일 15시,일요일,전라남도 화순군 이양면,경상사고,0,0,2,0,차대차 - 기타,안전운전불이행,건조,맑음,교차로 - 교차로부근,농기계,남,69세,경상,승용,남,57세,상해없음
2019052600100334,2019년 5월 26일 15시,일요일,전라남도 완도군 고금면,경상사고,0,0,1,0,차대차 - 기타,안전운전불이행,건조,맑음,단일로 - 기타,승용,남,66세,상해없음,승용,여,38세,경상
2019052600100335,2019년 5월 26일 15시,일요일,전라남도 광양시 다압면,경상사고,0,0,2,0,차대차 - 측면충돌,중앙선침범,건조,맑음,단일로 - 기타,화물,남,56세,상해없음,승용,남,47세,경상
2019052600100370,2019년 5월 26일 16시,일요일,전라남도 곡성군 오곡면,중상사고,0,1,7,0,차대차 - 측면충돌,직진우회전진행방해,건조,맑음,교차로 - 교차로안,승합,여,43세,경상,승용,남,57세,경상
2019052600100402,2019년 5월 26일 17시,일요일,전라남도 목포시 옥암동,경상사고,0,0,3,0,차대차 - 측면충돌,교차로운행방법위반,건조,흐림,교차로 - 교차로안,승용,남,23세,상해없음,승용,남,59세,경상
2019052600100429,2019년 5월 26일 18시,일요일,전라남도 목포시 용당동,경상사고,0,0,1,0,차대사람 - 차도통행중,안전운전불이행,건조,맑음,교차로 - 교차로안,승용,남,27세,상해없음,보행자,남,60세,경상
2019052600100451,2019년 5월 26일 19시,일요일,전라남도 신안군 압해읍,중상사고,0,1,0,0,차대사람 - 기타,안전운전불이행,건조,맑음,단일로 - 기타,화물,여,52세,상해없음,보행자,여,67세,중상
2019052600100452,2019년 5월 26일 19시,일요일,전라남도 해남군 산이면,중상사고,0,3,3,0,차대차 - 기타,신호위반,건조,흐림,교차로 - 교차로안,승용,남,27세,경상,승용,남,40세,경상
2019052600100453,2019년 5월 26일 19시,일요일,전라남도 광양시 진월면,경상사고,0,0,1,0,차량단독 - 기타,안전운전불이행,건조,맑음,단일로 - 기타,이륜,여,58세,경상,,,,
2019052600100481,2019년 5월 26일 20시,일요일,전라남도 순천시 조례동,경상사고,0,0,1,0,차대차 - 기타,직진우회전진행방해,건조,맑음,교차로 - 교차로부근,승용,여,38세,상해없음,승용,여,52세,경상
2019052600100501,2019년 5월 26일 21시,일요일,전라남도 목포시 상동,경상사고,0,0,1,0,차대사람 - 차도통행중,안전운전불이행,젖음/습기,흐림,교차로 - 교차로안,승용,남,44세,상해없음,보행자,남,48세,경상
2019052600100502,2019년 5월 26일 21시,일요일,전라남도 순천시 석현동,경상사고,0,0,1,0,차대차 - 측면충돌,직진우회전진행방해,건조,맑음,교차로 - 교차로부근,승용,남,60세,상해없음,승용,남,46세,경상
2019052600100503,2019년 5월 26일 21시,일요일,전라남도 고흥군 남양면,중상사고,0,1,0,0,차대차 - 추돌,안전운전불이행,젖음/습기,비,단일로 - 기타,화물,남,49세,상해없음,농기계,남,56세,중상
2019052600100529,2019년 5월 26일 22시,일요일,전라남도 여수시 신기동,경상사고,0,0,1,0,차대차 - 기타,안전운전불이행,건조,맑음,단일로 - 기타,승용,남,52세,상해없음,화물,남,46세,경상
2019052600100530,2019년 5월 26일 22시,일요일,전라남도 광양시 중동,중상사고,0,1,0,0,차대사람 - 횡단중,안전운전불이행,건조,맑음,단일로 - 기타,승용,남,59세,상해없음,보행자,여,44세,중상
2019052600100531,2019년 5월 26일 22시,일요일,전라남도 광양시 마동,경상사고,0,0,1,0,차대사람 - 기타,안전운전불이행,건조,맑음,단일로 - 기타,승합,남,57세,상해없음,보행자,여,40세,경상
2019052600100548,2019년 5월 26일 23시,일요일,전라남도 순천시 매곡동,경상사고,0,0,1,0,차량단독 - 공작물충돌,안전운전불이행,젖음/습기,비,교차로 - 교차로부근,승용,남,21세,경상,,,,
2019052600100549,2019년 5월 26일 23시,일요일,전라남도 무안군 삼향읍,경상사고,0,0,1,0,차대차 - 추돌,교차로운행방법위반,젖음/습기,비,교차로 - 교차로안,승용,남,28세,상해없음,승용,남,23세,경상
2019052600100550,2019년 5월 26일 23시,일요일,전라남도 무안군 삼향읍,경상사고,0,0,1,0,차대차 - 추돌,직진우회전진행방해,젖음/습기,비,교차로 - 교차로안,승용,남,24세,상해없음,승용,남,41세,경상
2019052700100046,2019년 5월 27일 02시,월요일,전라남도 순천시 연향동,경상사고,0,0,2,0,차대차 - 측면충돌,안전운전불이행,젖음/습기,비,교차로 - 교차로안,승용,남,22세,상해없음,승용,남,21세,경상
2019052700100051,2019년 5월 27일 03시,월요일,전라남도 목포시 상동,경상사고,0,0,4,0,차대차 - 측면충돌,교차로운행방법위반,젖음/습기,흐림,교차로 - 교차로안,승용,여,18세,경상,승용,남,23세,경상
2019052700100087,2019년 5월 27일 06시,월요일,전라남도 무안군 무안읍,경상사고,0,0,1,0,차량단독 - 공작물충돌,안전운전불이행,젖음/습기,흐림,단일로 - 기타,승용,남,28세,경상,,,,
2019052700100112,2019년 5월 27일 07시,월요일,전라남도 여수시 종화동,중상사고,0,2,0,0,차대차 - 추돌,과속,젖음/습기,비,단일로 - 터널,승용,남,23세,중상,승용,남,26세,중상
2019052700100113,2019년 5월 27일 07시,월요일,전라남도 나주시 산포면,경상사고,0,0,1,0,차대차 - 측면충돌,교차로운행방법위반,젖음/습기,비,교차로 - 교차로횡단보도내,승합,남,52세,상해없음,승용,남,38세,경상
2019052700100158,2019년 5월 27일 08시,월요일,전라남도 순천시 해룡면,경상사고,0,0,2,0,차대차 - 추돌,안전운전불이행,젖음/습기,비,교차로 - 교차로안,승용,남,30세,상해없음,승용,여,51세,경상
2019052700100190,2019년 5월 27일 09시,월요일,전라남도 나주시 대호동,경상사고,0,0,3,0,차대차 - 측면충돌,안전운전불이행,젖음/습기,비,단일로 - 기타,승용,남,61세,경상,화물,남,62세,경상
2019052700100245,2019년 5월 27일 10시,월요일,전라남도 여수시 소라면,경상사고,0,0,1,0,차대차 - 측면충돌,신호위반,젖음/습기,비,단일로 - 교량,특수,남,52세,상해없음,승용,여,58세,경상
2019052700100246,2019년 5월 27일 10시,월요일,전라남도 해남군 옥천면,경상사고,0,0,2,0,차대차 - 측면충돌,중앙선침범,젖음/습기,비,단일로 - 기타,화물,남,55세,경상,화물,남,35세,경상
2019052700100247,2019년 5월 27일 10시,월요일,전라남도 광양시 중군동,중상사고,0,2,2,0,차대차 - 정면충돌,안전운전불이행,젖음/습기,비,단일로 - 기타,특수,남,38세,중상,화물,남,45세,중상
2019052700100282,2019년 5월 27일 11시,월요일,전라남도 나주시 빛가람동,경상사고,0,0,1,0,차대차 - 기타,안전운전불이행,건조,맑음,단일로 - 기타,승용,여,24세,상해없음,이륜,여,20세,경상
2019052700100283,2019년 5월 27일 11시,월요일,전라남도 해남군 계곡면,경상사고,0,0,1,0,차대차 - 후진중충돌,안전운전불이행,젖음/습기,비,주차장 - 주차장,화물,남,68세,상해없음,화물,여,63세,경상
2019052700100312,2019년 5월 27일 12시,월요일,전라남도 담양군 담양읍,경상사고,0,0,1,0,차대차 - 기타,안전운전불이행,젖음/습기,흐림,교차로 - 교차로안,승용,남,33세,상해없음,자전거,남,81세,경상
2019052700100350,2019년 5월 27일 13시,월요일,전라남도 나주시 영산동,사망사고,1,0,0,0,차대차 - 측면충돌,신호위반,건조,맑음,교차로 - 교차로안,이륜,남,81세,사망,승합,남,44세,상해없음
2019052700100351,2019년 5월 27일 13시,월요일,전라남도 광양시 중동,중상사고,0,1,0,0,차대사람 - 횡단중,보행자보호의무위반,젖음/습기,비,교차로 - 교차로횡단보도내,승용,남,57세,상해없음,보행자,여,7세,중상
2019052700100385,2019년 5월 27일 14시,월요일,전라남도 해남군 해남읍,경상사고,0,0,1,0,차대사람 - 횡단중,안전운전불이행,건조,맑음,단일로 - 기타,승용,남,46세,상해없음,보행자,여,51세,경상
2019052700100414,2019년 5월 27일 15시,월요일,전라남도 고흥군 도양읍,중상사고,0,1,0,0,차대사람 - 횡단중,안전운전불이행,건조,맑음,교차로 - 교차로안,화물,남,63세,상해없음,보행자,여,72세,중상
2019052700100480,2019년 5월 27일 17시,월요일,전라남도 목포시 상동,중상사고,0,1,0,0,차대차 - 기타,교차로운행방법위반,젖음/습기,비,교차로 - 교차로안,승용,남,47세,상해없음,자전거,남,67세,중상
2019052700100481,2019년 5월 27일 17시,월요일,전라남도 광양시 옥룡면,경상사고,0,0,2,0,차대차 - 측면충돌,교차로운행방법위반,젖음/습기,비,교차로 - 교차로안,화물,남,55세,상해없음,승용,남,53세,경상
2019052700100520,2019년 5월 27일 18시,월요일,전라남도 신안군 압해읍,경상사고,0,0,2,0,차대차 - 측면충돌,안전운전불이행,젖음/습기,비,교차로 - 교차로안,승용,남,36세,상해없음,승합,남,33세,경상
2019052700100521,2019년 5월 27일 18시,월요일,전라남도 순천시 연향동,경상사고,0,0,1,0,차대사람 - 차도통행중,보행자보호의무위반,건조,맑음,단일로 - 기타,승용,남,55세,상해없음,보행자,여,8세,경상
2019052700100522,2019년 5월 27일 18시,월요일,전라남도 순천시 연향동,경상사고,0,0,1,0,차대차 - 측면충돌,안전운전불이행,젖음/습기,비,교차로 - 교차로안,승용,남,53세,상해없음,승용,남,35세,경상