사고번호,사고일시,요일,시군구,사고내용,사망자수,중상자수,경상자수,부상신고자수,사고유형,법규위반,노면상태,기상상태,도로형태,가해운전자 차종,가해운전자 성별,가해운전자 연령,가해운전자 상해정도,피해운전자 차종,피해운전자 성별,피해운전자 연령,피해운전자 상해정도
2019052700100523,2019년 5월 27일 18시,월요일,전라남도 광양시 광양읍,경상사고,0,0,1,0,차대차 - 측면충돌,교차로운행방법위반,젖음/습기,비,교차로 - 교차로안,승용,여,32세,상해없음,승용,여,48세,경상
2019052700100557,2019년 5월 27일 19시,월요일,전라남도 해남군 계곡면,사망사고,1,0,1,0,차대차 - 추돌,안전운전불이행,젖음/습기,비,단일로 - 기타,승용,남,64세,경상,농기계,남,79세,사망
2019052700100607,2019년 5월 27일 21시,월요일,전라남도 목포시 상동,중상사고,0,1,0,0,차대사람 - 기타,보행자보호의무위반,건조,맑음,교차로 - 교차로횡단보도내,승용,남,72세,상해없음,보행자,남,4세,중상
2019052700100608,2019년 5월 27일 21시,월요일,전라남도 함평군 함평읍,부상신고사고,0,0,0,1,차량단독 - 공작물충돌,안전운전불이행,건조,맑음,단일로 - 기타,승용,남,47세,부상신고,,,,
2019052700100631,2019년 5월 27일 22시,월요일,전라남도 목포시 용해동,경상사고,0,0,3,0,차대차 - 측면충돌,안전운전불이행,건조,맑음,단일로 - 기타,승용,남,37세,상해없음,승용,남,44세,경상
2019052700100632,2019년 5월 27일 22시,월요일,전라남도 여수시 주삼동,경상사고,0,0,1,0,차대차 - 추돌,안전거리미확보,젖음/습기,비,단일로 - 기타,승용,남,36세,상해없음,승용,남,55세,경상
2019052700100633,2019년 5월 27일 22시,월요일,전라남도 장흥군 장흥읍,경상사고,0,0,2,0,차대차 - 추돌,안전운전불이행,건조,맑음,단일로 - 기타,승용,남,29세,경상,화물,여,49세,기타불명
2019052800100067,2019년 5월 28일 04시,화요일,전라남도 고흥군 도양읍,경상사고,0,0,2,0,차대차 - 측면충돌,교차로운행방법위반,건조,맑음,교차로 - 교차로안,화물,남,69세,경상,화물,남,70세,경상
2019052800100083,2019년 5월 28일 06시,화요일,전라남도 목포시 용해동,경상사고,0,0,1,0,차대차 - 기타,교차로운행방법위반,건조,맑음,교차로 - 교차로안,승용,남,54세,상해없음,자전거,여,56세,경상
2019052800100084,2019년 5월 28일 06시,화요일,전라남도 완도군 완도읍,경상사고,0,0,1,0,차대차 - 추돌,안전거리미확보,건조,맑음,단일로 - 기타,승용,남,64세,상해없음,승용,남,52세,경상
2019052800100107,2019년 5월 28일 07시,화요일,전라남도 신안군 압해읍,경상사고,0,0,1,0,차대차 - 측면충돌,안전운전불이행,건조,맑음,교차로 - 교차로안,승용,남,33세,상해없음,화물,남,40세,경상
2019052800100108,2019년 5월 28일 07시,화요일,전라남도 보성군 벌교읍,경상사고,0,0,1,0,차대차 - 추돌,안전거리미확보,건조,맑음,단일로 - 기타,승용,남,67세,상해없음,승용,남,33세,경상
2019052800100190,2019년 5월 28일 09시,화요일,전라남도 순천시 해룡면,중상사고,0,1,0,0,차량단독 - 기타,안전운전불이행,건조,맑음,단일로 - 기타,승용,여,66세,중상,,,,
2019052800100191,2019년 5월 28일 09시,화요일,전라남도 진도군 진도읍,경상사고,0,0,2,0,차대차 - 측면충돌,교차로운행방법위반,건조,맑음,교차로 - 교차로안,승용,여,50세,상해없음,승용,여,46세,경상
2019052800100262,2019년 5월 28일 11시,화요일,전라남도 여수시 문수동,중상사고,0,1,0,0,차대차 - 측면충돌,교차로운행방법위반,건조,맑음,교차로 - 교차로안,이륜,여,55세,상해없음,이륜,남,25세,중상
2019052800100286,2019년 5월 28일 12시,화요일,전라남도 고흥군 대서면,중상사고,0,2,1,0,차대차 - 측면충돌,교차로운행방법위반,건조,맑음,교차로 - 교차로안,화물,남,64세,중상,화물,남,47세,경상
2019052800100321,2019년 5월 28일 13시,화요일,전라남도 순천시 해룡면,중상사고,0,1,0,0,차대사람 - 길가장자리구역통행중,안전운전불이행,건조,맑음,단일로 - 기타,승용,남,42세,상해없음,보행자,남,81세,중상
2019052800100322,2019년 5월 28일 13시,화요일,전라남도 순천시 연향동,경상사고,0,0,1,0,차대차 - 기타,안전운전불이행,건조,맑음,교차로 - 교차로안,승용,여,60세,상해없음,화물,남,62세,경상
2019052800100323,2019년 5월 28일 13시,화요일,전라남도 나주시 남평읍,경상사고,0,0,3,0,차대차 - 측면충돌,차로위반,건조,맑음,단일로 - 기타,화물,여,47세,상해없음,승용,남,23세,경상
2019052800100324,2019년 5월 28일 13시,화요일,전라남도 강진군 강진읍,경상사고,0,0,1,0,차대차 - 측면충돌,안전운전불이행,건조,맑음,교차로 - 교차로안,이륜,남,33세,경상,승용,남,43세,상해없음
2019052800100368,2019년 5월 28일 14시,화요일,전라남도 순천시 용당동,경상사고,0,0,1,0,차대차 - 후진중충돌,안전운전불이행,건조,맑음,교차로 - 교차로안,승용,여,48세,기타불명,승용,남,64세,경상
2019052800100369,2019년 5월 28일 14시,화요일,전라남도 광양시 광양읍,경상사고,0,0,1,0,차대차 - 측면충돌,안전운전불이행,건조,맑음,교차로 - 교차로안,원동기,남,73세,경상,화물,남,48세,상해없음
2019052800100370,2019년 5월 28일 14시,화요일,전라남도 광양시 다압면,경상사고,0,0,2,0,차대차 - 정면충돌,교차로운행방법위반,건조,맑음,교차로 - 교차로부근,화물,남,68세,상해없음,화물,남,38세,경상
2019052800100418,2019년 5월 28일 15시,화요일,전라남도 순천시 덕암동,경상사고,0,0,1,0,차대차 - 기타,안전운전불이행,건조,맑음,교차로 - 교차로안,승용,남,73세,상해없음,이륜,남,23세,경상
2019052800100468,2019년 5월 28일 16시,화요일,전라남도 목포시 용해동,경상사고,0,0,1,0,차대차 - 측면충돌,안전거리미확보,건조,맑음,단일로 - 기타,승용,남,62세,상해없음,승용,남,29세,경상
2019052800100469,2019년 5월 28일 16시,화요일,전라남도 순천시 조례동,경상사고,0,0,1,0,차대차 - 기타,안전운전불이행,건조,맑음,단일로 - 기타,승용,남,61세,상해없음,이륜,남,29세,경상
2019052800100470,2019년 5월 28일 16시,화요일,전라남도 순천시 서면,경상사고,0,0,4,0,차대차 - 기타,안전운전불이행,건조,맑음,단일로 - 기타,승용,여,36세,경상,승용,여,29세,경상
2019052800100471,2019년 5월 28일 16시,화요일,전라남도 순천시 조례동,경상사고,0,0,1,0,차대사람 - 보도통행중,보행자보호의무위반,건조,맑음,교차로 - 교차로횡단보도내,승용,남,54세,상해없음,보행자,여,7세,경상
2019052800100472,2019년 5월 28일 16시,화요일,전라남도 나주시 빛가람동,경상사고,0,0,4,0,차대차 - 측면충돌,안전운전불이행,건조,맑음,교차로 - 교차로안,승용,여,45세,경상,승용,여,38세,경상
2019052800100473,2019년 5월 28일 16시,화요일,전라남도 화순군 화순읍,경상사고,0,0,1,0,차대사람 - 횡단중,보행자보호의무위반,건조,맑음,단일로 - 기타,승용,남,78세,상해없음,보행자,여,67세,경상
2019052800100530,2019년 5월 28일 17시,화요일,전라남도 목포시 죽동,경상사고,0,0,1,0,차대차 - 측면충돌,안전운전불이행,건조,맑음,단일로 - 기타,승용,여,51세,상해없음,승용,여,28세,상해없음
2019052800100531,2019년 5월 28일 17시,화요일,전라남도 목포시 연산동,경상사고,0,0,1,0,차량단독 - 공작물충돌,안전운전불이행,건조,맑음,기타 - 기타,승용,남,60세,상해없음,,,,
2019052800100532,2019년 5월 28일 17시,화요일,전라남도 순천시 서면,경상사고,0,0,1,0,차대차 - 기타,안전운전불이행,건조,맑음,단일로 - 기타,화물,남,34세,상해없음,자전거,남,74세,경상
2019052800100533,2019년 5월 28일 17시,화요일,전라남도 나주시 빛가람동,부상신고사고,0,0,0,1,차대사람 - 횡단중,보행자보호의무위반,건조,맑음,교차로 - 교차로부근,승용,여,43세,상해없음,보행자,남,12세,부상신고
2019052800100639,2019년 5월 28일 19시,화요일,전라남도 순천시 조곡동,경상사고,0,0,1,0,차대차 - 측면충돌,안전거리미확보,건조,맑음,교차로 - 교차로부근,승용,여,58세,경상,화물,남,60세,상해없음
2019052800100640,2019년 5월 28일 19시,화요일,전라남도 고흥군 과역면,사망사고,1,0,0,0,차량단독 - 전도전복 - 전도,안전운전불이행,건조,맑음,단일로 - 기타,농기계,남,90세 이상,사망,,,,
2019052800100641,2019년 5월 28일 19시,화요일,전라남도 해남군 해남읍,경상사고,0,0,1,0,차대차 - 측면충돌,안전운전불이행,건조,맑음,단일로 - 기타,승용,여,37세,기타불명,자전거,여,75세,경상
2019052800100642,2019년 5월 28일 19시,화요일,전라남도 광양시 금호동,경상사고,0,0,1,0,차대차 - 추돌,안전거리미확보,건조,맑음,단일로 - 기타,승용,남,43세,상해없음,승용,남,63세,경상
2019052800100706,2019년 5월 28일 21시,화요일,전라남도 해남군 해남읍,중상사고,0,1,0,0,차대차 - 추돌,안전운전불이행,건조,맑음,단일로 - 기타,승용,남,49세,기타불명,승용,여,53세,중상
2019052800100707,2019년 5월 28일 21시,화요일,전라남도 강진군 강진읍,경상사고,0,0,1,1,차대차 - 측면충돌,직진우회전진행방해,건조,맑음,교차로 - 교차로안,화물,남,47세,부상신고,승용,여,21세,경상
2019052800100742,2019년 5월 28일 22시,화요일,전라남도 나주시 대호동,중상사고,0,2,0,0,차대차 - 측면충돌,신호위반,건조,맑음,교차로 - 교차로안,화물,남,62세,중상,승용,남,32세,중상
2019052900100076,2019년 5월 29일 06시,수요일,전라남도 영암군 미암면,중상사고,0,1,0,0,차량단독 - 기타,안전운전불이행,건조,맑음,교차로 - 교차로안,화물,남,77세,상해없음,,,,
2019052900100077,2019년 5월 29일 06시,수요일,전라남도 장성군 진원면,경상사고,0,0,1,0,차대차 - 기타,안전운전불이행,건조,맑음,교차로 - 교차로부근,화물,남,64세,상해없음,승용,남,47세,경상
2019052900100105,2019년 5월 29일 07시,수요일,전라남도 여수시 오림동,경상사고,0,0,1,0,차대차 - 측면충돌,교차로운행방법위반,건조,맑음,교차로 - 교차로안,승용,남,34세,상해없음,승용,남,36세,경상
2019052900100149,2019년 5월 29일 08시,수요일,전라남도 보성군 회천면,경상사고,0,0,1,0,차대차 - 기타,중앙선침범,건조,맑음,단일로 - 기타,승용,남,62세,상해없음,승합,남,56세,경상
2019052900100150,2019년 5월 29일 08시,수요일,전라남도 보성군 복내면,중상사고,0,1,0,0,차량단독 - 전도전복 - 전도,안전운전불이행,건조,맑음,단일로 - 기타,이륜,남,77세,상해없음,,,,
2019052900100191,2019년 5월 29일 09시,수요일,전라남도 순천시 용당동,경상사고,0,0,1,0,차대차 - 기타,안전운전불이행,건조,맑음,단일로 - 기타,승용,남,63세,상해없음,승용,여,44세,경상
2019052900100192,2019년 5월 29일 09시,수요일,전라남도 순천시 가곡동,경상사고,0,0,1,0,차대차 - 추돌,안전운전불이행,건조,맑음,단일로 - 기타,화물,남,56세,상해없음,승합,남,50세,경상
2019052900100193,2019년 5월 29일 09시,수요일,전라남도 보성군 벌교읍,경상사고,0,0,6,4,차대차 - 측면충돌,교차로운행방법위반,건조,맑음,교차로 - 교차로안,화물,남,32세,경상,승합,남,37세,상해없음
2019052900100194,2019년 5월 29일 09시,수요일,전라남도 화순군 도곡면,경상사고,0,0,1,0,차대차 - 측면충돌,신호위반,건조,맑음,교차로 - 교차로안,화물,남,68세,상해없음,이륜,여,65세,경상
2019052900100195,2019년 5월 29일 09시,수요일,전라남도 영암군 삼호읍,경상사고,0,0,3,0,차대차 - 추돌,과속,건조,맑음,단일로 - 기타,승용,여,30세,경상,승용,남,64세,경상
2019052900100196,2019년 5월 29일 09시,수요일,전라남도 영암군 덕진면,경상사고,0,0,3,0,차대차 - 측면충돌,안전운전불이행,건조,맑음,교차로 - 교차로안,화물,여,60세,경상,화물,남,22세,경상
2019052900100228,2019년 5월 29일 10시,수요일,전라남도 목포시 산정동,중상사고,0,1,0,0,차대사람 - 차도통행중,안전운전불이행,건조,맑음,교차로 - 교차로안,화물,남,34세,상해없음,보행자,남,54세,중상
2019052900100229,2019년 5월 29일 10시,수요일,전라남도 목포시 용당동,경상사고,0,0,1,0,차량단독 - 기타,안전운전불이행,건조,맑음,단일로 - 기타,승합,남,46세,상해없음,,,,
2019052900100230,2019년 5월 29일 10시,수요일,전라남도 여수시 연등동,경상사고,0,0,1,0,차대차 - 추돌,안전운전불이행,건조,맑음,단일로 - 기타,화물,남,34세,상해없음,승용,남,62세,경상
2019052900100260,2019년 5월 29일 11시,수요일,전라남도 나주시 이창동,사망사고,1,0,0,0,차대사람 - 횡단중,안전운전불이행,건조,맑음,교차로 - 교차로부근,화물,남,49세,상해없음,보행자,여,84세,사망
2019052900100261,2019년 5월 29일 11시,수요일,전라남도 함평군 학교면,중상사고,0,1,1,0,차대차 - 측면충돌,안전운전불이행,건조,맑음,교차로 - 교차로안,화물,남,63세,중상,특수,남,58세,경상
2019052900100323,2019년 5월 29일 13시,수요일,전라남도 여수시 둔덕동,경상사고,0,0,1,0,차대차 - 추돌,안전운전불이행,건조,맑음,교차로 - 교차로부근,화물,남,60세,상해없음,승용,남,35세,경상
2019052900100324,2019년 5월 29일 13시,수요일,전라남도 나주시 봉황면,경상사고,0,0,2,0,차대차 - 기타,안전운전불이행,건조,맑음,단일로 - 기타,화물,남,30세,상해없음,승용,남,61세,경상
2019052900100351,2019년 5월 29일 14시,수요일,전라남도 목포시 석현동,경상사고,0,0,1,0,차대차 - 측면충돌,신호위반,건조,맑음,교차로 - 교차로안,이륜,남,42세,상해없음,승용,남,27세,경상
2019052900100352,2019년 5월 29일 14시,수요일,전라남도 목포시 연산동,경상사고,0,0,2,0,차대차 - 정면충돌,안전운전불이행,건조,맑음,주차장 - 주차장,승용,여,59세,경상,승용,여,41세,경상
2019052900100353,2019년 5월 29일 14시,수요일,전라남도 순천시 승주읍,사망사고,1,0,0,0,차대사람 - 횡단중,과속,건조,맑음,교차로 - 교차로횡단보도내,승용,여,60세,상해없음,보행자,여,75세,사망
2019052900100354,2019년 5월 29일 14시,수요일,전라남도 나주시 빛가람동,경상사고,0,0,1,0,차대차 - 기타,안전운전불이행,건조,맑음,교차로 - 교차로안,승용,남,46세,상해없음,승합,남,57세,상해없음
2019052900100355,2019년 5월 29일 14시,수요일,전라남도 함평군 해보면,중상사고,0,1,1,0,차대차 - 추돌,안전운전불이행,건조,맑음,단일로 - 교량,건설기계,남,67세,경상,건설기계,남,35세,중상
2019052900100449,2019년 5월 29일 16시,수요일,전라남도 여수시 웅천동,경상사고,0,0,1,0,차대차 - 측면충돌,안전운전불이행,건조,맑음,교차로 - 교차로부근,승용,남,68세,상해없음,승합,남,43세,경상
2019052900100510,2019년 5월 29일 17시,수요일,전라남도 여수시 학동,경상사고,0,0,3,0,차대차 - 기타,안전운전불이행,건조,맑음,단일로 - 기타,승용,남,31세,상해없음,승합,남,51세,상해없음
2019052900100511,2019년 5월 29일 17시,수요일,전라남도 보성군 회천면,중상사고,0,1,1,0,차대차 - 정면충돌,중앙선침범,건조,맑음,단일로 - 기타,화물,남,67세,경상,화물,남,68세,중상
2019052900100562,2019년 5월 29일 18시,수요일,전라남도 순천시 해룡면,경상사고,0,0,1,0,차대차 - 기타,안전운전불이행,건조,맑음,단일로 - 기타,승용,여,36세,상해없음,승용,남,37세,경상
2019052900100563,2019년 5월 29일 18시,수요일,전라남도 순천시 석현동,경상사고,0,0,2,0,차대차 - 추돌,안전운전불이행,건조,맑음,단일로 - 기타,승용,남,20세,상해없음,승용,남,23세,경상
2019052900100564,2019년 5월 29일 18시,수요일,전라남도 순천시 덕월동,중상사고,0,1,1,0,차대차 - 추돌,안전거리미확보,건조,맑음,교차로 - 교차로부근,승용,여,51세,중상,승합,남,67세,경상
2019052900100565,2019년 5월 29일 18시,수요일,전라남도 광양시 광영동,경상사고,0,0,1,0,차대차 - 측면충돌,차로위반,건조,맑음,교차로 - 교차로부근,승용,남,28세,상해없음,승용,여,26세,경상
2019052900100615,2019년 5월 29일 19시,수요일,전라남도 순천시 서면,중상사고,0,1,2,0,차대차 - 기타,기타,건조,맑음,기타 - 기타,화물,남,50세,상해없음,승용,남,27세,상해없음
2019052900100645,2019년 5월 29일 20시,수요일,전라남도 목포시 산정동,경상사고,0,0,4,0,차대차 - 추돌,안전운전불이행,건조,맑음,단일로 - 기타,승용,남,72세,상해없음,승용,여,59세,경상
2019052900100646,2019년 5월 29일 20시,수요일,전라남도 나주시 남내동,경상사고,0,0,1,0,차대차 - 추돌,차로위반,건조,맑음,단일로 - 기타,승용,남,51세,상해없음,승용,남,25세,상해없음
2019052900100681,2019년 5월 29일 21시,수요일,전라남도 목포시 연산동,경상사고,0,0,3,0,차대차 - 측면충돌,안전운전불이행,건조,맑음,단일로 - 기타,승용,남,37세,상해없음,승용,여,60세,경상
2019053000100043,2019년 5월 30일 01시,목요일,전라남도 순천시 서면,경상사고,0,0,1,0,차대사람 - 차도통행중,안전운전불이행,건조,맑음,단일로 - 기타,기타불명,기타불명,미분류,기타불명,보행자,남,76세,경상
2019053000100077,2019년 5월 30일 04시,목요일,전라남도 장성군 북일면,중상사고,0,3,0,0,차대차 - 기타,안전운전불이행,건조,맑음,단일로 - 기타,승용,여,34세,중상,승용,남,34세,상해없음
2019053000100078,2019년 5월 30일 04시,목요일,전라남도 장성군 북일면,중상사고,0,1,0,0,차대차 - 기타,안전운전불이행,건조,맑음,기타 - 기타,화물,남,36세,중상,승용,남,19세,상해없음
2019053000100113,2019년 5월 30일 07시,목요일,전라남도 나주시 남외동,중상사고,0,1,0,0,차대차 - 기타,직진우회전진행방해,건조,맑음,교차로 - 교차로안,승용,남,52세,상해없음,자전거,남,58세,중상
2019053000100158,2019년 5월 30일 08시,목요일,전라남도 목포시 산정동,부상신고사고,0,0,0,1,차대차 - 측면충돌,차로위반,건조,맑음,단일로 - 기타,화물,남,54세,상해없음,승용,여,43세,부상신고
2019053000100159,2019년 5월 30일 08시,목요일,전라남도 화순군 동복면,경상사고,0,0,1,0,차대차 - 측면충돌,교차로운행방법위반,건조,맑음,교차로 - 교차로안,승용,여,50세,상해없음,이륜,여,27세,경상
2019053000100160,2019년 5월 30일 08시,목요일,전라남도 강진군 신전면,중상사고,0,1,1,0,차량단독 - 공작물충돌,안전운전불이행,건조,맑음,교차로 - 교차로안,승용,남,72세,경상,,,,
2019053000100161,2019년 5월 30일 08시,목요일,전라남도 무안군 삼향읍,경상사고,0,0,1,0,차대차 - 정면충돌,교차로운행방법위반,건조,맑음,교차로 - 교차로부근,승용,여,58세,상해없음,이륜,남,56세,상해없음
2019053000100202,2019년 5월 30일 09시,목요일,전라남도 목포시 용해동,경상사고,0,0,2,0,차대차 - 정면충돌,안전운전불이행,건조,맑음,단일로 - 기타,승용,남,74세,경상,승용,여,38세,경상
2019053000100203,2019년 5월 30일 09시,목요일,전라남도 여수시 신기동,경상사고,0,0,1,0,차대사람 - 차도통행중,안전운전불이행,건조,맑음,교차로 - 교차로부근,승합,남,62세,상해없음,보행자,여,27세,경상
2019053000100230,2019년 5월 30일 10시,목요일,전라남도 목포시 상동,경상사고,0,0,1,0,차대차 - 후진중충돌,안전운전불이행,건조,맑음,주차장 - 주차장,승용,남,62세,상해없음,승용,여,63세,경상
2019053000100303,2019년 5월 30일 12시,목요일,전라남도 영암군 삼호읍,경상사고,0,0,1,0,차대차 - 추돌,안전운전불이행,건조,맑음,단일로 - 기타,승용,여,47세,상해없음,승용,남,87세,경상
2019053000100324,2019년 5월 30일 13시,목요일,전라남도 광양시 진상면,경상사고,0,0,2,0,차대차 - 정면충돌,중앙선침범,건조,맑음,단일로 - 기타,화물,남,74세,상해없음,승용,남,51세,경상
2019053000100344,2019년 5월 30일 14시,목요일,전라남도 순천시 인제동,중상사고,0,1,0,0,차대차 - 기타,안전운전불이행,건조,맑음,교차로 - 교차로안,이륜,남,70세,중상,화물,남,36세,상해없음
2019053000100345,2019년 5월 30일 14시,목요일,전라남도 완도군 완도읍,경상사고,0,0,1,0,차대차 - 측면충돌,안전거리미확보,건조,맑음,단일로 - 기타,이륜,남,81세,경상,화물,남,64세,상해없음
2019053000100372,2019년 5월 30일 15시,목요일,전라남도 여수시 소라면,중상사고,0,1,0,0,차대사람 - 기타,안전운전불이행,건조,맑음,단일로 - 기타,승용,여,58세,상해없음,보행자,남,10세,중상
2019053000100373,2019년 5월 30일 15시,목요일,전라남도 순천시 조례동,중상사고,0,1,0,0,차대차 - 측면충돌,불법유턴,건조,맑음,교차로 - 교차로부근,승용,남,38세,상해없음,이륜,남,21세,중상
2019053000100374,2019년 5월 30일 15시,목요일,전라남도 담양군 담양읍,경상사고,0,0,2,0,차대차 - 기타,직진우회전진행방해,건조,맑음,교차로 - 교차로안,승용,여,44세,상해없음,승용,여,52세,경상
2019053000100403,2019년 5월 30일 16시,목요일,전라남도 목포시 대양동,경상사고,0,0,4,0,차대차 - 측면충돌,차로위반,건조,맑음,단일로 - 기타,승용,여,60세,상해없음,화물,남,68세,경상
2019053000100404,2019년 5월 30일 16시,목요일,전라남도 순천시 장천동,중상사고,0,1,1,0,차대차 - 측면충돌,안전거리미확보,건조,맑음,단일로 - 기타,승용,여,49세,상해없음,이륜,남,75세,경상
2019053000100405,2019년 5월 30일 16시,목요일,전라남도 순천시 서면,경상사고,0,0,1,0,차대차 - 추돌,교차로운행방법위반,건조,맑음,교차로 - 교차로안,승용,남,59세,상해없음,화물,남,44세,경상
2019053000100406,2019년 5월 30일 16시,목요일,전라남도 순천시 서면,중상사고,0,1,1,0,차대차 - 기타,안전운전불이행,건조,맑음,단일로 - 기타,화물,남,81세,경상,승용,남,65세,중상
2019053000100445,2019년 5월 30일 17시,목요일,전라남도 여수시 신기동,경상사고,0,0,2,0,차대차 - 후진중충돌,안전운전불이행,건조,맑음,기타 - 기타,승용,여,59세,상해없음,승용,남,34세,경상
2019053000100446,2019년 5월 30일 17시,목요일,전라남도 나주시 다시면,경상사고,0,0,2,0,차대차 - 정면충돌,중앙선침범,건조,맑음,단일로 - 기타,화물,남,71세,상해없음,화물,여,51세,경상
2019053000100447,2019년 5월 30일 17시,목요일,전라남도 광양시 광양읍,경상사고,0,0,3,0,차대차 - 기타,중앙선침범,건조,맑음,단일로 - 기타,화물,남,72세,경상,승용,남,54세,경상
2019053000100488,2019년 5월 30일 18시,목요일,전라남도 여수시 소라면,경상사고,0,0,1,0,차대차 - 추돌,안전운전불이행,건조,맑음,교차로 - 교차로부근,승용,남,65세,상해없음,승용,남,31세,경상
2019053000100489,2019년 5월 30일 18시,목요일,전라남도 광양시 옥곡면,중상사고,0,1,0,0,차대사람 - 길가장자리구역통행중,안전운전불이행,건조,맑음,단일로 - 기타,화물,남,50세,상해없음,보행자,여,75세,중상
2019053000100528,2019년 5월 30일 19시,목요일,전라남도 목포시 용해동,경상사고,0,0,1,0,차대차 - 측면충돌,신호위반,건조,맑음,단일로 - 기타,승용,남,44세,상해없음,이륜,남,25세,경상
2019053000100529,2019년 5월 30일 19시,목요일,전라남도 나주시 중앙동,경상사고,0,0,2,0,차대차 - 측면충돌,직진우회전진행방해,건조,맑음,교차로 - 교차로안,승용,여,77세,경상,승용,여,23세,경상
2019053000100592,2019년 5월 30일 21시,목요일,전라남도 순천시 조곡동,중상사고,0,1,0,0,차대차 - 기타,안전운전불이행,젖음/습기,비,기타 - 기타,자전거,여,77세,중상,승용,남,42세,상해없음
2019053100100043,2019년 5월 31일 00시,금요일,전라남도 여수시 율촌면,경상사고,0,0,1,0,차대차 - 추돌,안전운전불이행,젖음/습기,비,단일로 - 터널,승용,남,29세,경상,화물,남,49세,상해없음
2019053100100088,2019년 5월 31일 05시,금요일,전라남도 목포시 용당동,경상사고,0,0,2,0,차대차 - 측면충돌,신호위반,젖음/습기,비,교차로 - 교차로안,승용,남,53세,상해없음,승용,남,31세,경상
2019053100100089,2019년 5월 31일 05시,금요일,전라남도 목포시 죽교동,경상사고,0,0,1,0,차대사람 - 기타,안전운전불이행,건조,맑음,단일로 - 기타,승용,남,54세,상해없음,보행자,여,13세,경상
2019053100100105,2019년 5월 31일 06시,금요일,전라남도 여수시 학동,경상사고,0,0,2,0,차대차 - 측면충돌,안전운전불이행,젖음/습기,비,교차로 - 교차로안,승용,남,71세,기타불명,승용,남,41세,경상
2019053100100106,2019년 5월 31일 06시,금요일,전라남도 담양군 금성면,사망사고,1,0,0,0,차량단독 - 기타,안전운전불이행,젖음/습기,흐림,교차로 - 교차로부근,승용,남,25세,상해없음,,,,
2019053100100125,2019년 5월 31일 07시,금요일,전라남도 구례군 용방면,중상사고,0,1,0,0,차대사람 - 횡단중,안전운전불이행,건조,맑음,단일로 - 기타,승용,남,35세,상해없음,보행자,남,45세,중상
2019053100100155,2019년 5월 31일 08시,금요일,전라남도 신안군 하의면,경상사고,0,0,2,0,차대사람 - 기타,안전운전불이행,건조,맑음,기타 - 기타,원동기,남,74세,경상,보행자,여,68세,경상
2019053100100156,2019년 5월 31일 08시,금요일,전라남도 여수시 여서동,경상사고,0,0,3,0,차대차 - 측면충돌,교차로운행방법위반,건조,맑음,교차로 - 교차로안,승용,남,32세,경상,승용,여,44세,경상
2019053100100157,2019년 5월 31일 08시,금요일,전라남도 장흥군 장흥읍,경상사고,0,0,2,0,차대차 - 측면충돌,교차로운행방법위반,젖음/습기,비,교차로 - 교차로안,승용,여,61세,경상,승용,남,63세,경상
2019053100100253,2019년 5월 31일 11시,금요일,전라남도 목포시 옥암동,중상사고,0,1,1,0,차대차 - 측면충돌,신호위반,건조,맑음,교차로 - 교차로안,이륜,남,49세,중상,승용,여,40세,경상
2019053100100254,2019년 5월 31일 11시,금요일,전라남도 목포시 산정동,경상사고,0,0,1,0,차대차 - 측면충돌,교차로운행방법위반,건조,맑음,교차로 - 교차로안,승용,여,51세,상해없음,승용,남,47세,경상
2019053100100298,2019년 5월 31일 12시,금요일,전라남도 광양시 광양읍,중상사고,0,1,0,0,차대차 - 측면충돌,안전운전불이행,건조,맑음,교차로 - 교차로안,화물,남,62세,상해없음,화물,남,67세,중상
2019053100100340,2019년 5월 31일 13시,금요일,전라남도 목포시 상동,경상사고,0,0,1,0,차대차 - 기타,차로위반,건조,맑음,단일로 - 기타,건설기계,남,49세,상해없음,승용,여,57세,경상
2019053100100341,2019년 5월 31일 13시,금요일,전라남도 장흥군 장흥읍,경상사고,0,0,2,0,차대차 - 추돌,안전운전불이행,건조,맑음,교차로 - 교차로부근,승용,남,39세,기타불명,승용,남,48세,경상
2019053100100342,2019년 5월 31일 13시,금요일,전라남도 장흥군 장흥읍,경상사고,0,0,1,0,차대차 - 측면충돌,안전운전불이행,건조,맑음,교차로 - 교차로안,화물,남,53세,상해없음,자전거,남,49세,경상
2019053100100343,2019년 5월 31일 13시,금요일,전라남도 광양시 금호동,경상사고,0,0,1,0,차대차 - 측면충돌,차로위반,건조,맑음,단일로 - 기타,승용,남,25세,상해없음,승용,남,54세,경상
2019053100100380,2019년 5월 31일 14시,금요일,전라남도 목포시 용당동,경상사고,0,0,1,0,차대사람 - 기타,안전운전불이행,건조,맑음,단일로 - 기타,승용,남,69세,상해없음,보행자,여,69세,경상
2019053100100381,2019년 5월 31일 14시,금요일,전라남도 여수시 돌산읍,중상사고,0,1,0,0,차대사람 - 기타,안전운전불이행,건조,맑음,단일로 - 기타,승용,남,66세,상해없음,보행자,여,78세,중상
2019053100100382,2019년 5월 31일 14시,금요일,전라남도 순천시 해룡면,경상사고,0,0,2,0,차대차 - 측면충돌,안전운전불이행,건조,맑음,교차로 - 교차로안,승용,남,52세,경상,특수,남,58세,경상