사고번호,사고일시,요일,시군구,사고내용,사망자수,중상자수,경상자수,부상신고자수,사고유형,법규위반,노면상태,기상상태,도로형태,가해운전자 차종,가해운전자 성별,가해운전자 연령,가해운전자 상해정도,피해운전자 차종,피해운전자 성별,피해운전자 연령,피해운전자 상해정도
2019053100100383,2019년 5월 31일 14시,금요일,전라남도 강진군 강진읍,경상사고,0,0,1,0,차대차 - 추돌,안전운전불이행,건조,맑음,단일로 - 기타,승용,남,39세,상해없음,화물,여,57세,경상
2019053100100422,2019년 5월 31일 15시,금요일,전라남도 순천시 서면,경상사고,0,0,3,0,차대차 - 측면충돌,안전운전불이행,건조,맑음,기타 - 기타,건설기계,남,66세,상해없음,승용,여,58세,경상
2019053100100481,2019년 5월 31일 16시,금요일,전라남도 영암군 삼호읍,경상사고,0,0,1,0,차대차 - 기타,신호위반,건조,맑음,교차로 - 교차로부근,건설기계,남,37세,상해없음,승용,남,67세,경상
2019053100100482,2019년 5월 31일 16시,금요일,전라남도 무안군 현경면,경상사고,0,0,2,1,차대차 - 측면충돌,교차로운행방법위반,건조,맑음,교차로 - 교차로안,화물,남,47세,상해없음,승합,남,64세,경상
2019053100100524,2019년 5월 31일 17시,금요일,전라남도 여수시 상암동,중상사고,0,1,0,0,차량단독 - 전도전복 - 전도,안전운전불이행,건조,맑음,단일로 - 기타,농기계,남,69세,중상,,,,
2019053100100525,2019년 5월 31일 17시,금요일,전라남도 고흥군 과역면,중상사고,0,1,0,0,차대사람 - 기타,안전운전불이행,건조,맑음,교차로 - 교차로안,화물,남,62세,상해없음,보행자,여,71세,중상
2019053100100526,2019년 5월 31일 17시,금요일,전라남도 광양시 광양읍,중상사고,0,1,0,0,차대사람 - 기타,기타,건조,맑음,교차로 - 교차로부근,승용,남,65세,상해없음,보행자,남,34세,중상
2019053100100527,2019년 5월 31일 17시,금요일,전라남도 광양시 광양읍,중상사고,0,2,0,0,차대차 - 측면충돌,차로위반,건조,맑음,단일로 - 기타,승용,남,23세,상해없음,승용,남,34세,중상
2019053100100588,2019년 5월 31일 18시,금요일,전라남도 목포시 상동,경상사고,0,0,1,0,차대사람 - 기타,안전운전불이행,건조,맑음,단일로 - 기타,승용,남,37세,상해없음,보행자,여,74세,경상
2019053100100589,2019년 5월 31일 18시,금요일,전라남도 목포시 석현동,경상사고,0,0,1,0,차대차 - 기타,중앙선침범,건조,맑음,단일로 - 기타,기타불명,기타불명,미분류,기타불명,이륜,남,41세,경상
2019053100100590,2019년 5월 31일 18시,금요일,전라남도 무안군 일로읍,중상사고,0,1,0,0,차대차 - 측면충돌,신호위반,건조,맑음,교차로 - 교차로안,승용,여,53세,기타불명,화물,남,65세,중상
2019053100100642,2019년 5월 31일 19시,금요일,전라남도 여수시 돌산읍,중상사고,0,1,0,0,차대사람 - 횡단중,안전운전불이행,건조,맑음,단일로 - 기타,승용,남,77세,상해없음,보행자,여,86세,중상
2019053100100643,2019년 5월 31일 19시,금요일,전라남도 장성군 진원면,중상사고,0,1,0,0,차대차 - 기타,기타,건조,맑음,단일로 - 기타,화물,남,55세,상해없음,승용,남,35세,중상
2019053100100672,2019년 5월 31일 20시,금요일,전라남도 광양시 옥곡면,경상사고,0,0,1,0,차대사람 - 기타,안전운전불이행,건조,맑음,단일로 - 기타,승합,남,54세,상해없음,보행자,남,56세,경상
2019053100100713,2019년 5월 31일 21시,금요일,전라남도 순천시 조례동,경상사고,0,0,1,0,차대차 - 측면충돌,안전운전불이행,건조,맑음,교차로 - 교차로안,이륜,남,30세,경상,화물,남,47세,상해없음
2019053100100757,2019년 5월 31일 22시,금요일,전라남도 순천시 조례동,경상사고,0,0,1,0,차대차 - 추돌,안전거리미확보,건조,맑음,단일로 - 기타,승합,남,64세,상해없음,승용,여,62세,경상
2019060100100067,2019년 6월 1일 02시,토요일,전라남도 순천시 연향동,사망사고,1,0,0,0,차대사람 - 차도통행중,과속,건조,맑음,단일로 - 기타,승용,남,27세,상해없음,보행자,남,23세,사망
2019060100100111,2019년 6월 1일 06시,토요일,전라남도 보성군 노동면,중상사고,0,1,0,0,차량단독 - 도로외이탈 - 추락,안전운전불이행,건조,맑음,교차로 - 교차로부근,화물,남,64세,중상,,,,
2019060100100122,2019년 6월 1일 07시,토요일,전라남도 목포시 용해동,경상사고,0,0,1,0,차량단독 - 기타,안전운전불이행,건조,맑음,단일로 - 기타,승용,남,62세,상해없음,,,,
2019060100100123,2019년 6월 1일 07시,토요일,전라남도 여수시 중흥동,경상사고,0,0,1,0,차대차 - 추돌,안전운전불이행,건조,맑음,단일로 - 기타,승용,남,37세,상해없음,승용,남,24세,경상
2019060100100136,2019년 6월 1일 08시,토요일,전라남도 담양군 담양읍,사망사고,1,0,0,0,차대사람 - 횡단중,과속,건조,맑음,교차로 - 교차로안,승용,여,64세,상해없음,보행자,여,67세,사망
2019060100100172,2019년 6월 1일 09시,토요일,전라남도 목포시 용당동,중상사고,0,1,0,0,차대차 - 기타,안전거리미확보,건조,맑음,단일로 - 기타,승용,여,59세,상해없음,승합,남,36세,상해없음
2019060100100230,2019년 6월 1일 11시,토요일,전라남도 목포시 상동,경상사고,0,0,1,0,차대사람 - 기타,안전운전불이행,건조,맑음,단일로 - 기타,승용,여,53세,상해없음,보행자,남,53세,경상
2019060100100231,2019년 6월 1일 11시,토요일,전라남도 목포시 상동,경상사고,0,0,1,0,차대차 - 측면충돌,안전운전불이행,건조,맑음,교차로 - 교차로부근,승용,남,70세,상해없음,승용,남,44세,경상
2019060100100232,2019년 6월 1일 11시,토요일,전라남도 순천시 덕월동,경상사고,0,0,1,0,차대차 - 측면충돌,안전운전불이행,건조,맑음,단일로 - 기타,승용,남,74세,상해없음,승용,여,50세,경상
2019060100100233,2019년 6월 1일 11시,토요일,전라남도 나주시 금천면,중상사고,0,1,2,0,차대차 - 추돌,안전거리미확보,건조,맑음,단일로 - 기타,화물,남,48세,상해없음,화물,남,38세,중상
2019060100100268,2019년 6월 1일 12시,토요일,전라남도 여수시 문수동,경상사고,0,0,1,0,차대사람 - 차도통행중,안전운전불이행,건조,맑음,교차로 - 교차로안,승용,여,40세,상해없음,보행자,여,79세,경상
2019060100100269,2019년 6월 1일 12시,토요일,전라남도 여수시 덕충동,경상사고,0,0,4,0,차대차 - 기타,안전운전불이행,건조,맑음,단일로 - 기타,승용,남,63세,상해없음,승용,남,50세,경상
2019060100100270,2019년 6월 1일 12시,토요일,전라남도 해남군 황산면,부상신고사고,0,0,0,2,차량단독 - 전도전복 - 전도,안전운전불이행,건조,맑음,교차로 - 교차로안,화물,남,57세,부상신고,,,,
2019060100100271,2019년 6월 1일 12시,토요일,전라남도 무안군 일로읍,경상사고,0,0,1,0,차대차 - 측면충돌,안전운전불이행,건조,맑음,주차장 - 주차장,승용,여,54세,경상,승용,남,59세,상해없음
2019060100100305,2019년 6월 1일 13시,토요일,전라남도 신안군 지도읍,경상사고,0,0,4,0,차대차 - 측면충돌,중앙선침범,건조,맑음,교차로 - 교차로안,승용,남,70세,상해없음,승용,여,56세,경상
2019060100100306,2019년 6월 1일 13시,토요일,전라남도 나주시 부덕동,경상사고,0,0,5,0,차대차 - 추돌,안전거리미확보,건조,맑음,단일로 - 기타,승용,남,26세,상해없음,화물,남,66세,경상
2019060100100307,2019년 6월 1일 13시,토요일,전라남도 광양시 광양읍,경상사고,0,0,1,0,차대차 - 기타,교차로운행방법위반,건조,맑음,교차로 - 교차로안,화물,남,51세,상해없음,이륜,남,76세,경상
2019060100100343,2019년 6월 1일 14시,토요일,전라남도 순천시 풍덕동,경상사고,0,0,1,0,차대차 - 측면충돌,안전운전불이행,건조,맑음,교차로 - 교차로안,승용,여,59세,상해없음,이륜,남,86세,경상
2019060100100344,2019년 6월 1일 14시,토요일,전라남도 완도군 금일읍,경상사고,0,0,1,0,차대차 - 측면충돌,안전운전불이행,건조,맑음,단일로 - 기타,화물,남,57세,상해없음,승용,여,33세,경상
2019060100100345,2019년 6월 1일 14시,토요일,전라남도 무안군 무안읍,중상사고,0,1,0,0,차대사람 - 횡단중,안전운전불이행,건조,맑음,교차로 - 교차로부근,승용,남,32세,상해없음,보행자,여,86세,중상
2019060100100385,2019년 6월 1일 15시,토요일,전라남도 목포시 산정동,경상사고,0,0,1,0,차대사람 - 기타,기타,건조,맑음,단일로 - 기타,승용,남,35세,상해없음,보행자,남,4세,경상
2019060100100386,2019년 6월 1일 15시,토요일,전라남도 완도군 군외면,경상사고,0,0,1,0,차대차 - 기타,중앙선침범,건조,맑음,단일로 - 기타,승용,남,60세,상해없음,승합,남,45세,상해없음
2019060100100423,2019년 6월 1일 16시,토요일,전라남도 고흥군 도양읍,중상사고,0,1,0,0,차대차 - 측면충돌,교차로운행방법위반,건조,맑음,교차로 - 교차로안,승용,남,54세,상해없음,이륜,남,23세,중상
2019060100100424,2019년 6월 1일 16시,토요일,전라남도 장성군 북이면,중상사고,0,1,1,0,차대차 - 측면충돌,직진우회전진행방해,건조,맑음,교차로 - 교차로안,이륜,여,61세,중상,승합,남,56세,상해없음
2019060100100469,2019년 6월 1일 17시,토요일,전라남도 신안군 지도읍,중상사고,0,1,0,0,차대차 - 추돌,과속,건조,맑음,단일로 - 기타,화물,남,53세,상해없음,이륜,남,59세,중상
2019060100100470,2019년 6월 1일 17시,토요일,전라남도 목포시 용해동,중상사고,0,1,1,0,차대차 - 기타,신호위반,건조,맑음,단일로 - 터널,승용,남,32세,상해없음,승용,남,64세,경상
2019060100100471,2019년 6월 1일 17시,토요일,전라남도 목포시 산정동,경상사고,0,0,1,0,차대사람 - 기타,안전운전불이행,건조,맑음,교차로 - 교차로부근,승용,남,70세,상해없음,보행자,여,78세,경상
2019060100100491,2019년 6월 1일 18시,토요일,전라남도 순천시 연향동,경상사고,0,0,1,0,차대차 - 측면충돌,교차로운행방법위반,건조,맑음,교차로 - 교차로안,이륜,남,23세,상해없음,이륜,남,18세,경상
2019060100100512,2019년 6월 1일 19시,토요일,전라남도 화순군 화순읍,경상사고,0,0,2,0,차대차 - 측면충돌,안전운전불이행,건조,맑음,교차로 - 교차로부근,승용,여,40세,상해없음,승용,여,66세,경상
2019060100100539,2019년 6월 1일 20시,토요일,전라남도 나주시 왕곡면,경상사고,0,0,1,0,차량단독 - 기타,안전운전불이행,건조,맑음,단일로 - 기타,승합,남,57세,상해없음,,,,
2019060100100540,2019년 6월 1일 20시,토요일,전라남도 화순군 도곡면,중상사고,0,1,0,0,차대사람 - 보도통행중,보행자보호의무위반,건조,맑음,단일로 - 기타,승용,남,56세,상해없음,보행자,여,71세,중상
2019060100100595,2019년 6월 1일 22시,토요일,전라남도 목포시 산정동,경상사고,0,0,1,0,차대차 - 측면충돌,안전운전불이행,건조,맑음,교차로 - 교차로안,승용,남,49세,상해없음,승용,남,21세,경상
2019060100100596,2019년 6월 1일 22시,토요일,전라남도 광양시 중동,경상사고,0,0,2,0,차대차 - 측면충돌,불법유턴,건조,맑음,단일로 - 기타,승용,남,19세,상해없음,원동기,남,15세,경상
2019060100100625,2019년 6월 1일 23시,토요일,전라남도 여수시 소라면,부상신고사고,0,0,0,1,차대차 - 측면충돌,교차로운행방법위반,건조,맑음,교차로 - 교차로안,승용,남,46세,부상신고,이륜,남,46세,상해없음
2019060200100043,2019년 6월 2일 01시,일요일,전라남도 여수시 여서동,경상사고,0,0,1,0,차량단독 - 주/정차차량 충돌,안전운전불이행,건조,맑음,단일로 - 기타,승용,남,46세,경상,,,,
2019060200100075,2019년 6월 2일 05시,일요일,전라남도 목포시 옥암동,중상사고,0,1,4,0,차대차 - 측면충돌,신호위반,건조,맑음,교차로 - 교차로안,승용,남,61세,상해없음,승용,남,66세,경상
2019060200100076,2019년 6월 2일 05시,일요일,전라남도 순천시 서면,중상사고,0,1,2,0,차량단독 - 공작물충돌,안전운전불이행,건조,맑음,단일로 - 기타,승용,남,18세,상해없음,,,,
2019060200100127,2019년 6월 2일 09시,일요일,전라남도 여수시 연등동,경상사고,0,0,3,0,차대차 - 측면충돌,안전운전불이행,건조,맑음,단일로 - 기타,승용,남,62세,상해없음,승용,여,54세,경상
2019060200100128,2019년 6월 2일 09시,일요일,전라남도 담양군 무정면,경상사고,0,0,1,0,차대차 - 측면충돌,직진우회전진행방해,건조,맑음,교차로 - 교차로안,승용,남,48세,상해없음,승용,여,43세,경상
2019060200100181,2019년 6월 2일 12시,일요일,전라남도 해남군 황산면,경상사고,0,0,1,0,차대차 - 측면충돌,교차로운행방법위반,건조,맑음,교차로 - 교차로안,승용,여,64세,기타불명,승용,남,50세,기타불명
2019060200100207,2019년 6월 2일 13시,일요일,전라남도 보성군 회천면,중상사고,0,1,0,0,차량단독 - 기타,안전운전불이행,건조,맑음,단일로 - 기타,이륜,남,36세,중상,,,,
2019060200100242,2019년 6월 2일 14시,일요일,전라남도 영암군 신북면,경상사고,0,0,1,0,차대차 - 측면충돌,안전운전불이행,건조,맑음,교차로 - 교차로안,승용,남,50세,경상,승용,남,70세,상해없음
2019060200100279,2019년 6월 2일 15시,일요일,전라남도 순천시 중앙동,중상사고,0,3,2,0,차대차 - 측면충돌,안전거리미확보,건조,맑음,교차로 - 교차로안,승용,남,28세,경상,승용,여,48세,상해없음
2019060200100308,2019년 6월 2일 16시,일요일,전라남도 여수시 웅천동,경상사고,0,0,1,0,차대사람 - 기타,안전운전불이행,건조,맑음,단일로 - 기타,자전거,남,10세,상해없음,보행자,여,5세,경상
2019060200100309,2019년 6월 2일 16시,일요일,전라남도 고흥군 도양읍,경상사고,0,0,3,0,차대차 - 측면충돌,교차로운행방법위반,건조,맑음,교차로 - 교차로안,승용,여,39세,경상,승용,남,46세,경상
2019060200100310,2019년 6월 2일 16시,일요일,전라남도 곡성군 오곡면,경상사고,0,0,2,0,차대차 - 정면충돌,안전운전불이행,건조,맑음,교차로 - 교차로안,화물,남,58세,상해없음,승용,남,36세,경상
2019060200100344,2019년 6월 2일 17시,일요일,전라남도 영암군 학산면,경상사고,0,0,1,0,차대차 - 정면충돌,중앙선침범,건조,맑음,단일로 - 기타,승용,남,56세,상해없음,승용,여,45세,경상
2019060200100373,2019년 6월 2일 18시,일요일,전라남도 목포시 용해동,경상사고,0,0,1,0,차대사람 - 기타,기타,건조,맑음,기타 - 기타,기타불명,기타불명,미분류,기타불명,보행자,남,64세,경상
2019060200100400,2019년 6월 2일 19시,일요일,전라남도 영암군 삼호읍,경상사고,0,0,1,0,차대차 - 측면충돌,중앙선침범,건조,맑음,단일로 - 기타,승용,남,26세,상해없음,이륜,남,36세,경상
2019060200100401,2019년 6월 2일 19시,일요일,전라남도 광양시 마동,경상사고,0,0,1,0,차량단독 - 기타,안전운전불이행,건조,맑음,단일로 - 기타,승용,여,43세,경상,,,,
2019060200100437,2019년 6월 2일 20시,일요일,전라남도 순천시 매곡동,경상사고,0,0,1,0,차량단독 - 기타,안전운전불이행,건조,맑음,단일로 - 기타,자전거,남,69세,경상,,,,
2019060200100438,2019년 6월 2일 20시,일요일,전라남도 나주시 다시면,중상사고,0,1,3,0,차대차 - 정면충돌,중앙선침범,건조,맑음,단일로 - 기타,승용,남,67세,중상,승용,남,44세,경상
2019060200100463,2019년 6월 2일 21시,일요일,전라남도 나주시 남평읍,경상사고,0,0,2,1,차대차 - 측면충돌,신호위반,건조,맑음,교차로 - 교차로안,승용,여,53세,경상,승용,남,59세,경상
2019060200100500,2019년 6월 2일 23시,일요일,전라남도 목포시 죽교동,사망사고,1,0,0,0,차량단독 - 공작물충돌,안전운전불이행,건조,맑음,단일로 - 기타,이륜,남,29세,사망,,,,
2019060200100501,2019년 6월 2일 23시,일요일,전라남도 순천시 덕암동,경상사고,0,0,2,0,차대차 - 기타,안전운전불이행,건조,맑음,단일로 - 기타,승용,남,22세,상해없음,승용,남,39세,경상
2019060300100069,2019년 6월 3일 04시,월요일,전라남도 목포시 호남동,경상사고,0,0,1,0,차대차 - 기타,안전운전불이행,건조,맑음,단일로 - 기타,승용,남,56세,상해없음,자전거,남,10세,경상
2019060300100109,2019년 6월 3일 07시,월요일,전라남도 목포시 상동,중상사고,0,1,2,0,차대차 - 측면충돌,기타,건조,맑음,교차로 - 교차로안,승용,여,45세,중상,승용,남,50세,경상
2019060300100110,2019년 6월 3일 07시,월요일,전라남도 장흥군 장흥읍,경상사고,0,0,1,0,차대차 - 측면충돌,중앙선침범,건조,맑음,단일로 - 기타,자전거,남,12세,경상,승용,여,26세,상해없음
2019060300100111,2019년 6월 3일 07시,월요일,전라남도 강진군 대구면,경상사고,0,0,1,0,차대사람 - 차도통행중,안전운전불이행,건조,맑음,단일로 - 기타,승합,남,34세,상해없음,보행자,여,72세,경상
2019060300100148,2019년 6월 3일 08시,월요일,전라남도 함평군 월야면,경상사고,0,0,1,0,차대차 - 추돌,안전운전불이행,건조,맑음,단일로 - 기타,승용,남,31세,상해없음,승용,여,29세,경상
2019060300100187,2019년 6월 3일 09시,월요일,전라남도 여수시 봉산동,경상사고,0,0,1,0,차대사람 - 차도통행중,안전운전불이행,건조,맑음,교차로 - 교차로안,승용,남,44세,상해없음,보행자,여,84세,경상
2019060300100188,2019년 6월 3일 09시,월요일,전라남도 장흥군 대덕읍,중상사고,0,1,1,0,차대차 - 측면충돌,교차로운행방법위반,건조,맑음,교차로 - 교차로안,이륜,여,29세,경상,승용,여,63세,중상
2019060300100228,2019년 6월 3일 10시,월요일,전라남도 목포시 동명동,경상사고,0,0,1,0,차대차 - 기타,안전운전불이행,건조,맑음,단일로 - 기타,승용,남,73세,상해없음,승용,남,38세,상해없음
2019060300100255,2019년 6월 3일 11시,월요일,전라남도 목포시 호남동,경상사고,0,0,1,0,차대차 - 측면충돌,교차로운행방법위반,건조,맑음,교차로 - 교차로안,승용,여,58세,상해없음,승용,남,22세,경상
2019060300100256,2019년 6월 3일 11시,월요일,전라남도 여수시 광무동,중상사고,0,1,0,0,차대사람 - 보도통행중,기타,건조,맑음,단일로 - 기타,승용,여,36세,상해없음,보행자,여,79세,중상
2019060300100257,2019년 6월 3일 11시,월요일,전라남도 순천시 황전면,중상사고,0,1,0,0,차대차 - 측면충돌,안전거리미확보,건조,맑음,단일로 - 기타,화물,남,60세,상해없음,사륜오토바이(ATV),여,81세,중상
2019060300100288,2019년 6월 3일 12시,월요일,전라남도 화순군 화순읍,경상사고,0,0,1,1,차대차 - 측면충돌,안전거리미확보,건조,맑음,단일로 - 기타,승용,여,46세,부상신고,승용,남,69세,경상
2019060300100289,2019년 6월 3일 12시,월요일,전라남도 담양군 담양읍,경상사고,0,0,1,0,차대차 - 측면충돌,직진우회전진행방해,건조,맑음,교차로 - 교차로안,원동기,여,72세,경상,승용,여,44세,상해없음
2019060300100290,2019년 6월 3일 12시,월요일,전라남도 구례군 토지면,중상사고,0,3,3,0,차량단독 - 기타,안전운전불이행,건조,맑음,단일로 - 기타,승합,남,73세,경상,,,,
2019060300100356,2019년 6월 3일 14시,월요일,전라남도 여수시 소라면,경상사고,0,0,2,0,차대차 - 추돌,안전운전불이행,건조,맑음,단일로 - 기타,승용,남,50세,상해없음,승용,여,38세,경상
2019060300100357,2019년 6월 3일 14시,월요일,전라남도 순천시 송광면,중상사고,0,1,1,0,차대차 - 기타,안전운전불이행,건조,맑음,단일로 - 기타,승용,남,54세,상해없음,농기계,남,77세,중상
2019060300100396,2019년 6월 3일 15시,월요일,전라남도 목포시 산정동,중상사고,0,1,1,0,차대차 - 기타,신호위반,건조,맑음,교차로 - 교차로안,승용,남,61세,상해없음,이륜,남,60세,중상
2019060300100434,2019년 6월 3일 16시,월요일,전라남도 순천시 황전면,중상사고,0,1,0,0,차대차 - 후진중충돌,안전운전불이행,건조,맑음,단일로 - 기타,화물,남,52세,상해없음,이륜,여,64세,중상
2019060300100435,2019년 6월 3일 16시,월요일,전라남도 순천시 덕암동,경상사고,0,0,1,0,차대차 - 기타,교차로운행방법위반,건조,맑음,교차로 - 교차로안,승용,여,33세,상해없음,승용,남,50세,경상
2019060300100465,2019년 6월 3일 17시,월요일,전라남도 고흥군 도화면,경상사고,0,0,1,0,차대사람 - 기타,안전운전불이행,건조,맑음,단일로 - 기타,승용,여,50세,상해없음,보행자,남,24세,경상
2019060300100466,2019년 6월 3일 17시,월요일,전라남도 해남군 북일면,경상사고,0,0,2,0,차대차 - 정면충돌,중앙선침범,건조,맑음,단일로 - 기타,화물,남,52세,상해없음,승용,남,68세,경상
2019060300100501,2019년 6월 3일 18시,월요일,전라남도 순천시 왕지동,경상사고,0,0,2,0,차대차 - 측면충돌,신호위반,건조,맑음,교차로 - 교차로안,승용,남,61세,경상,이륜,남,30세,경상
2019060300100502,2019년 6월 3일 18시,월요일,전라남도 순천시 조곡동,경상사고,0,0,1,0,차대차 - 측면충돌,안전운전불이행,건조,맑음,교차로 - 교차로안,승용,여,48세,상해없음,이륜,남,61세,경상
2019060300100503,2019년 6월 3일 18시,월요일,전라남도 순천시 연향동,경상사고,0,0,1,0,차대차 - 기타,안전운전불이행,건조,맑음,교차로 - 교차로안,화물,남,56세,상해없음,승용,남,31세,경상
2019060300100533,2019년 6월 3일 19시,월요일,전라남도 순천시 해룡면,경상사고,0,0,2,0,차대차 - 기타,안전운전불이행,건조,맑음,교차로 - 교차로안,원동기,남,34세,상해없음,원동기,남,23세,경상
2019060300100534,2019년 6월 3일 19시,월요일,전라남도 순천시 해룡면,경상사고,0,0,1,0,차대차 - 기타,안전운전불이행,건조,맑음,단일로 - 기타,화물,남,59세,상해없음,승용,여,34세,경상
2019060300100582,2019년 6월 3일 21시,월요일,전라남도 영광군 영광읍,경상사고,0,0,1,0,차대차 - 측면충돌,안전운전불이행,건조,맑음,교차로 - 교차로안,승용,여,45세,경상,승용,남,27세,상해없음
2019060400100034,2019년 6월 4일 01시,화요일,전라남도 여수시 소라면,경상사고,0,0,1,0,차대사람 - 기타,안전운전불이행,건조,맑음,단일로 - 기타,승용,남,30세,상해없음,보행자,남,44세,경상
2019060400100134,2019년 6월 4일 08시,화요일,전라남도 여수시 봉산동,중상사고,0,1,0,0,차대차 - 측면충돌,안전운전불이행,건조,맑음,교차로 - 교차로안,승용,남,34세,상해없음,개인형이동수단(PM),남,32세,중상
2019060400100135,2019년 6월 4일 08시,화요일,전라남도 해남군 해남읍,중상사고,0,1,0,0,차대사람 - 차도통행중,안전운전불이행,건조,맑음,단일로 - 기타,승용,여,44세,상해없음,보행자,남,79세,중상
2019060400100136,2019년 6월 4일 08시,화요일,전라남도 광양시 광양읍,중상사고,0,1,1,0,차대차 - 추돌,안전거리미확보,건조,맑음,단일로 - 터널,건설기계,남,57세,경상,승용,남,18세,중상
2019060400100137,2019년 6월 4일 08시,화요일,전라남도 광양시 광양읍,경상사고,0,0,1,0,차대차 - 추돌,차로위반,건조,맑음,단일로 - 터널,승용,남,34세,상해없음,승용,남,25세,경상
2019060400100181,2019년 6월 4일 09시,화요일,전라남도 순천시 연향동,경상사고,0,0,2,0,차량단독 - 기타,안전운전불이행,건조,맑음,단일로 - 기타,승용,여,82세,상해없음,,,,
2019060400100182,2019년 6월 4일 09시,화요일,전라남도 장흥군 관산읍,경상사고,0,0,1,0,차대차 - 측면충돌,안전운전불이행,건조,맑음,교차로 - 교차로안,승합,여,49세,상해없음,승용,남,66세,상해없음
2019060400100183,2019년 6월 4일 09시,화요일,전라남도 광양시 광양읍,경상사고,0,0,1,0,차대차 - 측면충돌,직진우회전진행방해,건조,맑음,교차로 - 교차로안,승용,여,28세,상해없음,승용,남,47세,경상
2019060400100221,2019년 6월 4일 10시,화요일,전라남도 목포시 석현동,경상사고,0,0,6,0,차대차 - 기타,안전운전불이행,건조,맑음,단일로 - 기타,승합,남,32세,경상,승용,남,67세,경상
2019060400100222,2019년 6월 4일 10시,화요일,전라남도 해남군 산이면,경상사고,0,0,1,0,차대차 - 추돌,안전운전불이행,건조,맑음,교차로 - 교차로부근,승용,남,35세,상해없음,승용,여,47세,경상
2019060400100254,2019년 6월 4일 11시,화요일,전라남도 목포시 남교동,중상사고,0,1,0,0,차대사람 - 기타,안전운전불이행,건조,맑음,교차로 - 교차로부근,화물,남,73세,상해없음,보행자,여,89세,중상
2019060400100255,2019년 6월 4일 11시,화요일,전라남도 목포시 상동,경상사고,0,0,1,0,차대차 - 기타,중앙선침범,건조,맑음,단일로 - 기타,승용,남,69세,상해없음,승용,여,25세,경상
2019060400100256,2019년 6월 4일 11시,화요일,전라남도 보성군 벌교읍,중상사고,0,1,2,0,차대차 - 추돌,안전거리미확보,건조,맑음,단일로 - 교량,승용,여,62세,중상,건설기계,남,34세,경상
2019060400100257,2019년 6월 4일 11시,화요일,전라남도 곡성군 곡성읍,중상사고,0,1,0,0,차대차 - 기타,기타,건조,맑음,단일로 - 기타,화물,여,53세,상해없음,이륜,남,70세,중상
2019060400100324,2019년 6월 4일 13시,화요일,전라남도 순천시 남정동,경상사고,0,0,1,0,차대차 - 기타,안전운전불이행,건조,맑음,교차로 - 교차로안,승용,남,78세,상해없음,승용,여,44세,경상
2019060400100350,2019년 6월 4일 14시,화요일,전라남도 강진군 대구면,중상사고,0,1,0,0,차대차 - 기타,중앙선침범,건조,맑음,단일로 - 기타,승용,남,30세,상해없음,화물,남,43세,중상
2019060400100351,2019년 6월 4일 14시,화요일,전라남도 담양군 수북면,경상사고,0,0,3,0,차대차 - 정면충돌,중앙선침범,건조,맑음,단일로 - 기타,승합,남,63세,경상,건설기계,남,54세,경상
2019060400100352,2019년 6월 4일 14시,화요일,전라남도 담양군 담양읍,경상사고,0,0,2,0,차대차 - 측면충돌,안전운전불이행,건조,맑음,교차로 - 교차로부근,승용,여,47세,상해없음,승용,남,28세,경상
2019060400100353,2019년 6월 4일 14시,화요일,전라남도 완도군 고금면,중상사고,0,1,0,0,차량단독 - 도로외이탈 - 추락,안전운전불이행,건조,맑음,단일로 - 기타,이륜,남,84세,중상,,,,
2019060400100382,2019년 6월 4일 15시,화요일,전라남도 목포시 죽동,경상사고,0,0,1,0,차대사람 - 횡단중,안전운전불이행,건조,맑음,교차로 - 교차로안,승용,여,54세,상해없음,보행자,여,76세,경상
2019060400100383,2019년 6월 4일 15시,화요일,전라남도 광양시 중동,경상사고,0,0,1,0,차대차 - 추돌,신호위반,건조,맑음,교차로 - 교차로안,승용,남,43세,상해없음,승용,남,65세,경상
2019060400100422,2019년 6월 4일 16시,화요일,전라남도 목포시 석현동,경상사고,0,0,1,1,차대차 - 측면충돌,안전운전불이행,건조,맑음,교차로 - 교차로안,승용,남,57세,부상신고,이륜,남,38세,경상
2019060400100423,2019년 6월 4일 16시,화요일,전라남도 여수시 화장동,경상사고,0,0,1,0,차대사람 - 횡단중,안전운전불이행,건조,맑음,단일로 - 기타,화물,남,53세,상해없음,보행자,여,57세,경상
2019060400100484,2019년 6월 4일 17시,화요일,전라남도 여수시 율촌면,경상사고,0,0,4,0,차대차 - 추돌,안전거리미확보,건조,맑음,단일로 - 기타,승용,여,35세,상해없음,승용,남,38세,경상
2019060400100485,2019년 6월 4일 17시,화요일,전라남도 나주시 공산면,경상사고,0,0,1,0,차대차 - 측면충돌,안전운전불이행,건조,맑음,단일로 - 기타,화물,남,59세,상해없음,승용,남,56세,경상
2019060400100486,2019년 6월 4일 17시,화요일,전라남도 무안군 삼향읍,경상사고,0,0,1,0,차대사람 - 횡단중,신호위반,건조,맑음,교차로 - 교차로횡단보도내,이륜,남,34세,상해없음,보행자,여,6세,경상
2019060400100487,2019년 6월 4일 17시,화요일,전라남도 광양시 광양읍,중상사고,0,2,1,0,차대차 - 측면충돌,직진우회전진행방해,건조,맑음,교차로 - 교차로안,이륜,남,77세,경상,이륜,남,56세,중상