사고번호,사고일시,요일,시군구,사고내용,사망자수,중상자수,경상자수,부상신고자수,사고유형,법규위반,노면상태,기상상태,도로형태,가해운전자 차종,가해운전자 성별,가해운전자 연령,가해운전자 상해정도,피해운전자 차종,피해운전자 성별,피해운전자 연령,피해운전자 상해정도
2019061200100479,2019년 6월 12일 18시,수요일,전라남도 화순군 남면,중상사고,0,1,0,0,차대차 - 측면충돌,교차로운행방법위반,건조,맑음,교차로 - 교차로안,승용,남,59세,상해없음,이륜,남,83세,중상
2019061200100512,2019년 6월 12일 19시,수요일,전라남도 여수시 선원동,중상사고,0,1,0,0,차대차 - 정면충돌,차로위반,건조,맑음,단일로 - 기타,승용,남,43세,상해없음,이륜,남,36세,중상
2019061200100513,2019년 6월 12일 19시,수요일,전라남도 순천시 동외동,중상사고,0,1,0,0,차대사람 - 횡단중,보행자보호의무위반,건조,맑음,교차로 - 교차로횡단보도내,승용,남,35세,상해없음,보행자,남,71세,중상
2019061200100514,2019년 6월 12일 19시,수요일,전라남도 순천시 해룡면,중상사고,0,1,0,0,차대차 - 기타,안전운전불이행,건조,맑음,기타 - 기타,기타불명,기타불명,미분류,기타불명,자전거,남,60세,중상
2019061200100515,2019년 6월 12일 19시,수요일,전라남도 고흥군 포두면,중상사고,0,3,0,0,차대차 - 정면충돌,교차로운행방법위반,건조,맑음,교차로 - 교차로안,승용,남,23세,상해없음,화물,남,58세,중상
2019061200100575,2019년 6월 12일 21시,수요일,전라남도 여수시 화장동,중상사고,0,1,0,0,차대차 - 기타,안전운전불이행,건조,맑음,교차로 - 교차로부근,이륜,남,26세,중상,승용,남,30세,상해없음
2019061300100054,2019년 6월 13일 03시,목요일,전라남도 해남군 산이면,경상사고,0,0,1,0,차대차 - 추돌,안전운전불이행,건조,맑음,단일로 - 기타,화물,남,57세,경상,화물,남,44세,기타불명
2019061300100089,2019년 6월 13일 07시,목요일,전라남도 목포시 남교동,경상사고,0,0,1,0,차대차 - 측면충돌,직진우회전진행방해,건조,맑음,교차로 - 교차로안,승용,남,30세,상해없음,화물,남,60세,경상
2019061300100135,2019년 6월 13일 08시,목요일,전라남도 여수시 남산동,경상사고,0,0,1,0,차대사람 - 기타,안전운전불이행,건조,맑음,단일로 - 기타,승용,여,75세,상해없음,보행자,여,63세,경상
2019061300100177,2019년 6월 13일 09시,목요일,전라남도 진도군 고군면,중상사고,0,1,0,0,차대사람 - 기타,안전운전불이행,건조,맑음,단일로 - 기타,화물,남,48세,상해없음,보행자,남,67세,중상
2019061300100210,2019년 6월 13일 10시,목요일,전라남도 영암군 삼호읍,경상사고,0,0,2,0,차대차 - 측면충돌,안전운전불이행,건조,맑음,교차로 - 교차로안,승용,여,32세,경상,승용,남,36세,경상
2019061300100211,2019년 6월 13일 10시,목요일,전라남도 장성군 장성읍,경상사고,0,0,1,0,차대차 - 측면충돌,안전운전불이행,건조,맑음,교차로 - 교차로안,승용,남,73세,상해없음,자전거,여,63세,경상
2019061300100212,2019년 6월 13일 10시,목요일,전라남도 곡성군 곡성읍,경상사고,0,0,1,0,차대사람 - 횡단중,안전운전불이행,건조,맑음,교차로 - 교차로안,승용,여,68세,상해없음,보행자,남,37세,경상
2019061300100240,2019년 6월 13일 11시,목요일,전라남도 장흥군 장동면,경상사고,0,0,1,0,차대차 - 측면충돌,안전운전불이행,건조,맑음,단일로 - 기타,화물,남,35세,상해없음,승용,여,56세,경상
2019061300100241,2019년 6월 13일 11시,목요일,전라남도 담양군 담양읍,경상사고,0,0,3,0,차대차 - 측면충돌,직진우회전진행방해,건조,맑음,교차로 - 교차로안,승용,남,76세,상해없음,승용,여,31세,경상
2019061300100242,2019년 6월 13일 11시,목요일,전라남도 담양군 창평면,중상사고,0,2,3,0,차량단독 - 기타,안전운전불이행,건조,맑음,단일로 - 기타,화물,여,57세,경상,,,,
2019061300100272,2019년 6월 13일 12시,목요일,전라남도 목포시 용해동,경상사고,0,0,1,0,차대차 - 기타,안전운전불이행,건조,맑음,교차로 - 교차로부근,승용,여,37세,상해없음,이륜,남,43세,경상
2019061300100273,2019년 6월 13일 12시,목요일,전라남도 광양시 다압면,경상사고,0,0,1,0,차대차 - 기타,안전운전불이행,건조,맑음,기타 - 기타,이륜,남,73세,경상,승용,남,65세,상해없음
2019061300100302,2019년 6월 13일 13시,목요일,전라남도 영암군 삼호읍,중상사고,0,1,2,0,차대차 - 측면충돌,신호위반,건조,맑음,교차로 - 교차로안,승용,여,41세,경상,승용,남,22세,경상
2019061300100331,2019년 6월 13일 14시,목요일,전라남도 무안군 삼향읍,경상사고,0,0,1,0,차대차 - 측면충돌,신호위반,건조,맑음,교차로 - 교차로안,승용,남,30세,상해없음,승합,남,56세,경상
2019061300100368,2019년 6월 13일 15시,목요일,전라남도 강진군 신전면,경상사고,0,0,1,0,차량단독 - 전도전복 - 전도,안전운전불이행,건조,맑음,교차로 - 교차로안,이륜,남,40세,경상,,,,
2019061300100448,2019년 6월 13일 17시,목요일,전라남도 목포시 용해동,경상사고,0,0,3,0,차대차 - 측면충돌,안전운전불이행,건조,맑음,교차로 - 교차로안,승용,남,44세,상해없음,승용,여,50세,경상
2019061300100449,2019년 6월 13일 17시,목요일,전라남도 목포시 상동,경상사고,0,0,1,0,차대차 - 기타,교차로운행방법위반,건조,맑음,교차로 - 교차로안,승용,남,70세,상해없음,승용,남,34세,경상
2019061300100450,2019년 6월 13일 17시,목요일,전라남도 순천시 인월동,중상사고,0,1,0,0,차대차 - 기타,교차로운행방법위반,건조,맑음,단일로 - 기타,화물,남,56세,상해없음,승용,여,56세,중상
2019061300100492,2019년 6월 13일 18시,목요일,전라남도 보성군 벌교읍,경상사고,0,0,2,0,차대차 - 추돌,안전운전불이행,건조,맑음,단일로 - 기타,승용,여,38세,경상,화물,남,57세,경상
2019061300100523,2019년 6월 13일 19시,목요일,전라남도 목포시 상동,부상신고사고,0,0,0,1,차대차 - 측면충돌,안전운전불이행,건조,맑음,단일로 - 기타,이륜,남,17세,부상신고,승용,남,35세,상해없음
2019061300100524,2019년 6월 13일 19시,목요일,전라남도 해남군 해남읍,경상사고,0,0,1,0,차대차 - 측면충돌,안전운전불이행,건조,맑음,교차로 - 교차로안,이륜,남,20세,경상,승용,남,38세,상해없음
2019061300100557,2019년 6월 13일 20시,목요일,전라남도 목포시 상동,경상사고,0,0,3,0,차대차 - 측면충돌,차로위반,건조,맑음,단일로 - 기타,승용,남,34세,상해없음,승용,남,27세,경상
2019061300100558,2019년 6월 13일 20시,목요일,전라남도 화순군 화순읍,경상사고,0,0,3,0,차대차 - 추돌,안전거리미확보,건조,맑음,단일로 - 기타,화물,남,61세,상해없음,승용,여,42세,경상
2019061300100588,2019년 6월 13일 21시,목요일,전라남도 강진군 작천면,경상사고,0,0,4,0,차대차 - 기타,교차로운행방법위반,건조,맑음,교차로 - 교차로안,승용,남,63세,경상,승합,남,42세,상해없음
2019061400100083,2019년 6월 14일 06시,금요일,전라남도 진도군 진도읍,경상사고,0,0,2,0,차대차 - 기타,교차로운행방법위반,건조,맑음,교차로 - 교차로안,화물,남,69세,경상,승용,남,54세,경상
2019061400100104,2019년 6월 14일 07시,금요일,전라남도 고흥군 도양읍,중상사고,0,1,0,0,차대차 - 측면충돌,교차로운행방법위반,건조,맑음,교차로 - 교차로안,승용,남,44세,상해없음,이륜,남,76세,중상
2019061400100130,2019년 6월 14일 08시,금요일,전라남도 목포시 용해동,경상사고,0,0,2,0,차대차 - 추돌,안전거리미확보,건조,맑음,단일로 - 기타,화물,남,45세,상해없음,승용,여,40세,경상
2019061400100131,2019년 6월 14일 08시,금요일,전라남도 여수시 학동,경상사고,0,0,4,0,차대차 - 추돌,안전운전불이행,건조,맑음,교차로 - 교차로부근,화물,남,42세,상해없음,승용,남,51세,경상
2019061400100132,2019년 6월 14일 08시,금요일,전라남도 여수시 국동,경상사고,0,0,1,1,차대차 - 측면충돌,기타,건조,맑음,교차로 - 교차로안,승용,남,67세,경상,승용,여,35세,부상신고
2019061400100133,2019년 6월 14일 08시,금요일,전라남도 장흥군 관산읍,중상사고,0,1,0,0,차대차 - 기타,교차로운행방법위반,젖음/습기,비,교차로 - 교차로안,화물,남,65세,기타불명,사륜오토바이(ATV),여,71세,중상
2019061400100134,2019년 6월 14일 08시,금요일,전라남도 고흥군 고흥읍,중상사고,0,1,0,0,차대사람 - 횡단중,안전운전불이행,건조,맑음,교차로 - 교차로안,화물,남,76세,상해없음,보행자,여,90세 이상,중상
2019061400100135,2019년 6월 14일 08시,금요일,전라남도 장성군 진원면,경상사고,0,0,3,0,차대차 - 추돌,안전운전불이행,건조,맑음,단일로 - 기타,승용,남,40세,경상,승용,여,29세,경상
2019061400100175,2019년 6월 14일 09시,금요일,전라남도 목포시 용해동,경상사고,0,0,1,0,차대차 - 측면충돌,안전운전불이행,건조,맑음,단일로 - 기타,승용,남,75세,상해없음,승용,여,34세,경상
2019061400100176,2019년 6월 14일 09시,금요일,전라남도 고흥군 두원면,경상사고,0,0,2,0,차대차 - 기타,직진우회전진행방해,건조,맑음,교차로 - 교차로안,승용,남,83세,경상,승용,여,36세,경상
2019061400100205,2019년 6월 14일 10시,금요일,전라남도 목포시 옥암동,경상사고,0,0,1,0,차대차 - 기타,안전운전불이행,건조,맑음,단일로 - 기타,화물,남,39세,상해없음,승용,남,28세,경상
2019061400100206,2019년 6월 14일 10시,금요일,전라남도 여수시 서교동,경상사고,0,0,1,0,차대차 - 측면충돌,교차로운행방법위반,건조,맑음,교차로 - 교차로부근,승용,남,48세,상해없음,화물,남,76세,상해없음
2019061400100237,2019년 6월 14일 11시,금요일,전라남도 목포시 산정동,경상사고,0,0,1,0,차대차 - 측면충돌,안전운전불이행,젖음/습기,비,교차로 - 교차로부근,이륜,남,34세,경상,승용,여,57세,상해없음
2019061400100238,2019년 6월 14일 11시,금요일,전라남도 목포시 석현동,중상사고,0,1,0,0,차대사람 - 횡단중,안전운전불이행,건조,맑음,단일로 - 기타,승용,여,25세,상해없음,보행자,여,90세 이상,중상
2019061400100274,2019년 6월 14일 12시,금요일,전라남도 목포시 산정동,경상사고,0,0,1,0,차대차 - 기타,안전운전불이행,건조,맑음,교차로 - 교차로안,이륜,남,45세,경상,승용,남,29세,상해없음
2019061400100275,2019년 6월 14일 12시,금요일,전라남도 순천시 해룡면,경상사고,0,0,2,0,차대차 - 기타,안전운전불이행,젖음/습기,비,단일로 - 기타,승용,남,19세,상해없음,승용,여,55세,기타불명
2019061400100276,2019년 6월 14일 12시,금요일,전라남도 보성군 벌교읍,경상사고,0,0,2,0,차대차 - 정면충돌,교차로운행방법위반,젖음/습기,비,교차로 - 교차로안,화물,남,76세,상해없음,이륜,남,81세,경상
2019061400100304,2019년 6월 14일 13시,금요일,전라남도 목포시 석현동,경상사고,0,0,3,0,차대차 - 정면충돌,신호위반,젖음/습기,비,교차로 - 교차로안,승용,남,65세,상해없음,승용,남,60세,경상
2019061400100305,2019년 6월 14일 13시,금요일,전라남도 무안군 무안읍,중상사고,0,1,0,0,차대차 - 측면충돌,교차로운행방법위반,건조,흐림,교차로 - 교차로안,승용,남,80세,상해없음,이륜,남,73세,중상
2019061400100306,2019년 6월 14일 13시,금요일,전라남도 무안군 무안읍,경상사고,0,0,1,0,차대차 - 기타,기타,건조,맑음,단일로 - 기타,화물,남,40세,상해없음,승용,남,35세,경상
2019061400100346,2019년 6월 14일 14시,금요일,전라남도 해남군 옥천면,중상사고,0,1,0,0,차대차 - 측면충돌,직진우회전진행방해,건조,맑음,교차로 - 교차로안,농기계,남,84세,중상,화물,남,74세,상해없음
2019061400100479,2019년 6월 14일 17시,금요일,전라남도 여수시 만흥동,경상사고,0,0,1,0,차대차 - 후진중충돌,안전운전불이행,건조,맑음,교차로 - 교차로부근,승용,여,59세,상해없음,승용,남,27세,경상
2019061400100480,2019년 6월 14일 17시,금요일,전라남도 순천시 장천동,경상사고,0,0,1,0,차대사람 - 횡단중,보행자보호의무위반,젖음/습기,비,교차로 - 교차로횡단보도내,승용,여,43세,상해없음,보행자,남,15세,경상
2019061400100533,2019년 6월 14일 18시,금요일,전라남도 목포시 용당동,경상사고,0,0,1,0,차대차 - 기타,중앙선침범,건조,맑음,단일로 - 기타,승용,남,64세,상해없음,이륜,남,17세,경상
2019061400100534,2019년 6월 14일 18시,금요일,전라남도 고흥군 고흥읍,경상사고,0,0,1,0,차대차 - 추돌,안전운전불이행,건조,맑음,교차로 - 교차로안,승용,여,53세,상해없음,승용,여,19세,경상
2019061400100535,2019년 6월 14일 18시,금요일,전라남도 해남군 송지면,중상사고,0,2,2,0,차대차 - 측면충돌,기타,건조,흐림,교차로 - 교차로안,승용,남,32세,경상,승용,남,42세,중상
2019061400100536,2019년 6월 14일 18시,금요일,전라남도 해남군 해남읍,경상사고,0,0,2,0,차대차 - 측면충돌,차로위반,건조,맑음,교차로 - 교차로부근,승용,남,59세,경상,승용,남,59세,경상
2019061400100537,2019년 6월 14일 18시,금요일,전라남도 해남군 송지면,경상사고,0,0,1,0,차대차 - 기타,안전운전불이행,건조,흐림,교차로 - 교차로부근,화물,남,74세,상해없음,승용,여,40세,경상
2019061400100538,2019년 6월 14일 18시,금요일,전라남도 담양군 담양읍,경상사고,0,0,2,0,차대차 - 추돌,안전운전불이행,건조,흐림,교차로 - 교차로부근,화물,남,60세,상해없음,승용,남,53세,경상
2019061400100571,2019년 6월 14일 19시,금요일,전라남도 여수시 학동,중상사고,0,3,0,0,차대차 - 정면충돌,중앙선침범,젖음/습기,흐림,교차로 - 교차로부근,승용,남,24세,중상,승용,남,64세,중상
2019061400100572,2019년 6월 14일 19시,금요일,전라남도 순천시 서면,경상사고,0,0,1,0,차대차 - 기타,안전거리미확보,젖음/습기,비,단일로 - 기타,승용,남,70세,상해없음,승용,남,54세,경상
2019061400100573,2019년 6월 14일 19시,금요일,전라남도 광양시 중동,경상사고,0,0,1,0,차대차 - 측면충돌,교차로운행방법위반,젖음/습기,비,교차로 - 교차로안,승합,남,40세,상해없음,승합,남,55세,경상
2019061400100608,2019년 6월 14일 20시,금요일,전라남도 목포시 상동,부상신고사고,0,0,0,1,차대차 - 측면충돌,안전운전불이행,건조,맑음,단일로 - 기타,승용,남,38세,상해없음,이륜,남,18세,부상신고
2019061400100609,2019년 6월 14일 20시,금요일,전라남도 여수시 안산동,경상사고,0,0,1,0,차대차 - 추돌,안전운전불이행,젖음/습기,비,교차로 - 교차로부근,승용,남,25세,상해없음,승용,여,31세,경상
2019061400100648,2019년 6월 14일 21시,금요일,전라남도 영광군 홍농읍,경상사고,0,0,3,0,차대차 - 측면충돌,안전운전불이행,건조,맑음,교차로 - 교차로안,승용,남,61세,경상,승용,남,60세,경상
2019061500100047,2019년 6월 15일 01시,토요일,전라남도 여수시 둔덕동,중상사고,0,1,0,0,차대사람 - 횡단중,안전운전불이행,젖음/습기,비,교차로 - 교차로횡단보도내,승용,남,60세,상해없음,보행자,남,26세,중상
2019061500100048,2019년 6월 15일 01시,토요일,전라남도 영광군 영광읍,경상사고,0,0,1,0,차량단독 - 전도전복 - 전도,안전운전불이행,건조,맑음,단일로 - 기타,이륜,남,16세,경상,,,,
2019061500100049,2019년 6월 15일 01시,토요일,전라남도 완도군 노화읍,중상사고,0,1,0,0,차량단독 - 공작물충돌,안전운전불이행,건조,맑음,단일로 - 기타,화물,남,29세,상해없음,,,,
2019061500100063,2019년 6월 15일 02시,토요일,전라남도 여수시 신기동,경상사고,0,0,1,0,차대차 - 추돌,안전운전불이행,젖음/습기,흐림,교차로 - 교차로부근,승용,여,55세,상해없음,승용,여,58세,경상
2019061500100084,2019년 6월 15일 04시,토요일,전라남도 목포시 상동,경상사고,0,0,2,0,차대차 - 추돌,안전운전불이행,건조,맑음,단일로 - 기타,승용,남,44세,상해없음,승용,남,36세,경상
2019061500100085,2019년 6월 15일 04시,토요일,전라남도 나주시 세지면,경상사고,0,0,1,0,차대차 - 기타,안전운전불이행,젖음/습기,안개,단일로 - 기타,승용,남,28세,경상,승용,남,74세,상해없음
2019061500100094,2019년 6월 15일 05시,토요일,전라남도 해남군 삼산면,경상사고,0,0,2,0,차대차 - 기타,교차로운행방법위반,건조,흐림,교차로 - 교차로안,사륜오토바이(ATV),여,73세,경상,승용,남,66세,경상
2019061500100115,2019년 6월 15일 06시,토요일,전라남도 완도군 금일읍,경상사고,0,0,1,0,차대차 - 정면충돌,안전운전불이행,건조,맑음,단일로 - 기타,승용,남,26세,경상,건설기계,남,54세,상해없음
2019061500100129,2019년 6월 15일 07시,토요일,전라남도 신안군 지도읍,경상사고,0,0,1,0,차대차 - 기타,안전운전불이행,건조,맑음,단일로 - 기타,화물,남,68세,상해없음,화물,남,73세,경상
2019061500100130,2019년 6월 15일 07시,토요일,전라남도 목포시 상동,경상사고,0,0,2,0,차대차 - 측면충돌,안전운전불이행,건조,맑음,교차로 - 교차로부근,승용,남,28세,상해없음,승용,여,25세,경상
2019061500100131,2019년 6월 15일 07시,토요일,전라남도 해남군 해남읍,경상사고,0,0,1,0,차대차 - 추돌,안전운전불이행,건조,맑음,단일로 - 기타,이륜,남,68세,상해없음,자전거,남,86세,경상
2019061500100171,2019년 6월 15일 09시,토요일,전라남도 함평군 손불면,경상사고,0,0,1,0,차대차 - 측면충돌,중앙선침범,건조,맑음,교차로 - 교차로부근,승합,여,54세,상해없음,이륜,남,69세,경상
2019061500100172,2019년 6월 15일 09시,토요일,전라남도 영암군 영암읍,경상사고,0,0,1,0,차대차 - 기타,안전운전불이행,건조,맑음,교차로 - 교차로부근,승용,여,53세,경상,승합,남,51세,상해없음
2019061500100209,2019년 6월 15일 10시,토요일,전라남도 무안군 삼향읍,경상사고,0,0,1,0,차대차 - 측면충돌,안전운전불이행,건조,맑음,교차로 - 교차로부근,승용,남,61세,상해없음,승용,여,50세,경상
2019061500100252,2019년 6월 15일 11시,토요일,전라남도 순천시 조례동,경상사고,0,0,1,0,차대차 - 기타,안전운전불이행,건조,맑음,단일로 - 기타,화물,여,57세,상해없음,승용,남,40세,경상
2019061500100253,2019년 6월 15일 11시,토요일,전라남도 해남군 해남읍,사망사고,1,0,1,0,차대차 - 측면충돌,중앙선침범,건조,맑음,단일로 - 기타,이륜,남,74세,사망,승용,남,69세,경상
2019061500100295,2019년 6월 15일 12시,토요일,전라남도 무안군 몽탄면,경상사고,0,0,2,0,차대차 - 추돌,안전운전불이행,건조,맑음,단일로 - 터널,승용,남,49세,상해없음,승용,남,50세,경상
2019061500100296,2019년 6월 15일 12시,토요일,전라남도 목포시 옥암동,경상사고,0,0,1,0,차대차 - 측면충돌,신호위반,건조,맑음,교차로 - 교차로안,승용,남,56세,상해없음,이륜,남,55세,경상
2019061500100297,2019년 6월 15일 12시,토요일,전라남도 여수시 둔덕동,중상사고,0,1,0,0,차대차 - 측면충돌,안전운전불이행,건조,맑음,교차로 - 교차로안,이륜,남,52세,중상,승용,남,46세,상해없음
2019061500100336,2019년 6월 15일 13시,토요일,전라남도 장성군 북하면,중상사고,0,1,0,0,차대차 - 측면충돌,안전운전불이행,건조,맑음,단일로 - 기타,승용,여,21세,상해없음,이륜,남,46세,중상
2019061500100390,2019년 6월 15일 14시,토요일,전라남도 광양시 다압면,경상사고,0,0,1,0,차량단독 - 공작물충돌,안전운전불이행,건조,맑음,단일로 - 기타,화물,남,41세,경상,,,,
2019061500100436,2019년 6월 15일 15시,토요일,전라남도 함평군 나산면,경상사고,0,0,1,1,차대차 - 측면충돌,기타,건조,맑음,단일로 - 기타,농기계,남,69세,부상신고,건설기계,남,53세,경상
2019061500100437,2019년 6월 15일 15시,토요일,전라남도 광양시 중동,경상사고,0,0,2,0,차대차 - 측면충돌,안전운전불이행,건조,맑음,교차로 - 교차로부근,승용,여,40세,경상,이륜,남,51세,경상
2019061500100476,2019년 6월 15일 16시,토요일,전라남도 순천시 조례동,경상사고,0,0,1,0,차대차 - 측면충돌,안전운전불이행,건조,맑음,교차로 - 교차로안,승용,남,54세,상해없음,이륜,여,27세,경상
2019061500100516,2019년 6월 15일 17시,토요일,전라남도 순천시 연향동,중상사고,0,1,0,0,차대사람 - 기타,보행자보호의무위반,건조,맑음,단일로 - 기타,승용,남,30세,상해없음,보행자,여,63세,중상
2019061500100517,2019년 6월 15일 17시,토요일,전라남도 영광군 백수읍,중상사고,0,1,0,0,차대사람 - 횡단중,안전운전불이행,건조,맑음,단일로 - 기타,승용,남,36세,상해없음,보행자,여,74세,중상
2019061500100563,2019년 6월 15일 18시,토요일,전라남도 영광군 영광읍,부상신고사고,0,0,0,1,차대차 - 기타,안전거리미확보,건조,맑음,교차로 - 교차로부근,이륜,남,57세,부상신고,화물,남,72세,상해없음
2019061500100636,2019년 6월 15일 20시,토요일,전라남도 여수시 교동,중상사고,0,1,0,0,차대사람 - 기타,안전운전불이행,건조,맑음,단일로 - 기타,승합,남,57세,상해없음,보행자,남,62세,중상
2019061500100671,2019년 6월 15일 21시,토요일,전라남도 순천시 승주읍,경상사고,0,0,2,0,차대차 - 측면충돌,중앙선침범,건조,맑음,단일로 - 기타,승용,남,64세,상해없음,승용,남,28세,경상
2019061600100036,2019년 6월 16일 00시,일요일,전라남도 여수시 선원동,중상사고,0,1,0,0,차대차 - 측면충돌,교차로운행방법위반,건조,맑음,교차로 - 교차로안,승용,남,44세,상해없음,이륜,남,47세,중상
2019061600100068,2019년 6월 16일 02시,일요일,전라남도 목포시 옥암동,경상사고,0,0,6,0,차대차 - 측면충돌,직진우회전진행방해,건조,맑음,교차로 - 교차로안,승용,남,32세,경상,승용,남,47세,경상
2019061600100069,2019년 6월 16일 02시,일요일,전라남도 목포시 상동,경상사고,0,0,3,0,차대차 - 측면충돌,신호위반,건조,맑음,교차로 - 교차로안,승용,남,30세,상해없음,승용,남,27세,경상
2019061600100099,2019년 6월 16일 05시,일요일,전라남도 순천시 상사면,중상사고,0,1,1,0,차대차 - 기타,중앙선침범,건조,맑음,교차로 - 교차로부근,승용,남,62세,경상,승용,여,47세,중상
2019061600100100,2019년 6월 16일 05시,일요일,전라남도 고흥군 동강면,중상사고,0,1,1,0,차대차 - 기타,안전운전불이행,건조,맑음,단일로 - 기타,승용,남,71세,상해없음,승용,남,49세,중상
2019061600100111,2019년 6월 16일 06시,일요일,전라남도 목포시 상동,중상사고,0,1,0,0,차대차 - 측면충돌,교차로운행방법위반,건조,맑음,교차로 - 교차로안,승용,여,59세,상해없음,이륜,남,31세,중상
2019061600100112,2019년 6월 16일 06시,일요일,전라남도 목포시 용해동,경상사고,0,0,3,0,차대차 - 추돌,안전운전불이행,건조,맑음,교차로 - 교차로부근,승용,남,50세,상해없음,승용,여,36세,경상
2019061600100130,2019년 6월 16일 08시,일요일,전라남도 목포시 석현동,경상사고,0,0,1,0,차대사람 - 기타,안전운전불이행,건조,맑음,단일로 - 기타,승용,남,26세,상해없음,보행자,남,22세,경상
2019061600100169,2019년 6월 16일 10시,일요일,전라남도 보성군 득량면,부상신고사고,0,0,0,1,차대차 - 추돌,안전거리미확보,건조,맑음,교차로 - 교차로부근,이륜,남,34세,부상신고,화물,남,60세,상해없음
2019061600100170,2019년 6월 16일 10시,일요일,전라남도 순천시 황전면,경상사고,0,0,1,0,차대차 - 측면충돌,안전운전불이행,건조,맑음,기타 - 기타,승합,남,62세,상해없음,승용,남,58세,경상
2019061600100193,2019년 6월 16일 11시,일요일,전라남도 무안군 삼향읍,경상사고,0,0,1,0,차대차 - 기타,안전운전불이행,건조,맑음,단일로 - 기타,승용,여,28세,경상,승용,남,59세,상해없음
2019061600100220,2019년 6월 16일 12시,일요일,전라남도 목포시 상동,경상사고,0,0,2,1,차대차 - 기타,안전운전불이행,건조,맑음,교차로 - 교차로부근,승용,남,27세,부상신고,이륜,남,22세,경상
2019061600100221,2019년 6월 16일 12시,일요일,전라남도 여수시 국동,경상사고,0,0,1,0,차대차 - 추돌,안전운전불이행,건조,맑음,교차로 - 교차로부근,승용,남,33세,상해없음,승용,남,60세,경상
2019061600100222,2019년 6월 16일 12시,일요일,전라남도 화순군 도곡면,경상사고,0,0,3,0,차대차 - 측면충돌,중앙선침범,건조,맑음,단일로 - 기타,승용,남,77세,상해없음,승용,여,55세,경상
2019061600100223,2019년 6월 16일 12시,일요일,전라남도 광양시 옥곡면,중상사고,0,1,2,0,차대차 - 측면충돌,교차로운행방법위반,건조,맑음,교차로 - 교차로안,승용,남,32세,경상,승용,남,46세,경상
2019061600100260,2019년 6월 16일 13시,일요일,전라남도 목포시 대성동,경상사고,0,0,1,1,차대차 - 기타,신호위반,건조,맑음,교차로 - 교차로안,화물,남,53세,부상신고,화물,남,74세,경상
2019061600100261,2019년 6월 16일 13시,일요일,전라남도 해남군 화원면,경상사고,0,0,1,0,차대차 - 측면충돌,차로위반,건조,맑음,교차로 - 교차로부근,승용,여,50세,상해없음,승용,여,33세,경상
2019061600100288,2019년 6월 16일 14시,일요일,전라남도 순천시 풍덕동,경상사고,0,0,1,0,차대차 - 측면충돌,안전운전불이행,건조,맑음,단일로 - 기타,승용,남,24세,상해없음,자전거,남,81세,경상
2019061600100310,2019년 6월 16일 15시,일요일,전라남도 목포시 옥암동,경상사고,0,0,3,0,차대차 - 기타,안전운전불이행,건조,맑음,단일로 - 터널,승용,남,32세,경상,승합,남,50세,경상
2019061600100311,2019년 6월 16일 15시,일요일,전라남도 목포시 산정동,경상사고,0,0,4,0,차대차 - 측면충돌,안전운전불이행,건조,맑음,단일로 - 기타,승용,남,44세,경상,승용,여,41세,기타불명
2019061600100312,2019년 6월 16일 15시,일요일,전라남도 나주시 왕곡면,경상사고,0,0,1,0,차대차 - 추돌,안전운전불이행,건조,맑음,단일로 - 기타,승용,남,47세,상해없음,승용,남,58세,경상
2019061600100313,2019년 6월 16일 15시,일요일,전라남도 영광군 백수읍,중상사고,0,1,0,0,차대사람 - 길가장자리구역통행중,안전운전불이행,건조,맑음,교차로 - 교차로부근,이륜,남,67세,상해없음,보행자,남,85세,중상
2019061600100353,2019년 6월 16일 16시,일요일,전라남도 함평군 해보면,중상사고,0,2,0,0,차대차 - 측면충돌,신호위반,건조,맑음,교차로 - 교차로안,승용,여,53세,중상,승용,여,36세,중상
2019061600100354,2019년 6월 16일 16시,일요일,전라남도 무안군 현경면,경상사고,0,0,4,0,차대차 - 추돌,안전운전불이행,건조,맑음,단일로 - 기타,화물,남,67세,상해없음,승용,남,30세,경상
2019061600100386,2019년 6월 16일 17시,일요일,전라남도 여수시 돌산읍,경상사고,0,0,3,0,차대차 - 측면충돌,안전운전불이행,건조,맑음,단일로 - 기타,화물,남,24세,상해없음,승용,남,76세,경상
2019061600100387,2019년 6월 16일 17시,일요일,전라남도 나주시 대호동,경상사고,0,0,1,0,차대차 - 추돌,안전운전불이행,건조,맑음,단일로 - 기타,승용,남,37세,상해없음,승용,남,46세,경상
2019061600100434,2019년 6월 16일 19시,일요일,전라남도 목포시 산정동,경상사고,0,0,2,0,차대차 - 기타,교차로운행방법위반,건조,맑음,교차로 - 교차로안,승용,남,45세,경상,승용,남,33세,경상
2019061600100435,2019년 6월 16일 19시,일요일,전라남도 신안군 압해읍,중상사고,0,4,2,0,차대차 - 측면충돌,중앙선침범,건조,맑음,교차로 - 교차로부근,승용,남,45세,경상,승용,남,71세,경상
2019061600100456,2019년 6월 16일 20시,일요일,전라남도 순천시 승주읍,중상사고,0,2,0,0,차대사람 - 기타,안전운전불이행,건조,맑음,단일로 - 기타,승용,남,54세,상해없음,보행자,남,67세,중상