사고번호,사고일시,요일,시군구,사고내용,사망자수,중상자수,경상자수,부상신고자수,사고유형,법규위반,노면상태,기상상태,도로형태,가해운전자 차종,가해운전자 성별,가해운전자 연령,가해운전자 상해정도,피해운전자 차종,피해운전자 성별,피해운전자 연령,피해운전자 상해정도
2019062500100141,2019년 6월 25일 08시,화요일,전라남도 보성군 득량면,부상신고사고,0,0,0,1,차대차 - 측면충돌,교차로운행방법위반,건조,맑음,교차로 - 교차로부근,자전거,남,64세,부상신고,승용,여,56세,상해없음
2019062500100142,2019년 6월 25일 08시,화요일,전라남도 보성군 보성읍,경상사고,0,0,1,0,차대차 - 측면충돌,교차로운행방법위반,건조,맑음,교차로 - 교차로안,승용,남,69세,상해없음,승용,남,28세,경상
2019062500100143,2019년 6월 25일 08시,화요일,전라남도 장성군 남면,경상사고,0,0,2,0,차대차 - 기타,교차로운행방법위반,건조,맑음,교차로 - 교차로안,특수,남,35세,상해없음,화물,남,42세,경상
2019062500100144,2019년 6월 25일 08시,화요일,전라남도 진도군 진도읍,경상사고,0,0,1,0,차대차 - 추돌,안전거리미확보,건조,맑음,교차로 - 교차로부근,화물,남,63세,상해없음,화물,남,69세,상해없음
2019062500100188,2019년 6월 25일 09시,화요일,전라남도 여수시 돌산읍,중상사고,0,2,6,1,차량단독 - 공작물충돌,안전운전불이행,건조,맑음,단일로 - 기타,승합,남,29세,기타불명,,,,
2019062500100189,2019년 6월 25일 09시,화요일,전라남도 장흥군 장흥읍,경상사고,0,0,1,0,차대차 - 측면충돌,안전운전불이행,건조,맑음,교차로 - 교차로안,승용,남,49세,상해없음,승합,남,64세,경상
2019062500100218,2019년 6월 25일 10시,화요일,전라남도 신안군 신의면,경상사고,0,0,1,0,차대차 - 측면충돌,직진우회전진행방해,건조,맑음,교차로 - 교차로안,화물,남,61세,상해없음,이륜,여,47세,경상
2019062500100219,2019년 6월 25일 10시,화요일,전라남도 여수시 남산동,경상사고,0,0,1,0,차대차 - 기타,안전거리미확보,건조,맑음,단일로 - 기타,이륜,남,66세,경상,승용,남,58세,상해없음
2019062500100220,2019년 6월 25일 10시,화요일,전라남도 담양군 창평면,경상사고,0,0,1,0,차량단독 - 기타,안전운전불이행,건조,맑음,교차로 - 교차로부근,승용,여,61세,상해없음,,,,
2019062500100260,2019년 6월 25일 11시,화요일,전라남도 영암군 영암읍,경상사고,0,0,2,0,차대차 - 측면충돌,신호위반,건조,맑음,교차로 - 교차로안,화물,남,63세,상해없음,화물,여,35세,경상
2019062500100395,2019년 6월 25일 15시,화요일,전라남도 목포시 남교동,경상사고,0,0,1,0,차대차 - 추돌,안전운전불이행,건조,맑음,단일로 - 기타,화물,여,51세,상해없음,화물,여,59세,경상
2019062500100396,2019년 6월 25일 15시,화요일,전라남도 여수시 미평동,경상사고,0,0,1,0,차대차 - 측면충돌,안전거리미확보,건조,맑음,단일로 - 기타,승용,남,24세,상해없음,승용,여,31세,경상
2019062500100397,2019년 6월 25일 15시,화요일,전라남도 해남군 옥천면,중상사고,0,1,0,0,차대사람 - 기타,신호위반,건조,맑음,교차로 - 교차로부근,승용,여,52세,상해없음,보행자,남,69세,중상
2019062500100398,2019년 6월 25일 15시,화요일,전라남도 화순군 화순읍,경상사고,0,0,4,0,차대차 - 추돌,안전운전불이행,건조,맑음,단일로 - 터널,승용,남,30세,경상,화물,남,62세,경상
2019062500100447,2019년 6월 25일 16시,화요일,전라남도 목포시 상동,경상사고,0,0,1,0,차대사람 - 기타,안전운전불이행,건조,맑음,단일로 - 기타,승용,여,51세,상해없음,보행자,남,7세,경상
2019062500100448,2019년 6월 25일 16시,화요일,전라남도 여수시 화장동,경상사고,0,0,1,1,차대차 - 기타,교차로운행방법위반,건조,맑음,교차로 - 교차로안,승용,여,52세,부상신고,승용,여,41세,경상
2019062500100449,2019년 6월 25일 16시,화요일,전라남도 보성군 미력면,중상사고,0,1,0,0,차대차 - 정면충돌,안전운전불이행,건조,맑음,단일로 - 기타,화물,남,49세,상해없음,화물,남,56세,중상
2019062500100450,2019년 6월 25일 16시,화요일,전라남도 무안군 무안읍,경상사고,0,0,1,0,차대차 - 추돌,차로위반,건조,맑음,교차로 - 교차로부근,승용,남,60세,상해없음,승용,남,32세,경상
2019062500100510,2019년 6월 25일 17시,화요일,전라남도 목포시 연산동,경상사고,0,0,1,1,차대차 - 기타,안전운전불이행,건조,맑음,단일로 - 기타,승용,남,47세,상해없음,승용,남,32세,경상
2019062500100511,2019년 6월 25일 17시,화요일,전라남도 여수시 소라면,경상사고,0,0,4,0,차대차 - 기타,안전운전불이행,건조,맑음,교차로 - 교차로부근,건설기계,남,48세,상해없음,승용,남,37세,경상
2019062500100512,2019년 6월 25일 17시,화요일,전라남도 나주시 송월동,경상사고,0,0,3,0,차대차 - 측면충돌,신호위반,건조,맑음,교차로 - 교차로안,승용,남,60세,상해없음,승용,남,43세,경상
2019062500100573,2019년 6월 25일 18시,화요일,전라남도 목포시 연산동,경상사고,0,0,1,0,차대차 - 측면충돌,기타,건조,맑음,교차로 - 교차로안,승용,남,33세,상해없음,자전거,남,7세,경상
2019062500100574,2019년 6월 25일 18시,화요일,전라남도 여수시 웅천동,중상사고,0,1,0,0,차대차 - 측면충돌,안전운전불이행,건조,맑음,교차로 - 교차로부근,승용,여,23세,상해없음,이륜,남,41세,중상
2019062500100575,2019년 6월 25일 18시,화요일,전라남도 여수시 학동,경상사고,0,0,1,0,차대차 - 측면충돌,안전거리미확보,건조,맑음,교차로 - 교차로안,승용,남,42세,상해없음,이륜,남,51세,경상
2019062500100576,2019년 6월 25일 18시,화요일,전라남도 순천시 연향동,경상사고,0,0,2,0,차대차 - 기타,안전운전불이행,건조,맑음,교차로 - 교차로안,승용,남,37세,상해없음,승용,남,24세,경상
2019062500100577,2019년 6월 25일 18시,화요일,전라남도 장흥군 장흥읍,중상사고,0,1,0,0,차대차 - 측면충돌,신호위반,건조,맑음,교차로 - 교차로안,이륜,남,71세,중상,승용,남,45세,상해없음
2019062500100688,2019년 6월 25일 21시,화요일,전라남도 여수시 웅천동,경상사고,0,0,3,0,차대차 - 추돌,안전운전불이행,건조,맑음,교차로 - 교차로부근,승용,남,61세,상해없음,승용,여,31세,경상
2019062600100030,2019년 6월 26일 00시,수요일,전라남도 장흥군 용산면,중상사고,0,1,0,0,차대차 - 측면충돌,중앙선침범,건조,맑음,단일로 - 기타,화물,남,53세,상해없음,화물,남,40세,중상
2019062600100031,2019년 6월 26일 00시,수요일,전라남도 영암군 삼호읍,경상사고,0,0,1,0,차대차 - 측면충돌,안전운전불이행,건조,맑음,단일로 - 기타,승용,남,19세,경상,승용,남,65세,기타불명
2019062600100070,2019년 6월 26일 06시,수요일,전라남도 강진군 칠량면,중상사고,0,1,1,0,차대차 - 정면충돌,중앙선침범,젖음/습기,비,단일로 - 기타,승용,남,55세,경상,승합,남,63세,중상
2019062600100084,2019년 6월 26일 07시,수요일,전라남도 여수시 덕충동,경상사고,0,0,2,0,차대차 - 추돌,안전운전불이행,젖음/습기,비,교차로 - 교차로부근,화물,남,47세,상해없음,승용,여,58세,경상
2019062600100085,2019년 6월 26일 07시,수요일,전라남도 순천시 주암면,경상사고,0,0,1,0,차대차 - 기타,중앙선침범,젖음/습기,비,교차로 - 교차로부근,승용,여,52세,상해없음,승용,남,54세,경상
2019062600100086,2019년 6월 26일 07시,수요일,전라남도 담양군 대전면,중상사고,0,1,1,0,차대차 - 추돌,안전운전불이행,젖음/습기,비,교차로 - 교차로부근,건설기계,남,61세,상해없음,화물,남,66세,중상
2019062600100121,2019년 6월 26일 08시,수요일,전라남도 순천시 연향동,경상사고,0,0,1,0,차대차 - 측면충돌,안전운전불이행,젖음/습기,비,단일로 - 기타,승용,여,41세,상해없음,승용,남,69세,경상
2019062600100122,2019년 6월 26일 08시,수요일,전라남도 나주시 빛가람동,경상사고,0,0,3,0,차대차 - 측면충돌,신호위반,젖음/습기,비,교차로 - 교차로안,승용,남,53세,경상,승용,남,33세,경상
2019062600100164,2019년 6월 26일 09시,수요일,전라남도 화순군 화순읍,경상사고,0,0,3,0,차대차 - 추돌,안전거리미확보,젖음/습기,비,교차로 - 교차로부근,승용,여,36세,상해없음,승용,남,19세,경상
2019062600100165,2019년 6월 26일 09시,수요일,전라남도 영암군 신북면,경상사고,0,0,1,0,차대차 - 추돌,안전운전불이행,젖음/습기,비,단일로 - 기타,승용,남,33세,상해없음,화물,남,44세,경상
2019062600100166,2019년 6월 26일 09시,수요일,전라남도 영암군 신북면,경상사고,0,0,3,1,차대차 - 추돌,안전운전불이행,젖음/습기,비,단일로 - 기타,승용,여,37세,경상,승용,남,33세,경상
2019062600100203,2019년 6월 26일 10시,수요일,전라남도 담양군 담양읍,경상사고,0,0,1,0,차대차 - 측면충돌,직진우회전진행방해,건조,맑음,교차로 - 교차로안,승용,남,80세,상해없음,화물,남,27세,경상
2019062600100233,2019년 6월 26일 11시,수요일,전라남도 목포시 용해동,경상사고,0,0,3,0,차대차 - 측면충돌,안전운전불이행,젖음/습기,비,단일로 - 기타,승용,여,49세,경상,승용,남,46세,경상
2019062600100234,2019년 6월 26일 11시,수요일,전라남도 고흥군 과역면,경상사고,0,0,1,0,차대차 - 추돌,안전운전불이행,젖음/습기,비,단일로 - 기타,승용,남,45세,상해없음,승용,남,55세,경상
2019062600100235,2019년 6월 26일 11시,수요일,전라남도 영광군 영광읍,경상사고,0,0,2,0,차대차 - 측면충돌,직진우회전진행방해,젖음/습기,비,교차로 - 교차로안,승용,남,61세,상해없음,승용,남,65세,경상
2019062600100278,2019년 6월 26일 12시,수요일,전라남도 목포시 유동,경상사고,0,0,2,0,차대차 - 측면충돌,직진우회전진행방해,젖음/습기,비,교차로 - 교차로안,승용,여,27세,경상,승용,남,50세,경상
2019062600100279,2019년 6월 26일 12시,수요일,전라남도 여수시 덕충동,중상사고,0,1,0,0,차량단독 - 공작물충돌,안전운전불이행,젖음/습기,비,단일로 - 기타,승용,여,29세,중상,,,,
2019062600100280,2019년 6월 26일 12시,수요일,전라남도 보성군 회천면,사망사고,1,1,0,0,차대차 - 측면충돌,신호위반,젖음/습기,비,교차로 - 교차로안,승용,남,63세,상해없음,승용,남,61세,사망
2019062600100281,2019년 6월 26일 12시,수요일,전라남도 곡성군 삼기면,경상사고,0,0,2,0,차대차 - 측면충돌,안전운전불이행,젖음/습기,비,교차로 - 교차로안,승용,남,78세,경상,승용,남,43세,경상
2019062600100313,2019년 6월 26일 13시,수요일,전라남도 순천시 서면,경상사고,0,0,1,0,차대차 - 기타,안전운전불이행,젖음/습기,비,단일로 - 기타,승용,남,71세,상해없음,승용,남,38세,경상
2019062600100314,2019년 6월 26일 13시,수요일,전라남도 장성군 장성읍,중상사고,0,1,1,0,차대차 - 후진중충돌,안전운전불이행,건조,맑음,단일로 - 기타,화물,남,24세,상해없음,승용,여,61세,경상
2019062600100342,2019년 6월 26일 14시,수요일,전라남도 영광군 영광읍,경상사고,0,0,1,0,차대차 - 측면충돌,안전운전불이행,젖음/습기,비,단일로 - 기타,승용,남,45세,상해없음,이륜,남,76세,경상
2019062600100388,2019년 6월 26일 15시,수요일,전라남도 여수시 율촌면,중상사고,0,1,0,0,차대사람 - 기타,안전운전불이행,젖음/습기,비,단일로 - 기타,화물,남,57세,상해없음,보행자,여,77세,중상
2019062600100389,2019년 6월 26일 15시,수요일,전라남도 여수시 중흥동,중상사고,0,2,0,0,차대차 - 정면충돌,중앙선침범,젖음/습기,비,단일로 - 기타,특수,남,37세,중상,화물,남,44세,중상
2019062600100435,2019년 6월 26일 16시,수요일,전라남도 목포시 용당동,경상사고,0,0,1,0,차대차 - 측면충돌,안전운전불이행,건조,맑음,교차로 - 교차로안,승용,남,32세,상해없음,승용,남,41세,경상
2019062600100436,2019년 6월 26일 16시,수요일,전라남도 고흥군 과역면,중상사고,0,1,0,1,차대차 - 측면충돌,안전운전불이행,젖음/습기,비,단일로 - 기타,승용,여,56세,부상신고,승용,여,53세,중상
2019062600100437,2019년 6월 26일 16시,수요일,전라남도 완도군 완도읍,경상사고,0,0,1,0,차량단독 - 공작물충돌,안전운전불이행,젖음/습기,비,단일로 - 기타,승용,남,53세,경상,,,,
2019062600100490,2019년 6월 26일 17시,수요일,전라남도 여수시 주삼동,경상사고,0,0,1,0,차대차 - 추돌,안전거리미확보,젖음/습기,비,단일로 - 기타,승용,남,75세,상해없음,승용,남,54세,경상
2019062600100491,2019년 6월 26일 17시,수요일,전라남도 여수시 신기동,경상사고,0,0,3,0,차대차 - 추돌,안전운전불이행,건조,맑음,단일로 - 기타,화물,남,33세,기타불명,승용,남,41세,경상
2019062600100492,2019년 6월 26일 17시,수요일,전라남도 해남군 송지면,경상사고,0,0,2,0,차대차 - 측면충돌,기타,젖음/습기,흐림,교차로 - 교차로안,승용,남,64세,기타불명,승용,남,26세,경상
2019062600100493,2019년 6월 26일 17시,수요일,전라남도 광양시 광영동,부상신고사고,0,0,0,1,차대사람 - 기타,안전운전불이행,젖음/습기,비,단일로 - 기타,승용,남,58세,기타불명,보행자,여,17세,부상신고
2019062600100539,2019년 6월 26일 18시,수요일,전라남도 영암군 미암면,경상사고,0,0,1,0,차대차 - 기타,안전운전불이행,젖음/습기,흐림,단일로 - 기타,승용,여,42세,상해없음,이륜,남,54세,경상
2019062600100587,2019년 6월 26일 19시,수요일,전라남도 여수시 미평동,경상사고,0,0,1,0,차대차 - 추돌,안전운전불이행,젖음/습기,비,단일로 - 고가도로위,승용,남,37세,상해없음,승용,여,36세,경상
2019062600100588,2019년 6월 26일 19시,수요일,전라남도 여수시 문수동,경상사고,0,0,1,0,차대차 - 측면충돌,기타,젖음/습기,비,교차로 - 교차로안,이륜,남,37세,상해없음,승용,여,25세,경상
2019062600100589,2019년 6월 26일 19시,수요일,전라남도 나주시 남평읍,경상사고,0,0,1,0,차대사람 - 횡단중,보행자보호의무위반,젖음/습기,비,교차로 - 교차로횡단보도내,승용,여,55세,상해없음,보행자,여,27세,경상
2019062600100590,2019년 6월 26일 19시,수요일,전라남도 강진군 대구면,경상사고,0,0,2,1,차량단독 - 기타,안전운전불이행,젖음/습기,비,단일로 - 기타,승용,남,58세,부상신고,,,,
2019062600100622,2019년 6월 26일 20시,수요일,전라남도 목포시 산정동,경상사고,0,0,2,0,차대차 - 측면충돌,안전운전불이행,젖음/습기,비,교차로 - 교차로안,승용,여,59세,상해없음,승용,남,69세,경상
2019062600100703,2019년 6월 26일 23시,수요일,전라남도 나주시 빛가람동,경상사고,0,0,2,0,차대차 - 측면충돌,안전운전불이행,젖음/습기,흐림,단일로 - 기타,승용,남,51세,경상,이륜,남,23세,경상
2019062700100030,2019년 6월 27일 00시,목요일,전라남도 목포시 산정동,경상사고,0,0,1,0,차대차 - 기타,차로위반,건조,흐림,단일로 - 기타,기타불명,기타불명,미분류,기타불명,승용,남,40세,경상
2019062700100042,2019년 6월 27일 01시,목요일,전라남도 목포시 산정동,경상사고,0,0,1,0,차대사람 - 횡단중,안전운전불이행,젖음/습기,흐림,교차로 - 교차로안,승용,남,58세,상해없음,보행자,여,74세,경상
2019062700100043,2019년 6월 27일 01시,목요일,전라남도 무안군 해제면,경상사고,0,0,2,0,차량단독 - 기타,안전운전불이행,젖음/습기,비,교차로 - 교차로부근,이륜,남,20세,경상,,,,
2019062700100100,2019년 6월 27일 07시,목요일,전라남도 목포시 상동,경상사고,0,0,1,0,차대사람 - 기타,안전운전불이행,젖음/습기,비,단일로 - 기타,화물,남,38세,상해없음,보행자,여,65세,경상
2019062700100101,2019년 6월 27일 07시,목요일,전라남도 여수시 신기동,경상사고,0,0,1,0,차대차 - 측면충돌,신호위반,젖음/습기,비,교차로 - 교차로안,승합,남,30세,상해없음,승용,남,55세,경상
2019062700100102,2019년 6월 27일 07시,목요일,전라남도 여수시 낙포동,경상사고,0,0,1,0,차대차 - 기타,안전운전불이행,젖음/습기,비,교차로 - 교차로부근,화물,남,50세,상해없음,승용,여,26세,경상
2019062700100103,2019년 6월 27일 07시,목요일,전라남도 영광군 백수읍,경상사고,0,0,1,0,차대차 - 측면충돌,기타,건조,흐림,교차로 - 교차로안,화물,남,59세,상해없음,승용,남,51세,경상
2019062700100104,2019년 6월 27일 07시,목요일,전라남도 영암군 미암면,경상사고,0,0,2,0,차대차 - 측면충돌,안전운전불이행,젖음/습기,흐림,교차로 - 교차로안,승용,남,25세,경상,화물,남,62세,상해없음
2019062700100144,2019년 6월 27일 08시,목요일,전라남도 여수시 국동,중상사고,0,1,0,0,차대차 - 측면충돌,중앙선침범,건조,맑음,단일로 - 기타,승용,남,52세,상해없음,승용,남,31세,중상
2019062700100145,2019년 6월 27일 08시,목요일,전라남도 나주시 문평면,중상사고,0,1,0,0,차량단독 - 공작물충돌,안전운전불이행,젖음/습기,흐림,단일로 - 기타,화물,남,79세,중상,,,,
2019062700100146,2019년 6월 27일 08시,목요일,전라남도 영암군 삼호읍,경상사고,0,0,4,0,차대차 - 정면충돌,안전운전불이행,젖음/습기,비,교차로 - 교차로안,승용,여,50세,경상,승용,남,35세,경상
2019062700100191,2019년 6월 27일 09시,목요일,전라남도 해남군 해남읍,경상사고,0,0,1,0,차대차 - 추돌,안전운전불이행,건조,흐림,단일로 - 기타,화물,남,38세,기타불명,승용,여,61세,경상
2019062700100192,2019년 6월 27일 09시,목요일,전라남도 보성군 벌교읍,중상사고,0,1,0,0,차대차 - 측면충돌,기타,건조,맑음,교차로 - 교차로부근,화물,남,77세,상해없음,이륜,남,86세,중상
2019062700100193,2019년 6월 27일 09시,목요일,전라남도 장성군 진원면,중상사고,0,1,3,0,차대차 - 기타,안전거리미확보,건조,맑음,단일로 - 기타,승용,남,24세,중상,승용,여,32세,상해없음
2019062700100194,2019년 6월 27일 09시,목요일,전라남도 곡성군 곡성읍,부상신고사고,0,0,0,1,차대차 - 기타,안전운전불이행,건조,맑음,단일로 - 기타,자전거,남,71세,부상신고,특수,남,58세,기타불명
2019062700100220,2019년 6월 27일 10시,목요일,전라남도 화순군 화순읍,경상사고,0,0,1,0,차대차 - 기타,안전운전불이행,건조,맑음,단일로 - 기타,승용,남,43세,경상,승용,남,60세,기타불명
2019062700100221,2019년 6월 27일 10시,목요일,전라남도 진도군 진도읍,경상사고,0,0,1,0,차대차 - 측면충돌,안전운전불이행,건조,맑음,단일로 - 기타,화물,남,70세,상해없음,승용,남,68세,경상
2019062700100275,2019년 6월 27일 12시,목요일,전라남도 나주시 빛가람동,경상사고,0,0,2,0,차대차 - 측면충돌,차로위반,건조,맑음,교차로 - 교차로부근,승용,남,69세,상해없음,승용,남,53세,경상
2019062700100316,2019년 6월 27일 13시,목요일,전라남도 여수시 국동,중상사고,0,1,1,0,차대차 - 측면충돌,안전운전불이행,건조,맑음,단일로 - 기타,승용,남,75세,경상,승용,여,56세,기타불명
2019062700100317,2019년 6월 27일 13시,목요일,전라남도 순천시 조례동,부상신고사고,0,0,0,1,차대사람 - 기타,안전운전불이행,건조,맑음,기타 - 기타,승용,남,33세,상해없음,보행자,여,20세,부상신고
2019062700100384,2019년 6월 27일 15시,목요일,전라남도 여수시 돌산읍,경상사고,0,0,2,0,차대차 - 측면충돌,안전운전불이행,건조,맑음,교차로 - 교차로안,승용,남,62세,상해없음,승용,남,38세,경상
2019062700100385,2019년 6월 27일 15시,목요일,전라남도 화순군 화순읍,경상사고,0,0,1,0,차대차 - 측면충돌,차로위반,건조,맑음,단일로 - 기타,승용,남,62세,상해없음,승용,남,71세,경상
2019062700100427,2019년 6월 27일 16시,목요일,전라남도 여수시 웅천동,경상사고,0,0,3,0,차대차 - 정면충돌,신호위반,건조,맑음,교차로 - 교차로안,화물,남,58세,경상,승용,남,36세,경상
2019062700100428,2019년 6월 27일 16시,목요일,전라남도 화순군 화순읍,경상사고,0,0,2,0,차대차 - 측면충돌,교차로운행방법위반,건조,맑음,교차로 - 교차로안,화물,남,68세,상해없음,승합,남,60세,경상
2019062700100429,2019년 6월 27일 16시,목요일,전라남도 화순군 화순읍,중상사고,0,1,3,0,차대차 - 측면충돌,안전운전불이행,건조,맑음,단일로 - 기타,이륜,남,76세,중상,승용,남,41세,경상
2019062700100430,2019년 6월 27일 16시,목요일,전라남도 화순군 남면,경상사고,0,0,5,0,차대차 - 추돌,안전운전불이행,건조,맑음,교차로 - 교차로부근,화물,남,28세,상해없음,승합,남,40세,경상
2019062700100431,2019년 6월 27일 16시,목요일,전라남도 담양군 담양읍,사망사고,1,0,0,0,차대차 - 기타,과속,건조,맑음,단일로 - 기타,화물,남,72세,상해없음,이륜,여,77세,사망
2019062700100475,2019년 6월 27일 17시,목요일,전라남도 담양군 무정면,경상사고,0,0,1,0,차대차 - 기타,직진우회전진행방해,건조,맑음,교차로 - 교차로안,승용,남,61세,상해없음,화물,남,45세,경상
2019062700100515,2019년 6월 27일 18시,목요일,전라남도 영암군 영암읍,중상사고,0,1,0,0,차대차 - 측면충돌,안전운전불이행,건조,맑음,교차로 - 교차로안,승용,남,41세,상해없음,승용,여,68세,중상
2019062700100516,2019년 6월 27일 18시,목요일,전라남도 영암군 금정면,경상사고,0,0,1,0,차대차 - 측면충돌,안전운전불이행,건조,맑음,교차로 - 교차로부근,화물,남,68세,상해없음,승용,남,43세,경상
2019062700100517,2019년 6월 27일 18시,목요일,전라남도 무안군 망운면,경상사고,0,0,1,0,차대차 - 측면충돌,기타,건조,맑음,교차로 - 교차로안,승용,남,62세,상해없음,승용,여,59세,경상
2019062700100553,2019년 6월 27일 19시,목요일,전라남도 고흥군 고흥읍,경상사고,0,0,1,0,차대차 - 기타,안전운전불이행,건조,맑음,단일로 - 기타,화물,남,77세,상해없음,승용,남,52세,상해없음
2019062700100604,2019년 6월 27일 21시,목요일,전라남도 여수시 웅천동,경상사고,0,0,1,0,차대차 - 측면충돌,안전거리미확보,건조,맑음,단일로 - 기타,승용,남,46세,상해없음,이륜,남,32세,경상
2019062700100605,2019년 6월 27일 21시,목요일,전라남도 순천시 해룡면,경상사고,0,0,1,0,차대차 - 기타,안전운전불이행,건조,맑음,교차로 - 교차로부근,승용,여,61세,상해없음,승용,남,24세,경상
2019062700100606,2019년 6월 27일 21시,목요일,전라남도 광양시 광양읍,경상사고,0,0,1,0,차대차 - 측면충돌,직진우회전진행방해,건조,맑음,교차로 - 교차로안,승용,여,51세,경상,승합,남,77세,상해없음
2019062700100661,2019년 6월 27일 23시,목요일,전라남도 여수시 학동,경상사고,0,0,1,0,차대차 - 정면충돌,안전운전불이행,건조,맑음,교차로 - 교차로부근,승용,남,32세,상해없음,승용,여,52세,경상
2019062700100662,2019년 6월 27일 23시,목요일,전라남도 순천시 연향동,중상사고,0,1,1,0,차대차 - 측면충돌,안전운전불이행,건조,맑음,기타 - 기타,승용,여,35세,중상,승용,여,43세,경상
2019062800100088,2019년 6월 28일 06시,금요일,전라남도 함평군 학교면,중상사고,0,1,1,0,차대차 - 정면충돌,중앙선침범,젖음/습기,안개,교차로 - 교차로부근,승용,남,23세,경상,승용,남,27세,중상
2019062800100089,2019년 6월 28일 06시,금요일,전라남도 담양군 봉산면,경상사고,0,0,1,0,차량단독 - 기타,안전운전불이행,건조,맑음,단일로 - 기타,이륜,남,82세,경상,,,,
2019062800100106,2019년 6월 28일 07시,금요일,전라남도 여수시 광무동,중상사고,0,1,0,0,차대사람 - 기타,안전운전불이행,건조,맑음,단일로 - 기타,승용,여,44세,상해없음,보행자,남,86세,중상
2019062800100107,2019년 6월 28일 07시,금요일,전라남도 고흥군 풍양면,경상사고,0,0,1,0,차량단독 - 전도전복 - 전도,안전운전불이행,건조,맑음,단일로 - 기타,화물,남,72세,경상,,,,
2019062800100143,2019년 6월 28일 08시,금요일,전라남도 순천시 덕월동,중상사고,0,1,0,1,차대차 - 측면충돌,교차로운행방법위반,건조,맑음,교차로 - 교차로안,승용,여,45세,부상신고,승용,남,76세,중상
2019062800100167,2019년 6월 28일 09시,금요일,전라남도 완도군 완도읍,중상사고,0,1,0,0,차대사람 - 횡단중,보행자보호의무위반,건조,맑음,단일로 - 기타,승용,여,46세,상해없음,보행자,여,61세,중상
2019062800100207,2019년 6월 28일 10시,금요일,전라남도 목포시 산정동,경상사고,0,0,2,0,차대차 - 기타,교차로운행방법위반,건조,맑음,교차로 - 교차로안,승용,여,24세,경상,승용,여,63세,경상
2019062800100208,2019년 6월 28일 10시,금요일,전라남도 해남군 황산면,사망사고,1,0,0,0,차량단독 - 기타,안전운전불이행,건조,맑음,단일로 - 기타,건설기계,남,64세,사망,,,,
2019062800100209,2019년 6월 28일 10시,금요일,전라남도 강진군 병영면,중상사고,0,1,0,0,차대차 - 정면충돌,직진우회전진행방해,건조,맑음,교차로 - 교차로안,승용,남,25세,상해없음,이륜,남,66세,중상
2019062800100210,2019년 6월 28일 10시,금요일,전라남도 담양군 고서면,경상사고,0,0,1,0,차대차 - 기타,중앙선침범,건조,맑음,단일로 - 기타,승용,남,28세,상해없음,화물,여,38세,경상
2019062800100247,2019년 6월 28일 11시,금요일,전라남도 목포시 옥암동,경상사고,0,0,1,0,차대차 - 기타,안전운전불이행,건조,맑음,교차로 - 교차로안,이륜,남,23세,경상,화물,남,44세,상해없음
2019062800100248,2019년 6월 28일 11시,금요일,전라남도 목포시 옥암동,경상사고,0,0,1,0,차대차 - 측면충돌,교차로운행방법위반,건조,맑음,교차로 - 교차로안,승용,남,20세,상해없음,승용,여,43세,경상
2019062800100249,2019년 6월 28일 11시,금요일,전라남도 순천시 해룡면,경상사고,0,0,2,0,차대차 - 측면충돌,안전운전불이행,건조,맑음,단일로 - 기타,화물,남,58세,상해없음,승용,남,78세,경상
2019062800100250,2019년 6월 28일 11시,금요일,전라남도 순천시 조례동,경상사고,0,0,4,0,차대차 - 측면충돌,교차로운행방법위반,건조,맑음,교차로 - 교차로안,승용,여,52세,상해없음,승용,남,46세,경상
2019062800100251,2019년 6월 28일 11시,금요일,전라남도 광양시 중동,중상사고,0,1,2,0,차대차 - 측면충돌,교차로운행방법위반,건조,맑음,교차로 - 교차로안,화물,남,74세,상해없음,승용,여,60세,경상
2019062800100289,2019년 6월 28일 12시,금요일,전라남도 순천시 풍덕동,경상사고,0,0,1,0,차대차 - 측면충돌,안전운전불이행,건조,맑음,단일로 - 기타,승용,남,37세,상해없음,원동기,남,46세,경상
2019062800100290,2019년 6월 28일 12시,금요일,전라남도 장흥군 장흥읍,경상사고,0,0,1,0,차대차 - 측면충돌,안전운전불이행,건조,맑음,교차로 - 교차로안,승용,여,51세,상해없음,이륜,남,84세,경상
2019062800100291,2019년 6월 28일 12시,금요일,전라남도 고흥군 금산면,중상사고,0,2,1,0,차대차 - 측면충돌,교차로운행방법위반,건조,맑음,교차로 - 교차로안,승용,여,61세,경상,승용,여,47세,중상
2019062800100326,2019년 6월 28일 13시,금요일,전라남도 여수시 안산동,경상사고,0,0,1,0,차대차 - 측면충돌,안전운전불이행,건조,맑음,단일로 - 기타,승용,여,58세,상해없음,승용,남,55세,경상
2019062800100327,2019년 6월 28일 13시,금요일,전라남도 무안군 현경면,사망사고,1,0,0,0,차량단독 - 공작물충돌,안전운전불이행,건조,맑음,단일로 - 기타,승용,남,74세,사망,,,,
2019062800100352,2019년 6월 28일 14시,금요일,전라남도 장흥군 장흥읍,경상사고,0,0,1,0,차대사람 - 횡단중,안전운전불이행,건조,맑음,교차로 - 교차로안,승용,남,43세,상해없음,보행자,여,73세,경상
2019062800100353,2019년 6월 28일 14시,금요일,전라남도 광양시 중군동,경상사고,0,0,1,0,차량단독 - 공작물충돌,안전운전불이행,건조,맑음,단일로 - 기타,승용,여,69세,경상,,,,