사고번호,사고일시,요일,시군구,사고내용,사망자수,중상자수,경상자수,부상신고자수,사고유형,법규위반,노면상태,기상상태,도로형태,가해운전자 차종,가해운전자 성별,가해운전자 연령,가해운전자 상해정도,피해운전자 차종,피해운전자 성별,피해운전자 연령,피해운전자 상해정도
2019070300100223,2019년 7월 3일 11시,수요일,전라남도 곡성군 삼기면,중상사고,0,1,1,0,차대차 - 측면충돌,불법유턴,건조,맑음,단일로 - 기타,승용,남,67세,경상,승용,여,59세,중상
2019070300100224,2019년 7월 3일 11시,수요일,전라남도 곡성군 목사동면,경상사고,0,0,1,0,차대차 - 기타,안전운전불이행,건조,맑음,단일로 - 기타,승용,남,73세,상해없음,승용,여,63세,경상
2019070300100251,2019년 7월 3일 12시,수요일,전라남도 신안군 지도읍,중상사고,0,1,0,0,차량단독 - 기타,안전운전불이행,건조,맑음,단일로 - 기타,이륜,남,85세,중상,,,,
2019070300100281,2019년 7월 3일 13시,수요일,전라남도 여수시 봉산동,경상사고,0,0,1,0,차대차 - 측면충돌,교차로운행방법위반,건조,맑음,교차로 - 교차로안,화물,남,41세,상해없음,승용,남,67세,경상
2019070300100321,2019년 7월 3일 14시,수요일,전라남도 목포시 옥암동,경상사고,0,0,2,0,차대차 - 측면충돌,안전운전불이행,건조,맑음,교차로 - 교차로안,화물,남,49세,상해없음,승용,여,67세,경상
2019070300100322,2019년 7월 3일 14시,수요일,전라남도 영암군 학산면,경상사고,0,0,2,0,차대차 - 측면충돌,안전운전불이행,건조,맑음,단일로 - 기타,화물,남,72세,상해없음,승용,남,41세,경상
2019070300100356,2019년 7월 3일 15시,수요일,전라남도 목포시 상동,경상사고,0,0,2,0,차대차 - 측면충돌,안전운전불이행,건조,맑음,단일로 - 기타,승용,남,60세,상해없음,기타불명,기타불명,미분류,기타불명
2019070300100392,2019년 7월 3일 16시,수요일,전라남도 순천시 해룡면,경상사고,0,0,1,0,차대차 - 기타,안전거리미확보,건조,맑음,교차로 - 교차로안,승용,여,57세,상해없음,승용,남,46세,경상
2019070300100439,2019년 7월 3일 17시,수요일,전라남도 장흥군 안양면,경상사고,0,0,2,0,차대차 - 측면충돌,안전운전불이행,건조,맑음,단일로 - 기타,승용,남,50세,경상,승용,남,61세,경상
2019070300100440,2019년 7월 3일 17시,수요일,전라남도 화순군 도암면,중상사고,0,1,0,0,차대차 - 측면충돌,안전운전불이행,건조,맑음,단일로 - 기타,승용,남,61세,상해없음,이륜,남,77세,중상
2019070300100496,2019년 7월 3일 18시,수요일,전라남도 목포시 산정동,중상사고,0,1,1,0,차대사람 - 기타,보행자보호의무위반,건조,맑음,단일로 - 기타,승용,남,79세,상해없음,보행자,여,15세,중상
2019070300100497,2019년 7월 3일 18시,수요일,전라남도 광양시 금호동,경상사고,0,0,1,0,차대차 - 측면충돌,중앙선침범,건조,맑음,단일로 - 기타,승용,남,27세,상해없음,승용,남,48세,경상
2019070300100544,2019년 7월 3일 20시,수요일,전라남도 무안군 몽탄면,경상사고,0,0,2,0,차대차 - 기타,신호위반,건조,맑음,단일로 - 기타,승용,남,51세,상해없음,승용,남,32세,경상
2019070300100545,2019년 7월 3일 20시,수요일,전라남도 목포시 상동,경상사고,0,0,1,0,차대차 - 측면충돌,차로위반,건조,맑음,단일로 - 기타,승용,남,54세,상해없음,이륜,남,25세,경상
2019070300100546,2019년 7월 3일 20시,수요일,전라남도 목포시 용당동,중상사고,0,1,1,0,차대차 - 측면충돌,신호위반,건조,맑음,교차로 - 교차로안,승용,남,31세,상해없음,승용,남,39세,경상
2019070300100547,2019년 7월 3일 20시,수요일,전라남도 순천시 덕월동,경상사고,0,0,1,0,차대차 - 측면충돌,안전운전불이행,건조,맑음,단일로 - 기타,이륜,남,37세,경상,승용,남,68세,상해없음
2019070300100548,2019년 7월 3일 20시,수요일,전라남도 강진군 강진읍,중상사고,0,1,0,0,차대차 - 추돌,안전운전불이행,건조,맑음,단일로 - 기타,승용,남,48세,상해없음,자전거,여,55세,중상
2019070300100576,2019년 7월 3일 21시,수요일,전라남도 목포시 옥암동,경상사고,0,0,6,0,차대차 - 측면충돌,안전운전불이행,건조,맑음,교차로 - 교차로안,승용,남,23세,상해없음,승용,남,44세,경상
2019070300100577,2019년 7월 3일 21시,수요일,전라남도 여수시 웅천동,경상사고,0,0,1,0,차대차 - 측면충돌,차로위반,건조,맑음,교차로 - 교차로부근,승용,남,64세,상해없음,승용,남,38세,경상
2019070400100053,2019년 7월 4일 03시,목요일,전라남도 여수시 서교동,경상사고,0,0,1,0,차대사람 - 횡단중,보행자보호의무위반,건조,맑음,교차로 - 교차로횡단보도내,화물,남,70세,상해없음,보행자,여,66세,경상
2019070400100097,2019년 7월 4일 07시,목요일,전라남도 영암군 삼호읍,경상사고,0,0,1,0,차대차 - 측면충돌,안전운전불이행,건조,맑음,교차로 - 교차로안,승용,여,30세,경상,기타불명,기타불명,미분류,기타불명
2019070400100145,2019년 7월 4일 08시,목요일,전라남도 여수시 국동,경상사고,0,0,1,0,차대사람 - 횡단중,안전운전불이행,건조,맑음,단일로 - 기타,승용,남,35세,상해없음,보행자,여,78세,경상
2019070400100146,2019년 7월 4일 08시,목요일,전라남도 여수시 오림동,경상사고,0,0,1,0,차대차 - 측면충돌,신호위반,건조,맑음,교차로 - 교차로안,승용,여,48세,상해없음,승용,남,46세,상해없음
2019070400100147,2019년 7월 4일 08시,목요일,전라남도 광양시 중동,경상사고,0,0,1,0,차대차 - 추돌,차로위반,건조,맑음,교차로 - 교차로부근,승용,남,71세,상해없음,승용,남,32세,경상
2019070400100231,2019년 7월 4일 10시,목요일,전라남도 여수시 문수동,중상사고,0,1,0,0,차대차 - 측면충돌,교차로운행방법위반,건조,맑음,교차로 - 교차로안,승용,남,34세,상해없음,승용,여,68세,중상
2019070400100260,2019년 7월 4일 11시,목요일,전라남도 목포시 축복동1가,경상사고,0,0,2,0,차대차 - 기타,불법유턴,건조,맑음,교차로 - 교차로안,승용,남,77세,상해없음,승용,남,37세,경상
2019070400100261,2019년 7월 4일 11시,목요일,전라남도 보성군 회천면,중상사고,0,1,0,0,차대차 - 측면충돌,안전운전불이행,건조,맑음,단일로 - 기타,특수,남,52세,상해없음,이륜,남,75세,중상
2019070400100285,2019년 7월 4일 12시,목요일,전라남도 완도군 완도읍,중상사고,0,1,1,0,차대차 - 측면충돌,과속,건조,맑음,단일로 - 기타,화물,남,60세,상해없음,사륜오토바이(ATV),남,80세,경상
2019070400100286,2019년 7월 4일 12시,목요일,전라남도 구례군 구례읍,경상사고,0,0,2,0,차대차 - 후진중충돌,불법유턴,건조,맑음,단일로 - 기타,승용,남,56세,상해없음,승용,남,31세,경상
2019070400100329,2019년 7월 4일 13시,목요일,전라남도 목포시 산정동,중상사고,0,1,3,0,차대차 - 측면충돌,신호위반,건조,맑음,단일로 - 기타,승용,남,58세,경상,승용,남,57세,중상
2019070400100330,2019년 7월 4일 13시,목요일,전라남도 순천시 연향동,경상사고,0,0,1,0,차대차 - 측면충돌,신호위반,건조,맑음,교차로 - 교차로안,승용,여,53세,상해없음,승용,남,75세,상해없음
2019070400100363,2019년 7월 4일 14시,목요일,전라남도 해남군 마산면,경상사고,0,0,1,0,차대차 - 측면충돌,중앙선침범,건조,맑음,단일로 - 기타,승용,여,52세,상해없음,승용,남,48세,경상
2019070400100398,2019년 7월 4일 15시,목요일,전라남도 목포시 용당동,경상사고,0,0,1,0,차대차 - 측면충돌,직진우회전진행방해,건조,맑음,교차로 - 교차로안,승용,여,58세,상해없음,승용,여,68세,경상
2019070400100399,2019년 7월 4일 15시,목요일,전라남도 나주시 세지면,경상사고,0,0,1,0,차대차 - 측면충돌,신호위반,건조,맑음,교차로 - 교차로안,화물,남,59세,상해없음,화물,남,64세,경상
2019070400100433,2019년 7월 4일 16시,목요일,전라남도 나주시 세지면,경상사고,0,0,2,0,차대차 - 추돌,안전거리미확보,건조,맑음,단일로 - 기타,화물,남,29세,상해없음,원동기,남,71세,경상
2019070400100434,2019년 7월 4일 16시,목요일,전라남도 고흥군 도양읍,중상사고,0,1,1,0,차대차 - 측면충돌,안전운전불이행,건조,맑음,교차로 - 교차로안,승합,남,43세,상해없음,승합,남,37세,경상
2019070400100435,2019년 7월 4일 16시,목요일,전라남도 함평군 함평읍,중상사고,0,1,0,0,차대사람 - 횡단중,교차로운행방법위반,건조,맑음,교차로 - 교차로안,승용,여,50세,상해없음,보행자,여,78세,중상
2019070400100484,2019년 7월 4일 17시,목요일,전라남도 영암군 삼호읍,부상신고사고,0,0,0,1,차대차 - 정면충돌,안전운전불이행,건조,맑음,교차로 - 교차로부근,이륜,남,56세,부상신고,승용,남,51세,상해없음
2019070400100527,2019년 7월 4일 18시,목요일,전라남도 목포시 명륜동,경상사고,0,0,1,0,차량단독 - 기타,안전운전불이행,건조,맑음,단일로 - 기타,승용,남,57세,경상,,,,
2019070400100528,2019년 7월 4일 18시,목요일,전라남도 여수시 신기동,경상사고,0,0,1,0,차대차 - 정면충돌,신호위반,건조,맑음,교차로 - 교차로안,승용,남,68세,상해없음,원동기,남,28세,경상
2019070400100529,2019년 7월 4일 18시,목요일,전라남도 광양시 금호동,부상신고사고,0,0,0,1,차량단독 - 기타,안전운전불이행,건조,맑음,단일로 - 기타,이륜,남,20세,부상신고,,,,
2019070400100657,2019년 7월 4일 23시,목요일,전라남도 광양시 중동,경상사고,0,0,2,0,차대차 - 추돌,교차로운행방법위반,건조,맑음,교차로 - 교차로안,승용,여,26세,상해없음,승용,남,50세,경상
2019070500100057,2019년 7월 5일 03시,금요일,전라남도 순천시 조곡동,중상사고,0,1,0,0,차대사람 - 횡단중,보행자보호의무위반,건조,맑음,단일로 - 기타,승용,남,48세,상해없음,보행자,여,50세,중상
2019070500100065,2019년 7월 5일 04시,금요일,전라남도 목포시 해안동1가,경상사고,0,0,1,0,차대차 - 측면충돌,교차로운행방법위반,건조,맑음,교차로 - 교차로안,승용,여,51세,상해없음,승용,남,38세,경상
2019070500100107,2019년 7월 5일 07시,금요일,전라남도 나주시 송월동,경상사고,0,0,3,0,차대차 - 측면충돌,직진우회전진행방해,건조,맑음,교차로 - 교차로부근,승합,남,61세,경상,화물,남,50세,경상
2019070500100148,2019년 7월 5일 08시,금요일,전라남도 목포시 옥암동,경상사고,0,0,2,0,차대차 - 추돌,안전운전불이행,건조,맑음,단일로 - 기타,승용,여,44세,경상,승용,여,25세,경상
2019070500100149,2019년 7월 5일 08시,금요일,전라남도 목포시 호남동,경상사고,0,0,1,0,차대차 - 측면충돌,안전운전불이행,건조,맑음,단일로 - 기타,승용,남,43세,상해없음,승용,여,25세,경상
2019070500100150,2019년 7월 5일 08시,금요일,전라남도 여수시 신기동,경상사고,0,0,2,0,차대차 - 측면충돌,교차로운행방법위반,건조,맑음,교차로 - 교차로안,화물,남,59세,상해없음,승용,남,62세,상해없음
2019070500100151,2019년 7월 5일 08시,금요일,전라남도 무안군 무안읍,경상사고,0,0,1,0,차대차 - 추돌,교차로운행방법위반,건조,맑음,교차로 - 교차로안,승합,남,39세,상해없음,승용,남,48세,경상
2019070500100152,2019년 7월 5일 08시,금요일,전라남도 진도군 진도읍,경상사고,0,0,2,0,차대차 - 측면충돌,차로위반,건조,맑음,단일로 - 기타,승용,여,62세,경상,승용,여,64세,경상
2019070500100153,2019년 7월 5일 08시,금요일,전라남도 광양시 태인동,중상사고,0,2,0,0,차대차 - 측면충돌,신호위반,건조,맑음,교차로 - 교차로안,승용,남,29세,중상,건설기계,남,57세,중상
2019070500100195,2019년 7월 5일 09시,금요일,전라남도 장성군 삼계면,경상사고,0,0,1,0,차대차 - 추돌,안전운전불이행,건조,맑음,단일로 - 기타,화물,남,71세,상해없음,승용,여,35세,경상
2019070500100196,2019년 7월 5일 09시,금요일,전라남도 완도군 완도읍,경상사고,0,0,2,0,차대차 - 측면충돌,안전운전불이행,건조,맑음,교차로 - 교차로안,승용,남,81세,상해없음,화물,남,78세,경상
2019070500100197,2019년 7월 5일 09시,금요일,전라남도 무안군 현경면,중상사고,0,1,0,0,차대사람 - 기타,안전운전불이행,건조,맑음,단일로 - 기타,승용,여,56세,상해없음,보행자,여,77세,중상
2019070500100221,2019년 7월 5일 10시,금요일,전라남도 완도군 완도읍,경상사고,0,0,1,0,차대사람 - 기타,안전운전불이행,건조,맑음,단일로 - 기타,화물,남,50세,상해없음,보행자,남,63세,경상
2019070500100245,2019년 7월 5일 11시,금요일,전라남도 목포시 상동,경상사고,0,0,2,0,차대차 - 측면충돌,교차로운행방법위반,건조,맑음,교차로 - 교차로안,승용,남,40세,상해없음,승용,남,21세,경상
2019070500100246,2019년 7월 5일 11시,금요일,전라남도 순천시 해룡면,경상사고,0,0,1,0,차대차 - 기타,차로위반,건조,맑음,단일로 - 기타,화물,남,54세,상해없음,승용,남,34세,경상
2019070500100247,2019년 7월 5일 11시,금요일,전라남도 함평군 월야면,경상사고,0,0,2,0,차대차 - 측면충돌,직진우회전진행방해,건조,맑음,교차로 - 교차로안,농기계,남,79세,경상,승용,남,76세,상해없음
2019070500100248,2019년 7월 5일 11시,금요일,전라남도 영암군 도포면,경상사고,0,0,1,0,차대차 - 측면충돌,교차로운행방법위반,건조,맑음,교차로 - 교차로안,승용,여,49세,상해없음,화물,남,64세,경상
2019070500100288,2019년 7월 5일 12시,금요일,전라남도 곡성군 죽곡면,중상사고,0,1,1,0,차대차 - 정면충돌,중앙선침범,건조,맑음,단일로 - 기타,승합,여,39세,경상,승용,남,64세,중상
2019070500100323,2019년 7월 5일 13시,금요일,전라남도 목포시 상동,경상사고,0,0,1,0,차대차 - 기타,안전운전불이행,건조,맑음,단일로 - 기타,화물,남,66세,상해없음,승용,여,59세,경상
2019070500100324,2019년 7월 5일 13시,금요일,전라남도 나주시 동강면,경상사고,0,0,1,0,차대차 - 측면충돌,신호위반,건조,맑음,교차로 - 교차로안,승합,남,50세,상해없음,승용,남,65세,경상
2019070500100325,2019년 7월 5일 13시,금요일,전라남도 해남군 해남읍,경상사고,0,0,2,0,차대차 - 측면충돌,교차로운행방법위반,건조,맑음,교차로 - 교차로안,승용,여,26세,경상,승용,남,76세,경상
2019070500100357,2019년 7월 5일 14시,금요일,전라남도 고흥군 고흥읍,중상사고,0,1,0,0,차대차 - 기타,교차로운행방법위반,건조,맑음,교차로 - 교차로안,승용,남,56세,상해없음,이륜,여,59세,중상
2019070500100390,2019년 7월 5일 15시,금요일,전라남도 목포시 옥암동,경상사고,0,0,2,0,차대차 - 측면충돌,교차로운행방법위반,건조,맑음,교차로 - 교차로안,승용,남,23세,경상,승용,남,46세,상해없음
2019070500100391,2019년 7월 5일 15시,금요일,전라남도 목포시 달동,경상사고,0,0,2,0,차대차 - 측면충돌,교차로운행방법위반,건조,맑음,교차로 - 교차로안,승용,여,49세,상해없음,특수,남,56세,경상
2019070500100392,2019년 7월 5일 15시,금요일,전라남도 영광군 영광읍,경상사고,0,0,2,0,차대차 - 측면충돌,안전거리미확보,건조,맑음,단일로 - 기타,승용,여,35세,경상,승용,여,54세,경상
2019070500100444,2019년 7월 5일 16시,금요일,전라남도 나주시 금천면,사망사고,1,0,0,0,차량단독 - 전도전복 - 전도,안전운전불이행,건조,맑음,단일로 - 기타,건설기계,남,59세,사망,,,,
2019070500100445,2019년 7월 5일 16시,금요일,전라남도 고흥군 도양읍,경상사고,0,0,1,0,차대차 - 측면충돌,안전운전불이행,건조,맑음,단일로 - 기타,승용,남,58세,상해없음,승합,남,57세,경상
2019070500100490,2019년 7월 5일 17시,금요일,전라남도 장흥군 장평면,경상사고,0,0,2,0,차대차 - 측면충돌,중앙선침범,건조,맑음,단일로 - 기타,승용,여,19세,경상,승용,남,22세,상해없음
2019070500100544,2019년 7월 5일 18시,금요일,전라남도 화순군 화순읍,중상사고,0,1,0,0,차대차 - 기타,불법유턴,건조,맑음,단일로 - 기타,기타불명,여,60세,중상,승합,남,37세,상해없음
2019070500100545,2019년 7월 5일 18시,금요일,전라남도 무안군 삼향읍,경상사고,0,0,1,0,차대차 - 측면충돌,안전운전불이행,건조,맑음,교차로 - 교차로부근,승용,남,32세,상해없음,이륜,남,19세,경상
2019070500100591,2019년 7월 5일 19시,금요일,전라남도 순천시 해룡면,경상사고,0,0,1,0,차대차 - 측면충돌,안전운전불이행,건조,맑음,교차로 - 교차로안,이륜,남,18세,상해없음,승용,여,35세,상해없음
2019070500100695,2019년 7월 5일 23시,금요일,전라남도 무안군 삼향읍,경상사고,0,0,1,0,차대차 - 추돌,안전운전불이행,건조,흐림,단일로 - 기타,승용,남,23세,상해없음,승용,남,27세,상해없음
2019070600100061,2019년 7월 6일 01시,토요일,전라남도 목포시 산정동,경상사고,0,0,1,0,차대사람 - 기타,안전운전불이행,건조,맑음,단일로 - 기타,승용,여,41세,상해없음,보행자,남,26세,경상
2019070600100062,2019년 7월 6일 01시,토요일,전라남도 순천시 풍덕동,경상사고,0,0,1,0,차대차 - 측면충돌,교차로운행방법위반,건조,맑음,교차로 - 교차로안,승용,남,64세,상해없음,화물,남,43세,경상
2019070600100063,2019년 7월 6일 01시,토요일,전라남도 광양시 광양읍,경상사고,0,0,2,0,차대차 - 추돌,안전운전불이행,건조,맑음,교차로 - 교차로안,승용,남,27세,상해없음,승용,남,47세,경상
2019070600100074,2019년 7월 6일 02시,토요일,전라남도 순천시 풍덕동,중상사고,0,1,0,0,차대사람 - 기타,안전운전불이행,건조,맑음,교차로 - 교차로안,승합,남,50세,상해없음,보행자,남,28세,중상
2019070600100075,2019년 7월 6일 02시,토요일,전라남도 장성군 남면,경상사고,0,0,2,0,차대차 - 추돌,안전운전불이행,건조,맑음,단일로 - 기타,승용,여,28세,경상,화물,남,52세,경상
2019070600100148,2019년 7월 6일 07시,토요일,전라남도 여수시 평여동,경상사고,0,0,1,0,차대차 - 측면충돌,안전운전불이행,건조,맑음,단일로 - 터널,승용,남,70세,상해없음,화물,남,40세,경상
2019070600100149,2019년 7월 6일 07시,토요일,전라남도 순천시 오천동,경상사고,0,0,2,0,차대차 - 측면충돌,신호위반,건조,맑음,교차로 - 교차로안,승용,여,46세,상해없음,승용,남,56세,상해없음
2019070600100175,2019년 7월 6일 08시,토요일,전라남도 고흥군 고흥읍,경상사고,0,0,1,0,차대차 - 측면충돌,안전운전불이행,건조,맑음,교차로 - 교차로안,자전거,남,64세,경상,승용,남,74세,상해없음
2019070600100194,2019년 7월 6일 09시,토요일,전라남도 강진군 강진읍,중상사고,0,1,0,0,차대차 - 기타,기타,건조,맑음,교차로 - 교차로안,자전거,남,8세,중상,승용,여,49세,상해없음
2019070600100195,2019년 7월 6일 09시,토요일,전라남도 완도군 노화읍,경상사고,0,0,1,0,차대사람 - 횡단중,안전운전불이행,건조,맑음,교차로 - 교차로안,승용,여,53세,상해없음,보행자,여,42세,경상
2019070600100196,2019년 7월 6일 09시,토요일,전라남도 광양시 중동,경상사고,0,0,1,0,차대차 - 기타,안전거리미확보,건조,맑음,단일로 - 기타,승용,남,41세,상해없음,승용,남,56세,경상
2019070600100226,2019년 7월 6일 10시,토요일,전라남도 여수시 중흥동,경상사고,0,0,2,0,차대차 - 측면충돌,교차로운행방법위반,건조,맑음,교차로 - 교차로안,건설기계,남,60세,경상,화물,남,44세,경상
2019070600100227,2019년 7월 6일 10시,토요일,전라남도 순천시 연향동,경상사고,0,0,2,0,차대차 - 측면충돌,직진우회전진행방해,건조,맑음,교차로 - 교차로안,승용,남,57세,경상,승용,남,50세,경상
2019070600100265,2019년 7월 6일 11시,토요일,전라남도 광양시 중동,중상사고,0,1,0,0,차대사람 - 기타,안전운전불이행,건조,맑음,기타 - 기타,승용,여,58세,상해없음,보행자,여,55세,중상
2019070600100319,2019년 7월 6일 12시,토요일,전라남도 여수시 화양면,경상사고,0,0,4,0,차대차 - 정면충돌,신호위반,건조,맑음,교차로 - 교차로안,승용,남,64세,상해없음,승용,남,52세,경상
2019070600100364,2019년 7월 6일 13시,토요일,전라남도 여수시 문수동,부상신고사고,0,0,0,1,차대차 - 측면충돌,중앙선침범,건조,맑음,단일로 - 기타,이륜,남,27세,부상신고,화물,남,49세,상해없음
2019070600100404,2019년 7월 6일 14시,토요일,전라남도 목포시 상동,경상사고,0,0,1,0,차대차 - 측면충돌,차로위반,건조,맑음,단일로 - 기타,승용,남,47세,상해없음,승용,남,49세,경상
2019070600100405,2019년 7월 6일 14시,토요일,전라남도 순천시 덕암동,경상사고,0,0,1,0,차대차 - 측면충돌,교차로운행방법위반,건조,맑음,교차로 - 교차로안,승용,남,30세,상해없음,원동기,남,56세,경상
2019070600100406,2019년 7월 6일 14시,토요일,전라남도 순천시 연향동,경상사고,0,0,1,0,차대차 - 기타,안전운전불이행,건조,맑음,교차로 - 교차로부근,승용,남,50세,상해없음,승용,여,50세,경상
2019070600100407,2019년 7월 6일 14시,토요일,전라남도 고흥군 도양읍,중상사고,0,2,3,0,차대차 - 측면충돌,중앙선침범,건조,맑음,단일로 - 기타,승용,여,48세,상해없음,승용,남,77세,중상
2019070600100445,2019년 7월 6일 15시,토요일,전라남도 목포시 동명동,경상사고,0,0,2,0,차대차 - 측면충돌,안전운전불이행,건조,맑음,교차로 - 교차로안,화물,남,68세,상해없음,승용,여,56세,경상
2019070600100446,2019년 7월 6일 15시,토요일,전라남도 나주시 빛가람동,중상사고,0,1,0,0,차대차 - 측면충돌,직진우회전진행방해,건조,맑음,교차로 - 교차로안,화물,여,54세,상해없음,이륜,남,42세,중상
2019070600100489,2019년 7월 6일 16시,토요일,전라남도 여수시 여서동,경상사고,0,0,2,0,차대차 - 추돌,안전운전불이행,건조,맑음,단일로 - 기타,승용,여,68세,상해없음,승용,여,31세,경상
2019070600100490,2019년 7월 6일 16시,토요일,전라남도 무안군 운남면,중상사고,0,1,1,0,차대차 - 측면충돌,신호위반,건조,맑음,교차로 - 교차로안,승용,남,36세,경상,화물,남,59세,중상
2019070600100532,2019년 7월 6일 17시,토요일,전라남도 나주시 남평읍,경상사고,0,0,2,0,차대차 - 측면충돌,안전운전불이행,건조,맑음,단일로 - 기타,승용,남,47세,경상,승용,남,48세,기타불명
2019070600100568,2019년 7월 6일 18시,토요일,전라남도 순천시 연향동,경상사고,0,0,2,0,차대차 - 측면충돌,안전운전불이행,건조,맑음,교차로 - 교차로안,자전거,남,42세,경상,자전거,남,57세,경상
2019070600100623,2019년 7월 6일 20시,토요일,전라남도 목포시 상동,경상사고,0,0,1,0,차대차 - 측면충돌,안전운전불이행,건조,맑음,단일로 - 기타,화물,남,67세,상해없음,승용,남,40세,경상
2019070600100624,2019년 7월 6일 20시,토요일,전라남도 목포시 옥암동,경상사고,0,0,4,0,차대차 - 측면충돌,안전운전불이행,건조,맑음,교차로 - 교차로안,승용,남,46세,상해없음,승용,남,36세,경상
2019070600100625,2019년 7월 6일 20시,토요일,전라남도 나주시 빛가람동,경상사고,0,0,1,0,차대사람 - 횡단중,신호위반,건조,맑음,교차로 - 교차로횡단보도내,승용,남,38세,상해없음,보행자,남,9세,경상
2019070700100042,2019년 7월 7일 01시,일요일,전라남도 여수시 여서동,경상사고,0,0,1,0,차대차 - 기타,교차로운행방법위반,건조,맑음,단일로 - 기타,승용,여,48세,기타불명,승용,남,59세,상해없음
2019070700100052,2019년 7월 7일 02시,일요일,전라남도 해남군 계곡면,경상사고,0,0,2,0,차대사람 - 기타,안전운전불이행,건조,맑음,기타 - 기타,승용,여,58세,상해없음,보행자,남,41세,경상
2019070700100053,2019년 7월 7일 02시,일요일,전라남도 영광군 염산면,경상사고,0,0,1,0,차대차 - 측면충돌,안전운전불이행,건조,맑음,교차로 - 교차로안,자전거,남,82세,경상,승용,남,72세,상해없음
2019070700100063,2019년 7월 7일 03시,일요일,전라남도 목포시 옥암동,경상사고,0,0,3,0,차대차 - 기타,안전운전불이행,건조,맑음,단일로 - 기타,승용,남,21세,상해없음,승용,남,54세,경상
2019070700100112,2019년 7월 7일 08시,일요일,전라남도 여수시 신기동,경상사고,0,0,1,0,차대차 - 측면충돌,중앙선침범,건조,맑음,단일로 - 기타,승용,남,51세,상해없음,승용,남,52세,경상
2019070700100150,2019년 7월 7일 10시,일요일,전라남도 담양군 봉산면,중상사고,0,1,6,0,차대차 - 측면충돌,교차로운행방법위반,건조,맑음,교차로 - 교차로안,화물,남,49세,경상,승합,남,61세,경상
2019070700100168,2019년 7월 7일 11시,일요일,전라남도 해남군 해남읍,경상사고,0,0,1,0,차대차 - 정면충돌,안전운전불이행,건조,맑음,교차로 - 교차로안,이륜,남,21세,경상,승용,남,67세,상해없음
2019070700100169,2019년 7월 7일 11시,일요일,전라남도 함평군 학교면,중상사고,0,1,3,0,차대차 - 측면충돌,안전운전불이행,건조,맑음,교차로 - 교차로안,승용,남,48세,경상,승합,여,45세,경상
2019070700100170,2019년 7월 7일 11시,일요일,전라남도 장성군 북이면,사망사고,1,0,0,0,차량단독 - 기타,안전운전불이행,건조,맑음,단일로 - 기타,이륜,남,34세,사망,,,,
2019070700100171,2019년 7월 7일 11시,일요일,전라남도 광양시 마동,중상사고,0,1,0,0,차대차 - 추돌,안전거리미확보,건조,맑음,단일로 - 교량,승용,여,31세,기타불명,승용,남,43세,중상
2019070700100226,2019년 7월 7일 13시,일요일,전라남도 순천시 낙안면,경상사고,0,0,1,0,차대차 - 기타,안전운전불이행,건조,맑음,교차로 - 교차로안,승용,남,55세,상해없음,승용,남,67세,경상
2019070700100227,2019년 7월 7일 13시,일요일,전라남도 고흥군 남양면,중상사고,0,1,0,0,차대차 - 측면충돌,중앙선침범,건조,맑음,단일로 - 기타,승용,남,59세,상해없음,이륜,남,39세,중상
2019070700100296,2019년 7월 7일 15시,일요일,전라남도 해남군 해남읍,경상사고,0,0,1,0,차대차 - 측면충돌,안전운전불이행,건조,맑음,단일로 - 기타,승용,여,43세,상해없음,자전거,남,80세,경상
2019070700100342,2019년 7월 7일 16시,일요일,전라남도 순천시 조례동,경상사고,0,0,1,0,차대사람 - 횡단중,기타,건조,맑음,단일로 - 기타,승용,남,45세,상해없음,보행자,남,8세,경상
2019070700100343,2019년 7월 7일 16시,일요일,전라남도 화순군 도암면,중상사고,0,1,0,0,차대차 - 측면충돌,안전운전불이행,건조,흐림,단일로 - 기타,이륜,남,49세,상해없음,농기계,남,81세,중상
2019070700100378,2019년 7월 7일 17시,일요일,전라남도 광양시 중동,경상사고,0,0,1,0,차대차 - 측면충돌,교차로운행방법위반,건조,맑음,교차로 - 교차로안,승용,남,58세,상해없음,승용,여,52세,경상
2019070700100427,2019년 7월 7일 19시,일요일,전라남도 강진군 도암면,경상사고,0,0,2,0,차대차 - 기타,안전운전불이행,건조,맑음,교차로 - 교차로안,승용,남,58세,상해없음,승용,남,55세,경상
2019070700100444,2019년 7월 7일 20시,일요일,전라남도 순천시 해룡면,중상사고,0,1,0,0,차대차 - 기타,중앙선침범,건조,맑음,단일로 - 기타,화물,남,69세,상해없음,자전거,남,15세,중상
2019070700100470,2019년 7월 7일 21시,일요일,전라남도 영광군 영광읍,경상사고,0,0,2,0,차대차 - 측면충돌,직진우회전진행방해,건조,맑음,교차로 - 교차로안,승용,남,18세,상해없음,승용,남,32세,경상
2019070700100508,2019년 7월 7일 23시,일요일,전라남도 여수시 소호동,경상사고,0,0,4,0,차대차 - 측면충돌,기타,건조,맑음,단일로 - 기타,승용,남,35세,경상,승용,여,55세,경상
2019070800100027,2019년 7월 8일 00시,월요일,전라남도 순천시 조례동,경상사고,0,0,2,0,차대차 - 기타,안전운전불이행,젖음/습기,비,교차로 - 교차로안,승용,남,23세,상해없음,승용,남,59세,경상