사고번호,사고일시,요일,시군구,사고내용,사망자수,중상자수,경상자수,부상신고자수,사고유형,법규위반,노면상태,기상상태,도로형태,가해운전자 차종,가해운전자 성별,가해운전자 연령,가해운전자 상해정도,피해운전자 차종,피해운전자 성별,피해운전자 연령,피해운전자 상해정도
2019071200100447,2019년 7월 12일 16시,금요일,전라남도 장흥군 장흥읍,경상사고,0,0,1,0,차대차 - 측면충돌,신호위반,건조,맑음,교차로 - 교차로안,이륜,남,77세,경상,화물,남,63세,상해없음
2019071200100563,2019년 7월 12일 18시,금요일,전라남도 순천시 서면,경상사고,0,0,1,0,차대차 - 정면충돌,중앙선침범,건조,맑음,단일로 - 기타,승용,남,28세,상해없음,승용,남,38세,경상
2019071200100564,2019년 7월 12일 18시,금요일,전라남도 광양시 광양읍,경상사고,0,0,1,0,차대사람 - 기타,안전운전불이행,젖음/습기,비,단일로 - 기타,승용,남,24세,상해없음,보행자,남,47세,경상
2019071200100613,2019년 7월 12일 19시,금요일,전라남도 영광군 영광읍,경상사고,0,0,1,0,차대사람 - 횡단중,안전운전불이행,건조,맑음,교차로 - 교차로안,승용,남,57세,상해없음,보행자,여,64세,경상
2019071200100640,2019년 7월 12일 20시,금요일,전라남도 목포시 죽교동,경상사고,0,0,1,0,차대차 - 측면충돌,안전운전불이행,건조,맑음,단일로 - 기타,승용,남,49세,상해없음,이륜,남,25세,경상
2019071200100695,2019년 7월 12일 22시,금요일,전라남도 여수시 신기동,경상사고,0,0,1,0,차대차 - 측면충돌,신호위반,건조,맑음,교차로 - 교차로안,승합,남,64세,상해없음,승용,남,61세,경상
2019071200100696,2019년 7월 12일 22시,금요일,전라남도 여수시 봉계동,경상사고,0,0,1,0,차대사람 - 횡단중,보행자보호의무위반,건조,맑음,교차로 - 교차로횡단보도내,기타불명,기타불명,미분류,기타불명,보행자,남,13세,경상
2019071300100047,2019년 7월 13일 01시,토요일,전라남도 여수시 학동,경상사고,0,0,1,0,차대사람 - 기타,안전운전불이행,건조,맑음,단일로 - 기타,승용,남,37세,상해없음,보행자,남,39세,경상
2019071300100048,2019년 7월 13일 01시,토요일,전라남도 순천시 와룡동,중상사고,0,2,1,0,차대사람 - 기타,안전운전불이행,건조,맑음,단일로 - 기타,이륜,남,63세,중상,보행자,여,58세,중상
2019071300100097,2019년 7월 13일 06시,토요일,전라남도 나주시 왕곡면,중상사고,0,1,1,0,차대차 - 측면충돌,신호위반,건조,맑음,교차로 - 교차로안,승용,남,63세,중상,승용,남,38세,경상
2019071300100108,2019년 7월 13일 07시,토요일,전라남도 순천시 해룡면,경상사고,0,0,1,0,차대차 - 추돌,안전운전불이행,건조,맑음,교차로 - 교차로부근,화물,남,59세,상해없음,승용,남,57세,경상
2019071300100128,2019년 7월 13일 08시,토요일,전라남도 순천시 남정동,경상사고,0,0,1,0,차대차 - 추돌,안전운전불이행,젖음/습기,흐림,교차로 - 교차로부근,기타불명,기타불명,미분류,기타불명,승용,여,39세,경상
2019071300100143,2019년 7월 13일 09시,토요일,전라남도 여수시 화치동,중상사고,0,1,0,0,차대차 - 정면충돌,신호위반,건조,맑음,교차로 - 교차로안,승용,남,57세,상해없음,승용,남,51세,중상
2019071300100172,2019년 7월 13일 10시,토요일,전라남도 고흥군 포두면,중상사고,0,2,1,0,차대차 - 측면충돌,교차로운행방법위반,건조,맑음,교차로 - 교차로안,승용,여,26세,경상,화물,남,66세,중상
2019071300100173,2019년 7월 13일 10시,토요일,전라남도 보성군 득량면,중상사고,0,1,0,0,차량단독 - 기타,안전운전불이행,젖음/습기,비,단일로 - 기타,승용,남,71세,중상,,,,
2019071300100174,2019년 7월 13일 10시,토요일,전라남도 담양군 수북면,경상사고,0,0,3,0,차대차 - 추돌,안전운전불이행,건조,맑음,교차로 - 교차로부근,화물,여,47세,경상,승용,남,41세,경상
2019071300100249,2019년 7월 13일 12시,토요일,전라남도 목포시 산정동,경상사고,0,0,1,0,차대차 - 측면충돌,안전운전불이행,건조,맑음,단일로 - 기타,승용,남,34세,상해없음,승용,여,44세,경상
2019071300100360,2019년 7월 13일 15시,토요일,전라남도 목포시 산정동,중상사고,0,1,0,0,차대차 - 측면충돌,교차로운행방법위반,건조,맑음,교차로 - 교차로안,승용,여,54세,상해없음,이륜,남,25세,중상
2019071300100361,2019년 7월 13일 15시,토요일,전라남도 목포시 상동,경상사고,0,0,1,0,차대차 - 기타,교차로운행방법위반,건조,맑음,교차로 - 교차로안,승용,남,63세,상해없음,화물,남,60세,경상
2019071300100362,2019년 7월 13일 15시,토요일,전라남도 영암군 삼호읍,중상사고,0,2,0,0,차대차 - 정면충돌,안전운전불이행,건조,맑음,교차로 - 교차로안,화물,남,50세,중상,승용,남,50세,중상
2019071300100398,2019년 7월 13일 16시,토요일,전라남도 목포시 상동,경상사고,0,0,1,0,차대차 - 측면충돌,신호위반,건조,맑음,교차로 - 교차로안,승용,남,63세,상해없음,이륜,남,44세,경상
2019071300100399,2019년 7월 13일 16시,토요일,전라남도 순천시 해룡면,경상사고,0,0,1,0,차대차 - 기타,신호위반,건조,맑음,교차로 - 교차로안,승용,남,63세,상해없음,승합,여,43세,경상
2019071300100400,2019년 7월 13일 16시,토요일,전라남도 함평군 함평읍,사망사고,1,0,0,0,차대차 - 측면충돌,중앙선침범,건조,맑음,단일로 - 기타,화물,남,43세,상해없음,이륜,남,45세,사망
2019071300100432,2019년 7월 13일 17시,토요일,전라남도 목포시 연산동,중상사고,0,1,3,0,차대차 - 기타,안전운전불이행,건조,맑음,단일로 - 기타,승용,여,37세,경상,승용,여,44세,경상
2019071300100474,2019년 7월 13일 18시,토요일,전라남도 순천시 조곡동,경상사고,0,0,1,0,차대차 - 추돌,안전운전불이행,건조,맑음,단일로 - 기타,이륜,남,29세,경상,승용,남,49세,상해없음
2019071300100475,2019년 7월 13일 18시,토요일,전라남도 영암군 학산면,경상사고,0,0,8,0,차대차 - 측면충돌,안전운전불이행,건조,맑음,교차로 - 교차로안,화물,남,81세,상해없음,승합,남,50세,경상
2019071300100575,2019년 7월 13일 22시,토요일,전라남도 순천시 덕월동,중상사고,0,1,0,0,차대차 - 측면충돌,신호위반,건조,맑음,교차로 - 교차로안,승용,남,46세,상해없음,승용,남,56세,중상
2019071300100576,2019년 7월 13일 22시,토요일,전라남도 광양시 중동,중상사고,0,1,1,0,차대차 - 측면충돌,직진우회전진행방해,건조,맑음,교차로 - 교차로안,승용,남,41세,상해없음,승용,남,59세,경상
2019071400100029,2019년 7월 14일 00시,일요일,전라남도 순천시 조례동,경상사고,0,0,1,0,차대사람 - 횡단중,보행자보호의무위반,건조,맑음,교차로 - 교차로횡단보도내,승용,남,25세,상해없음,보행자,여,24세,경상
2019071400100045,2019년 7월 14일 01시,일요일,전라남도 무안군 망운면,사망사고,1,0,0,0,차량단독 - 공작물충돌,안전운전불이행,건조,흐림,단일로 - 기타,화물,남,61세,사망,,,,
2019071400100099,2019년 7월 14일 07시,일요일,전라남도 여수시 교동,중상사고,0,1,0,0,차대사람 - 기타,안전운전불이행,건조,맑음,교차로 - 교차로부근,기타불명,기타불명,미분류,기타불명,보행자,여,76세,중상
2019071400100133,2019년 7월 14일 09시,일요일,전라남도 광양시 진상면,경상사고,0,0,2,1,차대차 - 측면충돌,직진우회전진행방해,건조,맑음,교차로 - 교차로안,화물,남,49세,부상신고,승용,남,52세,경상
2019071400100151,2019년 7월 14일 10시,일요일,전라남도 여수시 신기동,경상사고,0,0,6,0,차대차 - 측면충돌,안전운전불이행,건조,맑음,교차로 - 교차로안,승용,남,61세,경상,승용,남,44세,경상
2019071400100152,2019년 7월 14일 10시,일요일,전라남도 강진군 성전면,중상사고,0,1,0,0,차대차 - 측면충돌,직진우회전진행방해,건조,맑음,교차로 - 교차로안,이륜,여,50세,중상,승용,남,43세,상해없음
2019071400100174,2019년 7월 14일 11시,일요일,전라남도 목포시 상동,경상사고,0,0,1,0,차대차 - 측면충돌,신호위반,건조,맑음,교차로 - 교차로안,승용,남,26세,상해없음,원동기,남,19세,경상
2019071400100175,2019년 7월 14일 11시,일요일,전라남도 담양군 고서면,경상사고,0,0,2,0,차대차 - 추돌,안전운전불이행,건조,맑음,기타 - 기타,승용,남,30세,상해없음,승용,여,45세,경상
2019071400100203,2019년 7월 14일 12시,일요일,전라남도 목포시 산정동,경상사고,0,0,1,0,차대차 - 측면충돌,안전운전불이행,건조,맑음,교차로 - 교차로안,승용,여,67세,상해없음,승용,남,34세,경상
2019071400100204,2019년 7월 14일 12시,일요일,전라남도 순천시 해룡면,중상사고,0,1,7,0,차대차 - 추돌,안전운전불이행,건조,맑음,단일로 - 기타,승용,여,26세,상해없음,승용,남,33세,경상
2019071400100229,2019년 7월 14일 13시,일요일,전라남도 여수시 둔덕동,중상사고,0,1,0,0,차대차 - 측면충돌,신호위반,건조,맑음,교차로 - 교차로안,이륜,남,73세,중상,승용,남,26세,상해없음
2019071400100230,2019년 7월 14일 13시,일요일,전라남도 장성군 삼계면,경상사고,0,0,2,0,차대차 - 측면충돌,직진우회전진행방해,건조,맑음,교차로 - 교차로안,승용,여,57세,상해없음,승용,남,64세,상해없음
2019071400100231,2019년 7월 14일 13시,일요일,전라남도 진도군 진도읍,중상사고,0,1,2,0,차대차 - 정면충돌,중앙선침범,건조,맑음,단일로 - 기타,승용,남,71세,상해없음,화물,남,70세,중상
2019071400100262,2019년 7월 14일 14시,일요일,전라남도 목포시 용당동,경상사고,0,0,2,0,차대차 - 측면충돌,안전운전불이행,건조,맑음,교차로 - 교차로부근,화물,남,71세,상해없음,승용,남,65세,경상
2019071400100263,2019년 7월 14일 14시,일요일,전라남도 목포시 산정동,경상사고,0,0,1,0,차대차 - 추돌,안전운전불이행,건조,맑음,단일로 - 기타,화물,남,71세,상해없음,승용,남,62세,경상
2019071400100264,2019년 7월 14일 14시,일요일,전라남도 목포시 용해동,경상사고,0,0,2,0,차대차 - 기타,신호위반,건조,맑음,교차로 - 교차로안,승용,남,56세,상해없음,승용,남,31세,경상
2019071400100265,2019년 7월 14일 14시,일요일,전라남도 여수시 여서동,경상사고,0,0,1,0,차대차 - 후진중충돌,안전운전불이행,건조,맑음,교차로 - 교차로안,승용,남,18세,상해없음,승용,남,23세,경상
2019071400100301,2019년 7월 14일 15시,일요일,전라남도 목포시 산정동,경상사고,0,0,1,0,차대차 - 측면충돌,신호위반,건조,맑음,교차로 - 교차로안,승용,남,68세,상해없음,이륜,남,38세,경상
2019071400100302,2019년 7월 14일 15시,일요일,전라남도 여수시 둔덕동,경상사고,0,0,3,0,차대차 - 추돌,안전운전불이행,건조,맑음,단일로 - 기타,승용,남,52세,상해없음,승용,남,62세,경상
2019071400100303,2019년 7월 14일 15시,일요일,전라남도 장성군 진원면,중상사고,0,1,0,0,차대차 - 기타,중앙선침범,건조,맑음,단일로 - 기타,승용,남,27세,기타불명,이륜,남,29세,중상
2019071400100327,2019년 7월 14일 16시,일요일,전라남도 목포시 산정동,경상사고,0,0,3,0,차대차 - 기타,직진우회전진행방해,건조,맑음,교차로 - 교차로안,승합,남,45세,상해없음,승용,남,64세,경상
2019071400100328,2019년 7월 14일 16시,일요일,전라남도 목포시 용해동,경상사고,0,0,2,0,차대차 - 정면충돌,교차로운행방법위반,건조,맑음,교차로 - 교차로안,승용,남,59세,상해없음,승용,남,71세,경상
2019071400100359,2019년 7월 14일 17시,일요일,전라남도 목포시 상동,경상사고,0,0,1,0,차대차 - 기타,안전운전불이행,건조,맑음,단일로 - 기타,화물,남,45세,상해없음,이륜,남,24세,경상
2019071400100388,2019년 7월 14일 18시,일요일,전라남도 여수시 문수동,경상사고,0,0,1,0,차대사람 - 차도통행중,안전운전불이행,건조,맑음,단일로 - 기타,승용,남,28세,상해없음,보행자,남,12세,경상
2019071400100389,2019년 7월 14일 18시,일요일,전라남도 함평군 학교면,경상사고,0,0,3,0,차대차 - 측면충돌,중앙선침범,건조,맑음,교차로 - 교차로부근,승용,남,77세,상해없음,승용,남,25세,경상
2019071400100477,2019년 7월 14일 21시,일요일,전라남도 순천시 조례동,경상사고,0,0,1,1,차대차 - 측면충돌,안전운전불이행,건조,맑음,단일로 - 기타,승용,남,22세,부상신고,승용,여,36세,경상
2019071400100506,2019년 7월 14일 23시,일요일,전라남도 여수시 문수동,경상사고,0,0,2,0,차대차 - 측면충돌,교차로운행방법위반,건조,맑음,교차로 - 교차로안,승용,남,20세,상해없음,승용,남,60세,상해없음
2019071500100025,2019년 7월 15일 00시,월요일,전라남도 목포시 상동,중상사고,0,1,0,0,차량단독 - 기타,안전운전불이행,건조,맑음,기타 - 기타,개인형이동수단(PM),남,37세,중상,,,,
2019071500100041,2019년 7월 15일 04시,월요일,전라남도 보성군 벌교읍,경상사고,0,0,2,0,차량단독 - 공작물충돌,안전운전불이행,건조,맑음,교차로 - 교차로부근,승용,남,16세,경상,,,,
2019071500100082,2019년 7월 15일 07시,월요일,전라남도 강진군 강진읍,경상사고,0,0,4,0,차대차 - 측면충돌,교차로운행방법위반,건조,맑음,교차로 - 교차로안,승용,여,40세,경상,화물,남,63세,경상
2019071500100122,2019년 7월 15일 08시,월요일,전라남도 장흥군 장평면,경상사고,0,0,3,0,차대차 - 측면충돌,직진우회전진행방해,건조,맑음,교차로 - 교차로안,승용,여,48세,경상,승용,남,51세,경상
2019071500100154,2019년 7월 15일 09시,월요일,전라남도 고흥군 대서면,중상사고,0,1,0,0,차대차 - 기타,교차로운행방법위반,건조,맑음,교차로 - 교차로안,화물,남,48세,상해없음,이륜,남,78세,중상
2019071500100178,2019년 7월 15일 10시,월요일,전라남도 장흥군 관산읍,경상사고,0,0,1,0,차대차 - 추돌,안전운전불이행,건조,맑음,교차로 - 교차로부근,이륜,남,57세,경상,화물,남,49세,상해없음
2019071500100197,2019년 7월 15일 11시,월요일,전라남도 목포시 상동,경상사고,0,0,1,0,차대차 - 측면충돌,안전운전불이행,건조,맑음,교차로 - 교차로횡단보도내,승용,여,56세,상해없음,자전거,남,18세,경상
2019071500100198,2019년 7월 15일 11시,월요일,전라남도 여수시 둔덕동,부상신고사고,0,0,0,1,차대차 - 측면충돌,교차로운행방법위반,건조,맑음,단일로 - 기타,건설기계,남,62세,상해없음,승용,남,55세,부상신고
2019071500100199,2019년 7월 15일 11시,월요일,전라남도 나주시 동수동,경상사고,0,0,1,0,차대차 - 측면충돌,교차로운행방법위반,건조,맑음,교차로 - 교차로안,승용,남,62세,상해없음,화물,남,53세,상해없음
2019071500100200,2019년 7월 15일 11시,월요일,전라남도 곡성군 입면,중상사고,0,1,1,0,차대차 - 측면충돌,직진우회전진행방해,건조,맑음,교차로 - 교차로안,화물,남,69세,상해없음,승용,남,64세,경상
2019071500100228,2019년 7월 15일 12시,월요일,전라남도 순천시 석현동,중상사고,0,1,0,0,차대차 - 기타,중앙선침범,건조,맑음,단일로 - 기타,승용,남,36세,상해없음,이륜,남,35세,중상
2019071500100229,2019년 7월 15일 12시,월요일,전라남도 나주시 금천면,중상사고,0,2,1,0,차대차 - 측면충돌,교차로운행방법위반,건조,맑음,교차로 - 교차로안,승용,남,71세,경상,승용,여,40세,중상
2019071500100258,2019년 7월 15일 13시,월요일,전라남도 여수시 미평동,경상사고,0,0,1,0,차대사람 - 기타,안전운전불이행,건조,맑음,단일로 - 기타,화물,남,24세,상해없음,보행자,남,75세,경상
2019071500100259,2019년 7월 15일 13시,월요일,전라남도 순천시 조례동,경상사고,0,0,3,0,차대차 - 측면충돌,차로위반,건조,맑음,단일로 - 기타,승용,여,50세,상해없음,화물,남,68세,경상
2019071500100260,2019년 7월 15일 13시,월요일,전라남도 나주시 이창동,경상사고,0,0,1,0,차대차 - 측면충돌,직진우회전진행방해,건조,맑음,교차로 - 교차로안,승용,여,36세,경상,승용,여,60세,상해없음
2019071500100261,2019년 7월 15일 13시,월요일,전라남도 광양시 금호동,경상사고,0,0,1,0,차대차 - 추돌,안전거리미확보,건조,맑음,교차로 - 교차로안,승용,남,29세,경상,화물,남,50세,상해없음
2019071500100302,2019년 7월 15일 14시,월요일,전라남도 나주시 송월동,경상사고,0,0,1,0,차대차 - 측면충돌,중앙선침범,건조,맑음,단일로 - 기타,화물,남,58세,상해없음,승용,남,56세,경상
2019071500100354,2019년 7월 15일 15시,월요일,전라남도 고흥군 도양읍,중상사고,0,2,0,0,차대차 - 추돌,안전운전불이행,건조,맑음,교차로 - 교차로부근,건설기계,남,46세,상해없음,승용,여,67세,중상
2019071500100355,2019년 7월 15일 15시,월요일,전라남도 광양시 중동,중상사고,0,1,0,0,차대차 - 측면충돌,교차로운행방법위반,건조,맑음,교차로 - 교차로안,승용,여,38세,상해없음,이륜,남,77세,중상
2019071500100402,2019년 7월 15일 16시,월요일,전라남도 영광군 영광읍,경상사고,0,0,1,0,차대차 - 측면충돌,신호위반,건조,맑음,교차로 - 교차로안,승용,여,58세,상해없음,화물,남,71세,상해없음
2019071500100403,2019년 7월 15일 16시,월요일,전라남도 담양군 담양읍,경상사고,0,0,1,0,차대차 - 측면충돌,직진우회전진행방해,건조,맑음,교차로 - 교차로안,승용,남,50세,상해없음,승용,여,62세,경상
2019071500100454,2019년 7월 15일 17시,월요일,전라남도 영암군 삼호읍,경상사고,0,0,1,0,차대차 - 측면충돌,신호위반,건조,맑음,교차로 - 교차로안,화물,남,22세,상해없음,승용,여,34세,경상
2019071500100455,2019년 7월 15일 17시,월요일,전라남도 강진군 작천면,경상사고,0,0,1,0,차량단독 - 전도전복 - 전도,안전운전불이행,건조,맑음,단일로 - 기타,이륜,남,73세,경상,,,,
2019071500100497,2019년 7월 15일 18시,월요일,전라남도 순천시 조례동,경상사고,0,0,1,0,차대차 - 기타,안전운전불이행,건조,맑음,교차로 - 교차로안,승용,남,42세,상해없음,이륜,남,19세,경상
2019071500100575,2019년 7월 15일 20시,월요일,전라남도 여수시 봉계동,부상신고사고,0,0,0,1,차대차 - 측면충돌,기타,건조,맑음,교차로 - 교차로안,자전거,남,12세,부상신고,승용,남,55세,상해없음
2019071500100576,2019년 7월 15일 20시,월요일,전라남도 무안군 현경면,경상사고,0,0,2,0,차대차 - 정면충돌,중앙선침범,건조,맑음,단일로 - 기타,화물,남,43세,경상,승용,남,62세,경상
2019071500100577,2019년 7월 15일 20시,월요일,전라남도 광양시 광양읍,경상사고,0,0,1,0,차대차 - 기타,기타,건조,맑음,기타 - 기타,화물,남,57세,상해없음,승용,여,55세,경상
2019071500100597,2019년 7월 15일 21시,월요일,전라남도 여수시 신기동,부상신고사고,0,0,0,1,차대사람 - 기타,안전운전불이행,건조,맑음,단일로 - 기타,승합,남,49세,상해없음,보행자,남,15세,부상신고
2019071500100598,2019년 7월 15일 21시,월요일,전라남도 여수시 여천동,중상사고,0,1,0,0,차대차 - 추돌,안전운전불이행,건조,맑음,교차로 - 교차로부근,승용,여,22세,상해없음,승용,남,22세,상해없음
2019071500100622,2019년 7월 15일 22시,월요일,전라남도 순천시 연향동,경상사고,0,0,1,0,차대사람 - 차도통행중,안전운전불이행,건조,맑음,교차로 - 교차로부근,승용,남,46세,상해없음,보행자,남,31세,경상
2019071600100077,2019년 7월 16일 07시,화요일,전라남도 여수시 소라면,경상사고,0,0,1,0,차대차 - 측면충돌,차로위반,젖음/습기,맑음,단일로 - 기타,화물,남,52세,상해없음,승용,남,31세,경상
2019071600100108,2019년 7월 16일 08시,화요일,전라남도 여수시 중앙동,중상사고,0,1,0,0,차대사람 - 길가장자리구역통행중,안전운전불이행,건조,맑음,단일로 - 기타,승용,남,70세,상해없음,보행자,여,83세,중상
2019071600100109,2019년 7월 16일 08시,화요일,전라남도 나주시 빛가람동,경상사고,0,0,1,0,차대차 - 측면충돌,안전운전불이행,건조,맑음,교차로 - 교차로안,승용,여,42세,상해없음,자전거,남,15세,경상
2019071600100110,2019년 7월 16일 08시,화요일,전라남도 나주시 남평읍,중상사고,0,1,1,0,차량단독 - 기타,안전운전불이행,건조,맑음,교차로 - 교차로안,승합,남,40세,상해없음,,,,
2019071600100111,2019년 7월 16일 08시,화요일,전라남도 영암군 군서면,중상사고,0,1,0,0,차량단독 - 공작물충돌,안전운전불이행,건조,맑음,단일로 - 기타,화물,남,67세,중상,,,,
2019071600100176,2019년 7월 16일 10시,화요일,전라남도 보성군 보성읍,경상사고,0,0,1,0,차대사람 - 횡단중,보행자보호의무위반,건조,맑음,단일로 - 기타,승용,여,59세,상해없음,보행자,여,49세,경상
2019071600100177,2019년 7월 16일 10시,화요일,전라남도 함평군 손불면,부상신고사고,0,0,0,1,차대차 - 측면충돌,안전운전불이행,건조,맑음,교차로 - 교차로안,이륜,남,83세,부상신고,승합,남,65세,상해없음
2019071600100178,2019년 7월 16일 10시,화요일,전라남도 진도군 의신면,중상사고,0,1,1,0,차대차 - 기타,중앙선침범,건조,맑음,단일로 - 기타,승용,여,68세,상해없음,승용,여,59세,경상
2019071600100201,2019년 7월 16일 11시,화요일,전라남도 목포시 옥암동,경상사고,0,0,1,0,차대차 - 측면충돌,차로위반,건조,맑음,단일로 - 기타,건설기계,남,64세,상해없음,승용,남,39세,경상
2019071600100202,2019년 7월 16일 11시,화요일,전라남도 여수시 남산동,중상사고,0,1,0,0,차대차 - 측면충돌,교차로운행방법위반,건조,맑음,교차로 - 교차로안,이륜,남,65세,중상,화물,남,60세,상해없음
2019071600100272,2019년 7월 16일 13시,화요일,전라남도 보성군 득량면,부상신고사고,0,0,0,1,차량단독 - 도로외이탈 - 추락,안전운전불이행,건조,맑음,기타 - 기타,승용,남,50세,부상신고,,,,
2019071600100273,2019년 7월 16일 13시,화요일,전라남도 화순군 화순읍,경상사고,0,0,2,0,차대차 - 추돌,안전거리미확보,건조,맑음,단일로 - 기타,화물,남,66세,상해없음,승용,남,64세,경상
2019071600100304,2019년 7월 16일 14시,화요일,전라남도 여수시 주삼동,경상사고,0,0,1,0,차대차 - 측면충돌,안전거리미확보,건조,맑음,단일로 - 기타,승용,남,35세,상해없음,승용,남,43세,경상
2019071600100305,2019년 7월 16일 14시,화요일,전라남도 순천시 서면,경상사고,0,0,1,0,차대차 - 측면충돌,교차로운행방법위반,건조,맑음,교차로 - 교차로안,화물,남,47세,상해없음,승용,여,25세,경상
2019071600100306,2019년 7월 16일 14시,화요일,전라남도 나주시 이창동,경상사고,0,0,1,0,차대차 - 측면충돌,직진우회전진행방해,건조,맑음,교차로 - 교차로안,화물,남,49세,상해없음,승용,여,43세,경상
2019071600100307,2019년 7월 16일 14시,화요일,전라남도 곡성군 옥과면,경상사고,0,0,1,0,차대차 - 측면충돌,직진우회전진행방해,건조,맑음,교차로 - 교차로안,승용,남,74세,상해없음,승합,남,42세,경상
2019071600100308,2019년 7월 16일 14시,화요일,전라남도 광양시 광양읍,경상사고,0,0,1,0,차대사람 - 횡단중,안전운전불이행,건조,맑음,교차로 - 교차로안,승용,여,50세,상해없음,보행자,남,9세,경상
2019071600100309,2019년 7월 16일 14시,화요일,전라남도 함평군 엄다면,경상사고,0,0,1,0,차대차 - 기타,안전운전불이행,건조,맑음,단일로 - 기타,승용,남,50세,상해없음,화물,남,54세,경상
2019071600100380,2019년 7월 16일 16시,화요일,전라남도 목포시 산정동,경상사고,0,0,1,0,차대차 - 측면충돌,신호위반,건조,맑음,교차로 - 교차로안,화물,여,38세,상해없음,화물,남,33세,경상
2019071600100381,2019년 7월 16일 16시,화요일,전라남도 목포시 용해동,경상사고,0,0,4,0,차대차 - 측면충돌,안전운전불이행,건조,흐림,교차로 - 교차로부근,승용,남,58세,경상,승용,여,50세,경상
2019071600100382,2019년 7월 16일 16시,화요일,전라남도 고흥군 도화면,중상사고,0,1,0,0,차대차 - 측면충돌,안전운전불이행,건조,맑음,단일로 - 기타,화물,남,43세,상해없음,승합,여,61세,중상
2019071600100383,2019년 7월 16일 16시,화요일,전라남도 해남군 현산면,중상사고,0,1,5,0,차대차 - 측면충돌,교차로운행방법위반,건조,맑음,교차로 - 교차로안,승용,여,62세,경상,화물,남,58세,경상
2019071600100430,2019년 7월 16일 17시,화요일,전라남도 해남군 마산면,경상사고,0,0,2,0,차대차 - 측면충돌,교차로운행방법위반,건조,맑음,교차로 - 교차로안,승용,남,34세,경상,승용,남,32세,경상
2019071600100431,2019년 7월 16일 17시,화요일,전라남도 무안군 삼향읍,경상사고,0,0,1,0,차대차 - 기타,신호위반,건조,맑음,교차로 - 교차로부근,승용,여,34세,상해없음,자전거,여,59세,경상
2019071600100432,2019년 7월 16일 17시,화요일,전라남도 광양시 광양읍,경상사고,0,0,1,0,차대차 - 추돌,안전거리미확보,건조,맑음,단일로 - 기타,승합,남,39세,상해없음,승용,여,48세,경상
2019071600100488,2019년 7월 16일 18시,화요일,전라남도 목포시 산정동,중상사고,0,1,0,0,차대차 - 측면충돌,안전운전불이행,건조,맑음,단일로 - 기타,화물,남,61세,상해없음,이륜,남,21세,중상
2019071600100489,2019년 7월 16일 18시,화요일,전라남도 고흥군 도덕면,경상사고,0,0,2,0,차량단독 - 공작물충돌,안전운전불이행,건조,맑음,단일로 - 기타,승용,여,46세,경상,,,,
2019071600100534,2019년 7월 16일 19시,화요일,전라남도 여수시 주삼동,경상사고,0,0,3,0,차대차 - 측면충돌,안전운전불이행,건조,맑음,교차로 - 교차로안,승용,남,74세,상해없음,승용,남,25세,경상
2019071600100535,2019년 7월 16일 19시,화요일,전라남도 여수시 학동,경상사고,0,0,1,0,차대차 - 측면충돌,신호위반,건조,맑음,교차로 - 교차로안,원동기,남,38세,경상,승용,여,56세,상해없음
2019071600100536,2019년 7월 16일 19시,화요일,전라남도 장성군 남면,중상사고,0,1,0,0,차대차 - 기타,안전운전불이행,건조,맑음,교차로 - 교차로안,화물,남,46세,상해없음,이륜,남,19세,중상
2019071600100564,2019년 7월 16일 20시,화요일,전라남도 나주시 송월동,경상사고,0,0,2,0,차대차 - 측면충돌,신호위반,건조,맑음,교차로 - 교차로안,승용,남,20세,상해없음,승용,여,25세,경상
2019071600100589,2019년 7월 16일 21시,화요일,전라남도 목포시 용해동,경상사고,0,0,1,0,차대사람 - 기타,안전운전불이행,건조,맑음,교차로 - 교차로안,승합,여,25세,상해없음,보행자,남,49세,경상
2019071600100590,2019년 7월 16일 21시,화요일,전라남도 광양시 마동,경상사고,0,0,3,0,차대차 - 측면충돌,신호위반,건조,맑음,교차로 - 교차로안,승용,여,52세,경상,승용,남,42세,경상
2019071700100038,2019년 7월 17일 00시,수요일,전라남도 여수시 묘도동,중상사고,0,1,0,0,차량단독 - 기타,안전운전불이행,건조,맑음,단일로 - 기타,이륜,남,27세,중상,,,,
2019071700100101,2019년 7월 17일 07시,수요일,전라남도 여수시 학동,경상사고,0,0,2,0,차대차 - 측면충돌,안전운전불이행,건조,맑음,단일로 - 기타,승합,남,48세,경상,승용,남,37세,경상
2019071700100102,2019년 7월 17일 07시,수요일,전라남도 순천시 연향동,경상사고,0,0,1,0,차대차 - 기타,신호위반,건조,맑음,교차로 - 교차로안,승용,남,58세,상해없음,승용,남,45세,경상
2019071700100133,2019년 7월 17일 08시,수요일,전라남도 무안군 삼향읍,경상사고,0,0,1,0,차대차 - 기타,기타,건조,맑음,기타 - 기타,화물,남,38세,상해없음,승용,남,63세,경상
2019071700100163,2019년 7월 17일 09시,수요일,전라남도 순천시 석현동,부상신고사고,0,0,0,1,차대차 - 측면충돌,안전운전불이행,건조,맑음,단일로 - 기타,승용,남,54세,상해없음,승용,여,37세,부상신고
2019071700100164,2019년 7월 17일 09시,수요일,전라남도 나주시 빛가람동,경상사고,0,0,2,0,차대차 - 측면충돌,안전거리미확보,건조,맑음,단일로 - 기타,승용,남,72세,상해없음,승용,여,41세,경상