사고번호,사고일시,요일,시군구,사고내용,사망자수,중상자수,경상자수,부상신고자수,사고유형,법규위반,노면상태,기상상태,도로형태,가해운전자 차종,가해운전자 성별,가해운전자 연령,가해운전자 상해정도,피해운전자 차종,피해운전자 성별,피해운전자 연령,피해운전자 상해정도
2019072500100523,2019년 7월 25일 19시,목요일,전라남도 순천시 해룡면,경상사고,0,0,1,0,차대차 - 측면충돌,중앙선침범,건조,맑음,단일로 - 기타,승용,여,54세,상해없음,이륜,남,23세,경상
2019072500100524,2019년 7월 25일 19시,목요일,전라남도 함평군 함평읍,경상사고,0,0,1,0,차대사람 - 기타,안전운전불이행,건조,맑음,주차장 - 주차장,승용,여,62세,상해없음,보행자,여,30세,경상
2019072500100555,2019년 7월 25일 20시,목요일,전라남도 여수시 여서동,부상신고사고,0,0,0,1,차대사람 - 길가장자리구역통행중,안전운전불이행,건조,맑음,단일로 - 기타,승용,남,36세,상해없음,보행자,여,31세,부상신고
2019072500100556,2019년 7월 25일 20시,목요일,전라남도 해남군 해남읍,경상사고,0,0,1,0,차대차 - 측면충돌,신호위반,건조,맑음,교차로 - 교차로안,승용,여,41세,상해없음,승용,남,65세,경상
2019072500100603,2019년 7월 25일 22시,목요일,전라남도 순천시 조례동,경상사고,0,0,1,0,차대차 - 추돌,안전운전불이행,건조,맑음,교차로 - 교차로부근,화물,남,40세,상해없음,승용,남,47세,상해없음
2019072500100604,2019년 7월 25일 22시,목요일,전라남도 화순군 화순읍,경상사고,0,0,1,0,차대차 - 측면충돌,신호위반,건조,맑음,교차로 - 교차로부근,이륜,남,20세,경상,승용,남,73세,상해없음
2019072500100605,2019년 7월 25일 22시,목요일,전라남도 화순군 화순읍,경상사고,0,0,1,1,차대차 - 측면충돌,직진우회전진행방해,건조,맑음,교차로 - 교차로안,승용,여,55세,부상신고,승용,여,28세,경상
2019072500100627,2019년 7월 25일 23시,목요일,전라남도 장성군 장성읍,경상사고,0,0,1,0,차량단독 - 공작물충돌,안전운전불이행,건조,맑음,단일로 - 기타,승용,남,59세,상해없음,,,,
2019072600100161,2019년 7월 26일 09시,금요일,전라남도 영암군 삼호읍,경상사고,0,0,2,0,차대차 - 측면충돌,안전운전불이행,건조,맑음,교차로 - 교차로안,승용,여,30세,경상,승용,남,44세,경상
2019072600100210,2019년 7월 26일 11시,금요일,전라남도 순천시 조례동,중상사고,0,1,0,0,차대사람 - 횡단중,보행자보호의무위반,건조,맑음,교차로 - 교차로횡단보도내,승용,여,63세,상해없음,보행자,여,7세,중상
2019072600100211,2019년 7월 26일 11시,금요일,전라남도 나주시 봉황면,경상사고,0,0,2,0,차대차 - 측면충돌,직진우회전진행방해,건조,맑음,교차로 - 교차로안,승용,남,53세,경상,화물,남,57세,경상
2019072600100245,2019년 7월 26일 12시,금요일,전라남도 장흥군 관산읍,중상사고,0,1,0,0,차대차 - 측면충돌,안전운전불이행,건조,맑음,교차로 - 교차로안,화물,남,61세,중상,승용,남,35세,기타불명
2019072600100246,2019년 7월 26일 12시,금요일,전라남도 해남군 해남읍,경상사고,0,0,2,0,차대차 - 측면충돌,교차로운행방법위반,건조,흐림,교차로 - 교차로안,승용,남,63세,기타불명,승용,여,30세,경상
2019072600100247,2019년 7월 26일 12시,금요일,전라남도 담양군 대전면,경상사고,0,0,1,0,차대차 - 측면충돌,직진우회전진행방해,건조,맑음,교차로 - 교차로안,승용,여,61세,상해없음,승용,여,27세,경상
2019072600100311,2019년 7월 26일 14시,금요일,전라남도 순천시 해룡면,중상사고,0,2,2,0,차대차 - 추돌,안전운전불이행,건조,맑음,단일로 - 기타,화물,남,61세,상해없음,화물,남,66세,중상
2019072600100312,2019년 7월 26일 14시,금요일,전라남도 담양군 고서면,중상사고,0,1,0,0,차대차 - 측면충돌,안전운전불이행,건조,흐림,단일로 - 기타,승합,남,53세,상해없음,이륜,남,58세,중상
2019072600100355,2019년 7월 26일 15시,금요일,전라남도 담양군 담양읍,중상사고,0,1,0,0,차대차 - 측면충돌,안전운전불이행,건조,맑음,교차로 - 교차로안,승용,여,29세,상해없음,자전거,여,71세,중상
2019072600100356,2019년 7월 26일 15시,금요일,전라남도 곡성군 오곡면,경상사고,0,0,3,0,차대차 - 정면충돌,중앙선침범,건조,맑음,단일로 - 기타,승용,여,38세,경상,화물,남,68세,경상
2019072600100430,2019년 7월 26일 17시,금요일,전라남도 목포시 용당동,경상사고,0,0,1,0,차대차 - 측면충돌,안전거리미확보,건조,흐림,단일로 - 기타,화물,남,44세,상해없음,승용,여,56세,경상
2019072600100431,2019년 7월 26일 17시,금요일,전라남도 순천시 조례동,경상사고,0,0,1,0,차대차 - 기타,안전운전불이행,건조,맑음,교차로 - 교차로안,승용,여,42세,기타불명,승용,남,57세,경상
2019072600100432,2019년 7월 26일 17시,금요일,전라남도 보성군 보성읍,중상사고,0,1,0,0,차대차 - 측면충돌,교차로운행방법위반,건조,맑음,교차로 - 교차로안,승합,여,48세,상해없음,이륜,남,79세,중상
2019072600100468,2019년 7월 26일 18시,금요일,전라남도 목포시 동명동,경상사고,0,0,1,0,차대사람 - 기타,안전운전불이행,젖음/습기,비,단일로 - 기타,화물,남,61세,상해없음,보행자,여,28세,경상
2019072600100469,2019년 7월 26일 18시,금요일,전라남도 무안군 일로읍,경상사고,0,0,1,0,차대차 - 추돌,안전운전불이행,젖음/습기,비,단일로 - 기타,화물,남,48세,기타불명,승용,남,31세,경상
2019072600100470,2019년 7월 26일 18시,금요일,전라남도 광양시 옥곡면,경상사고,0,0,1,0,차대사람 - 횡단중,교차로운행방법위반,건조,맑음,교차로 - 교차로안,승용,남,34세,상해없음,보행자,여,83세,경상
2019072600100512,2019년 7월 26일 19시,금요일,전라남도 순천시 연향동,경상사고,0,0,1,0,차대사람 - 차도통행중,안전운전불이행,건조,맑음,단일로 - 기타,승용,여,34세,상해없음,보행자,남,69세,경상
2019072600100545,2019년 7월 26일 20시,금요일,전라남도 목포시 옥암동,경상사고,0,0,1,0,차대차 - 기타,신호위반,젖음/습기,비,교차로 - 교차로안,승용,남,25세,상해없음,승용,여,31세,경상
2019072600100583,2019년 7월 26일 21시,금요일,전라남도 장흥군 장흥읍,경상사고,0,0,1,0,차대사람 - 횡단중,안전운전불이행,젖음/습기,비,교차로 - 교차로부근,승용,여,57세,상해없음,보행자,남,89세,경상
2019072600100614,2019년 7월 26일 22시,금요일,전라남도 장흥군 장흥읍,중상사고,0,1,0,0,차대차 - 측면충돌,교차로운행방법위반,젖음/습기,비,교차로 - 교차로안,승용,남,31세,상해없음,이륜,남,36세,중상
2019072600100615,2019년 7월 26일 22시,금요일,전라남도 영광군 묘량면,경상사고,0,0,2,0,차대차 - 측면충돌,안전거리미확보,건조,맑음,단일로 - 기타,승용,여,47세,경상,승용,여,53세,경상
2019072600100616,2019년 7월 26일 22시,금요일,전라남도 광양시 광양읍,경상사고,0,0,1,0,차대사람 - 횡단중,안전운전불이행,건조,기타,단일로 - 기타,승용,남,57세,상해없음,보행자,여,16세,경상
2019072700100040,2019년 7월 27일 00시,토요일,전라남도 여수시 학동,중상사고,0,1,0,0,차대차 - 측면충돌,안전운전불이행,건조,맑음,단일로 - 기타,승용,남,25세,상해없음,이륜,남,39세,중상
2019072700100113,2019년 7월 27일 04시,토요일,전라남도 영광군 영광읍,경상사고,0,0,1,1,차대차 - 측면충돌,기타,젖음/습기,비,교차로 - 교차로안,승용,여,45세,부상신고,승용,여,30세,상해없음
2019072700100124,2019년 7월 27일 05시,토요일,전라남도 목포시 산정동,경상사고,0,0,2,0,차대차 - 기타,안전운전불이행,젖음/습기,비,단일로 - 기타,승용,남,35세,상해없음,화물,남,44세,경상
2019072700100138,2019년 7월 27일 06시,토요일,전라남도 나주시 남평읍,경상사고,0,0,1,1,차대차 - 측면충돌,직진우회전진행방해,젖음/습기,비,교차로 - 교차로안,승용,여,64세,부상신고,승용,남,62세,경상
2019072700100139,2019년 7월 27일 06시,토요일,전라남도 담양군 담양읍,경상사고,0,0,1,0,차대차 - 정면충돌,신호위반,젖음/습기,비,교차로 - 교차로안,승용,남,54세,상해없음,승용,남,31세,경상
2019072700100140,2019년 7월 27일 06시,토요일,전라남도 곡성군 오산면,중상사고,0,1,0,0,차량단독 - 기타,안전운전불이행,젖음/습기,비,단일로 - 기타,화물,남,62세,중상,,,,
2019072700100141,2019년 7월 27일 06시,토요일,전라남도 광양시 마동,경상사고,0,0,2,0,차대차 - 측면충돌,교차로운행방법위반,건조,맑음,교차로 - 교차로안,승용,남,41세,경상,화물,남,60세,경상
2019072700100163,2019년 7월 27일 08시,토요일,전라남도 강진군 강진읍,부상신고사고,0,0,0,1,차대차 - 기타,불법유턴,건조,맑음,교차로 - 교차로안,화물,남,50세,상해없음,자전거,남,73세,부상신고
2019072700100192,2019년 7월 27일 09시,토요일,전라남도 여수시 화장동,경상사고,0,0,1,0,차대차 - 측면충돌,신호위반,건조,맑음,교차로 - 교차로안,화물,남,75세,상해없음,승용,남,28세,경상
2019072700100193,2019년 7월 27일 09시,토요일,전라남도 순천시 덕암동,경상사고,0,0,1,0,차대차 - 측면충돌,교차로운행방법위반,건조,맑음,교차로 - 교차로안,승용,여,33세,경상,승용,남,69세,상해없음
2019072700100194,2019년 7월 27일 09시,토요일,전라남도 담양군 고서면,경상사고,0,0,1,0,차대차 - 측면충돌,직진우회전진행방해,젖음/습기,비,교차로 - 교차로안,승용,남,39세,상해없음,승용,여,63세,경상
2019072700100195,2019년 7월 27일 09시,토요일,전라남도 광양시 도이동,중상사고,0,1,0,0,차대차 - 측면충돌,안전거리미확보,건조,맑음,단일로 - 기타,이륜,남,81세,중상,승용,남,47세,상해없음
2019072700100231,2019년 7월 27일 10시,토요일,전라남도 순천시 해룡면,중상사고,0,1,1,1,차대차 - 기타,안전거리미확보,건조,맑음,단일로 - 기타,승용,남,60세,부상신고,승용,남,27세,경상
2019072700100232,2019년 7월 27일 10시,토요일,전라남도 해남군 산이면,경상사고,0,0,2,0,차대차 - 추돌,안전운전불이행,건조,맑음,교차로 - 교차로부근,승용,여,54세,기타불명,화물,남,58세,경상
2019072700100233,2019년 7월 27일 10시,토요일,전라남도 영암군 학산면,중상사고,0,1,0,0,차량단독 - 공작물충돌,안전운전불이행,젖음/습기,비,단일로 - 기타,승용,여,34세,중상,,,,
2019072700100260,2019년 7월 27일 11시,토요일,전라남도 여수시 소라면,부상신고사고,0,0,0,1,차량단독 - 기타,안전운전불이행,건조,맑음,단일로 - 기타,이륜,남,25세,부상신고,,,,
2019072700100261,2019년 7월 27일 11시,토요일,전라남도 여수시 봉강동,경상사고,0,0,2,0,차대차 - 측면충돌,안전운전불이행,건조,맑음,단일로 - 교량,승용,남,48세,상해없음,승용,남,41세,경상
2019072700100262,2019년 7월 27일 11시,토요일,전라남도 나주시 금천면,경상사고,0,0,1,0,차대차 - 추돌,안전거리미확보,젖음/습기,비,교차로 - 교차로부근,승용,남,45세,상해없음,승용,여,68세,경상
2019072700100263,2019년 7월 27일 11시,토요일,전라남도 장흥군 장흥읍,경상사고,0,0,2,0,차대차 - 추돌,안전운전불이행,젖음/습기,비,단일로 - 교량,화물,남,19세,상해없음,승용,여,33세,경상
2019072700100264,2019년 7월 27일 11시,토요일,전라남도 장성군 삼계면,중상사고,0,1,0,0,차대사람 - 횡단중,안전운전불이행,젖음/습기,비,교차로 - 교차로안,승용,남,34세,상해없음,보행자,여,56세,중상
2019072700100297,2019년 7월 27일 12시,토요일,전라남도 장흥군 안양면,중상사고,0,2,0,0,차대차 - 측면충돌,직진우회전진행방해,젖음/습기,비,교차로 - 교차로안,건설기계,남,62세,상해없음,화물,남,79세,중상
2019072700100298,2019년 7월 27일 12시,토요일,전라남도 광양시 도이동,경상사고,0,0,2,0,차대차 - 추돌,안전운전불이행,젖음/습기,비,교차로 - 교차로부근,승합,남,51세,상해없음,승용,남,41세,경상
2019072700100336,2019년 7월 27일 13시,토요일,전라남도 목포시 산정동,경상사고,0,0,1,0,차대차 - 측면충돌,중앙선침범,젖음/습기,비,단일로 - 기타,승용,여,25세,상해없음,승용,남,73세,경상
2019072700100337,2019년 7월 27일 13시,토요일,전라남도 순천시 장천동,경상사고,0,0,2,0,차대차 - 추돌,안전거리미확보,건조,맑음,교차로 - 교차로부근,승용,남,43세,기타불명,승용,남,53세,경상
2019072700100365,2019년 7월 27일 14시,토요일,전라남도 목포시 용당동,경상사고,0,0,2,0,차대차 - 측면충돌,직진우회전진행방해,건조,맑음,교차로 - 교차로안,승용,여,59세,경상,승용,남,65세,상해없음
2019072700100366,2019년 7월 27일 14시,토요일,전라남도 여수시 웅천동,경상사고,0,0,2,0,차대차 - 측면충돌,안전운전불이행,건조,맑음,교차로 - 교차로안,승용,여,64세,경상,화물,남,31세,경상
2019072700100367,2019년 7월 27일 14시,토요일,전라남도 장흥군 장흥읍,중상사고,0,1,1,0,차대차 - 추돌,안전운전불이행,젖음/습기,비,교차로 - 교차로부근,화물,남,37세,상해없음,화물,남,43세,경상
2019072700100394,2019년 7월 27일 15시,토요일,전라남도 순천시 해룡면,경상사고,0,0,1,0,차대차 - 기타,안전운전불이행,건조,맑음,교차로 - 교차로부근,승용,남,67세,상해없음,승용,여,54세,경상
2019072700100395,2019년 7월 27일 15시,토요일,전라남도 무안군 현경면,경상사고,0,0,1,0,차대차 - 측면충돌,안전운전불이행,건조,흐림,교차로 - 교차로안,승용,남,54세,상해없음,승합,여,54세,경상
2019072700100427,2019년 7월 27일 16시,토요일,전라남도 보성군 회천면,경상사고,0,0,1,0,차대차 - 측면충돌,중앙선침범,젖음/습기,비,단일로 - 기타,화물,남,70세,상해없음,승용,여,48세,경상
2019072700100428,2019년 7월 27일 16시,토요일,전라남도 영광군 군남면,경상사고,0,0,1,0,차대차 - 후진중충돌,안전운전불이행,건조,맑음,단일로 - 기타,승합,남,48세,상해없음,승용,남,59세,경상
2019072700100429,2019년 7월 27일 16시,토요일,전라남도 담양군 무정면,경상사고,0,0,2,0,차대차 - 기타,교차로운행방법위반,건조,맑음,교차로 - 교차로안,화물,남,56세,상해없음,승용,여,52세,경상
2019072700100461,2019년 7월 27일 17시,토요일,전라남도 목포시 옥암동,경상사고,0,0,2,0,차대차 - 측면충돌,안전운전불이행,젖음/습기,비,교차로 - 교차로안,화물,남,64세,상해없음,승용,남,44세,경상
2019072700100462,2019년 7월 27일 17시,토요일,전라남도 나주시 봉황면,경상사고,0,0,3,0,차량단독 - 기타,안전운전불이행,건조,맑음,교차로 - 교차로안,승용,남,80세,경상,,,,
2019072700100463,2019년 7월 27일 17시,토요일,전라남도 화순군 화순읍,경상사고,0,0,5,0,차대차 - 측면충돌,교차로운행방법위반,젖음/습기,흐림,교차로 - 교차로안,승용,남,61세,경상,화물,남,37세,경상
2019072700100464,2019년 7월 27일 17시,토요일,전라남도 광양시 금호동,경상사고,0,0,1,0,차대차 - 측면충돌,교차로운행방법위반,건조,맑음,교차로 - 교차로부근,승용,여,32세,상해없음,승용,남,60세,경상
2019072700100571,2019년 7월 27일 20시,토요일,전라남도 순천시 연향동,경상사고,0,0,1,0,차대차 - 측면충돌,안전운전불이행,건조,맑음,교차로 - 교차로안,승용,여,24세,상해없음,승용,남,30세,경상
2019072800100091,2019년 7월 28일 06시,일요일,전라남도 신안군 압해읍,경상사고,0,0,1,0,차대사람 - 기타,안전운전불이행,건조,맑음,기타 - 기타,승합,남,63세,상해없음,보행자,여,77세,경상
2019072800100097,2019년 7월 28일 07시,일요일,전라남도 여수시 문수동,경상사고,0,0,1,0,차대차 - 추돌,안전운전불이행,건조,맑음,교차로 - 교차로안,승용,남,25세,상해없음,화물,남,53세,경상
2019072800100108,2019년 7월 28일 08시,일요일,전라남도 완도군 고금면,경상사고,0,0,1,0,차량단독 - 공작물충돌,안전운전불이행,건조,맑음,단일로 - 기타,이륜,남,79세,경상,,,,
2019072800100132,2019년 7월 28일 10시,일요일,전라남도 함평군 대동면,경상사고,0,0,1,0,차대차 - 기타,차로위반,젖음/습기,비,기타 - 기타,승용,남,21세,기타불명,승용,남,33세,상해없음
2019072800100145,2019년 7월 28일 11시,일요일,전라남도 여수시 충무동,경상사고,0,0,1,0,차대차 - 추돌,안전운전불이행,건조,맑음,단일로 - 기타,승합,남,56세,상해없음,승용,남,59세,경상
2019072800100183,2019년 7월 28일 13시,일요일,전라남도 순천시 가곡동,경상사고,0,0,2,0,차대차 - 추돌,안전거리미확보,건조,맑음,교차로 - 교차로부근,승용,남,19세,기타불명,승용,남,50세,경상
2019072800100212,2019년 7월 28일 14시,일요일,전라남도 영암군 영암읍,중상사고,0,2,1,0,차량단독 - 공작물충돌,안전운전불이행,건조,맑음,단일로 - 기타,승용,남,58세,중상,,,,
2019072800100213,2019년 7월 28일 14시,일요일,전라남도 광양시 광양읍,중상사고,0,1,0,0,차량단독 - 공작물충돌,안전운전불이행,건조,맑음,교차로 - 교차로안,원동기,남,36세,중상,,,,
2019072800100269,2019년 7월 28일 16시,일요일,전라남도 여수시 공화동,경상사고,0,0,2,0,차대차 - 추돌,안전운전불이행,건조,맑음,교차로 - 교차로부근,승용,남,39세,상해없음,승용,남,35세,경상
2019072800100295,2019년 7월 28일 17시,일요일,전라남도 목포시 상동,경상사고,0,0,2,0,차대차 - 후진중충돌,안전운전불이행,건조,맑음,교차로 - 교차로부근,승용,남,44세,상해없음,승용,여,22세,경상
2019072800100296,2019년 7월 28일 17시,일요일,전라남도 순천시 조곡동,경상사고,0,0,1,0,차대차 - 측면충돌,교차로운행방법위반,건조,맑음,교차로 - 교차로부근,승용,남,67세,상해없음,승용,여,54세,상해없음
2019072800100297,2019년 7월 28일 17시,일요일,전라남도 함평군 학교면,중상사고,0,2,0,0,차량단독 - 공작물충돌,안전운전불이행,건조,맑음,단일로 - 기타,이륜,남,17세,중상,,,,
2019072800100347,2019년 7월 28일 19시,일요일,전라남도 여수시 교동,경상사고,0,0,1,0,차대사람 - 기타,안전운전불이행,건조,맑음,단일로 - 기타,승용,남,29세,상해없음,보행자,남,65세,경상
2019072800100348,2019년 7월 28일 19시,일요일,전라남도 영암군 금정면,중상사고,0,1,0,0,차대차 - 기타,안전운전불이행,건조,맑음,교차로 - 교차로안,화물,남,51세,상해없음,이륜,남,41세,중상
2019072800100375,2019년 7월 28일 20시,일요일,전라남도 목포시 산정동,경상사고,0,0,2,0,차대차 - 기타,교차로운행방법위반,건조,맑음,교차로 - 교차로안,승용,남,43세,상해없음,승용,남,48세,상해없음
2019072800100396,2019년 7월 28일 21시,일요일,전라남도 목포시 상동,중상사고,0,1,1,0,차대차 - 측면충돌,안전운전불이행,건조,맑음,단일로 - 기타,승용,남,19세,경상,이륜,남,18세,중상
2019072900100036,2019년 7월 29일 00시,월요일,전라남도 영광군 영광읍,경상사고,0,0,4,2,차대차 - 측면충돌,기타,건조,맑음,교차로 - 교차로안,승용,여,52세,부상신고,승용,남,42세,경상
2019072900100041,2019년 7월 29일 01시,월요일,전라남도 목포시 상동,경상사고,0,0,3,0,차대차 - 측면충돌,안전운전불이행,건조,맑음,단일로 - 기타,승용,남,19세,경상,승용,남,53세,경상
2019072900100063,2019년 7월 29일 05시,월요일,전라남도 목포시 용해동,중상사고,0,1,0,0,차대사람 - 횡단중,안전운전불이행,건조,맑음,단일로 - 기타,승용,남,83세,상해없음,보행자,여,70세,중상
2019072900100075,2019년 7월 29일 06시,월요일,전라남도 여수시 소라면,경상사고,0,0,1,0,차대차 - 측면충돌,안전운전불이행,건조,맑음,단일로 - 기타,승용,여,56세,상해없음,승용,여,57세,경상
2019072900100088,2019년 7월 29일 07시,월요일,전라남도 여수시 월하동,경상사고,0,0,1,0,차대차 - 측면충돌,안전운전불이행,건조,맑음,교차로 - 교차로안,이륜,남,60세,경상,승용,남,56세,상해없음
2019072900100116,2019년 7월 29일 08시,월요일,전라남도 해남군 북평면,중상사고,0,2,0,0,차대차 - 측면충돌,신호위반,건조,맑음,교차로 - 교차로안,승용,남,46세,상해없음,승용,남,56세,중상
2019072900100117,2019년 7월 29일 08시,월요일,전라남도 보성군 겸백면,중상사고,0,1,0,0,차량단독 - 도로외이탈 - 기타,안전운전불이행,건조,맑음,단일로 - 기타,농기계,남,78세,중상,,,,
2019072900100190,2019년 7월 29일 10시,월요일,전라남도 구례군 용방면,중상사고,0,2,1,0,차대차 - 추돌,안전운전불이행,건조,맑음,교차로 - 교차로안,승용,남,83세,중상,승용,남,55세,경상
2019072900100223,2019년 7월 29일 11시,월요일,전라남도 여수시 봉산동,경상사고,0,0,5,0,차대차 - 측면충돌,교차로운행방법위반,건조,맑음,교차로 - 교차로안,특수,남,54세,상해없음,승용,남,44세,경상
2019072900100224,2019년 7월 29일 11시,월요일,전라남도 나주시 봉황면,경상사고,0,0,1,0,차대차 - 측면충돌,직진우회전진행방해,건조,맑음,교차로 - 교차로안,사륜오토바이(ATV),여,75세,경상,화물,남,37세,상해없음
2019072900100292,2019년 7월 29일 13시,월요일,전라남도 목포시 상동,경상사고,0,0,1,0,차대차 - 추돌,안전운전불이행,건조,맑음,교차로 - 교차로횡단보도내,기타불명,기타불명,미분류,기타불명,승용,여,48세,경상
2019072900100293,2019년 7월 29일 13시,월요일,전라남도 순천시 연향동,경상사고,0,0,1,0,차대차 - 기타,기타,건조,맑음,교차로 - 교차로부근,화물,남,51세,상해없음,이륜,남,26세,경상
2019072900100294,2019년 7월 29일 13시,월요일,전라남도 순천시 조례동,경상사고,0,0,2,0,차대차 - 기타,안전운전불이행,건조,맑음,교차로 - 교차로안,승용,여,29세,상해없음,승용,남,67세,경상
2019072900100328,2019년 7월 29일 14시,월요일,전라남도 여수시 봉계동,경상사고,0,0,1,0,차대차 - 추돌,안전거리미확보,건조,맑음,교차로 - 교차로부근,승용,남,33세,상해없음,승용,남,34세,경상
2019072900100329,2019년 7월 29일 14시,월요일,전라남도 순천시 해룡면,경상사고,0,0,1,0,차대차 - 기타,안전운전불이행,건조,맑음,교차로 - 교차로안,화물,남,59세,상해없음,자전거,남,14세,경상
2019072900100330,2019년 7월 29일 14시,월요일,전라남도 고흥군 고흥읍,경상사고,0,0,3,0,차대차 - 추돌,안전운전불이행,건조,맑음,단일로 - 기타,승용,여,59세,상해없음,승용,남,62세,경상
2019072900100386,2019년 7월 29일 15시,월요일,전라남도 여수시 선원동,경상사고,0,0,1,0,차대차 - 측면충돌,중앙선침범,건조,맑음,단일로 - 기타,이륜,남,59세,상해없음,이륜,남,36세,경상
2019072900100387,2019년 7월 29일 15시,월요일,전라남도 무안군 무안읍,경상사고,0,0,1,0,차대차 - 측면충돌,교차로운행방법위반,건조,맑음,교차로 - 교차로안,승용,남,47세,상해없음,승용,남,58세,경상
2019072900100388,2019년 7월 29일 15시,월요일,전라남도 광양시 광양읍,부상신고사고,0,0,0,1,차량단독 - 기타,안전운전불이행,건조,맑음,교차로 - 교차로안,농기계,남,76세,부상신고,,,,
2019072900100429,2019년 7월 29일 16시,월요일,전라남도 순천시 해룡면,경상사고,0,0,2,0,차대차 - 측면충돌,신호위반,건조,맑음,교차로 - 교차로안,승합,남,54세,상해없음,승용,여,56세,경상
2019072900100430,2019년 7월 29일 16시,월요일,전라남도 광양시 진월면,경상사고,0,0,1,0,차대차 - 측면충돌,안전거리미확보,건조,맑음,교차로 - 교차로부근,승용,여,60세,상해없음,화물,남,71세,경상
2019072900100476,2019년 7월 29일 17시,월요일,전라남도 나주시 산정동,경상사고,0,0,1,0,차대차 - 측면충돌,신호위반,건조,맑음,교차로 - 교차로안,승용,여,57세,상해없음,승용,남,31세,경상
2019072900100523,2019년 7월 29일 18시,월요일,전라남도 목포시 옥암동,중상사고,0,1,0,0,차대차 - 기타,신호위반,건조,맑음,교차로 - 교차로횡단보도내,승용,남,41세,상해없음,자전거,남,44세,중상
2019072900100524,2019년 7월 29일 18시,월요일,전라남도 여수시 화장동,경상사고,0,0,1,0,차대차 - 측면충돌,교차로운행방법위반,건조,맑음,교차로 - 교차로부근,승용,여,47세,기타불명,승용,남,24세,경상
2019072900100525,2019년 7월 29일 18시,월요일,전라남도 무안군 청계면,경상사고,0,0,1,0,차대차 - 측면충돌,교차로운행방법위반,건조,맑음,교차로 - 교차로안,승용,여,51세,기타불명,승용,남,28세,경상
2019072900100600,2019년 7월 29일 20시,월요일,전라남도 고흥군 고흥읍,부상신고사고,0,0,0,1,차량단독 - 전도전복 - 전복,안전운전불이행,건조,맑음,단일로 - 기타,승용,남,24세,부상신고,,,,
2019072900100631,2019년 7월 29일 21시,월요일,전라남도 보성군 벌교읍,경상사고,0,0,1,0,차대차 - 추돌,안전운전불이행,건조,맑음,단일로 - 기타,화물,남,58세,상해없음,승용,남,64세,경상
2019072900100655,2019년 7월 29일 22시,월요일,전라남도 여수시 신기동,중상사고,0,1,0,0,차대사람 - 횡단중,신호위반,건조,맑음,교차로 - 교차로횡단보도내,화물,남,56세,상해없음,보행자,여,34세,중상
2019072900100656,2019년 7월 29일 22시,월요일,전라남도 완도군 보길면,경상사고,0,0,1,0,차대차 - 측면충돌,안전운전불이행,건조,맑음,단일로 - 기타,승용,여,36세,상해없음,승용,남,42세,상해없음
2019073000100035,2019년 7월 30일 00시,화요일,전라남도 강진군 강진읍,중상사고,0,1,0,0,차량단독 - 주/정차차량 충돌,안전운전불이행,건조,맑음,단일로 - 기타,승용,여,38세,중상,,,,
2019073000100042,2019년 7월 30일 01시,화요일,전라남도 장흥군 부산면,중상사고,0,1,0,0,차량단독 - 도로외이탈 - 추락,안전운전불이행,건조,맑음,단일로 - 기타,승용,남,38세,중상,,,,
2019073000100056,2019년 7월 30일 02시,화요일,전라남도 여수시 학동,경상사고,0,0,1,0,차대차 - 측면충돌,안전운전불이행,건조,맑음,단일로 - 기타,승용,여,52세,상해없음,승용,남,20세,경상
2019073000100070,2019년 7월 30일 05시,화요일,전라남도 여수시 미평동,부상신고사고,0,0,0,1,차대사람 - 횡단중,보행자보호의무위반,건조,맑음,교차로 - 교차로횡단보도내,기타불명,기타불명,미분류,기타불명,보행자,남,53세,부상신고
2019073000100100,2019년 7월 30일 07시,화요일,전라남도 영광군 법성면,중상사고,0,1,0,0,차대차 - 측면충돌,안전운전불이행,건조,맑음,단일로 - 기타,화물,남,69세,상해없음,이륜,남,73세,중상
2019073000100127,2019년 7월 30일 08시,화요일,전라남도 담양군 담양읍,중상사고,0,1,0,0,차대차 - 측면충돌,안전운전불이행,건조,맑음,교차로 - 교차로안,승용,남,23세,상해없음,승용,여,48세,중상
2019073000100162,2019년 7월 30일 09시,화요일,전라남도 목포시 산정동,경상사고,0,0,2,0,차대차 - 측면충돌,안전운전불이행,건조,맑음,단일로 - 기타,승용,여,53세,경상,승용,남,29세,경상
2019073000100163,2019년 7월 30일 09시,화요일,전라남도 고흥군 고흥읍,경상사고,0,0,1,0,차대사람 - 기타,교차로운행방법위반,건조,맑음,교차로 - 교차로안,승용,남,38세,상해없음,보행자,여,89세,경상
2019073000100164,2019년 7월 30일 09시,화요일,전라남도 해남군 북평면,사망사고,2,0,1,0,차대차 - 측면충돌,과속,건조,맑음,교차로 - 교차로안,화물,남,63세,경상,승용,여,73세,사망
2019073000100165,2019년 7월 30일 09시,화요일,전라남도 강진군 병영면,경상사고,0,0,1,0,차량단독 - 전도전복 - 전도,안전운전불이행,건조,맑음,교차로 - 교차로안,승용,여,64세,경상,,,,
2019073000100166,2019년 7월 30일 09시,화요일,전라남도 완도군 완도읍,경상사고,0,0,1,0,차대사람 - 횡단중,신호위반,건조,맑음,교차로 - 교차로횡단보도내,승용,남,46세,상해없음,보행자,여,81세,경상