사고번호,사고일시,요일,시군구,사고내용,사망자수,중상자수,경상자수,부상신고자수,사고유형,법규위반,노면상태,기상상태,도로형태,가해운전자 차종,가해운전자 성별,가해운전자 연령,가해운전자 상해정도,피해운전자 차종,피해운전자 성별,피해운전자 연령,피해운전자 상해정도
2019073000100218,2019년 7월 30일 11시,화요일,전라남도 해남군 해남읍,경상사고,0,0,1,0,차대차 - 추돌,안전운전불이행,건조,맑음,단일로 - 터널,승용,남,25세,상해없음,승용,남,35세,경상
2019073000100219,2019년 7월 30일 11시,화요일,전라남도 광양시 광양읍,경상사고,0,0,2,0,차량단독 - 공작물충돌,안전운전불이행,건조,맑음,단일로 - 기타,화물,남,38세,경상,,,,
2019073000100220,2019년 7월 30일 11시,화요일,전라남도 광양시 중동,경상사고,0,0,5,0,차대차 - 측면충돌,교차로운행방법위반,건조,맑음,교차로 - 교차로안,승용,남,58세,경상,승용,남,72세,경상
2019073000100261,2019년 7월 30일 12시,화요일,전라남도 목포시 상동,경상사고,0,0,6,0,차대차 - 측면충돌,직진우회전진행방해,건조,맑음,교차로 - 교차로안,승용,남,38세,경상,승용,남,44세,경상
2019073000100262,2019년 7월 30일 12시,화요일,전라남도 여수시 봉산동,경상사고,0,0,4,0,차대차 - 측면충돌,교차로운행방법위반,건조,맑음,교차로 - 교차로안,승용,남,46세,경상,승용,남,71세,경상
2019073000100306,2019년 7월 30일 13시,화요일,전라남도 영암군 영암읍,중상사고,0,1,0,0,차량단독 - 공작물충돌,안전운전불이행,건조,맑음,단일로 - 기타,화물,남,66세,중상,,,,
2019073000100307,2019년 7월 30일 13시,화요일,전라남도 장성군 북이면,경상사고,0,0,3,0,차대차 - 측면충돌,신호위반,건조,맑음,교차로 - 교차로안,승용,여,55세,기타불명,승용,남,56세,경상
2019073000100308,2019년 7월 30일 13시,화요일,전라남도 장흥군 장동면,경상사고,0,0,3,0,차대차 - 추돌,안전운전불이행,건조,맑음,단일로 - 터널,승용,남,43세,상해없음,승용,남,40세,경상
2019073000100360,2019년 7월 30일 14시,화요일,전라남도 광양시 다압면,사망사고,1,1,0,0,차량단독 - 기타,안전운전불이행,건조,맑음,단일로 - 기타,승용,남,72세,사망,,,,
2019073000100395,2019년 7월 30일 15시,화요일,전라남도 화순군 남면,부상신고사고,0,0,0,1,차량단독 - 전도전복 - 전도,안전운전불이행,건조,맑음,단일로 - 기타,이륜,남,78세,부상신고,,,,
2019073000100396,2019년 7월 30일 15시,화요일,전라남도 진도군 의신면,중상사고,0,3,0,0,차대차 - 정면충돌,중앙선침범,건조,맑음,교차로 - 교차로부근,화물,남,74세,중상,화물,남,65세,중상
2019073000100397,2019년 7월 30일 15시,화요일,전라남도 구례군 토지면,중상사고,0,1,0,0,차대차 - 측면충돌,안전운전불이행,건조,맑음,단일로 - 기타,승용,여,55세,상해없음,이륜,남,89세,중상
2019073000100433,2019년 7월 30일 16시,화요일,전라남도 여수시 봉산동,경상사고,0,0,1,0,차대차 - 측면충돌,안전운전불이행,건조,맑음,단일로 - 기타,승용,남,77세,기타불명,원동기,남,38세,경상
2019073000100434,2019년 7월 30일 16시,화요일,전라남도 순천시 조례동,경상사고,0,0,1,0,차대차 - 측면충돌,신호위반,건조,맑음,교차로 - 교차로안,승용,여,53세,상해없음,승용,여,60세,경상
2019073000100435,2019년 7월 30일 16시,화요일,전라남도 나주시 왕곡면,중상사고,0,1,1,0,차대차 - 측면충돌,신호위반,건조,맑음,교차로 - 교차로안,승용,남,65세,경상,화물,남,49세,중상
2019073000100436,2019년 7월 30일 16시,화요일,전라남도 장흥군 장흥읍,경상사고,0,0,1,0,차대차 - 측면충돌,안전운전불이행,건조,맑음,교차로 - 교차로부근,승합,남,26세,상해없음,승용,남,51세,경상
2019073000100437,2019년 7월 30일 16시,화요일,전라남도 장흥군 유치면,경상사고,0,0,2,0,차대차 - 측면충돌,신호위반,건조,맑음,교차로 - 교차로안,승용,남,48세,기타불명,화물,남,65세,경상
2019073000100438,2019년 7월 30일 16시,화요일,전라남도 강진군 칠량면,경상사고,0,0,3,0,차대차 - 측면충돌,불법유턴,건조,맑음,단일로 - 기타,승용,남,56세,경상,화물,남,56세,경상
2019073000100488,2019년 7월 30일 17시,화요일,전라남도 목포시 옥암동,경상사고,0,0,6,0,차대차 - 추돌,안전운전불이행,건조,맑음,교차로 - 교차로안,화물,남,40세,상해없음,승용,여,42세,경상
2019073000100489,2019년 7월 30일 17시,화요일,전라남도 여수시 돌산읍,중상사고,0,1,1,0,차대차 - 측면충돌,안전운전불이행,건조,맑음,교차로 - 교차로안,승용,남,58세,중상,승용,남,38세,경상
2019073000100490,2019년 7월 30일 17시,화요일,전라남도 장흥군 장흥읍,경상사고,0,0,1,0,차대차 - 기타,안전운전불이행,건조,맑음,주차장 - 주차장,승용,남,58세,상해없음,승용,여,32세,기타불명
2019073000100531,2019년 7월 30일 18시,화요일,전라남도 순천시 왕지동,경상사고,0,0,1,0,차대차 - 측면충돌,안전거리미확보,건조,맑음,단일로 - 기타,승용,남,65세,상해없음,이륜,남,21세,경상
2019073000100532,2019년 7월 30일 18시,화요일,전라남도 담양군 월산면,중상사고,0,1,1,0,차대차 - 측면충돌,직진우회전진행방해,건조,맑음,교차로 - 교차로안,원동기,여,57세,중상,승용,여,46세,상해없음
2019073000100570,2019년 7월 30일 19시,화요일,전라남도 목포시 옥암동,경상사고,0,0,1,0,차대차 - 기타,기타,건조,맑음,교차로 - 교차로부근,승용,여,55세,상해없음,이륜,남,55세,경상
2019073000100571,2019년 7월 30일 19시,화요일,전라남도 광양시 중동,중상사고,0,1,1,0,차대사람 - 횡단중,보행자보호의무위반,건조,맑음,단일로 - 기타,승용,남,50세,상해없음,보행자,여,49세,중상
2019073000100572,2019년 7월 30일 19시,화요일,전라남도 구례군 광의면,경상사고,0,0,1,0,차량단독 - 공작물충돌,안전운전불이행,건조,맑음,단일로 - 기타,이륜,남,46세,경상,,,,
2019073000100596,2019년 7월 30일 20시,화요일,전라남도 영광군 불갑면,중상사고,0,1,0,0,차량단독 - 도로외이탈 - 추락,안전운전불이행,건조,맑음,단일로 - 기타,승용,남,56세,중상,,,,
2019073000100630,2019년 7월 30일 21시,화요일,전라남도 순천시 교량동,중상사고,0,1,0,0,차대사람 - 차도통행중,안전운전불이행,건조,맑음,단일로 - 기타,승용,여,55세,상해없음,보행자,여,69세,중상
2019073000100649,2019년 7월 30일 22시,화요일,전라남도 광양시 옥곡면,중상사고,0,1,0,0,차대차 - 측면충돌,안전거리미확보,건조,맑음,단일로 - 기타,승용,남,62세,상해없음,승용,남,46세,중상
2019073000100673,2019년 7월 30일 23시,화요일,전라남도 광양시 금호동,중상사고,0,1,0,0,차대차 - 측면충돌,신호위반,건조,맑음,기타 - 기타,개인형이동수단(PM),남,45세,상해없음,원동기,여,25세,중상
2019073100100078,2019년 7월 31일 06시,수요일,전라남도 보성군 회천면,중상사고,0,3,2,0,차량단독 - 기타,안전운전불이행,건조,맑음,단일로 - 기타,승용,남,79세,경상,,,,
2019073100100102,2019년 7월 31일 07시,수요일,전라남도 여수시 미평동,경상사고,0,0,1,1,차대차 - 정면충돌,불법유턴,건조,맑음,단일로 - 기타,승용,남,27세,부상신고,승용,남,29세,경상
2019073100100128,2019년 7월 31일 08시,수요일,전라남도 목포시 산정동,경상사고,0,0,2,0,차대차 - 측면충돌,안전운전불이행,건조,맑음,교차로 - 교차로안,화물,남,63세,경상,승용,여,54세,경상
2019073100100129,2019년 7월 31일 08시,수요일,전라남도 강진군 군동면,경상사고,0,0,1,0,차대차 - 측면충돌,중앙선침범,건조,맑음,단일로 - 기타,승합,남,45세,상해없음,승용,여,57세,경상
2019073100100162,2019년 7월 31일 09시,수요일,전라남도 해남군 북일면,경상사고,0,0,1,0,차대차 - 측면충돌,중앙선침범,건조,맑음,단일로 - 기타,화물,남,77세,상해없음,이륜,남,57세,경상
2019073100100194,2019년 7월 31일 10시,수요일,전라남도 여수시 신기동,경상사고,0,0,1,0,차대차 - 측면충돌,안전운전불이행,건조,맑음,교차로 - 교차로안,화물,남,64세,상해없음,승용,남,31세,경상
2019073100100195,2019년 7월 31일 10시,수요일,전라남도 여수시 충무동,경상사고,0,0,2,0,차대차 - 추돌,안전운전불이행,건조,맑음,교차로 - 교차로안,승용,남,72세,상해없음,승용,남,60세,경상
2019073100100196,2019년 7월 31일 10시,수요일,전라남도 무안군 망운면,경상사고,0,0,3,0,차대차 - 추돌,안전운전불이행,건조,맑음,단일로 - 기타,화물,남,69세,상해없음,화물,남,70세,경상
2019073100100311,2019년 7월 31일 13시,수요일,전라남도 광양시 금호동,중상사고,0,1,2,0,차대차 - 측면충돌,신호위반,건조,맑음,교차로 - 교차로안,승용,남,26세,경상,화물,남,24세,중상
2019073100100336,2019년 7월 31일 14시,수요일,전라남도 목포시 산정동,경상사고,0,0,3,0,차대차 - 측면충돌,직진우회전진행방해,건조,맑음,교차로 - 교차로안,승용,남,67세,경상,승용,여,38세,경상
2019073100100337,2019년 7월 31일 14시,수요일,전라남도 목포시 상동,경상사고,0,0,3,0,차대차 - 측면충돌,안전거리미확보,건조,맑음,교차로 - 교차로부근,화물,남,52세,상해없음,승용,여,48세,경상
2019073100100338,2019년 7월 31일 14시,수요일,전라남도 순천시 연향동,경상사고,0,0,5,1,차대차 - 추돌,안전운전불이행,건조,맑음,교차로 - 교차로안,승용,남,70세,상해없음,승용,남,39세,경상
2019073100100339,2019년 7월 31일 14시,수요일,전라남도 무안군 무안읍,중상사고,0,1,0,0,차대차 - 측면충돌,안전운전불이행,건조,맑음,단일로 - 기타,자전거,남,10세,중상,화물,남,58세,상해없음
2019073100100368,2019년 7월 31일 15시,수요일,전라남도 화순군 화순읍,중상사고,0,1,1,0,차대차 - 측면충돌,안전운전불이행,건조,맑음,단일로 - 기타,이륜,여,70세,상해없음,자전거,남,9세,경상
2019073100100369,2019년 7월 31일 15시,수요일,전라남도 영암군 삼호읍,경상사고,0,0,1,0,차대차 - 측면충돌,안전운전불이행,건조,맑음,단일로 - 기타,승용,여,57세,상해없음,승용,남,37세,경상
2019073100100370,2019년 7월 31일 15시,수요일,전라남도 완도군 완도읍,경상사고,0,0,2,0,차대차 - 측면충돌,안전운전불이행,건조,맑음,교차로 - 교차로안,승용,남,52세,경상,승용,남,26세,경상
2019073100100406,2019년 7월 31일 16시,수요일,전라남도 나주시 남평읍,경상사고,0,0,1,0,차대차 - 기타,안전운전불이행,건조,맑음,단일로 - 기타,건설기계,남,65세,상해없음,승용,여,42세,경상
2019073100100407,2019년 7월 31일 16시,수요일,전라남도 해남군 해남읍,경상사고,0,0,5,0,차대차 - 측면충돌,안전운전불이행,건조,맑음,교차로 - 교차로안,승용,남,78세,경상,승용,여,44세,경상
2019073100100408,2019년 7월 31일 16시,수요일,전라남도 광양시 광양읍,경상사고,0,0,1,0,차대차 - 측면충돌,교차로운행방법위반,건조,맑음,교차로 - 교차로안,승용,여,56세,상해없음,승용,남,74세,경상
2019073100100409,2019년 7월 31일 16시,수요일,전라남도 광양시 도이동,중상사고,0,1,0,0,차대차 - 기타,안전운전불이행,건조,맑음,단일로 - 기타,이륜,남,46세,중상,화물,남,72세,상해없음
2019073100100492,2019년 7월 31일 18시,수요일,전라남도 여수시 연등동,경상사고,0,0,1,0,차대차 - 측면충돌,신호위반,건조,맑음,단일로 - 기타,승용,여,60세,상해없음,자전거,남,36세,경상
2019073100100493,2019년 7월 31일 18시,수요일,전라남도 여수시 관문동,경상사고,0,0,1,0,차대차 - 측면충돌,차로위반,건조,맑음,단일로 - 기타,이륜,남,77세,경상,화물,남,47세,상해없음
2019073100100494,2019년 7월 31일 18시,수요일,전라남도 순천시 연향동,중상사고,0,1,2,0,차대차 - 기타,기타,건조,맑음,단일로 - 고가도로위,승용,여,25세,상해없음,승용,여,40세,경상
2019073100100495,2019년 7월 31일 18시,수요일,전라남도 담양군 담양읍,경상사고,0,0,1,0,차대차 - 정면충돌,안전운전불이행,건조,맑음,교차로 - 교차로안,승용,남,53세,상해없음,승용,남,59세,경상
2019073100100540,2019년 7월 31일 19시,수요일,전라남도 순천시 왕지동,경상사고,0,0,1,0,차대차 - 기타,신호위반,건조,맑음,교차로 - 교차로안,승용,남,25세,상해없음,이륜,남,61세,경상
2019073100100541,2019년 7월 31일 19시,수요일,전라남도 화순군 남면,중상사고,0,1,0,0,차대차 - 측면충돌,중앙선침범,건조,맑음,단일로 - 기타,승용,남,34세,상해없음,승용,남,62세,중상
2019073100100572,2019년 7월 31일 20시,수요일,전라남도 여수시 안산동,경상사고,0,0,1,0,차대차 - 기타,안전거리미확보,건조,맑음,단일로 - 기타,승용,남,26세,상해없음,승합,남,53세,상해없음
2019073100100573,2019년 7월 31일 20시,수요일,전라남도 영광군 법성면,중상사고,0,1,0,0,차대차 - 정면충돌,중앙선침범,건조,맑음,단일로 - 기타,화물,남,43세,상해없음,승용,여,42세,중상
2019073100100613,2019년 7월 31일 21시,수요일,전라남도 목포시 상동,경상사고,0,0,2,0,차대차 - 추돌,안전운전불이행,건조,맑음,단일로 - 기타,승용,여,23세,상해없음,승용,남,34세,경상
2019073100100614,2019년 7월 31일 21시,수요일,전라남도 고흥군 도화면,중상사고,0,1,0,0,차량단독 - 공작물충돌,안전운전불이행,건조,맑음,단일로 - 기타,이륜,남,34세,중상,,,,
2019080100100032,2019년 8월 1일 00시,목요일,전라남도 광양시 중동,경상사고,0,0,1,0,차대차 - 추돌,안전운전불이행,건조,맑음,교차로 - 교차로횡단보도내,화물,남,36세,경상,승용,남,30세,상해없음
2019080100100033,2019년 8월 1일 00시,목요일,전라남도 광양시 광영동,경상사고,0,0,3,0,차대차 - 정면충돌,중앙선침범,건조,맑음,교차로 - 교차로부근,승용,남,19세,경상,승용,남,53세,경상
2019080100100078,2019년 8월 1일 04시,목요일,전라남도 목포시 옥암동,경상사고,0,0,1,0,차대차 - 측면충돌,신호위반,젖음/습기,비,교차로 - 교차로안,기타불명,기타불명,미분류,기타불명,승용,남,36세,경상
2019080100100114,2019년 8월 1일 07시,목요일,전라남도 여수시 중흥동,경상사고,0,0,1,0,차대차 - 정면충돌,중앙선침범,건조,맑음,단일로 - 기타,승용,남,31세,상해없음,승용,남,30세,경상
2019080100100115,2019년 8월 1일 07시,목요일,전라남도 영광군 홍농읍,경상사고,0,0,1,0,차대차 - 추돌,안전운전불이행,건조,맑음,단일로 - 기타,이륜,남,53세,경상,이륜,남,68세,상해없음
2019080100100144,2019년 8월 1일 08시,목요일,전라남도 목포시 옥암동,경상사고,0,0,1,0,차대차 - 측면충돌,안전운전불이행,건조,맑음,교차로 - 교차로부근,승용,남,67세,상해없음,승용,남,32세,경상
2019080100100145,2019년 8월 1일 08시,목요일,전라남도 목포시 용당동,경상사고,0,0,4,0,차대차 - 추돌,안전운전불이행,건조,맑음,기타 - 기타,승용,남,30세,경상,승용,여,43세,경상
2019080100100146,2019년 8월 1일 08시,목요일,전라남도 여수시 학동,경상사고,0,0,1,0,차대차 - 추돌,안전운전불이행,건조,맑음,교차로 - 교차로부근,승용,여,36세,상해없음,승용,여,34세,경상
2019080100100147,2019년 8월 1일 08시,목요일,전라남도 해남군 송지면,중상사고,0,1,0,0,차대사람 - 횡단중,안전운전불이행,건조,맑음,교차로 - 교차로안,승용,남,68세,상해없음,보행자,여,15세,중상
2019080100100210,2019년 8월 1일 10시,목요일,전라남도 나주시 왕곡면,경상사고,0,0,1,0,차대차 - 추돌,안전거리미확보,건조,맑음,단일로 - 기타,이륜,남,37세,경상,승용,여,57세,상해없음
2019080100100211,2019년 8월 1일 10시,목요일,전라남도 무안군 삼향읍,경상사고,0,0,1,0,차대차 - 추돌,안전거리미확보,건조,맑음,교차로 - 교차로부근,화물,남,66세,상해없음,승용,여,58세,경상
2019080100100246,2019년 8월 1일 11시,목요일,전라남도 신안군 지도읍,중상사고,0,1,1,0,차대차 - 측면충돌,교차로운행방법위반,건조,맑음,교차로 - 교차로안,승용,여,59세,경상,화물,남,64세,중상
2019080100100247,2019년 8월 1일 11시,목요일,전라남도 나주시 부덕동,경상사고,0,0,1,0,차대차 - 측면충돌,직진우회전진행방해,건조,맑음,교차로 - 교차로안,화물,여,46세,상해없음,승용,남,64세,경상
2019080100100248,2019년 8월 1일 11시,목요일,전라남도 고흥군 과역면,경상사고,0,0,2,0,차대차 - 측면충돌,안전운전불이행,건조,맑음,교차로 - 교차로안,승용,남,79세,상해없음,승용,남,45세,경상
2019080100100249,2019년 8월 1일 11시,목요일,전라남도 화순군 화순읍,경상사고,0,0,1,0,차대차 - 기타,안전운전불이행,건조,맑음,기타 - 기타,승용,남,71세,상해없음,승용,여,38세,경상
2019080100100285,2019년 8월 1일 12시,목요일,전라남도 여수시 여서동,경상사고,0,0,2,0,차대차 - 추돌,안전운전불이행,건조,맑음,단일로 - 기타,승용,여,36세,상해없음,승용,여,44세,경상
2019080100100328,2019년 8월 1일 13시,목요일,전라남도 해남군 황산면,중상사고,0,3,0,0,차대사람 - 기타,안전운전불이행,건조,맑음,단일로 - 기타,화물,남,84세,상해없음,보행자,여,70세,중상
2019080100100361,2019년 8월 1일 14시,목요일,전라남도 목포시 상동,경상사고,0,0,1,0,차대차 - 측면충돌,안전운전불이행,건조,맑음,단일로 - 기타,승용,여,62세,상해없음,화물,남,42세,경상
2019080100100362,2019년 8월 1일 14시,목요일,전라남도 여수시 관문동,경상사고,0,0,1,0,차대차 - 측면충돌,안전운전불이행,건조,맑음,교차로 - 교차로횡단보도내,승용,여,62세,상해없음,자전거,남,17세,경상
2019080100100363,2019년 8월 1일 14시,목요일,전라남도 순천시 연향동,경상사고,0,0,1,0,차대차 - 추돌,안전운전불이행,건조,맑음,단일로 - 기타,화물,남,32세,상해없음,승용,남,44세,경상
2019080100100364,2019년 8월 1일 14시,목요일,전라남도 영광군 영광읍,경상사고,0,0,1,0,차대차 - 측면충돌,안전운전불이행,건조,맑음,단일로 - 기타,원동기,남,76세,경상,승합,남,62세,상해없음
2019080100100365,2019년 8월 1일 14시,목요일,전라남도 화순군 도암면,경상사고,0,0,1,0,차대차 - 측면충돌,교차로운행방법위반,건조,맑음,교차로 - 교차로안,이륜,남,39세,경상,승용,남,59세,상해없음
2019080100100393,2019년 8월 1일 15시,목요일,전라남도 여수시 웅천동,경상사고,0,0,2,0,차대차 - 추돌,안전운전불이행,건조,맑음,단일로 - 기타,승용,남,50세,상해없음,승용,남,25세,경상
2019080100100394,2019년 8월 1일 15시,목요일,전라남도 순천시 동외동,경상사고,0,0,3,0,차대차 - 기타,중앙선침범,건조,맑음,교차로 - 교차로부근,승용,남,49세,상해없음,승용,여,42세,경상
2019080100100395,2019년 8월 1일 15시,목요일,전라남도 순천시 해룡면,경상사고,0,0,4,0,차대차 - 추돌,안전운전불이행,건조,맑음,단일로 - 기타,승용,여,59세,상해없음,승용,남,40세,경상
2019080100100444,2019년 8월 1일 16시,목요일,전라남도 나주시 빛가람동,중상사고,0,1,0,0,차대차 - 측면충돌,안전운전불이행,건조,맑음,단일로 - 기타,승합,남,59세,상해없음,이륜,남,18세,중상
2019080100100445,2019년 8월 1일 16시,목요일,전라남도 보성군 보성읍,중상사고,0,1,0,0,차대차 - 측면충돌,기타,건조,맑음,교차로 - 교차로안,이륜,남,43세,중상,승용,남,35세,상해없음
2019080100100446,2019년 8월 1일 16시,목요일,전라남도 담양군 수북면,경상사고,0,0,3,0,차대차 - 측면충돌,교차로운행방법위반,건조,맑음,교차로 - 교차로안,화물,남,64세,상해없음,승용,여,53세,경상
2019080100100447,2019년 8월 1일 16시,목요일,전라남도 광양시 광양읍,경상사고,0,0,2,0,차대차 - 측면충돌,신호위반,건조,맑음,교차로 - 교차로안,승용,남,70세,상해없음,승용,여,54세,경상
2019080100100471,2019년 8월 1일 17시,목요일,전라남도 여수시 여서동,경상사고,0,0,2,0,차대차 - 추돌,안전운전불이행,건조,맑음,교차로 - 교차로부근,승합,남,29세,상해없음,화물,남,62세,경상
2019080100100472,2019년 8월 1일 17시,목요일,전라남도 여수시 공화동,경상사고,0,0,1,0,차대차 - 측면충돌,교차로운행방법위반,건조,맑음,교차로 - 교차로안,승용,여,57세,상해없음,승용,여,47세,경상
2019080100100473,2019년 8월 1일 17시,목요일,전라남도 해남군 문내면,중상사고,0,1,0,0,차대차 - 기타,안전운전불이행,건조,맑음,교차로 - 교차로부근,승합,남,62세,상해없음,사륜오토바이(ATV),남,75세,중상
2019080100100474,2019년 8월 1일 17시,목요일,전라남도 완도군 신지면,경상사고,0,0,1,0,차대사람 - 기타,안전운전불이행,건조,맑음,교차로 - 교차로부근,승용,남,57세,기타불명,보행자,여,16세,경상
2019080100100525,2019년 8월 1일 18시,목요일,전라남도 목포시 연산동,경상사고,0,0,2,0,차대차 - 측면충돌,안전운전불이행,건조,맑음,단일로 - 기타,승용,남,71세,상해없음,승용,남,51세,경상
2019080100100526,2019년 8월 1일 18시,목요일,전라남도 순천시 용당동,경상사고,0,0,1,0,차대차 - 기타,교차로운행방법위반,건조,맑음,교차로 - 교차로횡단보도내,이륜,남,59세,상해없음,자전거,여,59세,경상
2019080100100563,2019년 8월 1일 19시,목요일,전라남도 목포시 용해동,경상사고,0,0,3,0,차대차 - 추돌,안전거리미확보,건조,맑음,교차로 - 교차로부근,승용,남,31세,상해없음,승용,여,26세,경상
2019080100100564,2019년 8월 1일 19시,목요일,전라남도 여수시 신기동,경상사고,0,0,1,0,차대차 - 측면충돌,안전운전불이행,건조,맑음,단일로 - 기타,승용,남,33세,기타불명,승용,여,39세,경상
2019080100100635,2019년 8월 1일 21시,목요일,전라남도 나주시 송월동,경상사고,0,0,2,0,차대차 - 측면충돌,중앙선침범,건조,맑음,단일로 - 기타,승용,남,49세,상해없음,승용,남,28세,경상
2019080100100662,2019년 8월 1일 22시,목요일,전라남도 여수시 안산동,경상사고,0,0,3,0,차대차 - 추돌,안전운전불이행,건조,맑음,단일로 - 기타,승용,여,59세,상해없음,승용,남,28세,경상
2019080100100674,2019년 8월 1일 23시,목요일,전라남도 장흥군 장흥읍,경상사고,0,0,3,0,차대차 - 측면충돌,교차로운행방법위반,건조,맑음,교차로 - 교차로안,화물,여,53세,경상,승합,남,18세,경상
2019080200100034,2019년 8월 2일 00시,금요일,전라남도 여수시 문수동,중상사고,0,1,0,0,차대사람 - 횡단중,안전운전불이행,건조,맑음,교차로 - 교차로횡단보도내,승용,남,60세,상해없음,보행자,남,31세,중상
2019080200100050,2019년 8월 2일 01시,금요일,전라남도 순천시 동외동,경상사고,0,0,1,0,차대차 - 기타,안전운전불이행,건조,맑음,단일로 - 기타,승용,남,31세,상해없음,승용,남,42세,경상
2019080200100070,2019년 8월 2일 04시,금요일,전라남도 목포시 상동,경상사고,0,0,2,0,차대차 - 기타,안전운전불이행,건조,맑음,단일로 - 기타,이륜,남,35세,경상,승용,남,25세,경상
2019080200100071,2019년 8월 2일 04시,금요일,전라남도 진도군 진도읍,중상사고,0,2,1,0,차대차 - 정면충돌,안전운전불이행,건조,맑음,교차로 - 교차로안,농기계,남,69세,경상,승용,여,57세,중상
2019080200100081,2019년 8월 2일 05시,금요일,전라남도 목포시 상동,중상사고,0,1,1,0,차대차 - 측면충돌,신호위반,건조,맑음,교차로 - 교차로안,이륜,남,18세,경상,승용,남,65세,상해없음
2019080200100101,2019년 8월 2일 07시,금요일,전라남도 영암군 삼호읍,경상사고,0,0,1,0,차대차 - 측면충돌,안전운전불이행,건조,맑음,교차로 - 교차로안,화물,남,68세,상해없음,승용,남,45세,경상
2019080200100146,2019년 8월 2일 09시,금요일,전라남도 곡성군 곡성읍,중상사고,0,1,0,0,차대차 - 측면충돌,안전운전불이행,건조,맑음,교차로 - 교차로안,화물,남,68세,상해없음,이륜,남,86세,중상
2019080200100222,2019년 8월 2일 11시,금요일,전라남도 여수시 율촌면,중상사고,0,1,0,0,차대사람 - 차도통행중,안전운전불이행,건조,맑음,교차로 - 교차로안,화물,남,50세,상해없음,보행자,여,90세 이상,중상
2019080200100223,2019년 8월 2일 11시,금요일,전라남도 광양시 옥곡면,경상사고,0,0,1,0,차대차 - 측면충돌,안전운전불이행,건조,맑음,단일로 - 기타,승용,여,46세,상해없음,승용,여,55세,경상
2019080200100256,2019년 8월 2일 12시,금요일,전라남도 장흥군 장흥읍,경상사고,0,0,3,0,차대차 - 측면충돌,교차로운행방법위반,건조,맑음,교차로 - 교차로안,승용,여,35세,상해없음,승용,여,40세,경상
2019080200100293,2019년 8월 2일 13시,금요일,전라남도 목포시 용당동,중상사고,0,1,0,0,차대차 - 기타,중앙선침범,건조,맑음,단일로 - 기타,승용,남,26세,상해없음,승용,남,65세,중상
2019080200100294,2019년 8월 2일 13시,금요일,전라남도 목포시 상동,경상사고,0,0,1,0,차대차 - 기타,안전운전불이행,건조,맑음,단일로 - 기타,승용,남,68세,상해없음,승합,남,60세,경상
2019080200100295,2019년 8월 2일 13시,금요일,전라남도 함평군 해보면,부상신고사고,0,0,0,1,차대차 - 추돌,안전운전불이행,건조,맑음,교차로 - 교차로부근,이륜,남,74세,부상신고,화물,남,53세,기타불명
2019080200100296,2019년 8월 2일 13시,금요일,전라남도 강진군 마량면,경상사고,0,0,4,0,차대차 - 측면충돌,직진우회전진행방해,건조,맑음,교차로 - 교차로안,승용,남,55세,상해없음,승용,남,38세,경상
2019080200100297,2019년 8월 2일 13시,금요일,전라남도 완도군 완도읍,경상사고,0,0,3,0,차대차 - 측면충돌,안전운전불이행,건조,맑음,교차로 - 교차로부근,승용,여,35세,상해없음,승합,남,72세,경상
2019080200100346,2019년 8월 2일 14시,금요일,전라남도 여수시 남산동,경상사고,0,0,1,0,차량단독 - 기타,안전운전불이행,건조,맑음,단일로 - 기타,승용,남,65세,상해없음,,,,
2019080200100347,2019년 8월 2일 14시,금요일,전라남도 순천시 덕암동,경상사고,0,0,2,0,차대차 - 기타,안전거리미확보,건조,맑음,단일로 - 기타,승용,남,55세,경상,승용,남,70세,상해없음
2019080200100348,2019년 8월 2일 14시,금요일,전라남도 보성군 보성읍,경상사고,0,0,1,0,차대차 - 측면충돌,직진우회전진행방해,건조,맑음,교차로 - 교차로안,이륜,남,79세,경상,승용,여,77세,상해없음
2019080200100349,2019년 8월 2일 14시,금요일,전라남도 구례군 구례읍,경상사고,0,0,2,0,차대차 - 기타,직진우회전진행방해,건조,맑음,교차로 - 교차로안,화물,남,56세,상해없음,승용,남,28세,경상
2019080200100381,2019년 8월 2일 15시,금요일,전라남도 여수시 문수동,경상사고,0,0,3,0,차대차 - 측면충돌,중앙선침범,건조,맑음,단일로 - 기타,승용,남,67세,상해없음,승용,남,45세,경상
2019080200100382,2019년 8월 2일 15시,금요일,전라남도 고흥군 금산면,중상사고,0,2,0,0,차대차 - 측면충돌,안전운전불이행,건조,맑음,단일로 - 기타,승용,남,54세,중상,화물,남,56세,중상
2019080200100383,2019년 8월 2일 15시,금요일,전라남도 강진군 강진읍,중상사고,0,2,1,0,차대차 - 측면충돌,직진우회전진행방해,건조,맑음,교차로 - 교차로안,화물,남,59세,상해없음,승용,남,72세,중상
2019080200100384,2019년 8월 2일 15시,금요일,전라남도 완도군 노화읍,경상사고,0,0,1,0,차대차 - 정면충돌,안전운전불이행,건조,맑음,단일로 - 기타,승용,남,63세,상해없음,개인형이동수단(PM),남,39세,경상
2019080200100418,2019년 8월 2일 16시,금요일,전라남도 여수시 안산동,중상사고,0,1,0,0,차대사람 - 기타,안전운전불이행,건조,맑음,단일로 - 기타,화물,남,24세,상해없음,보행자,여,73세,중상
2019080200100419,2019년 8월 2일 16시,금요일,전라남도 여수시 학동,경상사고,0,0,5,0,차대차 - 추돌,안전운전불이행,건조,맑음,교차로 - 교차로부근,승용,여,62세,상해없음,승용,여,28세,경상