사고번호,사고일시,요일,시군구,사고내용,사망자수,중상자수,경상자수,부상신고자수,사고유형,법규위반,노면상태,기상상태,도로형태,가해운전자 차종,가해운전자 성별,가해운전자 연령,가해운전자 상해정도,피해운전자 차종,피해운전자 성별,피해운전자 연령,피해운전자 상해정도
2019080200100420,2019년 8월 2일 16시,금요일,전라남도 광양시 광영동,중상사고,0,1,1,0,차대차 - 측면충돌,직진우회전진행방해,건조,맑음,교차로 - 교차로안,승용,남,38세,경상,승용,여,69세,중상
2019080200100473,2019년 8월 2일 17시,금요일,전라남도 여수시 광무동,경상사고,0,0,2,0,차대차 - 측면충돌,안전거리미확보,건조,맑음,단일로 - 기타,승용,남,48세,상해없음,승용,남,56세,경상
2019080200100474,2019년 8월 2일 17시,금요일,전라남도 여수시 돌산읍,경상사고,0,0,1,0,차대차 - 측면충돌,차로위반,건조,맑음,교차로 - 교차로부근,승용,남,58세,상해없음,승용,남,42세,경상
2019080200100475,2019년 8월 2일 17시,금요일,전라남도 나주시 공산면,경상사고,0,0,1,0,차대차 - 측면충돌,신호위반,건조,맑음,교차로 - 교차로안,승용,남,69세,상해없음,승용,남,55세,경상
2019080200100476,2019년 8월 2일 17시,금요일,전라남도 장흥군 관산읍,경상사고,0,0,1,0,차대차 - 측면충돌,안전운전불이행,건조,맑음,교차로 - 교차로부근,승용,남,40세,상해없음,화물,남,64세,경상
2019080200100477,2019년 8월 2일 17시,금요일,전라남도 나주시 문평면,경상사고,0,0,1,0,차대차 - 추돌,안전운전불이행,건조,맑음,단일로 - 기타,승용,남,31세,상해없음,화물,남,27세,경상
2019080200100535,2019년 8월 2일 18시,금요일,전라남도 나주시 대호동,사망사고,1,0,0,0,차대차 - 측면충돌,안전운전불이행,건조,맑음,단일로 - 기타,화물,남,57세,상해없음,이륜,남,26세,사망
2019080200100536,2019년 8월 2일 18시,금요일,전라남도 나주시 금천면,경상사고,0,0,3,0,차대차 - 측면충돌,신호위반,건조,맑음,교차로 - 교차로안,승용,여,36세,경상,승용,여,24세,경상
2019080200100537,2019년 8월 2일 18시,금요일,전라남도 곡성군 겸면,경상사고,0,0,1,0,차대차 - 측면충돌,기타,건조,맑음,교차로 - 교차로안,승용,남,19세,상해없음,화물,남,50세,경상
2019080200100538,2019년 8월 2일 18시,금요일,전라남도 광양시 광양읍,경상사고,0,0,1,0,차량단독 - 기타,안전운전불이행,건조,맑음,교차로 - 교차로부근,승합,남,55세,상해없음,,,,
2019080200100643,2019년 8월 2일 21시,금요일,전라남도 함평군 엄다면,경상사고,0,0,1,0,차대차 - 측면충돌,직진우회전진행방해,건조,맑음,교차로 - 교차로안,승용,남,72세,상해없음,화물,남,20세,경상
2019080200100682,2019년 8월 2일 22시,금요일,전라남도 순천시 덕암동,경상사고,0,0,2,0,차대차 - 기타,안전운전불이행,건조,맑음,교차로 - 교차로안,이륜,남,44세,경상,승용,남,55세,경상
2019080200100705,2019년 8월 2일 23시,금요일,전라남도 목포시 옥암동,경상사고,0,0,4,0,차대차 - 측면충돌,신호위반,건조,맑음,교차로 - 교차로안,승용,남,55세,상해없음,승용,여,46세,경상
2019080300100033,2019년 8월 3일 00시,토요일,전라남도 순천시 해룡면,중상사고,0,1,0,0,차대차 - 측면충돌,안전운전불이행,건조,맑음,단일로 - 기타,화물,남,24세,중상,화물,남,75세,기타불명
2019080300100069,2019년 8월 3일 04시,토요일,전라남도 해남군 해남읍,경상사고,0,0,1,0,차대사람 - 횡단중,안전운전불이행,건조,맑음,교차로 - 교차로부근,승합,남,47세,상해없음,보행자,남,19세,경상
2019080300100134,2019년 8월 3일 09시,토요일,전라남도 여수시 여천동,경상사고,0,0,1,0,차대차 - 측면충돌,안전운전불이행,건조,맑음,교차로 - 교차로부근,승용,남,78세,상해없음,승용,여,44세,경상
2019080300100135,2019년 8월 3일 09시,토요일,전라남도 담양군 담양읍,경상사고,0,0,1,0,차대차 - 측면충돌,교차로운행방법위반,건조,맑음,교차로 - 교차로안,승용,남,51세,상해없음,승용,남,37세,상해없음
2019080300100170,2019년 8월 3일 10시,토요일,전라남도 목포시 용해동,경상사고,0,0,5,0,차대차 - 기타,안전운전불이행,건조,맑음,교차로 - 교차로안,승용,여,46세,상해없음,승용,남,46세,경상
2019080300100171,2019년 8월 3일 10시,토요일,전라남도 순천시 왕지동,경상사고,0,0,6,0,차대차 - 측면충돌,신호위반,건조,맑음,교차로 - 교차로안,승용,남,47세,상해없음,승용,여,42세,경상
2019080300100172,2019년 8월 3일 10시,토요일,전라남도 해남군 황산면,경상사고,0,0,1,0,차대차 - 기타,교차로운행방법위반,건조,맑음,교차로 - 교차로안,화물,여,57세,경상,승합,남,62세,상해없음
2019080300100173,2019년 8월 3일 10시,토요일,전라남도 보성군 벌교읍,경상사고,0,0,2,0,차대차 - 정면충돌,중앙선침범,건조,맑음,교차로 - 교차로부근,승용,여,58세,경상,승용,여,64세,경상
2019080300100174,2019년 8월 3일 10시,토요일,전라남도 무안군 현경면,경상사고,0,0,1,0,차대차 - 추돌,교차로운행방법위반,건조,맑음,교차로 - 교차로안,승용,남,63세,상해없음,승용,여,54세,경상
2019080300100200,2019년 8월 3일 11시,토요일,전라남도 광양시 중동,경상사고,0,0,1,0,차대차 - 기타,교차로운행방법위반,건조,맑음,교차로 - 교차로안,화물,남,57세,상해없음,화물,남,66세,경상
2019080300100201,2019년 8월 3일 11시,토요일,전라남도 구례군 구례읍,부상신고사고,0,0,0,1,차대차 - 측면충돌,중앙선침범,건조,맑음,단일로 - 기타,이륜,남,81세,부상신고,승용,남,29세,상해없음
2019080300100202,2019년 8월 3일 11시,토요일,전라남도 보성군 보성읍,경상사고,0,0,3,0,차대차 - 기타,안전운전불이행,건조,맑음,기타 - 기타,승용,여,49세,상해없음,승용,남,40세,경상
2019080300100240,2019년 8월 3일 12시,토요일,전라남도 영암군 삼호읍,경상사고,0,0,7,0,차대차 - 측면충돌,신호위반,건조,맑음,교차로 - 교차로안,승용,여,37세,경상,승용,남,37세,경상
2019080300100275,2019년 8월 3일 13시,토요일,전라남도 여수시 봉산동,경상사고,0,0,1,0,차대사람 - 길가장자리구역통행중,기타,건조,맑음,교차로 - 교차로부근,승용,여,52세,상해없음,보행자,남,79세,경상
2019080300100276,2019년 8월 3일 13시,토요일,전라남도 나주시 왕곡면,경상사고,0,0,5,0,차대차 - 추돌,안전운전불이행,건조,맑음,교차로 - 교차로부근,승용,남,30세,상해없음,승용,남,34세,경상
2019080300100277,2019년 8월 3일 13시,토요일,전라남도 구례군 산동면,경상사고,0,0,1,0,차대사람 - 기타,안전운전불이행,건조,맑음,단일로 - 기타,승용,여,57세,상해없음,보행자,여,56세,경상
2019080300100303,2019년 8월 3일 14시,토요일,전라남도 고흥군 고흥읍,경상사고,0,0,8,0,차대차 - 측면충돌,직진우회전진행방해,건조,맑음,교차로 - 교차로안,승용,남,19세,상해없음,승합,여,39세,경상
2019080300100333,2019년 8월 3일 15시,토요일,전라남도 나주시 남평읍,중상사고,0,1,1,0,차대차 - 기타,안전운전불이행,건조,맑음,단일로 - 기타,자전거,남,77세,중상,원동기,남,61세,경상
2019080300100367,2019년 8월 3일 16시,토요일,전라남도 순천시 조례동,경상사고,0,0,1,0,차대사람 - 횡단중,보행자보호의무위반,건조,맑음,교차로 - 교차로횡단보도내,승용,남,71세,상해없음,보행자,여,72세,경상
2019080300100368,2019년 8월 3일 16시,토요일,전라남도 영광군 영광읍,중상사고,0,1,1,0,차대차 - 측면충돌,안전거리미확보,건조,맑음,단일로 - 기타,화물,남,77세,상해없음,승용,남,23세,중상
2019080300100369,2019년 8월 3일 16시,토요일,전라남도 화순군 화순읍,경상사고,0,0,3,0,차대차 - 기타,중앙선침범,건조,맑음,교차로 - 교차로안,승용,남,43세,상해없음,승용,남,35세,경상
2019080300100397,2019년 8월 3일 17시,토요일,전라남도 여수시 신기동,경상사고,0,0,2,0,차대차 - 측면충돌,안전운전불이행,건조,맑음,단일로 - 기타,승용,남,44세,상해없음,승용,여,23세,경상
2019080300100398,2019년 8월 3일 17시,토요일,전라남도 순천시 가곡동,경상사고,0,0,1,0,차대차 - 측면충돌,안전운전불이행,건조,맑음,단일로 - 기타,승용,여,48세,상해없음,승용,남,57세,상해없음
2019080300100482,2019년 8월 3일 20시,토요일,전라남도 목포시 산정동,경상사고,0,0,1,0,차대차 - 후진중충돌,안전운전불이행,건조,맑음,교차로 - 교차로안,화물,남,64세,상해없음,승용,여,51세,경상
2019080300100483,2019년 8월 3일 20시,토요일,전라남도 여수시 선원동,경상사고,0,0,3,0,차대차 - 측면충돌,안전운전불이행,건조,맑음,교차로 - 교차로안,승용,여,52세,경상,승합,남,43세,경상
2019080300100484,2019년 8월 3일 20시,토요일,전라남도 순천시 상사면,경상사고,0,0,1,0,차대차 - 측면충돌,안전운전불이행,건조,맑음,기타 - 기타,승용,여,48세,상해없음,승용,여,54세,경상
2019080300100485,2019년 8월 3일 20시,토요일,전라남도 구례군 산동면,경상사고,0,0,1,0,차량단독 - 공작물충돌,안전운전불이행,건조,맑음,교차로 - 교차로안,자전거,남,50세,경상,,,,
2019080300100509,2019년 8월 3일 21시,토요일,전라남도 장흥군 대덕읍,경상사고,0,0,1,0,차대사람 - 차도통행중,안전운전불이행,건조,맑음,단일로 - 기타,승용,남,72세,상해없음,보행자,여,71세,경상
2019080300100562,2019년 8월 3일 23시,토요일,전라남도 광양시 중동,중상사고,0,2,0,0,차량단독 - 기타,안전운전불이행,건조,맑음,단일로 - 기타,승용,남,32세,중상,,,,
2019080400100036,2019년 8월 4일 00시,일요일,전라남도 영광군 영광읍,중상사고,0,1,0,0,차대사람 - 차도통행중,안전운전불이행,건조,맑음,단일로 - 기타,승용,남,25세,상해없음,보행자,남,61세,중상
2019080400100048,2019년 8월 4일 01시,일요일,전라남도 광양시 옥곡면,중상사고,0,1,0,0,차량단독 - 공작물충돌,안전운전불이행,건조,맑음,단일로 - 기타,승용,남,48세,중상,,,,
2019080400100060,2019년 8월 4일 02시,일요일,전라남도 목포시 명륜동,경상사고,0,0,2,0,차대차 - 기타,안전운전불이행,건조,맑음,교차로 - 교차로안,승용,남,22세,상해없음,승용,남,19세,경상
2019080400100069,2019년 8월 4일 03시,일요일,전라남도 여수시 오림동,경상사고,0,0,1,0,차대차 - 정면충돌,안전거리미확보,건조,맑음,교차로 - 교차로부근,승용,남,19세,상해없음,승용,남,25세,경상
2019080400100077,2019년 8월 4일 04시,일요일,전라남도 나주시 봉황면,경상사고,0,0,2,0,차대차 - 측면충돌,신호위반,젖음/습기,안개,교차로 - 교차로안,승용,남,70세,상해없음,승용,남,70세,경상
2019080400100078,2019년 8월 4일 04시,일요일,전라남도 영암군 삼호읍,중상사고,0,1,0,0,차대사람 - 횡단중,신호위반,건조,맑음,교차로 - 교차로횡단보도내,승용,남,38세,상해없음,보행자,남,38세,중상
2019080400100095,2019년 8월 4일 05시,일요일,전라남도 목포시 상동,경상사고,0,0,1,0,차대사람 - 차도통행중,안전운전불이행,건조,맑음,단일로 - 기타,승용,남,61세,상해없음,보행자,남,19세,경상
2019080400100113,2019년 8월 4일 07시,일요일,전라남도 완도군 신지면,중상사고,0,1,1,0,차대차 - 기타,안전운전불이행,건조,맑음,단일로 - 기타,농기계,남,72세,중상,승합,여,64세,경상
2019080400100126,2019년 8월 4일 08시,일요일,전라남도 무안군 망운면,중상사고,0,1,0,0,차대차 - 측면충돌,안전운전불이행,건조,맑음,교차로 - 교차로안,승용,남,67세,상해없음,승용,남,71세,상해없음
2019080400100139,2019년 8월 4일 09시,일요일,전라남도 완도군 군외면,중상사고,0,1,0,0,차대차 - 정면충돌,중앙선침범,건조,맑음,단일로 - 기타,이륜,남,78세,중상,승합,남,25세,기타불명
2019080400100182,2019년 8월 4일 11시,일요일,전라남도 목포시 산정동,경상사고,0,0,1,0,차대차 - 측면충돌,교차로운행방법위반,건조,맑음,교차로 - 교차로안,이륜,남,26세,경상,승용,남,46세,상해없음
2019080400100183,2019년 8월 4일 11시,일요일,전라남도 순천시 연향동,경상사고,0,0,2,0,차대차 - 측면충돌,안전운전불이행,건조,맑음,교차로 - 교차로안,승용,남,44세,경상,승용,여,52세,경상
2019080400100184,2019년 8월 4일 11시,일요일,전라남도 구례군 구례읍,경상사고,0,0,1,0,차대사람 - 기타,안전운전불이행,건조,맑음,교차로 - 교차로부근,화물,남,73세,상해없음,보행자,남,65세,경상
2019080400100212,2019년 8월 4일 12시,일요일,전라남도 여수시 학동,경상사고,0,0,3,0,차대차 - 측면충돌,안전거리미확보,건조,맑음,교차로 - 교차로안,승합,남,38세,상해없음,승용,여,22세,경상
2019080400100213,2019년 8월 4일 12시,일요일,전라남도 담양군 담양읍,중상사고,0,3,1,0,차대차 - 추돌,안전운전불이행,건조,맑음,교차로 - 교차로부근,화물,남,57세,상해없음,승용,남,57세,중상
2019080400100214,2019년 8월 4일 12시,일요일,전라남도 진도군 진도읍,중상사고,0,1,1,0,차대차 - 측면충돌,안전운전불이행,건조,맑음,교차로 - 교차로안,승용,남,52세,상해없음,이륜,남,81세,중상
2019080400100250,2019년 8월 4일 13시,일요일,전라남도 여수시 국동,경상사고,0,0,1,0,차대차 - 측면충돌,교차로운행방법위반,건조,맑음,교차로 - 교차로안,승용,남,49세,상해없음,승용,남,56세,경상
2019080400100277,2019년 8월 4일 14시,일요일,전라남도 무안군 망운면,경상사고,0,0,1,0,차대사람 - 차도통행중,안전운전불이행,건조,맑음,단일로 - 기타,승용,여,27세,상해없음,보행자,여,2세,경상
2019080400100278,2019년 8월 4일 14시,일요일,전라남도 순천시 승주읍,경상사고,0,0,1,0,차대사람 - 기타,안전운전불이행,건조,맑음,단일로 - 기타,승용,여,50세,상해없음,보행자,여,33세,경상
2019080400100306,2019년 8월 4일 15시,일요일,전라남도 광양시 중동,경상사고,0,0,2,0,차대차 - 측면충돌,안전운전불이행,건조,맑음,교차로 - 교차로안,승용,남,39세,경상,승용,여,59세,경상
2019080400100336,2019년 8월 4일 16시,일요일,전라남도 목포시 동명동,경상사고,0,0,1,0,차대차 - 측면충돌,안전거리미확보,건조,맑음,단일로 - 기타,이륜,남,77세,경상,승용,여,49세,상해없음
2019080400100368,2019년 8월 4일 17시,일요일,전라남도 목포시 옥암동,경상사고,0,0,1,0,차대사람 - 기타,안전운전불이행,건조,맑음,단일로 - 기타,승용,남,46세,상해없음,보행자,여,60세,경상
2019080400100369,2019년 8월 4일 17시,일요일,전라남도 함평군 신광면,중상사고,0,1,0,0,차량단독 - 전도전복 - 전도,안전운전불이행,건조,맑음,단일로 - 기타,이륜,남,79세,중상,,,,
2019080400100370,2019년 8월 4일 17시,일요일,전라남도 담양군 창평면,경상사고,0,0,1,0,차대차 - 측면충돌,직진우회전진행방해,건조,맑음,교차로 - 교차로안,원동기,남,84세,경상,승용,여,56세,상해없음
2019080400100412,2019년 8월 4일 18시,일요일,전라남도 나주시 보산동,중상사고,0,1,1,0,차대차 - 측면충돌,안전운전불이행,건조,맑음,단일로 - 기타,화물,여,48세,경상,이륜,남,36세,중상
2019080400100413,2019년 8월 4일 18시,일요일,전라남도 나주시 세지면,경상사고,0,0,7,0,차대차 - 기타,안전운전불이행,건조,맑음,단일로 - 기타,승용,여,21세,상해없음,승합,남,56세,상해없음
2019080400100414,2019년 8월 4일 18시,일요일,전라남도 고흥군 도화면,경상사고,0,0,4,0,차대차 - 측면충돌,교차로운행방법위반,건조,맑음,교차로 - 교차로안,승용,남,54세,상해없음,승용,남,51세,경상
2019080400100415,2019년 8월 4일 18시,일요일,전라남도 광양시 광양읍,경상사고,0,0,2,0,차대차 - 측면충돌,신호위반,건조,맑음,교차로 - 교차로안,승용,남,39세,상해없음,승용,남,46세,경상
2019080400100485,2019년 8월 4일 21시,일요일,전라남도 목포시 산정동,경상사고,0,0,1,0,차대차 - 기타,안전거리미확보,건조,맑음,단일로 - 기타,승용,남,40세,상해없음,이륜,남,17세,경상
2019080400100486,2019년 8월 4일 21시,일요일,전라남도 순천시 연향동,경상사고,0,0,1,0,차대차 - 기타,안전운전불이행,건조,맑음,교차로 - 교차로안,이륜,남,45세,경상,이륜,남,46세,상해없음
2019080400100504,2019년 8월 4일 22시,일요일,전라남도 나주시 남평읍,경상사고,0,0,1,0,차대차 - 측면충돌,안전운전불이행,건조,맑음,단일로 - 기타,승용,남,53세,상해없음,승용,남,25세,경상
2019080500100025,2019년 8월 5일 00시,월요일,전라남도 순천시 생목동,중상사고,0,2,0,0,차대차 - 추돌,안전운전불이행,건조,맑음,단일로 - 기타,승용,남,53세,상해없음,승용,남,57세,중상
2019080500100049,2019년 8월 5일 04시,월요일,전라남도 순천시 승주읍,경상사고,0,0,1,0,차량단독 - 기타,안전운전불이행,건조,맑음,단일로 - 기타,화물,남,58세,경상,,,,
2019080500100060,2019년 8월 5일 05시,월요일,전라남도 신안군 압해읍,경상사고,0,0,2,0,차대차 - 측면충돌,중앙선침범,건조,맑음,단일로 - 기타,화물,여,60세,상해없음,화물,남,57세,경상
2019080500100061,2019년 8월 5일 05시,월요일,전라남도 나주시 남평읍,경상사고,0,0,2,0,차대차 - 측면충돌,신호위반,건조,맑음,교차로 - 교차로안,화물,남,59세,경상,승용,여,24세,경상
2019080500100069,2019년 8월 5일 06시,월요일,전라남도 목포시 용해동,경상사고,0,0,1,0,차대차 - 측면충돌,신호위반,건조,맑음,교차로 - 교차로안,승용,남,69세,상해없음,승용,남,60세,경상
2019080500100070,2019년 8월 5일 06시,월요일,전라남도 해남군 해남읍,중상사고,0,1,0,0,차대차 - 측면충돌,직진우회전진행방해,건조,맑음,교차로 - 교차로안,화물,남,61세,기타불명,승용,남,60세,중상
2019080500100119,2019년 8월 5일 08시,월요일,전라남도 함평군 함평읍,경상사고,0,0,1,0,차대차 - 측면충돌,안전운전불이행,건조,맑음,교차로 - 교차로안,승용,남,62세,상해없음,승용,남,31세,경상
2019080500100120,2019년 8월 5일 08시,월요일,전라남도 광양시 금호동,중상사고,0,1,3,0,차대차 - 측면충돌,안전운전불이행,건조,맑음,교차로 - 교차로안,승용,여,38세,경상,특수,남,58세,경상
2019080500100122,2019년 8월 5일 08시,월요일,전라남도 곡성군 곡성읍,경상사고,0,0,1,0,차대차 - 추돌,안전운전불이행,건조,맑음,단일로 - 기타,승용,남,44세,상해없음,화물,남,43세,상해없음
2019080500100156,2019년 8월 5일 09시,월요일,전라남도 순천시 상사면,중상사고,0,2,0,0,차대차 - 정면충돌,중앙선침범,건조,맑음,단일로 - 기타,승용,여,49세,중상,화물,남,58세,중상
2019080500100283,2019년 8월 5일 12시,월요일,전라남도 여수시 해산동,경상사고,0,0,5,0,차대차 - 정면충돌,안전운전불이행,건조,맑음,단일로 - 기타,승용,여,39세,상해없음,승용,여,34세,경상
2019080500100284,2019년 8월 5일 12시,월요일,전라남도 여수시 해산동,경상사고,0,0,1,0,차대차 - 정면충돌,안전운전불이행,건조,맑음,단일로 - 기타,승용,여,34세,상해없음,승용,남,29세,상해없음
2019080500100285,2019년 8월 5일 12시,월요일,전라남도 여수시 해산동,경상사고,0,0,1,0,차대차 - 정면충돌,안전운전불이행,건조,맑음,단일로 - 기타,승용,남,29세,상해없음,승용,남,36세,경상
2019080500100286,2019년 8월 5일 12시,월요일,전라남도 순천시 왕지동,경상사고,0,0,1,0,차대차 - 측면충돌,기타,건조,맑음,교차로 - 교차로안,승용,여,60세,상해없음,승용,여,59세,경상
2019080500100404,2019년 8월 5일 15시,월요일,전라남도 순천시 조례동,경상사고,0,0,1,0,차대차 - 측면충돌,안전거리미확보,건조,맑음,교차로 - 교차로부근,건설기계,남,56세,상해없음,승용,여,26세,경상
2019080500100405,2019년 8월 5일 15시,월요일,전라남도 순천시 조례동,경상사고,0,0,1,0,차대차 - 기타,직진우회전진행방해,건조,맑음,교차로 - 교차로안,승용,남,56세,상해없음,승합,남,54세,상해없음
2019080500100406,2019년 8월 5일 15시,월요일,전라남도 장성군 북하면,중상사고,0,1,4,0,차대차 - 기타,교차로운행방법위반,건조,맑음,교차로 - 교차로안,승용,남,27세,경상,이륜,남,58세,중상
2019080500100407,2019년 8월 5일 15시,월요일,전라남도 무안군 몽탄면,사망사고,2,0,0,0,차대차 - 측면충돌,과속,건조,맑음,교차로 - 교차로안,승용,남,27세,상해없음,농기계,남,77세,사망
2019080500100447,2019년 8월 5일 16시,월요일,전라남도 무안군 무안읍,경상사고,0,0,1,0,차대차 - 측면충돌,안전운전불이행,건조,맑음,교차로 - 교차로안,승용,여,24세,기타불명,승용,남,58세,경상
2019080500100493,2019년 8월 5일 17시,월요일,전라남도 담양군 대전면,경상사고,0,0,2,0,차대차 - 측면충돌,안전운전불이행,건조,맑음,교차로 - 교차로안,화물,남,22세,경상,승용,남,60세,경상
2019080500100533,2019년 8월 5일 18시,월요일,전라남도 강진군 강진읍,중상사고,0,1,3,3,차대차 - 기타,기타,건조,맑음,교차로 - 교차로안,승용,여,39세,경상,승용,여,39세,경상
2019080500100569,2019년 8월 5일 19시,월요일,전라남도 순천시 풍덕동,중상사고,0,1,0,0,차대차 - 측면충돌,교차로운행방법위반,건조,맑음,교차로 - 교차로안,승용,여,29세,상해없음,이륜,남,21세,중상
2019080500100570,2019년 8월 5일 19시,월요일,전라남도 화순군 화순읍,중상사고,0,1,0,0,차대차 - 측면충돌,차로위반,건조,맑음,단일로 - 기타,승용,여,43세,상해없음,승용,남,43세,중상
2019080500100604,2019년 8월 5일 20시,월요일,전라남도 목포시 서산동,경상사고,0,0,1,0,차대차 - 측면충돌,안전운전불이행,건조,맑음,교차로 - 교차로안,이륜,남,55세,경상,승용,여,37세,상해없음
2019080500100630,2019년 8월 5일 21시,월요일,전라남도 목포시 용당동,경상사고,0,0,1,0,차대사람 - 횡단중,안전운전불이행,건조,맑음,기타 - 기타,승용,남,45세,상해없음,보행자,여,62세,경상
2019080500100631,2019년 8월 5일 21시,월요일,전라남도 여수시 선원동,경상사고,0,0,1,0,차대차 - 측면충돌,교차로운행방법위반,건조,맑음,교차로 - 교차로안,승용,여,42세,상해없음,승용,남,59세,경상
2019080500100670,2019년 8월 5일 23시,월요일,전라남도 순천시 해룡면,사망사고,3,1,0,0,차대차 - 측면충돌,안전운전불이행,건조,맑음,단일로 - 기타,승용,남,50세,사망,승용,남,27세,중상
2019080600100034,2019년 8월 6일 00시,화요일,전라남도 영암군 시종면,경상사고,0,0,1,0,차량단독 - 공작물충돌,안전운전불이행,건조,맑음,단일로 - 기타,승용,남,54세,경상,,,,
2019080600100081,2019년 8월 6일 05시,화요일,전라남도 영암군 신북면,중상사고,0,1,0,0,차대사람 - 횡단중,안전운전불이행,건조,맑음,단일로 - 기타,화물,남,54세,상해없음,보행자,남,84세,중상
2019080600100091,2019년 8월 6일 06시,화요일,전라남도 강진군 대구면,중상사고,0,1,0,0,차대차 - 추돌,안전운전불이행,건조,맑음,단일로 - 기타,승합,남,56세,상해없음,화물,남,72세,중상
2019080600100152,2019년 8월 6일 09시,화요일,전라남도 목포시 용해동,경상사고,0,0,3,0,차대차 - 후진중충돌,안전운전불이행,건조,맑음,기타 - 기타,승용,남,51세,경상,승용,여,32세,상해없음
2019080600100153,2019년 8월 6일 09시,화요일,전라남도 장흥군 장흥읍,경상사고,0,0,2,0,차대차 - 측면충돌,안전운전불이행,건조,맑음,교차로 - 교차로부근,승용,남,83세,기타불명,화물,남,50세,경상
2019080600100196,2019년 8월 6일 10시,화요일,전라남도 여수시 충무동,경상사고,0,0,1,0,차대차 - 측면충돌,직진우회전진행방해,건조,맑음,교차로 - 교차로안,화물,남,48세,상해없음,승용,남,27세,경상
2019080600100197,2019년 8월 6일 10시,화요일,전라남도 장흥군 관산읍,중상사고,0,1,0,0,차대사람 - 횡단중,안전운전불이행,건조,맑음,단일로 - 기타,승용,남,63세,상해없음,보행자,여,87세,중상
2019080600100198,2019년 8월 6일 10시,화요일,전라남도 영암군 삼호읍,경상사고,0,0,1,0,차대차 - 측면충돌,신호위반,건조,맑음,교차로 - 교차로안,화물,남,33세,상해없음,화물,남,33세,경상
2019080600100199,2019년 8월 6일 10시,화요일,전라남도 곡성군 곡성읍,경상사고,0,0,1,0,차대차 - 측면충돌,안전운전불이행,건조,맑음,단일로 - 기타,이륜,여,71세,경상,화물,남,52세,상해없음
2019080600100227,2019년 8월 6일 11시,화요일,전라남도 순천시 풍덕동,경상사고,0,0,3,0,차대차 - 측면충돌,안전운전불이행,건조,맑음,단일로 - 기타,승용,여,60세,상해없음,승용,여,32세,경상
2019080600100228,2019년 8월 6일 11시,화요일,전라남도 영암군 도포면,중상사고,0,1,0,0,차대차 - 측면충돌,안전운전불이행,건조,맑음,교차로 - 교차로부근,화물,남,39세,상해없음,이륜,남,84세,중상
2019080600100266,2019년 8월 6일 12시,화요일,전라남도 나주시 빛가람동,경상사고,0,0,1,0,차대차 - 기타,안전운전불이행,건조,맑음,교차로 - 교차로안,승용,남,59세,상해없음,자전거,여,47세,경상
2019080600100267,2019년 8월 6일 12시,화요일,전라남도 장흥군 대덕읍,경상사고,0,0,2,0,차대차 - 측면충돌,직진우회전진행방해,건조,맑음,교차로 - 교차로안,승용,여,34세,경상,화물,남,63세,경상
2019080600100301,2019년 8월 6일 13시,화요일,전라남도 목포시 상동,중상사고,0,1,0,0,차대차 - 기타,안전운전불이행,건조,맑음,단일로 - 기타,이륜,남,40세,중상,승합,남,43세,상해없음
2019080600100302,2019년 8월 6일 13시,화요일,전라남도 보성군 보성읍,경상사고,0,0,1,0,차대차 - 측면충돌,직진우회전진행방해,건조,맑음,교차로 - 교차로부근,승용,여,21세,상해없음,화물,남,76세,경상
2019080600100303,2019년 8월 6일 13시,화요일,전라남도 완도군 신지면,경상사고,0,0,2,0,차대차 - 측면충돌,교차로운행방법위반,건조,맑음,교차로 - 교차로안,승용,남,28세,경상,승용,여,54세,경상
2019080600100339,2019년 8월 6일 14시,화요일,전라남도 여수시 주삼동,중상사고,0,1,0,0,차대사람 - 횡단중,안전운전불이행,건조,맑음,단일로 - 기타,화물,남,40세,상해없음,보행자,여,78세,중상
2019080600100414,2019년 8월 6일 16시,화요일,전라남도 해남군 해남읍,경상사고,0,0,1,0,차대차 - 측면충돌,교차로운행방법위반,젖음/습기,맑음,교차로 - 교차로안,승용,여,36세,기타불명,승합,여,48세,경상
2019080600100458,2019년 8월 6일 17시,화요일,전라남도 목포시 옥암동,경상사고,0,0,1,0,차대차 - 기타,안전운전불이행,건조,맑음,단일로 - 기타,이륜,남,16세,경상,승용,남,63세,상해없음
2019080600100459,2019년 8월 6일 17시,화요일,전라남도 여수시 소라면,중상사고,0,1,0,0,차대사람 - 횡단중,보행자보호의무위반,건조,맑음,교차로 - 교차로횡단보도내,승합,여,37세,상해없음,보행자,여,9세,중상
2019080600100460,2019년 8월 6일 17시,화요일,전라남도 순천시 승주읍,중상사고,0,1,0,0,차대차 - 추돌,안전운전불이행,건조,맑음,단일로 - 기타,이륜,남,61세,중상,화물,남,75세,상해없음
2019080600100461,2019년 8월 6일 17시,화요일,전라남도 영암군 삼호읍,경상사고,0,0,3,0,차대차 - 측면충돌,교차로운행방법위반,건조,맑음,교차로 - 교차로안,승용,여,27세,경상,승용,여,28세,경상
2019080600100510,2019년 8월 6일 18시,화요일,전라남도 순천시 덕암동,경상사고,0,0,1,0,차대차 - 측면충돌,안전운전불이행,건조,맑음,교차로 - 교차로안,자전거,남,23세,경상,승용,남,50세,상해없음
2019080600100511,2019년 8월 6일 18시,화요일,전라남도 장흥군 부산면,경상사고,0,0,1,0,차량단독 - 도로외이탈 - 기타,안전운전불이행,젖음/습기,비,교차로 - 교차로안,승용,남,18세,경상,,,,