사고번호,사고일시,요일,시군구,사고내용,사망자수,중상자수,경상자수,부상신고자수,사고유형,법규위반,노면상태,기상상태,도로형태,가해운전자 차종,가해운전자 성별,가해운전자 연령,가해운전자 상해정도,피해운전자 차종,피해운전자 성별,피해운전자 연령,피해운전자 상해정도
2019080600100512,2019년 8월 6일 18시,화요일,전라남도 화순군 화순읍,경상사고,0,0,1,0,차대사람 - 기타,안전운전불이행,건조,맑음,교차로 - 교차로안,승용,여,29세,상해없음,보행자,남,42세,경상
2019080600100513,2019년 8월 6일 18시,화요일,전라남도 무안군 일로읍,중상사고,0,1,0,0,차대사람 - 횡단중,안전운전불이행,건조,맑음,단일로 - 기타,승용,여,49세,상해없음,보행자,남,8세,중상
2019080600100584,2019년 8월 6일 20시,화요일,전라남도 순천시 해룡면,경상사고,0,0,2,0,차대차 - 측면충돌,안전운전불이행,건조,맑음,단일로 - 기타,승용,남,62세,상해없음,승용,남,30세,경상
2019080600100585,2019년 8월 6일 20시,화요일,전라남도 나주시 세지면,경상사고,0,0,2,0,차대차 - 추돌,안전거리미확보,건조,맑음,단일로 - 기타,화물,남,37세,경상,승용,남,55세,경상
2019080600100634,2019년 8월 6일 21시,화요일,전라남도 목포시 용해동,경상사고,0,0,1,0,차대차 - 측면충돌,안전거리미확보,건조,맑음,단일로 - 기타,승용,남,36세,상해없음,이륜,남,39세,경상
2019080600100635,2019년 8월 6일 21시,화요일,전라남도 여수시 웅천동,경상사고,0,0,2,0,차대차 - 추돌,안전운전불이행,건조,맑음,단일로 - 기타,승용,남,28세,기타불명,승용,남,28세,경상
2019080600100664,2019년 8월 6일 22시,화요일,전라남도 목포시 산정동,경상사고,0,0,1,0,차대차 - 기타,직진우회전진행방해,건조,맑음,단일로 - 기타,승용,남,68세,상해없음,자전거,남,50세,경상
2019080600100665,2019년 8월 6일 22시,화요일,전라남도 순천시 가곡동,경상사고,0,0,1,0,차대차 - 추돌,안전운전불이행,건조,맑음,교차로 - 교차로부근,승용,남,54세,상해없음,승용,남,36세,경상
2019080600100684,2019년 8월 6일 23시,화요일,전라남도 무안군 삼향읍,경상사고,0,0,1,0,차량단독 - 공작물충돌,기타,건조,맑음,단일로 - 기타,승용,여,26세,경상,,,,
2019080700100044,2019년 8월 7일 01시,수요일,전라남도 나주시 교동,사망사고,1,0,0,0,차량단독 - 기타,안전운전불이행,건조,맑음,단일로 - 기타,자전거,남,54세,사망,,,,
2019080700100088,2019년 8월 7일 05시,수요일,전라남도 해남군 옥천면,경상사고,0,0,1,0,차대차 - 측면충돌,교차로운행방법위반,건조,맑음,교차로 - 교차로안,승용,남,68세,상해없음,화물,남,67세,경상
2019080700100096,2019년 8월 7일 06시,수요일,전라남도 여수시 미평동,경상사고,0,0,1,0,차대차 - 측면충돌,안전운전불이행,건조,맑음,교차로 - 교차로안,승용,남,55세,상해없음,승용,남,27세,경상
2019080700100131,2019년 8월 7일 08시,수요일,전라남도 순천시 서면,경상사고,0,0,1,0,차대차 - 측면충돌,안전운전불이행,건조,맑음,교차로 - 교차로안,승합,남,61세,상해없음,화물,남,19세,경상
2019080700100132,2019년 8월 7일 08시,수요일,전라남도 순천시 조곡동,경상사고,0,0,1,0,차대차 - 측면충돌,안전운전불이행,건조,맑음,교차로 - 교차로부근,이륜,남,87세,경상,승용,여,49세,상해없음
2019080700100172,2019년 8월 7일 09시,수요일,전라남도 무안군 삼향읍,중상사고,0,1,0,0,차대사람 - 횡단중,안전운전불이행,건조,맑음,단일로 - 기타,승용,여,38세,상해없음,보행자,남,6세,중상
2019080700100194,2019년 8월 7일 10시,수요일,전라남도 함평군 학교면,경상사고,0,0,1,0,차대차 - 측면충돌,차로위반,건조,맑음,단일로 - 기타,화물,남,70세,상해없음,승용,남,43세,경상
2019080700100195,2019년 8월 7일 10시,수요일,전라남도 담양군 고서면,경상사고,0,0,1,0,차대차 - 기타,안전운전불이행,건조,맑음,교차로 - 교차로부근,승용,남,73세,상해없음,화물,남,40세,경상
2019080700100196,2019년 8월 7일 10시,수요일,전라남도 완도군 완도읍,경상사고,0,0,1,0,차대사람 - 기타,안전운전불이행,건조,맑음,교차로 - 교차로부근,승용,여,40세,상해없음,보행자,남,70세,경상
2019080700100228,2019년 8월 7일 11시,수요일,전라남도 광양시 광양읍,경상사고,0,0,1,0,차대차 - 측면충돌,교차로운행방법위반,건조,맑음,교차로 - 교차로부근,승용,남,64세,상해없음,승용,여,46세,경상
2019080700100270,2019년 8월 7일 12시,수요일,전라남도 목포시 옥암동,경상사고,0,0,1,0,차대차 - 기타,안전운전불이행,건조,맑음,단일로 - 기타,승용,남,49세,경상,승용,여,45세,기타불명
2019080700100271,2019년 8월 7일 12시,수요일,전라남도 목포시 상동,경상사고,0,0,2,0,차대차 - 측면충돌,직진우회전진행방해,건조,맑음,교차로 - 교차로안,승용,남,32세,경상,승용,여,43세,경상
2019080700100272,2019년 8월 7일 12시,수요일,전라남도 순천시 해룡면,경상사고,0,0,1,0,차대차 - 측면충돌,안전운전불이행,건조,맑음,교차로 - 교차로안,승용,여,50세,상해없음,승용,여,59세,경상
2019080700100273,2019년 8월 7일 12시,수요일,전라남도 순천시 연향동,경상사고,0,0,1,0,차대사람 - 차도통행중,안전운전불이행,건조,맑음,교차로 - 교차로안,승용,남,22세,상해없음,보행자,여,23세,경상
2019080700100274,2019년 8월 7일 12시,수요일,전라남도 광양시 광양읍,경상사고,0,0,1,0,차량단독 - 전도전복 - 전복,안전운전불이행,건조,맑음,기타 - 기타,화물,남,43세,경상,,,,
2019080700100311,2019년 8월 7일 13시,수요일,전라남도 목포시 상동,경상사고,0,0,3,0,차대차 - 기타,교차로운행방법위반,건조,맑음,교차로 - 교차로안,승용,여,44세,경상,승용,남,40세,경상
2019080700100312,2019년 8월 7일 13시,수요일,전라남도 여수시 학동,경상사고,0,0,1,0,차대차 - 측면충돌,교차로운행방법위반,건조,맑음,교차로 - 교차로안,승용,여,49세,상해없음,승용,여,31세,경상
2019080700100354,2019년 8월 7일 14시,수요일,전라남도 목포시 용당동,중상사고,0,1,0,0,차대사람 - 횡단중,안전운전불이행,건조,맑음,단일로 - 기타,이륜,남,24세,상해없음,보행자,여,53세,중상
2019080700100386,2019년 8월 7일 15시,수요일,전라남도 목포시 상동,경상사고,0,0,1,0,차대차 - 기타,안전운전불이행,건조,맑음,기타 - 기타,화물,남,59세,상해없음,승용,여,58세,경상
2019080700100387,2019년 8월 7일 15시,수요일,전라남도 구례군 구례읍,경상사고,0,0,1,0,차대차 - 측면충돌,교차로운행방법위반,건조,맑음,교차로 - 교차로안,승용,남,77세,상해없음,승용,남,74세,경상
2019080700100430,2019년 8월 7일 16시,수요일,전라남도 고흥군 금산면,중상사고,0,1,3,0,차대차 - 측면충돌,교차로운행방법위반,건조,맑음,교차로 - 교차로안,승용,남,45세,경상,화물,남,69세,경상
2019080700100472,2019년 8월 7일 17시,수요일,전라남도 화순군 화순읍,경상사고,0,0,2,0,차대차 - 측면충돌,직진우회전진행방해,건조,맑음,교차로 - 교차로안,승용,여,50세,경상,승용,여,50세,경상
2019080700100473,2019년 8월 7일 17시,수요일,전라남도 무안군 현경면,경상사고,0,0,2,0,차대차 - 기타,중앙선침범,건조,맑음,단일로 - 기타,승용,남,62세,상해없음,화물,남,51세,상해없음
2019080700100523,2019년 8월 7일 18시,수요일,전라남도 여수시 월하동,경상사고,0,0,1,0,차대차 - 측면충돌,신호위반,건조,맑음,교차로 - 교차로안,화물,남,42세,상해없음,승용,여,55세,경상
2019080700100524,2019년 8월 7일 18시,수요일,전라남도 진도군 조도면,사망사고,1,0,0,0,차대사람 - 기타,안전운전불이행,건조,맑음,기타 - 기타,화물,남,41세,상해없음,보행자,남,75세,사망
2019080700100549,2019년 8월 7일 19시,수요일,전라남도 나주시 삼영동,경상사고,0,0,1,0,차대차 - 추돌,안전운전불이행,건조,맑음,교차로 - 교차로부근,승용,남,50세,상해없음,승용,여,29세,경상
2019080700100583,2019년 8월 7일 20시,수요일,전라남도 여수시 소호동,중상사고,0,1,0,0,차대사람 - 횡단중,보행자보호의무위반,건조,맑음,교차로 - 교차로횡단보도내,승합,남,47세,상해없음,보행자,남,6세,중상
2019080700100584,2019년 8월 7일 20시,수요일,전라남도 여수시 여서동,경상사고,0,0,2,0,차대차 - 측면충돌,안전운전불이행,건조,맑음,교차로 - 교차로부근,승용,남,36세,경상,승용,여,37세,경상
2019080700100620,2019년 8월 7일 21시,수요일,전라남도 목포시 옥암동,경상사고,0,0,2,0,차대차 - 기타,중앙선침범,건조,맑음,단일로 - 기타,승용,남,62세,상해없음,이륜,남,20세,경상
2019080700100621,2019년 8월 7일 21시,수요일,전라남도 여수시 남산동,경상사고,0,0,2,0,차대차 - 정면충돌,교차로운행방법위반,건조,맑음,교차로 - 교차로안,승용,남,30세,상해없음,승용,남,68세,경상
2019080700100622,2019년 8월 7일 21시,수요일,전라남도 구례군 구례읍,경상사고,0,0,1,0,차대사람 - 기타,안전운전불이행,건조,맑음,교차로 - 교차로안,승용,남,60세,상해없음,보행자,남,44세,경상
2019080700100644,2019년 8월 7일 22시,수요일,전라남도 광양시 중동,중상사고,0,1,0,0,차대사람 - 횡단중,안전운전불이행,건조,맑음,교차로 - 교차로횡단보도내,승용,남,23세,상해없음,보행자,여,15세,중상
2019080800100044,2019년 8월 8일 02시,목요일,전라남도 목포시 상동,경상사고,0,0,1,0,차대차 - 기타,안전운전불이행,건조,맑음,교차로 - 교차로부근,승용,남,27세,상해없음,승용,남,44세,상해없음
2019080800100045,2019년 8월 8일 02시,목요일,전라남도 장성군 장성읍,경상사고,0,0,1,0,차대차 - 측면충돌,안전운전불이행,건조,맑음,교차로 - 교차로부근,승용,남,55세,상해없음,이륜,남,19세,경상
2019080800100073,2019년 8월 8일 06시,목요일,전라남도 목포시 대양동,중상사고,0,1,0,0,차대사람 - 기타,안전운전불이행,건조,맑음,단일로 - 기타,승용,여,56세,상해없음,보행자,남,77세,중상
2019080800100116,2019년 8월 8일 08시,목요일,전라남도 무안군 삼향읍,경상사고,0,0,1,0,차대차 - 측면충돌,안전운전불이행,건조,맑음,단일로 - 기타,화물,남,50세,상해없음,승용,남,19세,경상
2019080800100157,2019년 8월 8일 09시,목요일,전라남도 순천시 서면,경상사고,0,0,3,0,차대차 - 측면충돌,안전운전불이행,건조,맑음,교차로 - 교차로안,승용,여,61세,경상,승용,남,52세,경상
2019080800100158,2019년 8월 8일 09시,목요일,전라남도 고흥군 도양읍,중상사고,0,3,0,0,차대사람 - 기타,안전운전불이행,건조,맑음,교차로 - 교차로부근,특수,남,48세,상해없음,보행자,여,88세,중상
2019080800100159,2019년 8월 8일 09시,목요일,전라남도 완도군 약산면,중상사고,0,7,0,0,차량단독 - 도로외이탈 - 추락,안전운전불이행,건조,맑음,단일로 - 기타,승용,남,68세,중상,,,,
2019080800100160,2019년 8월 8일 09시,목요일,전라남도 광양시 광양읍,경상사고,0,0,2,0,차대차 - 기타,안전거리미확보,건조,맑음,단일로 - 기타,승용,여,52세,경상,승용,남,36세,경상
2019080800100161,2019년 8월 8일 09시,목요일,전라남도 구례군 구례읍,부상신고사고,0,0,0,1,차대차 - 추돌,안전운전불이행,건조,맑음,단일로 - 기타,원동기,남,77세,부상신고,승용,남,63세,상해없음
2019080800100208,2019년 8월 8일 10시,목요일,전라남도 무안군 일로읍,경상사고,0,0,1,0,차대차 - 측면충돌,기타,건조,맑음,교차로 - 교차로안,건설기계,남,27세,상해없음,화물,남,58세,경상
2019080800100209,2019년 8월 8일 10시,목요일,전라남도 광양시 광양읍,경상사고,0,0,1,0,차대차 - 추돌,안전운전불이행,건조,맑음,교차로 - 교차로안,승용,여,42세,상해없음,승용,남,69세,경상
2019080800100283,2019년 8월 8일 12시,목요일,전라남도 목포시 상동,경상사고,0,0,1,0,차대차 - 측면충돌,안전운전불이행,건조,맑음,교차로 - 교차로안,승용,여,46세,상해없음,이륜,남,28세,경상
2019080800100284,2019년 8월 8일 12시,목요일,전라남도 광양시 광양읍,경상사고,0,0,1,0,차대차 - 측면충돌,안전운전불이행,건조,맑음,교차로 - 교차로횡단보도내,승용,남,34세,상해없음,자전거,남,23세,경상
2019080800100311,2019년 8월 8일 13시,목요일,전라남도 보성군 회천면,중상사고,0,1,0,0,차대사람 - 기타,안전운전불이행,건조,맑음,단일로 - 기타,화물,남,50세,상해없음,보행자,여,82세,중상
2019080800100345,2019년 8월 8일 14시,목요일,전라남도 나주시 영산동,중상사고,0,1,0,0,차대차 - 측면충돌,신호위반,건조,맑음,교차로 - 교차로횡단보도내,화물,남,79세,상해없음,자전거,남,69세,중상
2019080800100346,2019년 8월 8일 14시,목요일,전라남도 고흥군 금산면,경상사고,0,0,1,0,차량단독 - 공작물충돌,안전운전불이행,건조,맑음,단일로 - 기타,승용,남,70세,경상,,,,
2019080800100375,2019년 8월 8일 15시,목요일,전라남도 장성군 장성읍,경상사고,0,0,1,0,차대차 - 추돌,안전운전불이행,건조,맑음,교차로 - 교차로부근,승용,남,67세,기타불명,승용,여,29세,경상
2019080800100376,2019년 8월 8일 15시,목요일,전라남도 광양시 중동,경상사고,0,0,2,0,차대차 - 추돌,안전운전불이행,건조,맑음,교차로 - 교차로부근,승용,여,60세,상해없음,화물,남,60세,경상
2019080800100411,2019년 8월 8일 16시,목요일,전라남도 목포시 옥암동,경상사고,0,0,1,0,차대차 - 측면충돌,안전거리미확보,건조,맑음,단일로 - 기타,건설기계,남,47세,상해없음,승용,남,45세,경상
2019080800100412,2019년 8월 8일 16시,목요일,전라남도 고흥군 금산면,경상사고,0,0,1,0,차량단독 - 도로외이탈 - 추락,안전운전불이행,건조,맑음,단일로 - 기타,사륜오토바이(ATV),남,80세,경상,,,,
2019080800100413,2019년 8월 8일 16시,목요일,전라남도 장성군 황룡면,경상사고,0,0,1,0,차대차 - 추돌,안전운전불이행,건조,맑음,교차로 - 교차로안,화물,남,35세,상해없음,승용,여,51세,경상
2019080800100466,2019년 8월 8일 17시,목요일,전라남도 목포시 상동,경상사고,0,0,1,0,차대차 - 측면충돌,안전운전불이행,건조,맑음,단일로 - 기타,승용,여,51세,상해없음,승용,여,52세,경상
2019080800100506,2019년 8월 8일 18시,목요일,전라남도 목포시 상동,경상사고,0,0,2,0,차대차 - 측면충돌,안전운전불이행,건조,맑음,교차로 - 교차로안,승용,여,50세,상해없음,승용,남,74세,상해없음
2019080800100507,2019년 8월 8일 18시,목요일,전라남도 나주시 남평읍,경상사고,0,0,1,0,차대차 - 측면충돌,안전운전불이행,건조,맑음,단일로 - 기타,승용,여,49세,상해없음,승용,남,36세,경상
2019080800100508,2019년 8월 8일 18시,목요일,전라남도 무안군 삼향읍,경상사고,0,0,1,0,차대차 - 측면충돌,교차로운행방법위반,건조,맑음,교차로 - 교차로부근,화물,남,65세,상해없음,승용,여,38세,경상
2019080800100568,2019년 8월 8일 20시,목요일,전라남도 해남군 해남읍,경상사고,0,0,1,0,차대사람 - 횡단중,안전운전불이행,건조,맑음,교차로 - 교차로안,화물,남,57세,상해없음,보행자,남,66세,경상
2019080800100598,2019년 8월 8일 21시,목요일,전라남도 목포시 용당동,경상사고,0,0,1,0,차대차 - 측면충돌,교차로운행방법위반,건조,맑음,교차로 - 교차로안,승용,여,58세,상해없음,승용,남,26세,경상
2019080800100645,2019년 8월 8일 23시,목요일,전라남도 함평군 학교면,중상사고,0,1,0,0,차량단독 - 공작물충돌,안전운전불이행,건조,맑음,단일로 - 기타,이륜,남,36세,중상,,,,
2019080900100039,2019년 8월 9일 00시,금요일,전라남도 목포시 옥암동,중상사고,0,1,4,0,차대차 - 측면충돌,안전운전불이행,건조,맑음,교차로 - 교차로부근,이륜,남,45세,중상,승용,여,36세,경상
2019080900100040,2019년 8월 9일 00시,금요일,전라남도 나주시 경현동,경상사고,0,0,1,0,차대차 - 추돌,안전운전불이행,건조,맑음,교차로 - 교차로부근,승용,여,34세,상해없음,승용,남,58세,경상
2019080900100051,2019년 8월 9일 01시,금요일,전라남도 영암군 삼호읍,경상사고,0,0,1,0,차량단독 - 공작물충돌,안전운전불이행,건조,맑음,단일로 - 기타,승용,남,30세,경상,,,,
2019080900100085,2019년 8월 9일 04시,금요일,전라남도 담양군 봉산면,경상사고,0,0,1,0,차대차 - 추돌,안전운전불이행,건조,맑음,교차로 - 교차로부근,자전거,남,81세,경상,화물,남,55세,상해없음
2019080900100129,2019년 8월 9일 07시,금요일,전라남도 목포시 상동,경상사고,0,0,1,0,차대차 - 측면충돌,안전운전불이행,건조,맑음,단일로 - 기타,승용,남,67세,상해없음,승용,남,61세,경상
2019080900100189,2019년 8월 9일 09시,금요일,전라남도 순천시 석현동,경상사고,0,0,1,0,차대차 - 추돌,안전운전불이행,건조,맑음,단일로 - 기타,화물,남,29세,상해없음,화물,남,45세,경상
2019080900100190,2019년 8월 9일 09시,금요일,전라남도 영광군 백수읍,경상사고,0,0,1,0,차대차 - 측면충돌,직진우회전진행방해,건조,맑음,교차로 - 교차로안,농기계,남,80세,상해없음,승용,남,68세,경상
2019080900100221,2019년 8월 9일 10시,금요일,전라남도 목포시 상동,경상사고,0,0,1,0,차대사람 - 기타,안전운전불이행,건조,맑음,교차로 - 교차로안,승용,남,56세,상해없음,보행자,남,52세,경상
2019080900100222,2019년 8월 9일 10시,금요일,전라남도 영광군 영광읍,사망사고,1,0,0,0,차대차 - 측면충돌,직진우회전진행방해,건조,맑음,교차로 - 교차로안,승용,남,28세,상해없음,원동기,남,80세,사망
2019080900100223,2019년 8월 9일 10시,금요일,전라남도 영암군 삼호읍,중상사고,0,1,1,0,차대차 - 추돌,안전운전불이행,건조,맑음,단일로 - 교량,화물,남,59세,상해없음,화물,남,65세,중상
2019080900100251,2019년 8월 9일 11시,금요일,전라남도 신안군 임자면,경상사고,0,0,1,0,차대차 - 기타,안전운전불이행,건조,맑음,교차로 - 교차로부근,화물,남,62세,상해없음,이륜,남,41세,경상
2019080900100252,2019년 8월 9일 11시,금요일,전라남도 순천시 서면,경상사고,0,0,1,0,차대차 - 추돌,안전운전불이행,건조,맑음,단일로 - 기타,화물,남,44세,상해없음,승용,여,63세,경상
2019080900100253,2019년 8월 9일 11시,금요일,전라남도 완도군 청산면,중상사고,0,6,1,0,차량단독 - 도로외이탈 - 기타,안전운전불이행,건조,맑음,단일로 - 기타,화물,남,47세,경상,,,,
2019080900100355,2019년 8월 9일 13시,금요일,전라남도 목포시 상동,경상사고,0,0,2,0,차대차 - 추돌,안전운전불이행,건조,맑음,단일로 - 기타,승용,여,57세,상해없음,화물,남,28세,경상
2019080900100383,2019년 8월 9일 14시,금요일,전라남도 여수시 덕충동,경상사고,0,0,2,0,차대차 - 추돌,안전운전불이행,건조,맑음,단일로 - 기타,특수,남,57세,상해없음,승용,남,58세,경상
2019080900100451,2019년 8월 9일 16시,금요일,전라남도 광양시 광양읍,경상사고,0,0,2,0,차대차 - 측면충돌,안전운전불이행,건조,맑음,교차로 - 교차로안,승용,여,36세,상해없음,화물,남,49세,경상
2019080900100505,2019년 8월 9일 17시,금요일,전라남도 여수시 학동,중상사고,0,1,0,0,차대차 - 측면충돌,교차로운행방법위반,건조,맑음,교차로 - 교차로안,승용,남,53세,상해없음,승용,남,53세,중상
2019080900100506,2019년 8월 9일 17시,금요일,전라남도 나주시 왕곡면,경상사고,0,0,1,0,차대차 - 추돌,안전거리미확보,건조,맑음,교차로 - 교차로안,화물,남,72세,상해없음,승용,남,33세,경상
2019080900100507,2019년 8월 9일 17시,금요일,전라남도 해남군 해남읍,경상사고,0,0,1,0,차대차 - 측면충돌,교차로운행방법위반,건조,맑음,교차로 - 교차로안,승용,남,39세,상해없음,승용,남,58세,상해없음
2019080900100569,2019년 8월 9일 18시,금요일,전라남도 광양시 성황동,중상사고,0,1,4,0,차대차 - 추돌,안전운전불이행,건조,맑음,교차로 - 교차로부근,화물,남,48세,상해없음,승용,여,29세,경상
2019080900100570,2019년 8월 9일 18시,금요일,전라남도 광양시 옥룡면,경상사고,0,0,1,0,차량단독 - 전도전복 - 전도,안전운전불이행,건조,맑음,단일로 - 기타,승용,남,62세,경상,,,,
2019080900100571,2019년 8월 9일 18시,금요일,전라남도 광양시 마동,경상사고,0,0,1,0,차대차 - 기타,안전운전불이행,건조,맑음,교차로 - 교차로부근,승용,남,77세,상해없음,승용,여,27세,경상
2019080900100613,2019년 8월 9일 19시,금요일,전라남도 목포시 산정동,경상사고,0,0,1,0,차대차 - 측면충돌,안전운전불이행,건조,맑음,교차로 - 교차로부근,승용,남,68세,상해없음,승용,여,40세,경상
2019080900100614,2019년 8월 9일 19시,금요일,전라남도 여수시 학동,중상사고,0,1,0,0,차대차 - 측면충돌,교차로운행방법위반,건조,맑음,교차로 - 교차로안,승용,남,50세,상해없음,원동기,남,18세,중상
2019080900100615,2019년 8월 9일 19시,금요일,전라남도 고흥군 포두면,경상사고,0,0,1,0,차대차 - 추돌,안전운전불이행,건조,맑음,단일로 - 기타,승용,남,54세,상해없음,자전거,여,77세,경상
2019080900100651,2019년 8월 9일 20시,금요일,전라남도 완도군 완도읍,경상사고,0,0,1,0,차대차 - 추돌,안전운전불이행,건조,맑음,교차로 - 교차로부근,승용,남,40세,상해없음,승용,남,23세,경상
2019080900100712,2019년 8월 9일 22시,금요일,전라남도 목포시 산정동,경상사고,0,0,1,0,차대차 - 기타,안전운전불이행,건조,맑음,기타 - 기타,승용,남,28세,상해없음,이륜,남,31세,경상
2019080900100713,2019년 8월 9일 22시,금요일,전라남도 강진군 강진읍,경상사고,0,0,1,0,차대차 - 측면충돌,안전운전불이행,건조,맑음,단일로 - 기타,승용,남,28세,상해없음,이륜,남,20세,경상
2019080900100742,2019년 8월 9일 23시,금요일,전라남도 무안군 무안읍,사망사고,1,0,0,0,차대사람 - 횡단중,안전운전불이행,건조,맑음,단일로 - 기타,승용,남,50세,상해없음,보행자,여,53세,사망
2019081000100040,2019년 8월 10일 00시,토요일,전라남도 여수시 선원동,사망사고,1,0,0,0,차대사람 - 횡단중,안전운전불이행,건조,맑음,교차로 - 교차로안,승용,남,45세,상해없음,보행자,남,49세,사망
2019081000100041,2019년 8월 10일 00시,토요일,전라남도 여수시 신기동,경상사고,0,0,2,0,차대차 - 측면충돌,신호위반,건조,맑음,교차로 - 교차로안,승용,남,23세,상해없음,승용,남,66세,경상
2019081000100042,2019년 8월 10일 00시,토요일,전라남도 광양시 중동,중상사고,0,1,0,0,차대사람 - 차도통행중,안전운전불이행,건조,맑음,단일로 - 기타,승용,남,56세,상해없음,보행자,남,55세,중상
2019081000100101,2019년 8월 10일 04시,토요일,전라남도 여수시 소라면,경상사고,0,0,4,0,차량단독 - 도로외이탈 - 기타,안전운전불이행,건조,맑음,교차로 - 교차로부근,승용,여,64세,경상,,,,
2019081000100116,2019년 8월 10일 05시,토요일,전라남도 목포시 용해동,중상사고,0,2,1,0,차량단독 - 공작물충돌,안전운전불이행,건조,흐림,단일로 - 기타,승용,남,17세,상해없음,,,,
2019081000100163,2019년 8월 10일 08시,토요일,전라남도 목포시 산정동,경상사고,0,0,6,0,차대차 - 측면충돌,교차로운행방법위반,건조,맑음,교차로 - 교차로안,승용,여,35세,상해없음,승용,여,37세,경상
2019081000100164,2019년 8월 10일 08시,토요일,전라남도 목포시 동명동,경상사고,0,0,1,0,차대차 - 후진중충돌,안전운전불이행,건조,맑음,교차로 - 교차로부근,화물,남,62세,상해없음,승용,남,31세,경상
2019081000100200,2019년 8월 10일 09시,토요일,전라남도 순천시 조례동,경상사고,0,0,1,0,차대차 - 측면충돌,안전운전불이행,건조,맑음,교차로 - 교차로안,화물,남,49세,기타불명,승용,여,43세,경상
2019081000100247,2019년 8월 10일 10시,토요일,전라남도 담양군 담양읍,경상사고,0,0,4,0,차대차 - 측면충돌,교차로운행방법위반,건조,맑음,교차로 - 교차로안,승용,여,64세,상해없음,승용,여,63세,경상
2019081000100290,2019년 8월 10일 11시,토요일,전라남도 강진군 군동면,경상사고,0,0,1,0,차대차 - 추돌,안전운전불이행,건조,맑음,교차로 - 교차로안,이륜,남,74세,경상,승용,여,50세,상해없음
2019081000100321,2019년 8월 10일 12시,토요일,전라남도 함평군 학교면,부상신고사고,0,0,0,1,차대사람 - 기타,안전운전불이행,건조,맑음,단일로 - 터널,기타불명,기타불명,미분류,기타불명,보행자,여,74세,부상신고
2019081000100322,2019년 8월 10일 12시,토요일,전라남도 영암군 신북면,경상사고,0,0,1,0,차량단독 - 전도전복 - 전도,안전운전불이행,건조,맑음,단일로 - 기타,화물,남,45세,경상,,,,
2019081000100323,2019년 8월 10일 12시,토요일,전라남도 강진군 강진읍,경상사고,0,0,1,0,차대차 - 기타,기타,건조,맑음,단일로 - 기타,승용,남,46세,상해없음,승용,여,33세,상해없음
2019081000100324,2019년 8월 10일 12시,토요일,전라남도 광양시 진월면,경상사고,0,0,2,0,차대차 - 측면충돌,중앙선침범,건조,맑음,단일로 - 기타,승용,남,71세,상해없음,화물,남,31세,경상
2019081000100366,2019년 8월 10일 13시,토요일,전라남도 보성군 벌교읍,중상사고,0,1,0,0,차대사람 - 횡단중,안전운전불이행,건조,맑음,단일로 - 기타,승용,여,36세,상해없음,보행자,남,39세,중상
2019081000100469,2019년 8월 10일 16시,토요일,전라남도 여수시 웅천동,경상사고,0,0,1,0,차대차 - 후진중충돌,안전운전불이행,건조,맑음,교차로 - 교차로안,승용,남,36세,상해없음,승용,남,37세,기타불명
2019081000100470,2019년 8월 10일 16시,토요일,전라남도 곡성군 곡성읍,경상사고,0,0,1,0,차대차 - 측면충돌,안전운전불이행,건조,맑음,교차로 - 교차로안,승용,남,39세,기타불명,승용,남,60세,경상
2019081000100507,2019년 8월 10일 17시,토요일,전라남도 여수시 학동,중상사고,0,1,4,0,차대차 - 정면충돌,교차로운행방법위반,건조,맑음,교차로 - 교차로안,승용,남,52세,경상,승용,남,34세,경상
2019081000100508,2019년 8월 10일 17시,토요일,전라남도 해남군 현산면,경상사고,0,0,1,0,차대차 - 추돌,안전운전불이행,건조,맑음,단일로 - 기타,승용,남,34세,상해없음,승용,여,42세,경상
2019081000100567,2019년 8월 10일 19시,토요일,전라남도 여수시 중앙동,경상사고,0,0,2,0,차대차 - 추돌,안전거리미확보,건조,맑음,단일로 - 기타,승용,남,64세,기타불명,승용,남,28세,경상
2019081000100568,2019년 8월 10일 19시,토요일,전라남도 보성군 율어면,중상사고,0,1,0,0,차대차 - 측면충돌,안전운전불이행,건조,맑음,단일로 - 기타,자전거,남,62세,중상,화물,남,37세,상해없음
2019081000100600,2019년 8월 10일 20시,토요일,전라남도 목포시 옥암동,경상사고,0,0,1,0,차대차 - 추돌,신호위반,건조,맑음,교차로 - 교차로안,승용,남,24세,상해없음,이륜,남,36세,경상
2019081000100601,2019년 8월 10일 20시,토요일,전라남도 순천시 조례동,경상사고,0,0,1,0,차대차 - 기타,중앙선침범,건조,맑음,단일로 - 기타,이륜,남,40세,상해없음,이륜,남,32세,경상
2019081000100670,2019년 8월 10일 22시,토요일,전라남도 목포시 창평동,경상사고,0,0,6,0,차대차 - 측면충돌,직진우회전진행방해,건조,맑음,교차로 - 교차로안,승용,남,24세,경상,승용,남,49세,경상
2019081100100028,2019년 8월 11일 00시,일요일,전라남도 함평군 나산면,중상사고,0,1,0,0,차대차 - 정면충돌,중앙선침범,건조,맑음,단일로 - 기타,화물,남,58세,상해없음,승용,남,52세,중상
2019081100100039,2019년 8월 11일 01시,일요일,전라남도 완도군 완도읍,경상사고,0,0,1,0,차량단독 - 공작물충돌,안전운전불이행,건조,맑음,단일로 - 기타,승용,여,53세,경상,,,,
2019081100100093,2019년 8월 11일 07시,일요일,전라남도 목포시 명륜동,중상사고,0,1,0,0,차대사람 - 횡단중,안전운전불이행,건조,맑음,단일로 - 기타,화물,남,45세,상해없음,보행자,여,56세,중상