사고번호,사고일시,요일,시군구,사고내용,사망자수,중상자수,경상자수,부상신고자수,사고유형,법규위반,노면상태,기상상태,도로형태,가해운전자 차종,가해운전자 성별,가해운전자 연령,가해운전자 상해정도,피해운전자 차종,피해운전자 성별,피해운전자 연령,피해운전자 상해정도
2019081500100129,2019년 8월 15일 09시,목요일,전라남도 나주시 산포면,중상사고,0,1,0,0,차대차 - 측면충돌,안전운전불이행,건조,맑음,단일로 - 기타,이륜,남,43세,중상,승합,남,53세,상해없음
2019081500100130,2019년 8월 15일 09시,목요일,전라남도 영광군 홍농읍,경상사고,0,0,1,0,차대차 - 추돌,안전운전불이행,건조,맑음,교차로 - 교차로안,이륜,남,78세,경상,승용,남,54세,상해없음
2019081500100156,2019년 8월 15일 10시,목요일,전라남도 목포시 산정동,경상사고,0,0,2,0,차대차 - 기타,교차로운행방법위반,건조,맑음,교차로 - 교차로안,승용,여,31세,경상,승용,남,66세,경상
2019081500100157,2019년 8월 15일 10시,목요일,전라남도 화순군 화순읍,중상사고,0,1,2,0,차대차 - 측면충돌,과속,건조,맑음,교차로 - 교차로안,승용,여,54세,경상,승용,남,66세,경상
2019081500100178,2019년 8월 15일 11시,목요일,전라남도 순천시 조례동,경상사고,0,0,2,0,차대차 - 측면충돌,안전운전불이행,건조,맑음,교차로 - 교차로안,승용,남,26세,상해없음,승용,남,33세,경상
2019081500100207,2019년 8월 15일 12시,목요일,전라남도 목포시 호남동,경상사고,0,0,1,0,차대차 - 측면충돌,안전거리미확보,건조,맑음,단일로 - 기타,화물,남,30세,상해없음,승합,남,46세,경상
2019081500100274,2019년 8월 15일 14시,목요일,전라남도 여수시 학동,경상사고,0,0,1,0,차대차 - 추돌,안전운전불이행,건조,맑음,교차로 - 교차로부근,화물,남,67세,상해없음,승용,남,38세,상해없음
2019081500100311,2019년 8월 15일 15시,목요일,전라남도 나주시 교동,경상사고,0,0,1,0,차대차 - 측면충돌,안전운전불이행,건조,맑음,단일로 - 기타,화물,남,58세,상해없음,승용,남,66세,경상
2019081500100312,2019년 8월 15일 15시,목요일,전라남도 무안군 무안읍,경상사고,0,0,1,0,차대사람 - 기타,안전운전불이행,건조,맑음,교차로 - 교차로부근,화물,남,56세,상해없음,보행자,여,79세,경상
2019081500100407,2019년 8월 15일 18시,목요일,전라남도 목포시 상동,경상사고,0,0,2,0,차대차 - 기타,안전운전불이행,건조,맑음,기타 - 기타,승합,남,61세,상해없음,승용,남,39세,경상
2019081500100467,2019년 8월 15일 20시,목요일,전라남도 나주시 노안면,경상사고,0,0,1,0,차대차 - 기타,안전운전불이행,건조,맑음,교차로 - 교차로안,승용,남,62세,기타불명,자전거,남,48세,경상
2019081500100528,2019년 8월 15일 23시,목요일,전라남도 영암군 삼호읍,중상사고,0,1,0,0,차대사람 - 차도통행중,안전운전불이행,건조,맑음,단일로 - 기타,승용,남,25세,상해없음,보행자,여,28세,중상
2019081600100040,2019년 8월 16일 02시,금요일,전라남도 고흥군 도양읍,중상사고,0,1,0,0,차대사람 - 차도통행중,과속,건조,맑음,교차로 - 교차로안,승용,남,23세,상해없음,보행자,여,69세,중상
2019081600100073,2019년 8월 16일 06시,금요일,전라남도 목포시 용당동,중상사고,0,1,0,0,차대차 - 측면충돌,안전운전불이행,건조,맑음,단일로 - 기타,이륜,남,63세,상해없음,자전거,남,76세,중상
2019081600100074,2019년 8월 16일 06시,금요일,전라남도 해남군 해남읍,중상사고,0,1,0,0,차대차 - 기타,기타,건조,맑음,교차로 - 교차로안,승용,여,62세,상해없음,원동기,남,70세,중상
2019081600100091,2019년 8월 16일 07시,금요일,전라남도 순천시 저전동,중상사고,0,1,1,0,차대사람 - 횡단중,안전운전불이행,건조,맑음,단일로 - 기타,승용,여,52세,상해없음,보행자,여,74세,중상
2019081600100124,2019년 8월 16일 08시,금요일,전라남도 목포시 호남동,중상사고,0,1,0,0,차대사람 - 기타,안전운전불이행,건조,맑음,교차로 - 교차로부근,승용,여,46세,상해없음,보행자,여,83세,중상
2019081600100125,2019년 8월 16일 08시,금요일,전라남도 목포시 옥암동,경상사고,0,0,1,0,차대차 - 측면충돌,안전운전불이행,젖음/습기,흐림,단일로 - 기타,승용,남,26세,상해없음,승용,남,37세,경상
2019081600100168,2019년 8월 16일 09시,금요일,전라남도 신안군 압해읍,중상사고,0,1,0,0,차대차 - 측면충돌,안전운전불이행,건조,맑음,단일로 - 기타,화물,남,50세,상해없음,이륜,남,73세,중상
2019081600100169,2019년 8월 16일 09시,금요일,전라남도 순천시 연향동,경상사고,0,0,2,0,차대차 - 기타,신호위반,건조,맑음,교차로 - 교차로안,승합,남,60세,상해없음,이륜,남,23세,경상
2019081600100205,2019년 8월 16일 10시,금요일,전라남도 순천시 해룡면,중상사고,0,1,0,0,차대사람 - 횡단중,안전운전불이행,건조,맑음,교차로 - 교차로횡단보도내,승용,남,77세,상해없음,보행자,남,8세,중상
2019081600100249,2019년 8월 16일 11시,금요일,전라남도 순천시 해룡면,중상사고,0,4,1,0,차대차 - 기타,안전거리미확보,건조,맑음,단일로 - 기타,승용,여,61세,경상,특수,남,52세,상해없음
2019081600100250,2019년 8월 16일 11시,금요일,전라남도 순천시 주암면,경상사고,0,0,1,0,차대차 - 기타,안전운전불이행,건조,맑음,기타 - 기타,승용,남,29세,상해없음,승용,남,37세,경상
2019081600100280,2019년 8월 16일 12시,금요일,전라남도 여수시 중앙동,경상사고,0,0,1,0,차대사람 - 횡단중,안전운전불이행,건조,맑음,단일로 - 기타,승용,남,55세,상해없음,보행자,남,30세,경상
2019081600100281,2019년 8월 16일 12시,금요일,전라남도 해남군 송지면,중상사고,0,1,1,0,차대차 - 측면충돌,신호위반,건조,맑음,교차로 - 교차로안,승용,여,36세,상해없음,승용,남,70세,경상
2019081600100328,2019년 8월 16일 13시,금요일,전라남도 신안군 지도읍,경상사고,0,0,5,0,차대차 - 측면충돌,안전운전불이행,건조,맑음,교차로 - 교차로안,화물,남,68세,상해없음,승용,남,49세,경상
2019081600100329,2019년 8월 16일 13시,금요일,전라남도 광양시 중동,경상사고,0,0,1,0,차대차 - 측면충돌,직진우회전진행방해,건조,맑음,교차로 - 교차로안,승용,남,52세,상해없음,이륜,남,36세,경상
2019081600100365,2019년 8월 16일 14시,금요일,전라남도 여수시 안산동,중상사고,0,1,0,0,차대사람 - 횡단중,안전운전불이행,건조,맑음,교차로 - 교차로안,승용,남,48세,상해없음,보행자,남,9세,중상
2019081600100366,2019년 8월 16일 14시,금요일,전라남도 여수시 남산동,경상사고,0,0,1,0,차대차 - 측면충돌,안전운전불이행,건조,맑음,교차로 - 교차로안,이륜,남,62세,경상,승용,남,44세,상해없음
2019081600100367,2019년 8월 16일 14시,금요일,전라남도 여수시 오림동,경상사고,0,0,1,0,차대사람 - 보도통행중,기타,건조,맑음,단일로 - 기타,화물,남,75세,상해없음,보행자,여,71세,경상
2019081600100399,2019년 8월 16일 15시,금요일,전라남도 순천시 연향동,경상사고,0,0,2,0,차대차 - 기타,차로위반,건조,맑음,단일로 - 기타,화물,남,59세,경상,승용,남,27세,경상
2019081600100400,2019년 8월 16일 15시,금요일,전라남도 장성군 남면,중상사고,0,1,1,0,차대차 - 기타,안전거리미확보,건조,흐림,단일로 - 기타,승용,남,46세,상해없음,승용,남,41세,경상
2019081600100401,2019년 8월 16일 15시,금요일,전라남도 곡성군 입면,중상사고,0,1,2,0,차대차 - 측면충돌,교차로운행방법위반,건조,맑음,교차로 - 교차로안,승용,여,46세,상해없음,화물,남,68세,경상
2019081600100402,2019년 8월 16일 15시,금요일,전라남도 무안군 해제면,경상사고,0,0,1,0,차대차 - 측면충돌,안전운전불이행,건조,맑음,교차로 - 교차로안,화물,남,55세,상해없음,승용,남,39세,경상
2019081600100403,2019년 8월 16일 15시,금요일,전라남도 광양시 다압면,부상신고사고,0,0,0,1,차량단독 - 전도전복 - 전도,안전운전불이행,건조,맑음,단일로 - 기타,화물,남,69세,부상신고,,,,
2019081600100438,2019년 8월 16일 16시,금요일,전라남도 목포시 산정동,경상사고,0,0,1,0,차대차 - 후진중충돌,안전운전불이행,건조,맑음,기타 - 기타,승용,남,58세,상해없음,승용,남,35세,경상
2019081600100482,2019년 8월 16일 17시,금요일,전라남도 영암군 시종면,경상사고,0,0,1,0,차대차 - 후진중충돌,안전운전불이행,건조,맑음,단일로 - 기타,화물,남,61세,상해없음,화물,남,45세,경상
2019081600100483,2019년 8월 16일 17시,금요일,전라남도 광양시 성황동,경상사고,0,0,1,0,차대차 - 추돌,안전거리미확보,건조,맑음,단일로 - 기타,승용,남,57세,상해없음,승용,남,45세,경상
2019081600100530,2019년 8월 16일 18시,금요일,전라남도 목포시 대양동,경상사고,0,0,7,0,차대차 - 측면충돌,직진우회전진행방해,건조,맑음,교차로 - 교차로안,화물,남,34세,상해없음,승합,남,46세,경상
2019081600100531,2019년 8월 16일 18시,금요일,전라남도 해남군 황산면,중상사고,0,1,0,0,차대차 - 기타,안전운전불이행,건조,맑음,단일로 - 기타,사륜오토바이(ATV),여,72세,중상,승용,남,62세,상해없음
2019081600100532,2019년 8월 16일 18시,금요일,전라남도 순천시 서면,경상사고,0,0,4,0,차대차 - 추돌,안전운전불이행,건조,맑음,단일로 - 기타,승용,남,25세,상해없음,승용,남,39세,경상
2019081600100585,2019년 8월 16일 19시,금요일,전라남도 목포시 해안동3가,중상사고,0,1,0,0,차대차 - 측면충돌,교차로운행방법위반,건조,맑음,교차로 - 교차로안,승용,여,28세,상해없음,이륜,남,30세,중상
2019081600100586,2019년 8월 16일 19시,금요일,전라남도 목포시 연산동,경상사고,0,0,1,0,차대차 - 기타,안전운전불이행,건조,맑음,단일로 - 기타,승용,남,32세,상해없음,승용,남,49세,경상
2019081600100587,2019년 8월 16일 19시,금요일,전라남도 여수시 학동,경상사고,0,0,2,0,차대차 - 측면충돌,안전운전불이행,건조,맑음,교차로 - 교차로안,승용,남,30세,상해없음,승용,남,48세,경상
2019081600100616,2019년 8월 16일 20시,금요일,전라남도 목포시 상동,경상사고,0,0,1,0,차대차 - 기타,안전거리미확보,건조,맑음,단일로 - 기타,승용,여,33세,상해없음,승용,남,43세,경상
2019081600100617,2019년 8월 16일 20시,금요일,전라남도 목포시 상동,경상사고,0,0,2,0,차대차 - 기타,안전운전불이행,건조,맑음,단일로 - 기타,승용,남,62세,상해없음,승용,남,23세,경상
2019081600100642,2019년 8월 16일 21시,금요일,전라남도 목포시 상동,경상사고,0,0,1,0,차대차 - 측면충돌,안전운전불이행,건조,맑음,교차로 - 교차로안,이륜,남,19세,경상,승용,남,26세,상해없음
2019081600100643,2019년 8월 16일 21시,금요일,전라남도 여수시 종화동,경상사고,0,0,1,0,차대사람 - 기타,안전운전불이행,건조,맑음,기타 - 기타,승용,남,20세,상해없음,보행자,남,59세,경상
2019081600100644,2019년 8월 16일 21시,금요일,전라남도 순천시 조곡동,사망사고,1,0,0,0,차대사람 - 횡단중,안전운전불이행,건조,맑음,단일로 - 기타,승용,남,54세,상해없음,보행자,남,71세,사망
2019081600100676,2019년 8월 16일 22시,금요일,전라남도 해남군 해남읍,경상사고,0,0,1,0,차량단독 - 기타,안전운전불이행,건조,흐림,교차로 - 교차로부근,화물,남,51세,경상,,,,
2019081700100042,2019년 8월 17일 01시,토요일,전라남도 목포시 산정동,중상사고,0,1,2,0,차대차 - 측면충돌,교차로운행방법위반,건조,맑음,교차로 - 교차로안,이륜,남,25세,중상,승용,남,70세,상해없음
2019081700100109,2019년 8월 17일 06시,토요일,전라남도 강진군 도암면,경상사고,0,0,1,0,차대차 - 측면충돌,직진우회전진행방해,건조,맑음,교차로 - 교차로안,이륜,여,90세 이상,경상,승용,남,64세,상해없음
2019081700100120,2019년 8월 17일 07시,토요일,전라남도 여수시 남산동,중상사고,0,1,0,0,차대사람 - 기타,안전운전불이행,건조,맑음,교차로 - 교차로안,승용,남,71세,상해없음,보행자,여,81세,중상
2019081700100136,2019년 8월 17일 08시,토요일,전라남도 함평군 함평읍,중상사고,0,3,0,0,차대차 - 기타,안전운전불이행,건조,맑음,단일로 - 기타,승용,남,51세,중상,화물,남,49세,중상
2019081700100137,2019년 8월 17일 08시,토요일,전라남도 강진군 강진읍,경상사고,0,0,1,0,차량단독 - 전도전복 - 전도,안전운전불이행,건조,맑음,단일로 - 기타,화물,여,49세,상해없음,,,,
2019081700100149,2019년 8월 17일 09시,토요일,전라남도 여수시 돌산읍,사망사고,1,0,0,0,차대차 - 측면충돌,차로위반,건조,맑음,단일로 - 기타,사륜오토바이(ATV),남,75세,사망,화물,남,23세,상해없음
2019081700100150,2019년 8월 17일 09시,토요일,전라남도 고흥군 고흥읍,경상사고,0,0,1,0,차대차 - 측면충돌,안전운전불이행,건조,맑음,교차로 - 교차로안,승용,여,32세,경상,승용,여,48세,상해없음
2019081700100202,2019년 8월 17일 11시,토요일,전라남도 목포시 산정동,경상사고,0,0,1,0,차대차 - 측면충돌,안전운전불이행,건조,맑음,교차로 - 교차로부근,승용,남,71세,상해없음,승용,남,69세,경상
2019081700100203,2019년 8월 17일 11시,토요일,전라남도 순천시 교량동,경상사고,0,0,3,0,차대차 - 기타,안전운전불이행,건조,맑음,교차로 - 교차로안,승용,여,52세,경상,화물,남,68세,경상
2019081700100204,2019년 8월 17일 11시,토요일,전라남도 순천시 풍덕동,경상사고,0,0,1,0,차대차 - 측면충돌,중앙선침범,건조,맑음,단일로 - 기타,승용,여,79세,상해없음,승용,남,27세,경상
2019081700100205,2019년 8월 17일 11시,토요일,전라남도 나주시 세지면,경상사고,0,0,1,0,차대차 - 측면충돌,안전운전불이행,건조,맑음,교차로 - 교차로안,승용,여,44세,경상,화물,남,52세,상해없음
2019081700100206,2019년 8월 17일 11시,토요일,전라남도 함평군 엄다면,경상사고,0,0,3,1,차대차 - 기타,차로위반,건조,맑음,기타 - 기타,승용,남,20세,상해없음,승용,여,39세,경상
2019081700100235,2019년 8월 17일 12시,토요일,전라남도 여수시 율촌면,경상사고,0,0,11,0,차대차 - 추돌,안전운전불이행,건조,맑음,단일로 - 기타,승용,남,38세,상해없음,승용,남,42세,경상
2019081700100236,2019년 8월 17일 12시,토요일,전라남도 여수시 율촌면,경상사고,0,0,11,0,차대차 - 추돌,안전운전불이행,건조,맑음,단일로 - 기타,승용,남,42세,경상,승용,남,28세,경상
2019081700100237,2019년 8월 17일 12시,토요일,전라남도 화순군 화순읍,경상사고,0,0,3,0,차대차 - 측면충돌,신호위반,건조,맑음,교차로 - 교차로안,원동기,남,83세,경상,화물,남,38세,경상
2019081700100238,2019년 8월 17일 12시,토요일,전라남도 무안군 몽탄면,경상사고,0,0,1,0,차대차 - 기타,안전운전불이행,건조,맑음,단일로 - 기타,이륜,기타불명,미분류,기타불명,화물,남,55세,경상
2019081700100285,2019년 8월 17일 13시,토요일,전라남도 화순군 이양면,경상사고,0,0,1,0,차대차 - 측면충돌,안전운전불이행,건조,맑음,단일로 - 기타,승용,남,73세,상해없음,화물,남,67세,경상
2019081700100327,2019년 8월 17일 14시,토요일,전라남도 순천시 해룡면,경상사고,0,0,1,0,차대차 - 측면충돌,안전운전불이행,건조,맑음,단일로 - 기타,승용,남,38세,상해없음,이륜,남,57세,경상
2019081700100328,2019년 8월 17일 14시,토요일,전라남도 순천시 해룡면,경상사고,0,0,2,0,차대차 - 측면충돌,신호위반,건조,맑음,교차로 - 교차로안,승용,여,40세,상해없음,승용,남,64세,경상
2019081700100329,2019년 8월 17일 14시,토요일,전라남도 진도군 의신면,경상사고,0,0,3,0,차대차 - 측면충돌,차로위반,건조,맑음,교차로 - 교차로부근,승용,남,61세,상해없음,승용,여,37세,경상
2019081700100404,2019년 8월 17일 16시,토요일,전라남도 목포시 용당동,경상사고,0,0,1,0,차량단독 - 기타,안전운전불이행,건조,맑음,기타 - 기타,이륜,남,32세,경상,,,,
2019081700100405,2019년 8월 17일 16시,토요일,전라남도 여수시 학동,경상사고,0,0,1,0,차대사람 - 기타,기타,건조,맑음,단일로 - 기타,승용,남,41세,상해없음,보행자,남,41세,경상
2019081700100406,2019년 8월 17일 16시,토요일,전라남도 여수시 신기동,경상사고,0,0,2,0,차대차 - 측면충돌,신호위반,건조,맑음,교차로 - 교차로안,승용,남,25세,상해없음,승용,남,24세,경상
2019081700100407,2019년 8월 17일 16시,토요일,전라남도 곡성군 고달면,중상사고,0,1,0,0,차량단독 - 기타,안전운전불이행,건조,맑음,단일로 - 기타,농기계,남,77세,중상,,,,
2019081700100492,2019년 8월 17일 18시,토요일,전라남도 화순군 화순읍,중상사고,0,1,0,0,차대사람 - 기타,안전운전불이행,건조,맑음,단일로 - 기타,승용,남,31세,상해없음,보행자,여,90세 이상,중상
2019081700100493,2019년 8월 17일 18시,토요일,전라남도 영암군 영암읍,중상사고,0,1,2,0,차대차 - 측면충돌,안전운전불이행,건조,맑음,교차로 - 교차로안,승용,남,67세,중상,화물,남,24세,경상
2019081700100494,2019년 8월 17일 18시,토요일,전라남도 완도군 소안면,경상사고,0,0,1,0,차대사람 - 횡단중,안전운전불이행,건조,맑음,단일로 - 기타,승용,남,43세,상해없음,보행자,남,32세,경상
2019081700100532,2019년 8월 17일 19시,토요일,전라남도 목포시 산정동,중상사고,0,1,0,0,차대사람 - 횡단중,안전운전불이행,젖음/습기,비,교차로 - 교차로안,승용,여,45세,상해없음,보행자,여,73세,중상
2019081700100533,2019년 8월 17일 19시,토요일,전라남도 장흥군 장평면,경상사고,0,0,2,0,차대차 - 측면충돌,중앙선침범,건조,맑음,단일로 - 기타,농기계,남,64세,경상,승용,남,22세,경상
2019081700100598,2019년 8월 17일 21시,토요일,전라남도 목포시 연산동,경상사고,0,0,1,0,차대차 - 측면충돌,안전운전불이행,젖음/습기,흐림,교차로 - 교차로안,승용,남,40세,상해없음,이륜,남,19세,경상
2019081700100625,2019년 8월 17일 22시,토요일,전라남도 목포시 상동,경상사고,0,0,3,0,차대차 - 측면충돌,신호위반,젖음/습기,비,교차로 - 교차로부근,이륜,남,16세,경상,승용,여,39세,경상
2019081700100649,2019년 8월 17일 23시,토요일,전라남도 목포시 용당동,경상사고,0,0,1,0,차대사람 - 횡단중,안전운전불이행,건조,맑음,단일로 - 기타,기타불명,기타불명,미분류,기타불명,보행자,남,18세,경상
2019081700100650,2019년 8월 17일 23시,토요일,전라남도 장흥군 장흥읍,경상사고,0,0,1,0,차량단독 - 공작물충돌,안전운전불이행,건조,맑음,교차로 - 교차로부근,승용,남,44세,경상,,,,
2019081700100651,2019년 8월 17일 23시,토요일,전라남도 영암군 영암읍,중상사고,0,2,0,0,차량단독 - 공작물충돌,안전운전불이행,젖음/습기,비,단일로 - 기타,승용,남,34세,중상,,,,
2019081700100652,2019년 8월 17일 23시,토요일,전라남도 장성군 진원면,중상사고,0,1,0,0,차량단독 - 공작물충돌,안전운전불이행,건조,맑음,단일로 - 기타,승용,남,49세,중상,,,,
2019081800100045,2019년 8월 18일 01시,일요일,전라남도 곡성군 오곡면,경상사고,0,0,1,0,차량단독 - 공작물충돌,안전운전불이행,건조,맑음,단일로 - 기타,승용,여,57세,경상,,,,
2019081800100107,2019년 8월 18일 07시,일요일,전라남도 장흥군 유치면,경상사고,0,0,2,0,차대차 - 측면충돌,안전운전불이행,건조,맑음,교차로 - 교차로안,화물,남,66세,경상,화물,남,50세,경상
2019081800100117,2019년 8월 18일 08시,일요일,전라남도 영암군 도포면,중상사고,0,1,0,0,차량단독 - 공작물충돌,안전운전불이행,건조,맑음,단일로 - 기타,승용,여,66세,중상,,,,
2019081800100131,2019년 8월 18일 09시,일요일,전라남도 장흥군 안양면,중상사고,0,1,0,0,차대차 - 측면충돌,안전운전불이행,건조,맑음,단일로 - 기타,이륜,남,24세,중상,승용,남,54세,상해없음
2019081800100148,2019년 8월 18일 10시,일요일,전라남도 담양군 담양읍,경상사고,0,0,1,0,차대차 - 기타,교차로운행방법위반,건조,맑음,교차로 - 교차로부근,이륜,남,80세,경상,승용,남,35세,상해없음
2019081800100163,2019년 8월 18일 11시,일요일,전라남도 장성군 진원면,중상사고,0,1,4,0,차대차 - 측면충돌,직진우회전진행방해,건조,맑음,교차로 - 교차로안,승용,남,61세,경상,특수,남,59세,경상
2019081800100180,2019년 8월 18일 12시,일요일,전라남도 순천시 황전면,중상사고,0,1,0,0,차대차 - 측면충돌,안전거리미확보,건조,맑음,교차로 - 교차로안,승용,남,61세,상해없음,이륜,남,25세,중상
2019081800100208,2019년 8월 18일 13시,일요일,전라남도 목포시 연산동,경상사고,0,0,1,0,차대차 - 측면충돌,안전운전불이행,건조,맑음,단일로 - 기타,승용,여,67세,상해없음,승용,남,33세,경상
2019081800100209,2019년 8월 18일 13시,일요일,전라남도 여수시 봉산동,경상사고,0,0,1,0,차대차 - 기타,안전운전불이행,건조,맑음,단일로 - 기타,승용,남,62세,상해없음,승용,남,40세,경상
2019081800100210,2019년 8월 18일 13시,일요일,전라남도 순천시 조례동,경상사고,0,0,2,0,차대차 - 기타,교차로운행방법위반,건조,맑음,교차로 - 교차로안,승용,여,58세,상해없음,승용,여,47세,경상
2019081800100243,2019년 8월 18일 14시,일요일,전라남도 강진군 군동면,경상사고,0,0,2,0,차대차 - 측면충돌,신호위반,건조,맑음,교차로 - 교차로안,승용,여,46세,상해없음,승용,여,53세,경상
2019081800100268,2019년 8월 18일 15시,일요일,전라남도 영암군 삼호읍,경상사고,0,0,4,0,차대차 - 측면충돌,교차로운행방법위반,건조,맑음,교차로 - 교차로안,승용,남,58세,상해없음,승용,남,65세,경상
2019081800100296,2019년 8월 18일 16시,일요일,전라남도 여수시 화양면,경상사고,0,0,2,0,차대차 - 측면충돌,중앙선침범,건조,맑음,단일로 - 기타,승용,남,33세,상해없음,승용,남,57세,경상
2019081800100297,2019년 8월 18일 16시,일요일,전라남도 담양군 고서면,중상사고,0,1,7,0,차대차 - 측면충돌,중앙선침범,건조,맑음,단일로 - 기타,승용,남,38세,경상,승합,여,49세,경상
2019081800100298,2019년 8월 18일 16시,일요일,전라남도 무안군 망운면,경상사고,0,0,2,0,차대차 - 측면충돌,안전운전불이행,건조,맑음,단일로 - 기타,화물,남,62세,상해없음,승용,남,38세,기타불명
2019081800100321,2019년 8월 18일 17시,일요일,전라남도 목포시 용해동,중상사고,0,1,0,0,차대사람 - 차도통행중,교차로운행방법위반,건조,맑음,교차로 - 교차로안,승용,남,40세,상해없음,보행자,여,65세,중상
2019081800100322,2019년 8월 18일 17시,일요일,전라남도 목포시 옥암동,경상사고,0,0,1,0,차대차 - 후진중충돌,안전운전불이행,건조,맑음,단일로 - 기타,승용,남,58세,상해없음,화물,남,47세,경상
2019081800100323,2019년 8월 18일 17시,일요일,전라남도 여수시 선원동,경상사고,0,0,1,0,차대사람 - 길가장자리구역통행중,안전운전불이행,건조,맑음,교차로 - 교차로부근,승용,남,48세,상해없음,보행자,남,35세,경상
2019081800100324,2019년 8월 18일 17시,일요일,전라남도 담양군 담양읍,중상사고,0,1,0,0,차대차 - 추돌,안전운전불이행,건조,맑음,단일로 - 기타,원동기,남,79세,중상,승용,여,54세,상해없음
2019081800100325,2019년 8월 18일 17시,일요일,전라남도 광양시 진상면,경상사고,0,0,4,0,차대차 - 추돌,안전운전불이행,건조,맑음,교차로 - 교차로부근,승용,남,49세,상해없음,승용,남,26세,경상
2019081800100352,2019년 8월 18일 18시,일요일,전라남도 강진군 강진읍,중상사고,0,1,1,0,차대차 - 측면충돌,직진우회전진행방해,건조,맑음,교차로 - 교차로안,승용,남,28세,경상,승용,여,50세,중상
2019081800100353,2019년 8월 18일 18시,일요일,전라남도 곡성군 곡성읍,경상사고,0,0,2,0,차대차 - 추돌,안전운전불이행,건조,맑음,교차로 - 교차로부근,승용,여,46세,경상,승용,남,59세,경상
2019081800100388,2019년 8월 18일 19시,일요일,전라남도 여수시 선원동,중상사고,0,2,0,0,차대차 - 측면충돌,신호위반,건조,맑음,교차로 - 교차로안,이륜,남,62세,중상,승용,남,46세,기타불명
2019081800100389,2019년 8월 18일 19시,일요일,전라남도 광양시 금호동,경상사고,0,0,2,0,차대차 - 측면충돌,안전운전불이행,건조,맑음,교차로 - 교차로안,승용,여,52세,경상,승용,여,34세,경상
2019081800100410,2019년 8월 18일 20시,일요일,전라남도 순천시 풍덕동,중상사고,0,2,0,0,차대사람 - 횡단중,보행자보호의무위반,건조,흐림,교차로 - 교차로횡단보도내,화물,남,58세,상해없음,보행자,여,58세,중상
2019081900100040,2019년 8월 19일 01시,월요일,전라남도 순천시 동외동,경상사고,0,0,1,0,차대차 - 추돌,안전운전불이행,건조,맑음,교차로 - 교차로부근,승용,남,39세,상해없음,승용,남,24세,경상
2019081900100069,2019년 8월 19일 06시,월요일,전라남도 보성군 보성읍,경상사고,0,0,2,0,차대차 - 측면충돌,안전운전불이행,건조,맑음,교차로 - 교차로안,승용,남,72세,경상,승용,여,43세,경상
2019081900100070,2019년 8월 19일 06시,월요일,전라남도 화순군 도곡면,경상사고,0,0,2,0,차대차 - 기타,안전운전불이행,건조,맑음,교차로 - 교차로안,화물,남,63세,경상,승용,여,55세,경상
2019081900100140,2019년 8월 19일 08시,월요일,전라남도 목포시 용해동,경상사고,0,0,1,0,차대차 - 후진중충돌,안전운전불이행,건조,맑음,단일로 - 기타,승용,여,45세,상해없음,승용,남,34세,경상
2019081900100141,2019년 8월 19일 08시,월요일,전라남도 순천시 조곡동,경상사고,0,0,1,0,차대차 - 기타,안전운전불이행,건조,맑음,단일로 - 기타,승용,여,51세,기타불명,승용,여,40세,경상
2019081900100142,2019년 8월 19일 08시,월요일,전라남도 나주시 빛가람동,경상사고,0,0,1,0,차대차 - 측면충돌,안전운전불이행,건조,맑음,교차로 - 교차로안,승용,여,57세,상해없음,화물,남,66세,경상
2019081900100143,2019년 8월 19일 08시,월요일,전라남도 영암군 학산면,중상사고,0,1,1,0,차대차 - 측면충돌,안전운전불이행,건조,맑음,단일로 - 기타,이륜,여,68세,중상,승용,남,53세,경상
2019081900100166,2019년 8월 19일 09시,월요일,전라남도 순천시 석현동,경상사고,0,0,1,0,차대차 - 기타,안전운전불이행,건조,맑음,단일로 - 기타,승용,남,66세,경상,승용,여,56세,상해없음
2019081900100167,2019년 8월 19일 09시,월요일,전라남도 곡성군 죽곡면,중상사고,0,2,0,0,차대차 - 정면충돌,안전운전불이행,건조,맑음,단일로 - 기타,승용,여,60세,중상,승용,여,66세,중상
2019081900100204,2019년 8월 19일 10시,월요일,전라남도 목포시 용당동,경상사고,0,0,1,0,차대차 - 후진중충돌,안전운전불이행,건조,맑음,단일로 - 기타,승용,여,31세,상해없음,승용,여,50세,경상
2019081900100205,2019년 8월 19일 10시,월요일,전라남도 곡성군 곡성읍,중상사고,0,1,0,0,차대차 - 측면충돌,안전운전불이행,건조,맑음,교차로 - 교차로부근,승용,남,66세,상해없음,자전거,남,84세,중상
2019081900100239,2019년 8월 19일 11시,월요일,전라남도 목포시 석현동,중상사고,0,1,0,0,차대사람 - 기타,안전운전불이행,건조,맑음,기타 - 기타,승용,여,38세,상해없음,보행자,여,67세,중상
2019081900100240,2019년 8월 19일 11시,월요일,전라남도 목포시 옥암동,경상사고,0,0,2,0,차대차 - 기타,안전운전불이행,건조,맑음,단일로 - 기타,승용,남,76세,상해없음,승용,남,56세,경상
2019081900100241,2019년 8월 19일 11시,월요일,전라남도 여수시 적량동,경상사고,0,0,1,0,차대차 - 측면충돌,차로위반,건조,맑음,단일로 - 기타,건설기계,남,46세,상해없음,승용,남,50세,경상