사고번호,사고일시,요일,시군구,사고내용,사망자수,중상자수,경상자수,부상신고자수,사고유형,법규위반,노면상태,기상상태,도로형태,가해운전자 차종,가해운전자 성별,가해운전자 연령,가해운전자 상해정도,피해운전자 차종,피해운전자 성별,피해운전자 연령,피해운전자 상해정도
2019081900100242,2019년 8월 19일 11시,월요일,전라남도 여수시 광무동,경상사고,0,0,3,0,차대차 - 추돌,안전거리미확보,건조,맑음,교차로 - 교차로부근,승용,남,74세,경상,화물,남,20세,경상
2019081900100329,2019년 8월 19일 14시,월요일,전라남도 목포시 산정동,경상사고,0,0,2,0,차대차 - 측면충돌,교차로운행방법위반,건조,맑음,교차로 - 교차로안,승용,남,29세,상해없음,이륜,남,25세,경상
2019081900100330,2019년 8월 19일 14시,월요일,전라남도 보성군 벌교읍,중상사고,0,2,0,0,차량단독 - 공작물충돌,안전운전불이행,건조,맑음,단일로 - 기타,화물,남,51세,중상,,,,
2019081900100361,2019년 8월 19일 15시,월요일,전라남도 나주시 산포면,경상사고,0,0,1,0,차대차 - 후진중충돌,안전운전불이행,건조,맑음,단일로 - 기타,건설기계,남,63세,상해없음,건설기계,남,58세,경상
2019081900100362,2019년 8월 19일 15시,월요일,전라남도 담양군 담양읍,경상사고,0,0,2,0,차대차 - 측면충돌,안전운전불이행,건조,맑음,주차장 - 주차장,승용,여,55세,상해없음,승용,남,31세,경상
2019081900100400,2019년 8월 19일 16시,월요일,전라남도 여수시 율촌면,경상사고,0,0,3,0,차대차 - 측면충돌,과속,건조,맑음,기타 - 기타,승용,남,39세,경상,승용,여,67세,경상
2019081900100401,2019년 8월 19일 16시,월요일,전라남도 순천시 조례동,경상사고,0,0,1,0,차대차 - 기타,안전운전불이행,건조,맑음,주차장 - 주차장,승용,남,44세,상해없음,승용,여,30세,경상
2019081900100402,2019년 8월 19일 16시,월요일,전라남도 보성군 득량면,중상사고,0,1,0,0,차대사람 - 횡단중,안전운전불이행,건조,맑음,단일로 - 기타,화물,남,73세,상해없음,보행자,남,73세,중상
2019081900100435,2019년 8월 19일 17시,월요일,전라남도 목포시 죽교동,경상사고,0,0,2,0,차대차 - 기타,안전운전불이행,건조,맑음,단일로 - 기타,승합,남,54세,경상,승용,여,36세,경상
2019081900100436,2019년 8월 19일 17시,월요일,전라남도 순천시 연향동,경상사고,0,0,1,0,차대차 - 측면충돌,안전운전불이행,건조,맑음,교차로 - 교차로안,승용,남,27세,상해없음,승용,여,52세,경상
2019081900100437,2019년 8월 19일 17시,월요일,전라남도 나주시 금천면,경상사고,0,0,2,0,차대차 - 측면충돌,직진우회전진행방해,건조,맑음,교차로 - 교차로안,승용,남,52세,상해없음,승용,여,36세,경상
2019081900100438,2019년 8월 19일 17시,월요일,전라남도 담양군 담양읍,사망사고,1,1,0,0,차대차 - 정면충돌,중앙선침범,건조,맑음,단일로 - 기타,승용,남,80세,사망,승용,남,33세,중상
2019081900100439,2019년 8월 19일 17시,월요일,전라남도 구례군 구례읍,경상사고,0,0,1,0,차대차 - 추돌,안전거리미확보,건조,맑음,교차로 - 교차로부근,승용,남,61세,상해없음,승용,여,31세,경상
2019081900100480,2019년 8월 19일 18시,월요일,전라남도 목포시 산정동,경상사고,0,0,2,0,차대차 - 기타,안전운전불이행,건조,맑음,단일로 - 기타,승용,여,56세,상해없음,승용,남,29세,경상
2019081900100481,2019년 8월 19일 18시,월요일,전라남도 담양군 금성면,경상사고,0,0,1,0,차량단독 - 공작물충돌,안전운전불이행,건조,맑음,교차로 - 교차로안,승용,남,70세,경상,,,,
2019081900100482,2019년 8월 19일 18시,월요일,전라남도 구례군 구례읍,경상사고,0,0,2,0,차대차 - 측면충돌,교차로운행방법위반,건조,맑음,교차로 - 교차로안,승용,여,61세,경상,승용,여,41세,경상
2019081900100522,2019년 8월 19일 19시,월요일,전라남도 여수시 여서동,경상사고,0,0,1,0,차대차 - 측면충돌,직진우회전진행방해,건조,맑음,교차로 - 교차로안,승용,여,29세,상해없음,승용,남,57세,경상
2019081900100523,2019년 8월 19일 19시,월요일,전라남도 함평군 해보면,부상신고사고,0,0,0,1,차대차 - 추돌,안전운전불이행,건조,맑음,단일로 - 기타,승용,남,75세,상해없음,농기계,남,76세,부상신고
2019081900100551,2019년 8월 19일 20시,월요일,전라남도 여수시 안산동,경상사고,0,0,1,0,차대차 - 추돌,안전운전불이행,건조,맑음,단일로 - 기타,승용,남,19세,기타불명,승용,남,30세,경상
2019081900100552,2019년 8월 19일 20시,월요일,전라남도 완도군 완도읍,경상사고,0,0,1,0,차대차 - 측면충돌,중앙선침범,건조,맑음,교차로 - 교차로부근,승용,여,36세,상해없음,이륜,여,56세,경상
2019081900100619,2019년 8월 19일 23시,월요일,전라남도 광양시 마동,경상사고,0,0,3,0,차대차 - 측면충돌,안전거리미확보,건조,맑음,교차로 - 교차로안,승용,남,62세,상해없음,승용,남,22세,경상
2019082000100031,2019년 8월 20일 00시,화요일,전라남도 목포시 용해동,경상사고,0,0,1,0,차대차 - 기타,안전운전불이행,건조,맑음,교차로 - 교차로부근,승용,남,43세,상해없음,승용,남,54세,경상
2019082000100043,2019년 8월 20일 01시,화요일,전라남도 목포시 용해동,중상사고,0,1,2,0,차대차 - 기타,안전운전불이행,건조,맑음,단일로 - 기타,승용,남,72세,경상,승용,남,24세,중상
2019082000100044,2019년 8월 20일 01시,화요일,전라남도 광양시 광양읍,경상사고,0,0,1,0,차량단독 - 기타,안전운전불이행,건조,맑음,단일로 - 기타,이륜,여,60세,경상,,,,
2019082000100082,2019년 8월 20일 06시,화요일,전라남도 목포시 상동,경상사고,0,0,1,0,차대차 - 기타,신호위반,건조,맑음,교차로 - 교차로안,자전거,남,21세,경상,승용,남,19세,상해없음
2019082000100097,2019년 8월 20일 07시,화요일,전라남도 목포시 보광동3가,경상사고,0,0,1,0,차대차 - 기타,안전운전불이행,건조,맑음,교차로 - 교차로안,화물,남,55세,상해없음,자전거,여,63세,경상
2019082000100098,2019년 8월 20일 07시,화요일,전라남도 순천시 서면,중상사고,0,1,0,0,차대차 - 측면충돌,안전운전불이행,건조,맑음,교차로 - 교차로안,화물,남,51세,상해없음,화물,남,36세,중상
2019082000100136,2019년 8월 20일 08시,화요일,전라남도 순천시 왕지동,경상사고,0,0,1,0,차대차 - 기타,안전운전불이행,건조,맑음,단일로 - 기타,승용,여,24세,상해없음,승용,남,41세,경상
2019082000100170,2019년 8월 20일 09시,화요일,전라남도 나주시 빛가람동,경상사고,0,0,2,0,차대차 - 측면충돌,직진우회전진행방해,건조,맑음,교차로 - 교차로안,승용,여,52세,경상,승용,남,47세,경상
2019082000100171,2019년 8월 20일 09시,화요일,전라남도 장흥군 대덕읍,경상사고,0,0,1,0,차대차 - 추돌,안전운전불이행,건조,맑음,주차장 - 주차장,승용,여,62세,상해없음,승용,여,53세,경상
2019082000100172,2019년 8월 20일 09시,화요일,전라남도 장성군 삼서면,경상사고,0,0,2,0,차대차 - 정면충돌,교차로운행방법위반,건조,맑음,교차로 - 교차로안,승합,남,55세,상해없음,승용,여,63세,상해없음
2019082000100208,2019년 8월 20일 10시,화요일,전라남도 여수시 선원동,경상사고,0,0,1,0,차대차 - 측면충돌,안전운전불이행,건조,맑음,단일로 - 기타,승용,남,62세,상해없음,승용,여,44세,경상
2019082000100209,2019년 8월 20일 10시,화요일,전라남도 순천시 조례동,경상사고,0,0,1,0,차대차 - 기타,직진우회전진행방해,건조,맑음,교차로 - 교차로안,승용,여,57세,상해없음,승용,여,34세,경상
2019082000100236,2019년 8월 20일 11시,화요일,전라남도 목포시 산정동,경상사고,0,0,1,0,차대차 - 측면충돌,기타,건조,맑음,교차로 - 교차로안,자전거,남,10세,경상,승용,남,52세,상해없음
2019082000100237,2019년 8월 20일 11시,화요일,전라남도 목포시 옥암동,경상사고,0,0,1,0,차대차 - 추돌,안전운전불이행,건조,맑음,교차로 - 교차로부근,승합,남,59세,상해없음,승용,남,45세,경상
2019082000100238,2019년 8월 20일 11시,화요일,전라남도 장흥군 부산면,중상사고,0,1,0,0,차량단독 - 기타,기타,건조,맑음,단일로 - 기타,승합,남,48세,상해없음,,,,
2019082000100239,2019년 8월 20일 11시,화요일,전라남도 구례군 구례읍,부상신고사고,0,0,0,1,차대사람 - 차도통행중,안전운전불이행,건조,맑음,단일로 - 기타,기타불명,기타불명,미분류,기타불명,보행자,남,68세,부상신고
2019082000100275,2019년 8월 20일 12시,화요일,전라남도 목포시 용해동,경상사고,0,0,1,0,차대차 - 측면충돌,안전거리미확보,건조,맑음,단일로 - 기타,승용,남,56세,상해없음,이륜,남,21세,경상
2019082000100276,2019년 8월 20일 12시,화요일,전라남도 목포시 용당동,경상사고,0,0,3,0,차대차 - 측면충돌,기타,건조,맑음,교차로 - 교차로안,승용,남,65세,경상,승용,여,38세,경상
2019082000100277,2019년 8월 20일 12시,화요일,전라남도 화순군 화순읍,경상사고,0,0,3,0,차대차 - 측면충돌,기타,건조,맑음,교차로 - 교차로안,승용,여,52세,경상,승용,남,44세,경상
2019082000100305,2019년 8월 20일 13시,화요일,전라남도 목포시 대성동,경상사고,0,0,1,1,차대차 - 측면충돌,안전운전불이행,건조,맑음,교차로 - 교차로안,이륜,남,40세,부상신고,승용,여,48세,경상
2019082000100341,2019년 8월 20일 14시,화요일,전라남도 나주시 운곡동,경상사고,0,0,1,0,차대차 - 측면충돌,안전운전불이행,건조,맑음,교차로 - 교차로안,화물,남,57세,상해없음,승용,여,26세,경상
2019082000100342,2019년 8월 20일 14시,화요일,전라남도 보성군 벌교읍,경상사고,0,0,1,0,차대차 - 추돌,안전거리미확보,건조,맑음,단일로 - 기타,화물,남,52세,상해없음,승용,여,57세,경상
2019082000100374,2019년 8월 20일 15시,화요일,전라남도 목포시 산정동,경상사고,0,0,2,0,차대차 - 측면충돌,안전거리미확보,건조,맑음,단일로 - 기타,승합,남,46세,상해없음,승용,여,29세,경상
2019082000100375,2019년 8월 20일 15시,화요일,전라남도 장성군 동화면,경상사고,0,0,1,0,차대차 - 기타,안전운전불이행,건조,맑음,교차로 - 교차로안,건설기계,남,47세,상해없음,승용,여,43세,경상
2019082000100417,2019년 8월 20일 16시,화요일,전라남도 목포시 용해동,경상사고,0,0,1,0,차대사람 - 기타,보행자보호의무위반,건조,맑음,교차로 - 교차로횡단보도내,기타불명,기타불명,미분류,기타불명,보행자,남,83세,경상
2019082000100418,2019년 8월 20일 16시,화요일,전라남도 여수시 돌산읍,경상사고,0,0,1,0,차대차 - 기타,차로위반,건조,맑음,교차로 - 교차로부근,화물,남,49세,상해없음,승합,여,53세,경상
2019082000100455,2019년 8월 20일 17시,화요일,전라남도 순천시 서면,중상사고,0,1,0,0,차대차 - 기타,안전운전불이행,건조,맑음,단일로 - 기타,승용,여,65세,상해없음,이륜,남,51세,중상
2019082000100456,2019년 8월 20일 17시,화요일,전라남도 담양군 담양읍,경상사고,0,0,1,0,차대차 - 기타,안전운전불이행,건조,맑음,교차로 - 교차로부근,농기계,남,78세,경상,기타불명,기타불명,미분류,기타불명
2019082000100505,2019년 8월 20일 18시,화요일,전라남도 목포시 용당동,중상사고,0,1,0,0,차대차 - 측면충돌,안전운전불이행,건조,맑음,단일로 - 기타,승용,여,49세,상해없음,자전거,남,52세,중상
2019082000100506,2019년 8월 20일 18시,화요일,전라남도 목포시 용해동,경상사고,0,0,2,0,차대차 - 측면충돌,교차로운행방법위반,건조,맑음,교차로 - 교차로안,승용,여,62세,경상,승용,남,50세,경상
2019082000100507,2019년 8월 20일 18시,화요일,전라남도 순천시 조례동,경상사고,0,0,2,0,차대차 - 측면충돌,교차로운행방법위반,건조,맑음,교차로 - 교차로안,승용,여,37세,경상,승용,남,32세,경상
2019082000100508,2019년 8월 20일 18시,화요일,전라남도 장성군 장성읍,경상사고,0,0,1,0,차대차 - 기타,안전운전불이행,건조,맑음,교차로 - 교차로안,승용,남,64세,상해없음,승용,남,46세,경상
2019082000100541,2019년 8월 20일 19시,화요일,전라남도 담양군 수북면,경상사고,0,0,3,0,차대차 - 추돌,안전운전불이행,건조,맑음,교차로 - 교차로부근,화물,남,47세,상해없음,승용,여,61세,경상
2019082000100585,2019년 8월 20일 20시,화요일,전라남도 영광군 영광읍,경상사고,0,0,1,0,차대차 - 추돌,안전운전불이행,건조,맑음,단일로 - 기타,승용,여,23세,상해없음,자전거,남,45세,경상
2019082000100586,2019년 8월 20일 20시,화요일,전라남도 무안군 삼향읍,경상사고,0,0,2,0,차대차 - 추돌,안전운전불이행,건조,맑음,단일로 - 기타,승용,남,19세,상해없음,승용,남,43세,경상
2019082000100611,2019년 8월 20일 21시,화요일,전라남도 해남군 옥천면,경상사고,0,0,1,0,차대사람 - 횡단중,안전운전불이행,건조,맑음,단일로 - 기타,승용,남,61세,상해없음,보행자,여,19세,경상
2019082000100633,2019년 8월 20일 22시,화요일,전라남도 목포시 상동,경상사고,0,0,2,0,차대차 - 추돌,안전운전불이행,건조,맑음,교차로 - 교차로안,승용,여,44세,상해없음,승용,남,29세,경상
2019082000100652,2019년 8월 20일 23시,화요일,전라남도 나주시 빛가람동,중상사고,0,1,0,0,차대차 - 측면충돌,교차로운행방법위반,건조,맑음,교차로 - 교차로안,승용,남,36세,상해없음,이륜,남,46세,중상
2019082100100086,2019년 8월 21일 06시,수요일,전라남도 여수시 교동,중상사고,0,1,0,0,차대차 - 측면충돌,안전거리미확보,건조,맑음,단일로 - 기타,이륜,남,72세,중상,승용,남,68세,상해없음
2019082100100109,2019년 8월 21일 07시,수요일,전라남도 고흥군 고흥읍,중상사고,0,1,1,0,차대차 - 측면충돌,안전운전불이행,건조,맑음,단일로 - 기타,승합,남,69세,상해없음,이륜,남,42세,경상
2019082100100139,2019년 8월 21일 08시,수요일,전라남도 목포시 용해동,경상사고,0,0,1,0,차대차 - 추돌,안전운전불이행,건조,맑음,단일로 - 기타,승용,남,62세,상해없음,승용,여,40세,경상
2019082100100169,2019년 8월 21일 09시,수요일,전라남도 목포시 옥암동,중상사고,0,1,2,0,차대차 - 측면충돌,직진우회전진행방해,건조,맑음,교차로 - 교차로안,승용,여,43세,경상,승용,여,60세,중상
2019082100100198,2019년 8월 21일 10시,수요일,전라남도 여수시 소라면,중상사고,0,1,0,0,차대사람 - 횡단중,보행자보호의무위반,건조,맑음,단일로 - 기타,화물,남,48세,상해없음,보행자,여,90세 이상,중상
2019082100100199,2019년 8월 21일 10시,수요일,전라남도 담양군 창평면,경상사고,0,0,2,0,차대차 - 기타,중앙선침범,건조,맑음,단일로 - 기타,화물,남,49세,상해없음,승합,남,64세,경상
2019082100100227,2019년 8월 21일 11시,수요일,전라남도 해남군 해남읍,경상사고,0,0,3,0,차대차 - 기타,신호위반,건조,맑음,교차로 - 교차로안,승용,남,36세,경상,승용,여,45세,경상
2019082100100228,2019년 8월 21일 11시,수요일,전라남도 완도군 보길면,경상사고,0,0,2,0,차대사람 - 차도통행중,안전운전불이행,건조,맑음,단일로 - 기타,승용,남,51세,상해없음,보행자,남,82세,경상
2019082100100229,2019년 8월 21일 11시,수요일,전라남도 완도군 완도읍,경상사고,0,0,1,0,차대차 - 측면충돌,안전운전불이행,건조,맑음,교차로 - 교차로부근,승용,남,61세,상해없음,이륜,남,44세,경상
2019082100100230,2019년 8월 21일 11시,수요일,전라남도 무안군 현경면,경상사고,0,0,1,0,차대차 - 추돌,안전운전불이행,건조,맑음,교차로 - 교차로부근,화물,남,63세,상해없음,화물,남,46세,경상
2019082100100231,2019년 8월 21일 11시,수요일,전라남도 구례군 간전면,중상사고,0,1,0,0,차대차 - 기타,안전운전불이행,건조,맑음,단일로 - 기타,화물,남,71세,중상,승용,남,63세,상해없음
2019082100100265,2019년 8월 21일 12시,수요일,전라남도 무안군 운남면,중상사고,0,1,0,0,차대차 - 정면충돌,중앙선침범,건조,맑음,단일로 - 기타,화물,남,71세,중상,화물,남,59세,상해없음
2019082100100334,2019년 8월 21일 14시,수요일,전라남도 여수시 화양면,경상사고,0,0,1,0,차대차 - 측면충돌,안전운전불이행,건조,맑음,단일로 - 기타,농기계,남,65세,경상,승용,여,45세,상해없음
2019082100100335,2019년 8월 21일 14시,수요일,전라남도 영암군 삼호읍,경상사고,0,0,1,0,차대사람 - 차도통행중,안전운전불이행,건조,맑음,단일로 - 기타,승용,여,41세,상해없음,보행자,남,74세,경상
2019082100100336,2019년 8월 21일 14시,수요일,전라남도 강진군 도암면,경상사고,0,0,1,0,차량단독 - 기타,안전운전불이행,건조,맑음,단일로 - 기타,화물,남,62세,경상,,,,
2019082100100410,2019년 8월 21일 16시,수요일,전라남도 목포시 상동,중상사고,0,1,0,0,차대사람 - 횡단중,안전운전불이행,건조,맑음,단일로 - 기타,승용,남,68세,상해없음,보행자,남,8세,중상
2019082100100411,2019년 8월 21일 16시,수요일,전라남도 영암군 영암읍,경상사고,0,0,2,0,차대차 - 기타,안전운전불이행,건조,맑음,교차로 - 교차로안,화물,남,68세,상해없음,승용,남,19세,경상
2019082100100412,2019년 8월 21일 16시,수요일,전라남도 곡성군 석곡면,경상사고,0,0,2,0,차량단독 - 공작물충돌,안전운전불이행,젖음/습기,비,단일로 - 기타,화물,여,47세,경상,,,,
2019082100100413,2019년 8월 21일 16시,수요일,전라남도 광양시 진상면,중상사고,0,1,1,0,차대차 - 측면충돌,안전운전불이행,젖음/습기,비,교차로 - 교차로안,화물,남,49세,경상,승용,여,49세,중상
2019082100100460,2019년 8월 21일 17시,수요일,전라남도 목포시 산정동,경상사고,0,0,2,0,차대차 - 기타,안전운전불이행,건조,맑음,단일로 - 기타,승용,남,46세,상해없음,승용,남,35세,경상
2019082100100461,2019년 8월 21일 17시,수요일,전라남도 목포시 산정동,경상사고,0,0,2,0,차대차 - 기타,교차로운행방법위반,건조,맑음,교차로 - 교차로안,화물,남,50세,상해없음,승용,여,40세,경상
2019082100100462,2019년 8월 21일 17시,수요일,전라남도 여수시 여서동,경상사고,0,0,1,0,차대차 - 측면충돌,안전거리미확보,건조,맑음,단일로 - 기타,승용,남,66세,기타불명,승용,남,66세,경상
2019082100100463,2019년 8월 21일 17시,수요일,전라남도 무안군 해제면,중상사고,0,1,0,0,차대차 - 정면충돌,안전운전불이행,젖음/습기,비,교차로 - 교차로부근,이륜,남,69세,중상,화물,남,63세,상해없음
2019082100100511,2019년 8월 21일 18시,수요일,전라남도 순천시 왕지동,부상신고사고,0,0,0,1,차대차 - 측면충돌,직진우회전진행방해,젖음/습기,비,교차로 - 교차로안,승용,여,41세,부상신고,승용,남,47세,상해없음
2019082100100641,2019년 8월 21일 21시,수요일,전라남도 목포시 용해동,중상사고,0,1,0,0,차대차 - 측면충돌,안전운전불이행,젖음/습기,비,교차로 - 교차로안,승용,남,36세,상해없음,자전거,남,12세,중상
2019082100100642,2019년 8월 21일 21시,수요일,전라남도 신안군 안좌면,경상사고,0,0,2,0,차대차 - 추돌,안전운전불이행,젖음/습기,비,교차로 - 교차로부근,화물,여,35세,상해없음,승용,여,71세,경상
2019082100100643,2019년 8월 21일 21시,수요일,전라남도 목포시 상동,경상사고,0,0,1,0,차대사람 - 기타,안전운전불이행,건조,맑음,기타 - 기타,승용,남,27세,상해없음,보행자,여,3세,경상
2019082100100644,2019년 8월 21일 21시,수요일,전라남도 여수시 둔덕동,경상사고,0,0,1,0,차대사람 - 횡단중,신호위반,건조,맑음,단일로 - 기타,승용,남,65세,상해없음,보행자,남,11세,경상
2019082100100645,2019년 8월 21일 21시,수요일,전라남도 여수시 학동,경상사고,0,0,1,0,차대사람 - 기타,안전운전불이행,건조,맑음,단일로 - 기타,승용,남,53세,상해없음,보행자,여,4세,경상
2019082100100678,2019년 8월 21일 22시,수요일,전라남도 여수시 신기동,경상사고,0,0,1,1,차대차 - 추돌,차로위반,건조,맑음,단일로 - 기타,이륜,남,22세,부상신고,승용,남,25세,경상
2019082100100679,2019년 8월 21일 22시,수요일,전라남도 무안군 삼향읍,경상사고,0,0,2,0,차대차 - 추돌,안전운전불이행,젖음/습기,비,교차로 - 교차로부근,승용,남,52세,상해없음,승용,남,68세,경상
2019082200100033,2019년 8월 22일 00시,목요일,전라남도 목포시 상동,중상사고,0,1,1,0,차대사람 - 횡단중,안전운전불이행,건조,맑음,기타 - 기타,승용,남,62세,상해없음,보행자,남,51세,중상
2019082200100079,2019년 8월 22일 04시,목요일,전라남도 여수시 학동,경상사고,0,0,4,0,차대차 - 측면충돌,신호위반,건조,맑음,교차로 - 교차로안,승용,남,49세,상해없음,승용,남,27세,경상
2019082200100095,2019년 8월 22일 06시,목요일,전라남도 함평군 학교면,경상사고,0,0,2,1,차대차 - 측면충돌,안전거리미확보,젖음/습기,비,단일로 - 기타,승용,남,75세,부상신고,화물,남,30세,경상
2019082200100096,2019년 8월 22일 06시,목요일,전라남도 담양군 담양읍,중상사고,0,1,0,0,차량단독 - 전도전복 - 전도,안전운전불이행,젖음/습기,비,단일로 - 기타,사륜오토바이(ATV),남,73세,중상,,,,
2019082200100119,2019년 8월 22일 07시,목요일,전라남도 목포시 산정동,경상사고,0,0,1,0,차대차 - 측면충돌,신호위반,건조,맑음,교차로 - 교차로안,승용,남,65세,상해없음,이륜,여,74세,경상
2019082200100120,2019년 8월 22일 07시,목요일,전라남도 영암군 삼호읍,중상사고,0,2,2,0,차대차 - 측면충돌,중앙선침범,젖음/습기,비,단일로 - 기타,승용,남,33세,상해없음,승용,여,56세,중상
2019082200100158,2019년 8월 22일 08시,목요일,전라남도 순천시 가곡동,경상사고,0,0,1,0,차대차 - 측면충돌,안전운전불이행,건조,맑음,교차로 - 교차로안,승용,남,28세,상해없음,화물,남,63세,경상
2019082200100159,2019년 8월 22일 08시,목요일,전라남도 나주시 빛가람동,경상사고,0,0,2,0,차대차 - 측면충돌,신호위반,젖음/습기,비,교차로 - 교차로안,승용,여,63세,경상,승용,여,42세,경상
2019082200100200,2019년 8월 22일 09시,목요일,전라남도 고흥군 도양읍,중상사고,0,1,0,0,차대사람 - 횡단중,안전운전불이행,젖음/습기,흐림,교차로 - 교차로횡단보도내,화물,남,69세,상해없음,보행자,여,70세,중상
2019082200100201,2019년 8월 22일 09시,목요일,전라남도 광양시 광양읍,중상사고,0,2,2,0,차량단독 - 공작물충돌,안전운전불이행,젖음/습기,비,교차로 - 교차로부근,화물,남,57세,중상,,,,
2019082200100229,2019년 8월 22일 10시,목요일,전라남도 영암군 삼호읍,경상사고,0,0,1,0,차대차 - 측면충돌,교차로운행방법위반,건조,맑음,교차로 - 교차로안,화물,남,73세,상해없음,이륜,남,48세,경상
2019082200100260,2019년 8월 22일 11시,목요일,전라남도 순천시 서면,경상사고,0,0,1,0,차대차 - 기타,안전운전불이행,건조,맑음,교차로 - 교차로안,화물,남,77세,상해없음,승용,남,22세,경상
2019082200100261,2019년 8월 22일 11시,목요일,전라남도 순천시 생목동,경상사고,0,0,2,0,차대차 - 기타,직진우회전진행방해,건조,맑음,교차로 - 교차로안,승용,여,41세,경상,승용,여,66세,경상
2019082200100262,2019년 8월 22일 11시,목요일,전라남도 무안군 삼향읍,경상사고,0,0,1,0,차대차 - 측면충돌,교차로운행방법위반,건조,맑음,교차로 - 교차로안,승용,남,36세,상해없음,승용,남,48세,경상
2019082200100319,2019년 8월 22일 13시,목요일,전라남도 광양시 광양읍,경상사고,0,0,1,0,차대차 - 측면충돌,안전거리미확보,건조,맑음,교차로 - 교차로부근,승용,여,61세,상해없음,화물,남,41세,경상
2019082200100364,2019년 8월 22일 14시,목요일,전라남도 목포시 상동,경상사고,0,0,3,0,차대차 - 기타,직진우회전진행방해,건조,맑음,교차로 - 교차로안,승용,여,30세,경상,승용,남,52세,경상
2019082200100365,2019년 8월 22일 14시,목요일,전라남도 여수시 신기동,중상사고,0,1,0,0,차대차 - 측면충돌,안전거리미확보,건조,맑음,단일로 - 기타,승용,여,40세,상해없음,원동기,남,36세,중상
2019082200100366,2019년 8월 22일 14시,목요일,전라남도 나주시 세지면,경상사고,0,0,2,1,차대차 - 측면충돌,직진우회전진행방해,건조,맑음,교차로 - 교차로안,승용,남,48세,부상신고,화물,남,30세,경상
2019082200100427,2019년 8월 22일 16시,목요일,전라남도 목포시 상동,부상신고사고,0,0,0,1,차대차 - 기타,안전운전불이행,건조,맑음,단일로 - 기타,승합,여,40세,상해없음,이륜,남,39세,부상신고
2019082200100428,2019년 8월 22일 16시,목요일,전라남도 고흥군 고흥읍,경상사고,0,0,1,0,차대사람 - 기타,안전운전불이행,건조,맑음,단일로 - 기타,승용,여,52세,상해없음,보행자,여,40세,경상
2019082200100429,2019년 8월 22일 16시,목요일,전라남도 강진군 병영면,중상사고,0,1,3,0,차대차 - 측면충돌,직진우회전진행방해,건조,맑음,교차로 - 교차로부근,농기계,남,77세,중상,승용,남,26세,상해없음
2019082200100476,2019년 8월 22일 17시,목요일,전라남도 순천시 생목동,경상사고,0,0,2,0,차대차 - 추돌,안전운전불이행,건조,맑음,교차로 - 교차로부근,원동기,남,18세,상해없음,승용,남,58세,경상
2019082200100574,2019년 8월 22일 19시,목요일,전라남도 순천시 덕암동,경상사고,0,0,1,0,차대차 - 측면충돌,직진우회전진행방해,건조,맑음,교차로 - 교차로안,승용,여,42세,상해없음,승용,여,45세,경상
2019082200100575,2019년 8월 22일 19시,목요일,전라남도 화순군 화순읍,중상사고,0,1,0,0,차대사람 - 기타,안전운전불이행,건조,맑음,단일로 - 기타,화물,남,49세,상해없음,보행자,여,58세,중상
2019082200100615,2019년 8월 22일 20시,목요일,전라남도 나주시 빛가람동,중상사고,0,1,1,0,차대차 - 측면충돌,안전운전불이행,건조,맑음,교차로 - 교차로안,승용,여,32세,상해없음,승용,남,47세,경상
2019082200100640,2019년 8월 22일 21시,목요일,전라남도 여수시 돌산읍,경상사고,0,0,1,1,차대차 - 정면충돌,안전운전불이행,건조,맑음,교차로 - 교차로안,승용,여,43세,부상신고,승용,남,58세,경상
2019082200100665,2019년 8월 22일 22시,목요일,전라남도 함평군 함평읍,경상사고,0,0,1,0,차량단독 - 공작물충돌,안전운전불이행,젖음/습기,비,교차로 - 교차로안,승용,여,23세,상해없음,,,,
2019082200100666,2019년 8월 22일 22시,목요일,전라남도 광양시 광양읍,중상사고,0,1,2,0,차대차 - 측면충돌,직진우회전진행방해,건조,맑음,교차로 - 교차로안,승용,남,50세,경상,승용,남,57세,경상
2019082200100688,2019년 8월 22일 23시,목요일,전라남도 나주시 빛가람동,경상사고,0,0,1,0,차대차 - 측면충돌,직진우회전진행방해,건조,맑음,교차로 - 교차로안,승용,남,24세,상해없음,승용,여,58세,경상
2019082300100033,2019년 8월 23일 00시,금요일,전라남도 여수시 둔덕동,사망사고,1,0,0,0,차량단독 - 기타,안전운전불이행,건조,맑음,기타 - 기타,이륜,남,18세,사망,,,,
2019082300100034,2019년 8월 23일 00시,금요일,전라남도 광양시 광양읍,중상사고,0,1,0,0,차량단독 - 공작물충돌,안전운전불이행,건조,맑음,단일로 - 기타,승용,남,61세,중상,,,,
2019082300100048,2019년 8월 23일 01시,금요일,전라남도 나주시 성북동,경상사고,0,0,1,0,차대사람 - 기타,안전운전불이행,건조,맑음,단일로 - 기타,승용,남,27세,상해없음,보행자,남,37세,경상
2019082300100086,2019년 8월 23일 05시,금요일,전라남도 완도군 완도읍,경상사고,0,0,1,0,차량단독 - 공작물충돌,안전운전불이행,건조,맑음,주차장 - 주차장,승용,여,28세,경상,,,,
2019082300100122,2019년 8월 23일 07시,금요일,전라남도 보성군 보성읍,중상사고,0,1,0,0,차대사람 - 횡단중,안전운전불이행,건조,맑음,단일로 - 기타,승용,여,60세,상해없음,보행자,여,66세,중상