사고번호,사고일시,요일,시군구,사고내용,사망자수,중상자수,경상자수,부상신고자수,사고유형,법규위반,노면상태,기상상태,도로형태,가해운전자 차종,가해운전자 성별,가해운전자 연령,가해운전자 상해정도,피해운전자 차종,피해운전자 성별,피해운전자 연령,피해운전자 상해정도
2019082300100151,2019년 8월 23일 08시,금요일,전라남도 목포시 옥암동,중상사고,0,2,2,0,차대차 - 기타,과속,건조,맑음,단일로 - 기타,승용,남,18세,상해없음,화물,남,79세,상해없음
2019082300100152,2019년 8월 23일 08시,금요일,전라남도 순천시 덕월동,경상사고,0,0,1,0,차대차 - 기타,안전거리미확보,건조,맑음,교차로 - 교차로안,승용,남,63세,상해없음,승용,남,24세,경상
2019082300100195,2019년 8월 23일 09시,금요일,전라남도 무안군 삼향읍,경상사고,0,0,1,0,차대사람 - 횡단중,보행자보호의무위반,건조,맑음,교차로 - 교차로횡단보도내,승용,남,59세,상해없음,보행자,남,36세,경상
2019082300100222,2019년 8월 23일 10시,금요일,전라남도 여수시 소라면,경상사고,0,0,4,0,차대차 - 추돌,안전운전불이행,건조,맑음,단일로 - 기타,화물,남,59세,상해없음,승용,여,43세,경상
2019082300100223,2019년 8월 23일 10시,금요일,전라남도 순천시 인제동,사망사고,1,0,0,0,차대차 - 측면충돌,신호위반,건조,맑음,교차로 - 교차로안,이륜,남,82세,사망,화물,남,53세,상해없음
2019082300100224,2019년 8월 23일 10시,금요일,전라남도 순천시 연향동,경상사고,0,0,1,0,차대차 - 측면충돌,안전운전불이행,건조,맑음,단일로 - 기타,승용,남,34세,상해없음,승용,여,56세,경상
2019082300100254,2019년 8월 23일 11시,금요일,전라남도 목포시 산정동,경상사고,0,0,2,0,차대차 - 기타,직진우회전진행방해,건조,맑음,교차로 - 교차로안,승용,남,74세,경상,승용,남,69세,경상
2019082300100255,2019년 8월 23일 11시,금요일,전라남도 함평군 대동면,경상사고,0,0,1,0,차대차 - 측면충돌,안전운전불이행,건조,맑음,단일로 - 기타,승용,남,63세,상해없음,승용,여,37세,경상
2019082300100321,2019년 8월 23일 13시,금요일,전라남도 영광군 영광읍,중상사고,0,1,0,0,차대차 - 추돌,안전운전불이행,건조,맑음,단일로 - 기타,승용,남,75세,상해없음,승용,여,51세,상해없음
2019082300100322,2019년 8월 23일 13시,금요일,전라남도 담양군 용면,경상사고,0,0,1,0,차대차 - 측면충돌,중앙선침범,건조,맑음,단일로 - 기타,이륜,남,25세,경상,화물,남,60세,상해없음
2019082300100358,2019년 8월 23일 14시,금요일,전라남도 곡성군 겸면,중상사고,0,1,0,0,차대차 - 추돌,안전운전불이행,건조,맑음,단일로 - 기타,승용,여,67세,상해없음,사륜오토바이(ATV),여,72세,중상
2019082300100386,2019년 8월 23일 15시,금요일,전라남도 보성군 보성읍,경상사고,0,0,1,0,차대사람 - 차도통행중,안전운전불이행,건조,맑음,단일로 - 기타,승용,여,29세,상해없음,보행자,여,82세,경상
2019082300100387,2019년 8월 23일 15시,금요일,전라남도 광양시 광양읍,경상사고,0,0,2,0,차대차 - 추돌,기타,건조,맑음,교차로 - 교차로안,승용,남,49세,상해없음,승용,여,56세,상해없음
2019082300100478,2019년 8월 23일 17시,금요일,전라남도 순천시 용당동,경상사고,0,0,1,0,차대사람 - 차도통행중,안전운전불이행,건조,맑음,기타 - 기타,승용,남,37세,상해없음,보행자,여,59세,경상
2019082300100479,2019년 8월 23일 17시,금요일,전라남도 순천시 대대동,경상사고,0,0,2,0,차대차 - 기타,안전운전불이행,건조,맑음,단일로 - 기타,승용,남,58세,상해없음,승용,남,30세,경상
2019082300100480,2019년 8월 23일 17시,금요일,전라남도 영광군 영광읍,중상사고,0,1,0,0,차대차 - 측면충돌,직진우회전진행방해,건조,맑음,교차로 - 교차로안,승용,여,66세,상해없음,이륜,남,71세,중상
2019082300100481,2019년 8월 23일 17시,금요일,전라남도 나주시 다시면,경상사고,0,0,1,0,차대차 - 기타,중앙선침범,건조,맑음,단일로 - 교량,이륜,남,55세,상해없음,승용,여,19세,경상
2019082300100482,2019년 8월 23일 17시,금요일,전라남도 장성군 장성읍,경상사고,0,0,1,0,차대차 - 추돌,안전운전불이행,건조,맑음,단일로 - 기타,화물,남,59세,상해없음,승합,남,50세,상해없음
2019082300100483,2019년 8월 23일 17시,금요일,전라남도 담양군 무정면,사망사고,1,0,0,0,차대차 - 측면충돌,안전운전불이행,건조,맑음,단일로 - 기타,특수,남,45세,상해없음,원동기,남,79세,사망
2019082300100484,2019년 8월 23일 17시,금요일,전라남도 구례군 문척면,경상사고,0,0,1,0,차대차 - 정면충돌,안전운전불이행,건조,맑음,단일로 - 기타,화물,남,48세,상해없음,자전거,여,70세,경상
2019082300100544,2019년 8월 23일 18시,금요일,전라남도 목포시 상동,경상사고,0,0,1,0,차대차 - 기타,안전운전불이행,건조,맑음,단일로 - 기타,승용,남,30세,상해없음,이륜,남,18세,경상
2019082300100545,2019년 8월 23일 18시,금요일,전라남도 목포시 산정동,경상사고,0,0,1,0,차대사람 - 기타,안전운전불이행,건조,맑음,단일로 - 기타,승용,여,28세,상해없음,보행자,남,22세,경상
2019082300100546,2019년 8월 23일 18시,금요일,전라남도 목포시 옥암동,경상사고,0,0,1,0,차대차 - 추돌,안전운전불이행,건조,맑음,교차로 - 교차로부근,승용,남,18세,상해없음,승용,남,37세,경상
2019082300100547,2019년 8월 23일 18시,금요일,전라남도 순천시 대대동,경상사고,0,0,2,0,차대차 - 측면충돌,안전운전불이행,건조,맑음,단일로 - 기타,화물,남,51세,경상,승용,남,32세,경상
2019082300100624,2019년 8월 23일 20시,금요일,전라남도 목포시 산정동,중상사고,0,1,0,0,차대사람 - 횡단중,보행자보호의무위반,건조,맑음,교차로 - 교차로횡단보도내,승용,여,62세,상해없음,보행자,여,35세,중상
2019082300100715,2019년 8월 23일 23시,금요일,전라남도 여수시 봉산동,경상사고,0,0,1,0,차대차 - 기타,안전운전불이행,건조,맑음,교차로 - 교차로부근,승용,남,55세,상해없음,승용,남,51세,경상
2019082300100716,2019년 8월 23일 23시,금요일,전라남도 나주시 삼도동,중상사고,0,1,0,0,차대사람 - 횡단중,안전운전불이행,건조,맑음,교차로 - 교차로부근,승합,남,61세,상해없음,보행자,여,3세,중상
2019082300100717,2019년 8월 23일 23시,금요일,전라남도 해남군 해남읍,중상사고,0,1,1,0,차대차 - 측면충돌,신호위반,건조,맑음,교차로 - 교차로안,승용,남,37세,상해없음,승용,여,56세,경상
2019082400100055,2019년 8월 24일 01시,토요일,전라남도 순천시 연향동,경상사고,0,0,6,0,차대차 - 정면충돌,중앙선침범,건조,맑음,교차로 - 교차로안,승합,남,59세,상해없음,승용,남,54세,경상
2019082400100072,2019년 8월 24일 02시,토요일,전라남도 순천시 동외동,경상사고,0,0,3,0,차대차 - 기타,안전운전불이행,건조,맑음,단일로 - 기타,승용,여,33세,경상,승용,남,58세,경상
2019082400100073,2019년 8월 24일 02시,토요일,전라남도 광양시 광양읍,경상사고,0,0,1,0,차대차 - 측면충돌,교차로운행방법위반,건조,맑음,교차로 - 교차로안,승용,남,65세,경상,승용,남,28세,상해없음
2019082400100142,2019년 8월 24일 07시,토요일,전라남도 해남군 해남읍,경상사고,0,0,1,0,차대차 - 기타,중앙선침범,건조,맑음,교차로 - 교차로부근,승합,남,35세,상해없음,승용,남,56세,경상
2019082400100143,2019년 8월 24일 07시,토요일,전라남도 광양시 광양읍,경상사고,0,0,1,0,차대차 - 측면충돌,중앙선침범,건조,맑음,교차로 - 교차로부근,승용,남,36세,상해없음,승용,남,51세,경상
2019082400100144,2019년 8월 24일 07시,토요일,전라남도 광양시 광양읍,경상사고,0,0,1,0,차대차 - 측면충돌,안전운전불이행,건조,맑음,단일로 - 기타,승용,남,57세,상해없음,이륜,남,62세,경상
2019082400100163,2019년 8월 24일 08시,토요일,전라남도 여수시 공화동,경상사고,0,0,1,0,차대차 - 측면충돌,교차로운행방법위반,건조,맑음,교차로 - 교차로안,승용,여,39세,상해없음,승용,남,42세,경상
2019082400100209,2019년 8월 24일 10시,토요일,전라남도 무안군 일로읍,경상사고,0,0,2,0,차대차 - 측면충돌,안전거리미확보,건조,맑음,단일로 - 기타,승용,남,35세,상해없음,승용,여,30세,경상
2019082400100210,2019년 8월 24일 10시,토요일,전라남도 목포시 대양동,중상사고,0,1,1,0,차대차 - 측면충돌,안전거리미확보,건조,맑음,단일로 - 기타,화물,남,28세,상해없음,승용,남,62세,중상
2019082400100240,2019년 8월 24일 11시,토요일,전라남도 목포시 용해동,중상사고,0,1,0,0,차대차 - 측면충돌,직진우회전진행방해,건조,맑음,교차로 - 교차로안,화물,여,51세,상해없음,승용,남,69세,상해없음
2019082400100241,2019년 8월 24일 11시,토요일,전라남도 목포시 용당동,경상사고,0,0,2,0,차대차 - 측면충돌,안전거리미확보,건조,맑음,단일로 - 기타,승용,여,55세,상해없음,승용,남,34세,상해없음
2019082400100242,2019년 8월 24일 11시,토요일,전라남도 목포시 석현동,경상사고,0,0,1,0,차대차 - 측면충돌,중앙선침범,건조,맑음,단일로 - 기타,승용,여,32세,상해없음,이륜,남,46세,경상
2019082400100243,2019년 8월 24일 11시,토요일,전라남도 목포시 용해동,경상사고,0,0,2,0,차대차 - 측면충돌,안전거리미확보,건조,맑음,교차로 - 교차로안,화물,남,51세,상해없음,승용,남,42세,경상
2019082400100244,2019년 8월 24일 11시,토요일,전라남도 순천시 용당동,경상사고,0,0,4,0,차대차 - 측면충돌,차로위반,건조,맑음,단일로 - 교량,화물,남,60세,상해없음,승용,여,62세,경상
2019082400100245,2019년 8월 24일 11시,토요일,전라남도 고흥군 금산면,경상사고,0,0,1,0,차대차 - 측면충돌,안전운전불이행,건조,맑음,단일로 - 기타,승용,남,50세,상해없음,화물,남,42세,경상
2019082400100316,2019년 8월 24일 13시,토요일,전라남도 여수시 소라면,경상사고,0,0,1,0,차대차 - 기타,안전운전불이행,건조,맑음,단일로 - 기타,건설기계,남,54세,상해없음,승용,남,54세,상해없음
2019082400100317,2019년 8월 24일 13시,토요일,전라남도 나주시 남평읍,경상사고,0,0,4,0,차대차 - 기타,중앙선침범,건조,맑음,단일로 - 기타,승용,남,38세,상해없음,승용,남,38세,경상
2019082400100318,2019년 8월 24일 13시,토요일,전라남도 광양시 옥곡면,중상사고,0,1,2,0,차대차 - 측면충돌,안전운전불이행,건조,맑음,교차로 - 교차로안,화물,남,65세,경상,건설기계,남,62세,경상
2019082400100379,2019년 8월 24일 15시,토요일,전라남도 여수시 율촌면,경상사고,0,0,5,0,차대차 - 추돌,안전거리미확보,건조,맑음,단일로 - 기타,승용,남,28세,상해없음,승용,여,46세,경상
2019082400100380,2019년 8월 24일 15시,토요일,전라남도 순천시 왕지동,경상사고,0,0,1,0,차대차 - 기타,안전거리미확보,건조,맑음,단일로 - 기타,화물,남,38세,상해없음,승용,여,32세,경상
2019082400100416,2019년 8월 24일 16시,토요일,전라남도 목포시 산정동,경상사고,0,0,1,0,차대사람 - 길가장자리구역통행중,안전운전불이행,건조,맑음,단일로 - 기타,승용,여,56세,상해없음,보행자,남,4세,경상
2019082400100417,2019년 8월 24일 16시,토요일,전라남도 여수시 돌산읍,경상사고,0,0,2,0,차대차 - 추돌,안전운전불이행,건조,맑음,교차로 - 교차로부근,승용,남,37세,상해없음,승용,남,29세,경상
2019082400100461,2019년 8월 24일 17시,토요일,전라남도 목포시 옥암동,경상사고,0,0,1,0,차대사람 - 길가장자리구역통행중,안전운전불이행,건조,맑음,단일로 - 기타,화물,여,63세,상해없음,보행자,남,23세,경상
2019082400100462,2019년 8월 24일 17시,토요일,전라남도 목포시 옥암동,경상사고,0,0,3,0,차대차 - 측면충돌,안전운전불이행,건조,맑음,단일로 - 기타,승용,여,39세,상해없음,승용,여,42세,경상
2019082400100561,2019년 8월 24일 20시,토요일,전라남도 나주시 대호동,경상사고,0,0,1,0,차대차 - 측면충돌,불법유턴,건조,맑음,교차로 - 교차로안,승용,남,62세,상해없음,승용,남,20세,경상
2019082400100597,2019년 8월 24일 21시,토요일,전라남도 목포시 옥암동,경상사고,0,0,1,0,차대차 - 측면충돌,신호위반,건조,맑음,교차로 - 교차로안,승용,남,68세,상해없음,승용,남,52세,상해없음
2019082400100598,2019년 8월 24일 21시,토요일,전라남도 해남군 해남읍,경상사고,0,0,1,0,차대사람 - 기타,안전운전불이행,건조,흐림,단일로 - 기타,승용,남,60세,상해없음,보행자,남,50세,경상
2019082400100650,2019년 8월 24일 23시,토요일,전라남도 여수시 서교동,경상사고,0,0,1,0,차대차 - 측면충돌,신호위반,건조,맑음,교차로 - 교차로부근,승용,남,75세,기타불명,승용,남,21세,경상
2019082500100033,2019년 8월 25일 01시,일요일,전라남도 장흥군 안양면,경상사고,0,0,1,0,차량단독 - 전도전복 - 전도,안전운전불이행,건조,맑음,교차로 - 교차로부근,이륜,남,36세,경상,,,,
2019082500100079,2019년 8월 25일 05시,일요일,전라남도 영암군 삼호읍,경상사고,0,0,1,0,차량단독 - 기타,안전운전불이행,건조,맑음,단일로 - 기타,승용,남,43세,경상,,,,
2019082500100087,2019년 8월 25일 06시,일요일,전라남도 순천시 상사면,중상사고,0,1,1,0,차대차 - 기타,교차로운행방법위반,건조,맑음,교차로 - 교차로부근,화물,남,57세,경상,화물,남,64세,중상
2019082500100103,2019년 8월 25일 08시,일요일,전라남도 영암군 삼호읍,경상사고,0,0,1,0,차대차 - 기타,안전운전불이행,건조,맑음,단일로 - 기타,화물,남,22세,상해없음,승용,여,48세,상해없음
2019082500100121,2019년 8월 25일 09시,일요일,전라남도 목포시 상동,경상사고,0,0,3,0,차대차 - 기타,안전운전불이행,건조,맑음,교차로 - 교차로부근,승용,남,60세,상해없음,승용,여,48세,경상
2019082500100122,2019년 8월 25일 09시,일요일,전라남도 장성군 황룡면,경상사고,0,0,1,0,차대차 - 기타,교차로운행방법위반,건조,맑음,교차로 - 교차로안,승용,남,54세,상해없음,화물,남,67세,경상
2019082500100144,2019년 8월 25일 10시,일요일,전라남도 담양군 창평면,경상사고,0,0,2,0,차대차 - 측면충돌,직진우회전진행방해,건조,맑음,교차로 - 교차로안,화물,남,45세,상해없음,승용,남,33세,경상
2019082500100168,2019년 8월 25일 11시,일요일,전라남도 순천시 서면,경상사고,0,0,1,0,차대차 - 측면충돌,안전운전불이행,건조,맑음,단일로 - 기타,승용,남,31세,상해없음,승용,남,46세,경상
2019082500100169,2019년 8월 25일 11시,일요일,전라남도 순천시 연향동,경상사고,0,0,3,0,차대차 - 기타,신호위반,건조,맑음,교차로 - 교차로안,승용,여,43세,상해없음,승용,남,50세,경상
2019082500100200,2019년 8월 25일 12시,일요일,전라남도 신안군 압해읍,경상사고,0,0,1,0,차대차 - 측면충돌,안전운전불이행,건조,맑음,교차로 - 교차로안,승용,남,79세,상해없음,승용,여,59세,경상
2019082500100201,2019년 8월 25일 12시,일요일,전라남도 여수시 중앙동,경상사고,0,0,1,0,차대차 - 추돌,안전운전불이행,건조,맑음,주차장 - 주차장,승용,남,28세,상해없음,승용,남,32세,경상
2019082500100202,2019년 8월 25일 12시,일요일,전라남도 나주시 이창동,경상사고,0,0,1,0,차대사람 - 길가장자리구역통행중,안전운전불이행,건조,맑음,단일로 - 기타,승용,남,22세,상해없음,보행자,남,64세,경상
2019082500100203,2019년 8월 25일 12시,일요일,전라남도 나주시 금천면,경상사고,0,0,1,0,차대차 - 측면충돌,안전운전불이행,건조,맑음,단일로 - 기타,이륜,남,78세,경상,승합,여,50세,상해없음
2019082500100234,2019년 8월 25일 13시,일요일,전라남도 완도군 완도읍,중상사고,0,1,0,0,차대사람 - 횡단중,신호위반,건조,맑음,교차로 - 교차로횡단보도내,승용,남,64세,상해없음,보행자,여,8세,중상
2019082500100267,2019년 8월 25일 14시,일요일,전라남도 목포시 상동,부상신고사고,0,0,0,1,차대차 - 측면충돌,직진우회전진행방해,건조,맑음,교차로 - 교차로부근,승용,남,42세,상해없음,승용,여,27세,부상신고
2019082500100268,2019년 8월 25일 14시,일요일,전라남도 목포시 상동,경상사고,0,0,1,0,차대차 - 측면충돌,안전운전불이행,건조,맑음,교차로 - 교차로안,승용,여,60세,상해없음,승용,남,45세,상해없음
2019082500100269,2019년 8월 25일 14시,일요일,전라남도 광양시 광양읍,경상사고,0,0,1,0,차대차 - 측면충돌,신호위반,건조,맑음,교차로 - 교차로안,화물,남,57세,상해없음,승용,남,41세,경상
2019082500100301,2019년 8월 25일 15시,일요일,전라남도 목포시 용당동,중상사고,0,2,0,0,차대차 - 측면충돌,신호위반,건조,맑음,교차로 - 교차로안,이륜,남,27세,중상,이륜,남,61세,중상
2019082500100302,2019년 8월 25일 15시,일요일,전라남도 보성군 회천면,중상사고,0,1,0,0,차대사람 - 횡단중,보행자보호의무위반,건조,맑음,단일로 - 기타,승용,남,56세,상해없음,보행자,여,5세,중상
2019082500100341,2019년 8월 25일 16시,일요일,전라남도 해남군 삼산면,경상사고,0,0,8,0,차대차 - 기타,안전운전불이행,건조,맑음,단일로 - 기타,승용,남,46세,경상,승용,남,50세,경상
2019082500100342,2019년 8월 25일 16시,일요일,전라남도 화순군 화순읍,경상사고,0,0,1,0,차대사람 - 기타,안전운전불이행,건조,맑음,단일로 - 기타,승용,여,44세,상해없음,보행자,남,30세,경상
2019082500100401,2019년 8월 25일 18시,일요일,전라남도 목포시 옥암동,경상사고,0,0,1,0,차대사람 - 횡단중,안전운전불이행,건조,흐림,단일로 - 기타,승용,남,20세,상해없음,보행자,여,27세,경상
2019082500100439,2019년 8월 25일 19시,일요일,전라남도 여수시 율촌면,경상사고,0,0,1,0,차대차 - 기타,안전운전불이행,건조,맑음,단일로 - 기타,화물,남,58세,기타불명,승용,남,47세,경상
2019082500100501,2019년 8월 25일 21시,일요일,전라남도 목포시 산정동,경상사고,0,0,1,0,차대차 - 측면충돌,교차로운행방법위반,건조,맑음,교차로 - 교차로안,기타불명,기타불명,미분류,기타불명,승용,남,45세,경상
2019082500100520,2019년 8월 25일 22시,일요일,전라남도 순천시 조례동,경상사고,0,0,1,0,차대차 - 추돌,안전운전불이행,건조,맑음,교차로 - 교차로부근,승용,남,36세,상해없음,승용,남,20세,경상
2019082600100091,2019년 8월 26일 06시,월요일,전라남도 목포시 용해동,경상사고,0,0,1,0,차대사람 - 차도통행중,안전운전불이행,건조,맑음,교차로 - 교차로안,승용,남,40세,상해없음,보행자,남,63세,경상
2019082600100127,2019년 8월 26일 07시,월요일,전라남도 순천시 풍덕동,중상사고,0,1,0,0,차대차 - 기타,교차로운행방법위반,건조,맑음,교차로 - 교차로안,화물,남,70세,상해없음,이륜,남,82세,중상
2019082600100128,2019년 8월 26일 07시,월요일,전라남도 완도군 보길면,경상사고,0,0,1,0,차대사람 - 차도통행중,안전운전불이행,건조,맑음,단일로 - 기타,건설기계,남,44세,상해없음,보행자,여,78세,경상
2019082600100158,2019년 8월 26일 08시,월요일,전라남도 나주시 빛가람동,경상사고,0,0,1,0,차대차 - 추돌,안전운전불이행,건조,맑음,교차로 - 교차로부근,화물,남,56세,상해없음,승용,여,40세,경상
2019082600100159,2019년 8월 26일 08시,월요일,전라남도 보성군 율어면,경상사고,0,0,2,0,차대차 - 측면충돌,안전운전불이행,건조,맑음,단일로 - 기타,이륜,남,65세,경상,승용,남,69세,경상
2019082600100242,2019년 8월 26일 10시,월요일,전라남도 순천시 장천동,경상사고,0,0,1,0,차대차 - 측면충돌,신호위반,건조,맑음,교차로 - 교차로안,승용,남,23세,경상,승합,남,62세,상해없음
2019082600100279,2019년 8월 26일 11시,월요일,전라남도 목포시 상동,경상사고,0,0,2,0,차대차 - 측면충돌,교차로운행방법위반,건조,맑음,교차로 - 교차로안,승용,여,35세,경상,승용,남,32세,경상
2019082600100280,2019년 8월 26일 11시,월요일,전라남도 여수시 웅천동,경상사고,0,0,2,0,차대차 - 측면충돌,안전운전불이행,건조,맑음,교차로 - 교차로안,화물,남,29세,상해없음,화물,남,34세,경상
2019082600100281,2019년 8월 26일 11시,월요일,전라남도 장흥군 장흥읍,경상사고,0,0,1,0,차대차 - 기타,안전운전불이행,건조,맑음,단일로 - 기타,승용,여,53세,기타불명,승용,여,27세,경상
2019082600100282,2019년 8월 26일 11시,월요일,전라남도 함평군 함평읍,경상사고,0,0,1,0,차대사람 - 길가장자리구역통행중,안전운전불이행,건조,맑음,단일로 - 기타,승용,여,45세,상해없음,보행자,여,20세,경상
2019082600100322,2019년 8월 26일 12시,월요일,전라남도 순천시 매곡동,중상사고,0,1,0,0,차대차 - 기타,직진우회전진행방해,건조,맑음,교차로 - 교차로안,승용,여,49세,상해없음,자전거,남,78세,중상
2019082600100353,2019년 8월 26일 13시,월요일,전라남도 목포시 상동,중상사고,0,1,0,0,차대차 - 기타,신호위반,건조,맑음,교차로 - 교차로부근,이륜,남,38세,상해없음,자전거,남,35세,중상
2019082600100388,2019년 8월 26일 14시,월요일,전라남도 여수시 문수동,경상사고,0,0,1,0,차대차 - 기타,안전운전불이행,건조,맑음,기타 - 기타,승합,남,45세,상해없음,승용,남,62세,경상
2019082600100429,2019년 8월 26일 15시,월요일,전라남도 목포시 죽교동,경상사고,0,0,1,0,차대사람 - 횡단중,보행자보호의무위반,건조,맑음,교차로 - 교차로횡단보도내,승용,남,71세,상해없음,보행자,남,11세,경상
2019082600100430,2019년 8월 26일 15시,월요일,전라남도 영광군 홍농읍,경상사고,0,0,6,0,차대차 - 추돌,안전운전불이행,건조,맑음,교차로 - 교차로안,승용,여,68세,경상,승용,남,49세,경상
2019082600100431,2019년 8월 26일 15시,월요일,전라남도 구례군 용방면,중상사고,0,3,0,0,차대차 - 기타,차로위반,건조,맑음,단일로 - 터널,특수,남,53세,상해없음,승용,여,27세,중상
2019082600100476,2019년 8월 26일 16시,월요일,전라남도 여수시 봉산동,중상사고,0,3,0,0,차대차 - 측면충돌,교차로운행방법위반,건조,맑음,교차로 - 교차로안,승용,남,42세,상해없음,승용,남,62세,중상
2019082600100477,2019년 8월 26일 16시,월요일,전라남도 여수시 학동,경상사고,0,0,2,0,차대차 - 추돌,안전운전불이행,건조,맑음,단일로 - 기타,화물,남,57세,상해없음,승용,남,52세,경상
2019082600100478,2019년 8월 26일 16시,월요일,전라남도 나주시 빛가람동,중상사고,0,1,0,0,차대사람 - 횡단중,보행자보호의무위반,건조,맑음,교차로 - 교차로부근,승용,여,39세,상해없음,보행자,여,9세,중상
2019082600100479,2019년 8월 26일 16시,월요일,전라남도 고흥군 점암면,경상사고,0,0,1,0,차대차 - 측면충돌,안전운전불이행,건조,맑음,단일로 - 기타,사륜오토바이(ATV),여,83세,경상,승용,남,65세,상해없음
2019082600100480,2019년 8월 26일 16시,월요일,전라남도 곡성군 오산면,중상사고,0,1,1,0,차량단독 - 도로외이탈 - 기타,안전운전불이행,건조,맑음,단일로 - 기타,농기계,남,74세,경상,,,,
2019082600100520,2019년 8월 26일 17시,월요일,전라남도 목포시 상동,경상사고,0,0,1,0,차대차 - 기타,안전운전불이행,건조,맑음,교차로 - 교차로부근,승용,남,48세,상해없음,승합,남,44세,경상
2019082600100521,2019년 8월 26일 17시,월요일,전라남도 여수시 평여동,경상사고,0,0,1,0,차대차 - 측면충돌,안전거리미확보,건조,맑음,교차로 - 교차로부근,승용,남,54세,상해없음,승용,남,32세,경상
2019082600100522,2019년 8월 26일 17시,월요일,전라남도 나주시 남평읍,중상사고,0,1,0,0,차대사람 - 기타,안전운전불이행,젖음/습기,흐림,주차장 - 주차장,승용,남,49세,상해없음,보행자,남,7세,중상
2019082600100562,2019년 8월 26일 18시,월요일,전라남도 여수시 학동,경상사고,0,0,1,0,차대차 - 측면충돌,중앙선침범,건조,맑음,단일로 - 기타,원동기,남,57세,상해없음,승용,남,65세,상해없음
2019082600100563,2019년 8월 26일 18시,월요일,전라남도 나주시 남평읍,경상사고,0,0,2,0,차대차 - 추돌,안전운전불이행,건조,맑음,교차로 - 교차로부근,승용,남,53세,상해없음,승용,남,40세,경상
2019082600100564,2019년 8월 26일 18시,월요일,전라남도 무안군 삼향읍,중상사고,0,3,2,0,차량단독 - 전도전복 - 전도,안전운전불이행,건조,흐림,기타 - 기타,화물,남,57세,상해없음,,,,
2019082600100604,2019년 8월 26일 19시,월요일,전라남도 담양군 창평면,중상사고,0,1,0,0,차대사람 - 기타,안전운전불이행,건조,맑음,기타 - 기타,화물,남,31세,상해없음,보행자,여,84세,중상
2019082600100662,2019년 8월 26일 21시,월요일,전라남도 순천시 조례동,경상사고,0,0,2,0,차대차 - 추돌,안전운전불이행,건조,맑음,교차로 - 교차로부근,승용,남,69세,경상,승용,남,50세,경상
2019082600100689,2019년 8월 26일 22시,월요일,전라남도 목포시 옥암동,경상사고,0,0,1,0,차대차 - 기타,신호위반,건조,맑음,교차로 - 교차로안,화물,여,62세,상해없음,승용,남,24세,경상
2019082700100035,2019년 8월 27일 00시,화요일,전라남도 구례군 구례읍,경상사고,0,0,5,0,차대차 - 측면충돌,교차로운행방법위반,건조,맑음,교차로 - 교차로안,승용,남,67세,상해없음,승용,여,38세,경상
2019082700100060,2019년 8월 27일 02시,화요일,전라남도 목포시 상동,경상사고,0,0,2,0,차대차 - 추돌,안전거리미확보,건조,맑음,교차로 - 교차로안,이륜,남,16세,상해없음,승용,남,52세,경상
2019082700100075,2019년 8월 27일 04시,화요일,전라남도 여수시 화장동,중상사고,0,2,0,0,차대차 - 정면충돌,중앙선침범,건조,맑음,단일로 - 기타,승용,남,62세,상해없음,승용,남,75세,중상
2019082700100098,2019년 8월 27일 06시,화요일,전라남도 순천시 석현동,중상사고,0,1,0,0,차대사람 - 횡단중,신호위반,젖음/습기,비,단일로 - 기타,화물,남,65세,상해없음,보행자,남,79세,중상
2019082700100164,2019년 8월 27일 08시,화요일,전라남도 영암군 삼호읍,경상사고,0,0,2,0,차대차 - 측면충돌,안전운전불이행,건조,맑음,교차로 - 교차로안,승용,여,42세,경상,농기계,남,79세,경상
2019082700100165,2019년 8월 27일 08시,화요일,전라남도 무안군 삼향읍,경상사고,0,0,1,0,차대차 - 측면충돌,직진우회전진행방해,건조,맑음,교차로 - 교차로부근,승용,여,45세,상해없음,승용,여,28세,경상
2019082700100239,2019년 8월 27일 10시,화요일,전라남도 순천시 가곡동,경상사고,0,0,3,0,차대차 - 추돌,안전거리미확보,건조,맑음,단일로 - 기타,승용,남,76세,상해없음,승용,여,29세,경상
2019082700100240,2019년 8월 27일 10시,화요일,전라남도 영암군 삼호읍,경상사고,0,0,3,0,차대차 - 추돌,안전운전불이행,젖음/습기,비,교차로 - 교차로부근,화물,남,64세,경상,승용,남,70세,경상
2019082700100267,2019년 8월 27일 11시,화요일,전라남도 화순군 화순읍,경상사고,0,0,1,0,차대차 - 측면충돌,직진우회전진행방해,건조,맑음,교차로 - 교차로안,승용,남,81세,상해없음,이륜,남,67세,경상
2019082700100268,2019년 8월 27일 11시,화요일,전라남도 장성군 북이면,경상사고,0,0,1,0,차대차 - 측면충돌,안전운전불이행,젖음/습기,비,단일로 - 기타,승용,여,56세,경상,특수,남,54세,상해없음
2019082700100297,2019년 8월 27일 12시,화요일,전라남도 영광군 백수읍,중상사고,0,1,1,0,차량단독 - 공작물충돌,안전운전불이행,젖음/습기,흐림,단일로 - 기타,화물,남,78세,경상,,,,
2019082700100298,2019년 8월 27일 12시,화요일,전라남도 영암군 삼호읍,경상사고,0,0,1,0,차대차 - 측면충돌,안전운전불이행,젖음/습기,비,단일로 - 기타,이륜,남,23세,경상,승용,남,42세,상해없음