사고번호,사고일시,요일,시군구,사고내용,사망자수,중상자수,경상자수,부상신고자수,사고유형,법규위반,노면상태,기상상태,도로형태,가해운전자 차종,가해운전자 성별,가해운전자 연령,가해운전자 상해정도,피해운전자 차종,피해운전자 성별,피해운전자 연령,피해운전자 상해정도
2019083100100389,2019년 8월 31일 13시,토요일,전라남도 광양시 성황동,중상사고,0,1,3,0,차대차 - 측면충돌,안전거리미확보,건조,맑음,단일로 - 기타,승합,여,41세,경상,승용,남,33세,경상
2019083100100430,2019년 8월 31일 14시,토요일,전라남도 무안군 삼향읍,중상사고,0,1,0,0,차대차 - 추돌,안전운전불이행,건조,맑음,교차로 - 교차로안,승용,여,38세,상해없음,승용,여,51세,중상
2019083100100468,2019년 8월 31일 15시,토요일,전라남도 순천시 조례동,경상사고,0,0,3,0,차대차 - 측면충돌,안전운전불이행,건조,맑음,교차로 - 교차로안,승용,여,49세,상해없음,승용,남,53세,경상
2019083100100504,2019년 8월 31일 16시,토요일,전라남도 나주시 동수동,경상사고,0,0,3,0,차대차 - 측면충돌,안전운전불이행,건조,맑음,교차로 - 교차로안,승용,남,65세,경상,화물,남,43세,경상
2019083100100505,2019년 8월 31일 16시,토요일,전라남도 강진군 대구면,경상사고,0,0,1,0,차량단독 - 기타,안전운전불이행,건조,맑음,단일로 - 기타,농기계,남,78세,경상,,,,
2019083100100506,2019년 8월 31일 16시,토요일,전라남도 광양시 중동,경상사고,0,0,2,0,차대사람 - 기타,안전운전불이행,건조,맑음,단일로 - 기타,승용,여,49세,상해없음,보행자,남,48세,경상
2019083100100588,2019년 8월 31일 18시,토요일,전라남도 순천시 석현동,경상사고,0,0,1,0,차대사람 - 횡단중,보행자보호의무위반,건조,맑음,교차로 - 교차로횡단보도내,승용,남,54세,상해없음,보행자,여,7세,경상
2019083100100589,2019년 8월 31일 18시,토요일,전라남도 순천시 생목동,경상사고,0,0,2,0,차대차 - 측면충돌,안전운전불이행,건조,맑음,교차로 - 교차로안,이륜,남,52세,경상,승용,남,32세,경상
2019083100100635,2019년 8월 31일 19시,토요일,전라남도 목포시 옥암동,경상사고,0,0,4,0,차대차 - 측면충돌,안전운전불이행,건조,맑음,단일로 - 기타,승용,여,22세,경상,승용,여,30세,경상
2019083100100636,2019년 8월 31일 19시,토요일,전라남도 영암군 삼호읍,중상사고,0,2,1,1,차대차 - 정면충돌,신호위반,건조,맑음,교차로 - 교차로안,승용,남,35세,부상신고,승용,여,25세,경상
2019083100100637,2019년 8월 31일 19시,토요일,전라남도 장성군 삼계면,중상사고,0,1,0,0,차대사람 - 기타,안전운전불이행,건조,맑음,교차로 - 교차로부근,화물,남,56세,상해없음,보행자,여,81세,중상
2019083100100679,2019년 8월 31일 20시,토요일,전라남도 목포시 용해동,중상사고,0,1,0,0,차대차 - 기타,안전운전불이행,건조,맑음,단일로 - 기타,자전거,남,73세,중상,승합,여,39세,상해없음
2019083100100680,2019년 8월 31일 20시,토요일,전라남도 순천시 남내동,경상사고,0,0,1,0,차대사람 - 횡단중,안전운전불이행,건조,맑음,단일로 - 기타,승용,남,29세,상해없음,보행자,남,59세,경상
2019090100100058,2019년 9월 1일 02시,일요일,전라남도 목포시 산정동,경상사고,0,0,1,0,차량단독 - 기타,안전운전불이행,건조,맑음,단일로 - 기타,화물,남,41세,경상,,,,
2019090100100084,2019년 9월 1일 04시,일요일,전라남도 여수시 공화동,중상사고,0,1,0,0,차대사람 - 횡단중,신호위반,건조,맑음,교차로 - 교차로횡단보도내,승용,남,25세,상해없음,보행자,여,73세,중상
2019090100100116,2019년 9월 1일 08시,일요일,전라남도 광양시 금호동,중상사고,0,1,0,0,차대차 - 측면충돌,안전운전불이행,건조,맑음,교차로 - 교차로안,승용,남,53세,상해없음,승용,남,49세,중상
2019090100100135,2019년 9월 1일 09시,일요일,전라남도 강진군 칠량면,중상사고,0,1,0,0,차대차 - 측면충돌,직진우회전진행방해,건조,맑음,교차로 - 교차로안,사륜오토바이(ATV),남,78세,중상,승용,남,68세,상해없음
2019090100100136,2019년 9월 1일 09시,일요일,전라남도 곡성군 곡성읍,경상사고,0,0,3,1,차대차 - 측면충돌,직진우회전진행방해,건조,맑음,교차로 - 교차로안,승용,남,23세,부상신고,화물,남,69세,경상
2019090100100139,2019년 9월 1일 09시,일요일,전라남도 광양시 다압면,중상사고,0,1,0,0,차대차 - 측면충돌,안전운전불이행,건조,맑음,단일로 - 교량,승용,남,27세,상해없음,이륜,남,81세,중상
2019090100100180,2019년 9월 1일 11시,일요일,전라남도 신안군 압해읍,중상사고,0,1,0,0,차대사람 - 길가장자리구역통행중,안전운전불이행,건조,맑음,단일로 - 기타,화물,남,60세,상해없음,보행자,남,50세,중상
2019090100100181,2019년 9월 1일 11시,일요일,전라남도 함평군 함평읍,경상사고,0,0,1,0,차대차 - 기타,신호위반,건조,맑음,단일로 - 터널,화물,남,67세,상해없음,화물,남,39세,경상
2019090100100199,2019년 9월 1일 12시,일요일,전라남도 해남군 산이면,경상사고,0,0,1,0,차량단독 - 기타,안전운전불이행,건조,맑음,단일로 - 기타,농기계,남,72세,경상,,,,
2019090100100200,2019년 9월 1일 12시,일요일,전라남도 화순군 이양면,중상사고,0,1,1,0,차대차 - 측면충돌,직진우회전진행방해,건조,맑음,교차로 - 교차로안,이륜,남,79세,상해없음,승용,남,45세,경상
2019090100100201,2019년 9월 1일 12시,일요일,전라남도 광양시 광양읍,중상사고,0,1,0,0,차대차 - 측면충돌,직진우회전진행방해,건조,흐림,교차로 - 교차로안,승용,남,68세,상해없음,자전거,남,73세,중상
2019090100100226,2019년 9월 1일 13시,일요일,전라남도 목포시 상동,경상사고,0,0,1,0,차대차 - 측면충돌,안전운전불이행,건조,맑음,교차로 - 교차로안,승용,남,71세,상해없음,승용,여,50세,경상
2019090100100262,2019년 9월 1일 14시,일요일,전라남도 순천시 서면,경상사고,0,0,1,0,차대차 - 기타,기타,젖음/습기,비,교차로 - 교차로안,승용,기타불명,미분류,기타불명,승용,남,56세,상해없음
2019090100100263,2019년 9월 1일 14시,일요일,전라남도 장흥군 부산면,중상사고,0,1,0,0,차대차 - 측면충돌,안전운전불이행,젖음/습기,비,교차로 - 교차로안,승용,여,38세,상해없음,이륜,남,69세,중상
2019090100100264,2019년 9월 1일 14시,일요일,전라남도 해남군 황산면,중상사고,0,1,0,0,차대차 - 정면충돌,중앙선침범,젖음/습기,비,단일로 - 기타,이륜,남,77세,중상,화물,남,63세,기타불명
2019090100100265,2019년 9월 1일 14시,일요일,전라남도 영암군 삼호읍,경상사고,0,0,1,0,차대차 - 추돌,안전운전불이행,젖음/습기,비,교차로 - 교차로부근,승용,여,34세,상해없음,승용,남,42세,경상
2019090100100291,2019년 9월 1일 15시,일요일,전라남도 장흥군 장평면,경상사고,0,0,1,0,차대차 - 측면충돌,중앙선침범,젖음/습기,비,단일로 - 기타,승용,남,26세,상해없음,승용,남,58세,경상
2019090100100326,2019년 9월 1일 16시,일요일,전라남도 순천시 낙안면,중상사고,0,1,0,0,차대사람 - 기타,안전운전불이행,건조,맑음,단일로 - 기타,승합,남,64세,상해없음,보행자,여,63세,중상
2019090100100327,2019년 9월 1일 16시,일요일,전라남도 나주시 다시면,경상사고,0,0,3,0,차대차 - 후진중충돌,안전운전불이행,건조,맑음,교차로 - 교차로부근,화물,남,56세,상해없음,승용,남,30세,경상
2019090100100328,2019년 9월 1일 16시,일요일,전라남도 진도군 진도읍,중상사고,0,1,1,0,차대차 - 정면충돌,중앙선침범,젖음/습기,흐림,단일로 - 기타,화물,남,66세,중상,화물,남,42세,경상
2019090100100389,2019년 9월 1일 18시,일요일,전라남도 순천시 별량면,부상신고사고,0,0,0,1,차량단독 - 기타,안전운전불이행,젖음/습기,비,단일로 - 기타,원동기,남,55세,부상신고,,,,
2019090100100425,2019년 9월 1일 19시,일요일,전라남도 여수시 국동,경상사고,0,0,1,0,차대사람 - 기타,안전운전불이행,젖음/습기,비,단일로 - 기타,승용,남,47세,상해없음,보행자,여,56세,경상
2019090100100426,2019년 9월 1일 19시,일요일,전라남도 순천시 서면,경상사고,0,0,1,0,차대사람 - 기타,안전운전불이행,건조,맑음,교차로 - 교차로부근,승용,남,53세,상해없음,보행자,여,58세,경상
2019090200100098,2019년 9월 2일 07시,월요일,전라남도 목포시 연산동,경상사고,0,0,2,0,차대차 - 측면충돌,신호위반,건조,맑음,교차로 - 교차로안,화물,남,65세,상해없음,승용,남,74세,경상
2019090200100099,2019년 9월 2일 07시,월요일,전라남도 순천시 서면,경상사고,0,0,1,0,차대차 - 측면충돌,차로위반,젖음/습기,비,단일로 - 기타,승용,남,67세,상해없음,승용,남,48세,경상
2019090200100144,2019년 9월 2일 08시,월요일,전라남도 나주시 동수동,경상사고,0,0,1,1,차대차 - 측면충돌,신호위반,건조,맑음,교차로 - 교차로안,승용,남,74세,부상신고,승용,남,47세,경상
2019090200100145,2019년 9월 2일 08시,월요일,전라남도 강진군 성전면,경상사고,0,0,1,0,차량단독 - 전도전복 - 전복,안전운전불이행,젖음/습기,비,단일로 - 기타,승용,남,69세,경상,,,,
2019090200100146,2019년 9월 2일 08시,월요일,전라남도 진도군 진도읍,경상사고,0,0,1,0,차대차 - 측면충돌,교차로운행방법위반,젖음/습기,흐림,교차로 - 교차로안,승용,여,55세,상해없음,승용,여,46세,경상
2019090200100147,2019년 9월 2일 08시,월요일,전라남도 광양시 금호동,중상사고,0,3,0,0,차대차 - 측면충돌,신호위반,젖음/습기,비,교차로 - 교차로안,승용,남,26세,중상,화물,남,55세,상해없음
2019090200100196,2019년 9월 2일 09시,월요일,전라남도 순천시 별량면,경상사고,0,0,1,0,차대차 - 기타,안전운전불이행,건조,맑음,단일로 - 기타,승용,남,77세,경상,화물,남,67세,상해없음
2019090200100197,2019년 9월 2일 09시,월요일,전라남도 함평군 월야면,중상사고,0,1,0,0,차대차 - 정면충돌,중앙선침범,건조,맑음,단일로 - 기타,승용,남,24세,상해없음,승용,여,24세,중상
2019090200100235,2019년 9월 2일 10시,월요일,전라남도 목포시 용해동,경상사고,0,0,1,0,차대차 - 측면충돌,안전거리미확보,건조,맑음,교차로 - 교차로부근,이륜,남,79세,경상,화물,남,52세,상해없음
2019090200100236,2019년 9월 2일 10시,월요일,전라남도 순천시 해룡면,경상사고,0,0,1,0,차대차 - 측면충돌,안전거리미확보,젖음/습기,비,단일로 - 기타,화물,남,44세,상해없음,승용,남,24세,경상
2019090200100237,2019년 9월 2일 10시,월요일,전라남도 해남군 황산면,사망사고,1,0,0,0,차대사람 - 횡단중,안전운전불이행,젖음/습기,흐림,교차로 - 교차로안,화물,남,70세,상해없음,보행자,여,77세,사망
2019090200100238,2019년 9월 2일 10시,월요일,전라남도 담양군 금성면,경상사고,0,0,1,0,차대차 - 기타,중앙선침범,건조,맑음,단일로 - 기타,원동기,남,78세,경상,화물,남,57세,상해없음
2019090200100239,2019년 9월 2일 10시,월요일,전라남도 광양시 중동,경상사고,0,0,1,0,차대차 - 측면충돌,신호위반,젖음/습기,비,교차로 - 교차로안,승용,여,38세,상해없음,승용,여,50세,경상
2019090200100309,2019년 9월 2일 12시,월요일,전라남도 여수시 화양면,경상사고,0,0,2,0,차대차 - 정면충돌,중앙선침범,젖음/습기,비,교차로 - 교차로부근,화물,남,57세,경상,특수,남,42세,경상
2019090200100310,2019년 9월 2일 12시,월요일,전라남도 순천시 가곡동,경상사고,0,0,2,0,차대차 - 기타,직진우회전진행방해,젖음/습기,맑음,교차로 - 교차로안,화물,남,61세,상해없음,승용,여,36세,경상
2019090200100311,2019년 9월 2일 12시,월요일,전라남도 해남군 해남읍,경상사고,0,0,1,0,차대차 - 기타,교차로운행방법위반,젖음/습기,흐림,교차로 - 교차로안,승용,여,42세,상해없음,승용,여,34세,경상
2019090200100348,2019년 9월 2일 13시,월요일,전라남도 화순군 화순읍,중상사고,0,1,0,0,차대차 - 측면충돌,신호위반,젖음/습기,비,교차로 - 교차로안,승용,남,70세,상해없음,승용,여,60세,중상
2019090200100387,2019년 9월 2일 14시,월요일,전라남도 장성군 장성읍,경상사고,0,0,1,0,차량단독 - 공작물충돌,안전운전불이행,젖음/습기,비,단일로 - 기타,화물,남,79세,경상,,,,
2019090200100419,2019년 9월 2일 15시,월요일,전라남도 순천시 조례동,경상사고,0,0,1,0,차대차 - 기타,신호위반,건조,맑음,교차로 - 교차로안,승용,여,29세,상해없음,승용,여,32세,경상
2019090200100488,2019년 9월 2일 17시,월요일,전라남도 고흥군 도양읍,부상신고사고,0,0,0,1,차대차 - 기타,직진우회전진행방해,건조,맑음,교차로 - 교차로안,승용,여,58세,부상신고,승합,남,61세,상해없음
2019090200100489,2019년 9월 2일 17시,월요일,전라남도 함평군 함평읍,중상사고,0,1,0,0,차대사람 - 차도통행중,안전운전불이행,젖음/습기,비,교차로 - 교차로안,승용,여,39세,상해없음,보행자,여,82세,중상
2019090200100490,2019년 9월 2일 17시,월요일,전라남도 영암군 삼호읍,경상사고,0,0,1,0,차대차 - 측면충돌,신호위반,젖음/습기,흐림,교차로 - 교차로안,승용,여,51세,상해없음,승용,남,44세,경상
2019090200100491,2019년 9월 2일 17시,월요일,전라남도 무안군 청계면,경상사고,0,0,1,0,차대사람 - 기타,안전운전불이행,건조,맑음,기타 - 기타,승용,여,69세,상해없음,보행자,여,22세,경상
2019090200100534,2019년 9월 2일 18시,월요일,전라남도 순천시 조례동,경상사고,0,0,1,0,차대차 - 기타,교차로운행방법위반,젖음/습기,맑음,교차로 - 교차로안,승용,여,58세,상해없음,원동기,남,27세,경상
2019090200100535,2019년 9월 2일 18시,월요일,전라남도 순천시 동외동,중상사고,0,1,0,0,차대차 - 측면충돌,직진우회전진행방해,젖음/습기,비,교차로 - 교차로안,이륜,여,36세,중상,화물,남,41세,상해없음
2019090200100536,2019년 9월 2일 18시,월요일,전라남도 장흥군 장흥읍,경상사고,0,0,1,0,차대차 - 측면충돌,교차로운행방법위반,건조,맑음,교차로 - 교차로안,자전거,남,10세,경상,화물,남,52세,상해없음
2019090200100537,2019년 9월 2일 18시,월요일,전라남도 화순군 화순읍,중상사고,0,1,0,0,차대차 - 측면충돌,차로위반,젖음/습기,비,단일로 - 기타,승용,여,51세,상해없음,승용,남,27세,중상
2019090200100592,2019년 9월 2일 19시,월요일,전라남도 보성군 벌교읍,경상사고,0,0,1,0,차대사람 - 횡단중,안전운전불이행,건조,맑음,교차로 - 교차로안,승용,남,42세,상해없음,보행자,남,76세,경상
2019090200100593,2019년 9월 2일 19시,월요일,전라남도 광양시 금호동,중상사고,0,1,1,0,차대차 - 추돌,안전운전불이행,건조,흐림,교차로 - 교차로부근,승용,여,48세,상해없음,승용,남,25세,경상
2019090200100653,2019년 9월 2일 20시,월요일,전라남도 목포시 상동,경상사고,0,0,1,0,차대사람 - 기타,안전운전불이행,건조,맑음,교차로 - 교차로안,승용,남,23세,상해없음,보행자,여,44세,경상
2019090200100654,2019년 9월 2일 20시,월요일,전라남도 나주시 죽림동,중상사고,0,1,0,0,차대차 - 측면충돌,중앙선침범,젖음/습기,비,교차로 - 교차로부근,원동기,남,62세,상해없음,화물,남,48세,상해없음
2019090200100655,2019년 9월 2일 20시,월요일,전라남도 나주시 금천면,중상사고,0,1,0,0,차대차 - 측면충돌,불법유턴,젖음/습기,맑음,단일로 - 기타,특수,남,46세,상해없음,승용,남,27세,중상
2019090200100656,2019년 9월 2일 20시,월요일,전라남도 영광군 영광읍,사망사고,1,0,0,0,차대사람 - 차도통행중,과속,젖음/습기,비,단일로 - 기타,승용,남,46세,상해없음,보행자,남,79세,사망
2019090200100683,2019년 9월 2일 21시,월요일,전라남도 광양시 중동,중상사고,0,1,0,0,차대차 - 기타,신호위반,건조,맑음,교차로 - 교차로안,승용,여,54세,상해없음,승용,남,29세,중상
2019090200100684,2019년 9월 2일 21시,월요일,전라남도 광양시 중동,경상사고,0,0,1,0,차대차 - 추돌,안전운전불이행,젖음/습기,비,교차로 - 교차로부근,승용,남,58세,상해없음,이륜,남,47세,경상
2019090200100718,2019년 9월 2일 22시,월요일,전라남도 순천시 해룡면,경상사고,0,0,4,0,차대차 - 측면충돌,안전운전불이행,젖음/습기,비,교차로 - 교차로안,승용,남,37세,상해없음,승용,남,40세,경상
2019090200100745,2019년 9월 2일 23시,월요일,전라남도 순천시 해룡면,경상사고,0,0,2,0,차대차 - 추돌,안전운전불이행,젖음/습기,비,교차로 - 교차로부근,승용,여,37세,상해없음,승용,남,23세,경상
2019090300100061,2019년 9월 3일 03시,화요일,전라남도 여수시 신기동,경상사고,0,0,2,0,차대차 - 측면충돌,신호위반,건조,맑음,교차로 - 교차로안,화물,여,65세,상해없음,승용,남,36세,경상
2019090300100074,2019년 9월 3일 05시,화요일,전라남도 목포시 서산동,경상사고,0,0,1,0,차대차 - 측면충돌,안전운전불이행,젖음/습기,비,단일로 - 기타,승용,남,53세,경상,승용,남,46세,기타불명
2019090300100086,2019년 9월 3일 06시,화요일,전라남도 화순군 이양면,중상사고,0,1,0,1,차량단독 - 공작물충돌,안전운전불이행,젖음/습기,비,단일로 - 기타,화물,남,58세,부상신고,,,,
2019090300100087,2019년 9월 3일 06시,화요일,전라남도 강진군 대구면,경상사고,0,0,1,0,차량단독 - 공작물충돌,안전운전불이행,젖음/습기,비,단일로 - 기타,화물,남,79세,경상,,,,
2019090300100108,2019년 9월 3일 07시,화요일,전라남도 나주시 금성동,경상사고,0,0,1,0,차대차 - 측면충돌,신호위반,젖음/습기,흐림,교차로 - 교차로안,승용,남,46세,상해없음,승용,여,35세,경상
2019090300100148,2019년 9월 3일 08시,화요일,전라남도 순천시 조례동,경상사고,0,0,3,0,차대차 - 측면충돌,직진우회전진행방해,건조,맑음,교차로 - 교차로안,승용,남,23세,경상,승용,남,29세,경상
2019090300100205,2019년 9월 3일 10시,화요일,전라남도 여수시 국동,경상사고,0,0,1,0,차대차 - 추돌,안전운전불이행,젖음/습기,비,단일로 - 기타,화물,남,57세,경상,승용,여,46세,기타불명
2019090300100206,2019년 9월 3일 10시,화요일,전라남도 구례군 구례읍,중상사고,0,1,0,0,차대사람 - 횡단중,안전운전불이행,젖음/습기,비,교차로 - 교차로안,화물,남,31세,상해없음,보행자,여,74세,중상
2019090300100240,2019년 9월 3일 11시,화요일,전라남도 화순군 이양면,중상사고,0,1,0,0,차량단독 - 공작물충돌,안전운전불이행,젖음/습기,비,단일로 - 기타,승용,남,51세,상해없음,,,,
2019090300100241,2019년 9월 3일 11시,화요일,전라남도 진도군 의신면,중상사고,0,2,0,0,차대차 - 측면충돌,안전운전불이행,건조,맑음,단일로 - 기타,승용,남,26세,상해없음,이륜,남,83세,중상
2019090300100277,2019년 9월 3일 12시,화요일,전라남도 해남군 북평면,중상사고,0,1,1,0,차량단독 - 전도전복 - 전도,안전운전불이행,젖음/습기,비,단일로 - 기타,화물,남,61세,경상,,,,
2019090300100311,2019년 9월 3일 13시,화요일,전라남도 순천시 장천동,경상사고,0,0,1,0,차대차 - 기타,직진우회전진행방해,건조,맑음,교차로 - 교차로안,승용,여,63세,상해없음,승용,남,37세,경상
2019090300100312,2019년 9월 3일 13시,화요일,전라남도 보성군 득량면,경상사고,0,0,1,1,차대차 - 측면충돌,중앙선침범,젖음/습기,흐림,단일로 - 기타,승용,남,63세,부상신고,승합,남,55세,상해없음
2019090300100344,2019년 9월 3일 14시,화요일,전라남도 순천시 조례동,경상사고,0,0,2,0,차대차 - 측면충돌,안전운전불이행,건조,맑음,교차로 - 교차로부근,승용,남,41세,상해없음,승용,남,66세,경상
2019090300100345,2019년 9월 3일 14시,화요일,전라남도 순천시 풍덕동,경상사고,0,0,1,0,차량단독 - 전도전복 - 전도,안전운전불이행,건조,맑음,단일로 - 기타,기타불명,남,80세,경상,,,,
2019090300100346,2019년 9월 3일 14시,화요일,전라남도 담양군 담양읍,경상사고,0,0,4,0,차대차 - 측면충돌,차로위반,건조,맑음,단일로 - 기타,승용,남,66세,상해없음,승용,여,19세,경상
2019090300100383,2019년 9월 3일 15시,화요일,전라남도 순천시 남정동,경상사고,0,0,2,0,차대차 - 측면충돌,직진우회전진행방해,건조,맑음,교차로 - 교차로안,승용,여,59세,경상,승용,남,47세,경상
2019090300100432,2019년 9월 3일 16시,화요일,전라남도 장흥군 장동면,중상사고,0,1,0,0,차대차 - 기타,안전운전불이행,젖음/습기,비,단일로 - 기타,기타불명,기타불명,미분류,기타불명,승용,여,51세,상해없음
2019090300100480,2019년 9월 3일 17시,화요일,전라남도 영광군 법성면,경상사고,0,0,2,1,차대차 - 측면충돌,직진우회전진행방해,건조,흐림,교차로 - 교차로안,화물,남,63세,경상,화물,남,40세,부상신고
2019090300100531,2019년 9월 3일 18시,화요일,전라남도 광양시 광양읍,경상사고,0,0,1,0,차대차 - 측면충돌,안전운전불이행,젖음/습기,비,단일로 - 기타,승용,여,69세,상해없음,이륜,남,44세,경상
2019090300100532,2019년 9월 3일 18시,화요일,전라남도 광양시 중동,경상사고,0,0,2,0,차대차 - 측면충돌,안전운전불이행,건조,맑음,단일로 - 기타,승용,남,53세,상해없음,승용,여,52세,경상
2019090300100590,2019년 9월 3일 19시,화요일,전라남도 여수시 안산동,경상사고,0,0,1,0,차대사람 - 횡단중,안전운전불이행,건조,맑음,교차로 - 교차로안,승용,남,59세,상해없음,보행자,여,14세,경상
2019090300100591,2019년 9월 3일 19시,화요일,전라남도 여수시 선원동,경상사고,0,0,2,0,차대차 - 측면충돌,안전운전불이행,건조,맑음,교차로 - 교차로안,승용,여,45세,상해없음,승용,남,67세,경상
2019090300100592,2019년 9월 3일 19시,화요일,전라남도 영광군 영광읍,경상사고,0,0,1,0,차대사람 - 횡단중,과속,건조,맑음,단일로 - 기타,승용,남,40세,상해없음,보행자,남,19세,경상
2019090300100593,2019년 9월 3일 19시,화요일,전라남도 무안군 삼향읍,중상사고,0,1,0,0,차대사람 - 횡단중,안전운전불이행,건조,맑음,교차로 - 교차로안,화물,여,62세,상해없음,보행자,남,20세,중상
2019090300100700,2019년 9월 3일 22시,화요일,전라남도 목포시 산정동,중상사고,0,1,0,0,차대사람 - 횡단중,안전운전불이행,건조,흐림,기타 - 기타,승용,남,56세,상해없음,보행자,남,55세,중상
2019090300100716,2019년 9월 3일 23시,화요일,전라남도 광양시 중동,경상사고,0,0,1,0,차대차 - 측면충돌,직진우회전진행방해,젖음/습기,비,교차로 - 교차로안,승용,남,29세,상해없음,승용,여,56세,경상
2019090400100038,2019년 9월 4일 01시,수요일,전라남도 순천시 조례동,중상사고,0,1,1,1,차대차 - 기타,직진우회전진행방해,건조,맑음,교차로 - 교차로안,승용,남,65세,부상신고,승용,남,55세,경상
2019090400100045,2019년 9월 4일 02시,수요일,전라남도 보성군 보성읍,중상사고,0,1,0,0,차대사람 - 차도통행중,안전운전불이행,젖음/습기,흐림,단일로 - 기타,승용,남,57세,상해없음,보행자,남,46세,중상
2019090400100073,2019년 9월 4일 06시,수요일,전라남도 여수시 화치동,중상사고,0,1,0,0,차대사람 - 기타,안전운전불이행,젖음/습기,비,단일로 - 기타,특수,남,37세,상해없음,보행자,남,64세,중상
2019090400100093,2019년 9월 4일 07시,수요일,전라남도 목포시 산정동,경상사고,0,0,2,0,차대차 - 측면충돌,신호위반,젖음/습기,맑음,교차로 - 교차로안,승용,여,59세,경상,승용,남,68세,경상
2019090400100094,2019년 9월 4일 07시,수요일,전라남도 여수시 소라면,경상사고,0,0,1,0,차대차 - 측면충돌,신호위반,건조,맑음,교차로 - 교차로안,승용,남,58세,상해없음,승용,여,58세,경상
2019090400100095,2019년 9월 4일 07시,수요일,전라남도 장흥군 부산면,경상사고,0,0,1,0,차량단독 - 도로외이탈 - 추락,안전운전불이행,젖음/습기,비,단일로 - 기타,승용,여,50세,경상,,,,
2019090400100134,2019년 9월 4일 08시,수요일,전라남도 목포시 옥암동,경상사고,0,0,3,0,차대차 - 기타,안전운전불이행,건조,맑음,단일로 - 기타,승용,여,29세,경상,승용,여,32세,경상
2019090400100135,2019년 9월 4일 08시,수요일,전라남도 여수시 미평동,경상사고,0,0,1,0,차대차 - 추돌,안전거리미확보,젖음/습기,흐림,단일로 - 기타,승용,여,56세,상해없음,승용,남,37세,경상
2019090400100136,2019년 9월 4일 08시,수요일,전라남도 담양군 담양읍,중상사고,0,1,0,0,차대사람 - 차도통행중,안전운전불이행,건조,맑음,교차로 - 교차로안,승용,남,66세,상해없음,보행자,여,79세,중상
2019090400100137,2019년 9월 4일 08시,수요일,전라남도 광양시 광양읍,경상사고,0,0,2,0,차대차 - 측면충돌,안전운전불이행,젖음/습기,흐림,교차로 - 교차로안,승용,여,50세,상해없음,승용,남,63세,경상
2019090400100173,2019년 9월 4일 09시,수요일,전라남도 나주시 노안면,중상사고,0,1,1,0,차대차 - 정면충돌,안전운전불이행,건조,맑음,단일로 - 기타,승합,남,64세,상해없음,화물,남,60세,중상
2019090400100212,2019년 9월 4일 10시,수요일,전라남도 여수시 문수동,경상사고,0,0,1,0,차대차 - 측면충돌,안전거리미확보,젖음/습기,비,단일로 - 기타,승용,남,67세,상해없음,승용,남,32세,경상
2019090400100213,2019년 9월 4일 10시,수요일,전라남도 나주시 다시면,경상사고,0,0,1,0,차대차 - 측면충돌,안전운전불이행,젖음/습기,흐림,단일로 - 기타,승용,여,58세,상해없음,이륜,남,57세,경상
2019090400100214,2019년 9월 4일 10시,수요일,전라남도 영암군 시종면,중상사고,0,1,0,0,차대차 - 기타,안전운전불이행,건조,맑음,단일로 - 기타,승용,여,43세,상해없음,이륜,남,77세,중상
2019090400100215,2019년 9월 4일 10시,수요일,전라남도 장성군 삼서면,경상사고,0,0,2,0,차대차 - 기타,안전운전불이행,건조,맑음,단일로 - 기타,화물,남,68세,상해없음,승용,남,63세,경상
2019090400100246,2019년 9월 4일 11시,수요일,전라남도 목포시 연산동,경상사고,0,0,2,0,차대차 - 기타,직진우회전진행방해,건조,맑음,교차로 - 교차로안,화물,남,36세,경상,승용,남,48세,경상
2019090400100247,2019년 9월 4일 11시,수요일,전라남도 장흥군 부산면,중상사고,0,1,0,0,차량단독 - 전도전복 - 전도,안전거리미확보,젖음/습기,비,교차로 - 교차로안,이륜,남,56세,중상,,,,
2019090400100248,2019년 9월 4일 11시,수요일,전라남도 해남군 문내면,경상사고,0,0,2,0,차대차 - 기타,중앙선침범,건조,맑음,단일로 - 기타,화물,남,70세,기타불명,이륜,남,68세,경상
2019090400100284,2019년 9월 4일 12시,수요일,전라남도 순천시 조례동,경상사고,0,0,1,0,차량단독 - 기타,안전운전불이행,젖음/습기,맑음,교차로 - 교차로안,이륜,남,36세,경상,,,,
2019090400100308,2019년 9월 4일 13시,수요일,전라남도 목포시 용해동,경상사고,0,0,1,0,차대차 - 기타,신호위반,젖음/습기,비,교차로 - 교차로부근,승용,여,42세,상해없음,이륜,남,18세,경상
2019090400100309,2019년 9월 4일 13시,수요일,전라남도 여수시 신기동,경상사고,0,0,1,0,차대차 - 기타,기타,건조,맑음,교차로 - 교차로부근,화물,남,70세,상해없음,화물,남,38세,경상
2019090400100310,2019년 9월 4일 13시,수요일,전라남도 나주시 빛가람동,경상사고,0,0,3,0,차대차 - 정면충돌,안전운전불이행,젖음/습기,비,교차로 - 교차로부근,승용,여,37세,경상,승용,여,36세,경상
2019090400100362,2019년 9월 4일 15시,수요일,전라남도 여수시 돌산읍,사망사고,1,0,0,0,차량단독 - 공작물충돌,안전운전불이행,젖음/습기,비,교차로 - 교차로안,승용,남,45세,사망,,,,
2019090400100397,2019년 9월 4일 16시,수요일,전라남도 목포시 산정동,경상사고,0,0,1,0,차대차 - 추돌,안전운전불이행,젖음/습기,흐림,교차로 - 교차로안,승용,여,49세,상해없음,승용,여,57세,경상