사고번호,사고일시,요일,시군구,사고내용,사망자수,중상자수,경상자수,부상신고자수,사고유형,법규위반,노면상태,기상상태,도로형태,가해운전자 차종,가해운전자 성별,가해운전자 연령,가해운전자 상해정도,피해운전자 차종,피해운전자 성별,피해운전자 연령,피해운전자 상해정도
2019090400100398,2019년 9월 4일 16시,수요일,전라남도 여수시 화장동,경상사고,0,0,1,0,차대차 - 추돌,안전운전불이행,건조,맑음,주차장 - 주차장,승용,여,35세,상해없음,승용,여,43세,경상
2019090400100399,2019년 9월 4일 16시,수요일,전라남도 영광군 홍농읍,중상사고,0,1,0,0,차대사람 - 횡단중,안전운전불이행,건조,맑음,교차로 - 교차로안,승용,남,59세,상해없음,보행자,남,8세,중상
2019090400100439,2019년 9월 4일 17시,수요일,전라남도 영암군 삼호읍,경상사고,0,0,1,0,차대차 - 측면충돌,안전운전불이행,건조,맑음,교차로 - 교차로안,화물,남,69세,상해없음,승용,남,53세,경상
2019090400100440,2019년 9월 4일 17시,수요일,전라남도 장성군 장성읍,경상사고,0,0,1,0,차대차 - 기타,안전운전불이행,건조,맑음,단일로 - 기타,화물,남,43세,상해없음,승용,남,43세,경상
2019090400100491,2019년 9월 4일 18시,수요일,전라남도 순천시 조례동,경상사고,0,0,1,0,차대사람 - 차도통행중,안전운전불이행,건조,흐림,단일로 - 기타,승용,여,44세,상해없음,보행자,여,19세,경상
2019090400100492,2019년 9월 4일 18시,수요일,전라남도 순천시 별량면,경상사고,0,0,1,0,차대차 - 측면충돌,안전운전불이행,건조,맑음,교차로 - 교차로안,원동기,남,61세,상해없음,원동기,남,23세,경상
2019090400100493,2019년 9월 4일 18시,수요일,전라남도 순천시 중앙동,경상사고,0,0,1,0,차대차 - 기타,안전운전불이행,건조,맑음,단일로 - 기타,승용,남,69세,기타불명,승합,남,56세,상해없음
2019090400100494,2019년 9월 4일 18시,수요일,전라남도 순천시 연향동,경상사고,0,0,2,0,차대차 - 기타,교차로운행방법위반,건조,맑음,교차로 - 교차로안,승용,남,33세,경상,화물,남,49세,경상
2019090400100495,2019년 9월 4일 18시,수요일,전라남도 장흥군 장흥읍,경상사고,0,0,1,0,차대차 - 측면충돌,안전운전불이행,젖음/습기,흐림,단일로 - 기타,승용,남,52세,상해없음,자전거,여,68세,경상
2019090400100589,2019년 9월 4일 20시,수요일,전라남도 나주시 왕곡면,경상사고,0,0,2,0,차대차 - 추돌,안전운전불이행,건조,흐림,교차로 - 교차로부근,화물,남,58세,상해없음,승용,남,62세,경상
2019090400100590,2019년 9월 4일 20시,수요일,전라남도 담양군 금성면,경상사고,0,0,1,0,차대사람 - 길가장자리구역통행중,안전운전불이행,건조,맑음,단일로 - 기타,승용,남,40세,상해없음,보행자,남,26세,경상
2019090400100624,2019년 9월 4일 21시,수요일,전라남도 광양시 중동,경상사고,0,0,1,0,차대차 - 측면충돌,교차로운행방법위반,젖음/습기,비,교차로 - 교차로안,승용,남,58세,상해없음,승용,여,43세,경상
2019090400100657,2019년 9월 4일 22시,수요일,전라남도 목포시 상동,경상사고,0,0,2,0,차대사람 - 기타,보행자보호의무위반,건조,맑음,기타 - 기타,이륜,남,25세,경상,보행자,남,46세,경상
2019090500100034,2019년 9월 5일 00시,목요일,전라남도 무안군 삼향읍,경상사고,0,0,3,0,차대차 - 측면충돌,안전운전불이행,젖음/습기,흐림,기타 - 기타,승용,남,51세,상해없음,승용,남,48세,경상
2019090500100082,2019년 9월 5일 05시,목요일,전라남도 순천시 덕암동,중상사고,0,1,0,0,차대차 - 기타,신호위반,건조,맑음,교차로 - 교차로안,화물,남,67세,기타불명,승용,남,57세,중상
2019090500100083,2019년 9월 5일 05시,목요일,전라남도 담양군 담양읍,경상사고,0,0,4,0,차대차 - 측면충돌,직진우회전진행방해,건조,맑음,교차로 - 교차로안,화물,여,49세,경상,화물,남,56세,경상
2019090500100104,2019년 9월 5일 06시,목요일,전라남도 나주시 왕곡면,중상사고,0,1,0,0,차대차 - 측면충돌,안전운전불이행,건조,맑음,교차로 - 교차로안,화물,남,36세,상해없음,이륜,남,75세,중상
2019090500100120,2019년 9월 5일 07시,목요일,전라남도 해남군 송지면,중상사고,0,1,0,0,차대사람 - 횡단중,과속,건조,맑음,교차로 - 교차로안,승용,남,61세,상해없음,보행자,여,11세,중상
2019090500100169,2019년 9월 5일 08시,목요일,전라남도 목포시 옥암동,경상사고,0,0,1,0,차대차 - 추돌,안전거리미확보,건조,맑음,교차로 - 교차로안,승용,남,52세,상해없음,승용,남,42세,경상
2019090500100211,2019년 9월 5일 09시,목요일,전라남도 목포시 상동,경상사고,0,0,2,0,차대차 - 측면충돌,직진우회전진행방해,건조,맑음,교차로 - 교차로안,승용,여,57세,경상,승용,남,66세,경상
2019090500100212,2019년 9월 5일 09시,목요일,전라남도 영암군 영암읍,부상신고사고,0,0,0,1,차대차 - 측면충돌,직진우회전진행방해,건조,맑음,교차로 - 교차로안,이륜,여,68세,부상신고,승용,여,50세,상해없음
2019090500100244,2019년 9월 5일 10시,목요일,전라남도 영암군 영암읍,경상사고,0,0,2,0,차대차 - 기타,안전운전불이행,건조,맑음,교차로 - 교차로안,승용,여,60세,경상,승용,남,53세,경상
2019090500100245,2019년 9월 5일 10시,목요일,전라남도 무안군 무안읍,중상사고,0,1,0,0,차대차 - 추돌,안전운전불이행,건조,맑음,단일로 - 기타,화물,남,47세,상해없음,이륜,여,85세,중상
2019090500100297,2019년 9월 5일 12시,목요일,전라남도 목포시 호남동,중상사고,0,1,0,0,차대차 - 측면충돌,안전운전불이행,건조,맑음,단일로 - 기타,승용,남,30세,상해없음,이륜,남,50세,중상
2019090500100298,2019년 9월 5일 12시,목요일,전라남도 화순군 화순읍,중상사고,0,2,0,0,차대차 - 측면충돌,신호위반,건조,흐림,교차로 - 교차로안,이륜,남,87세,중상,승용,여,70세,상해없음
2019090500100327,2019년 9월 5일 13시,목요일,전라남도 목포시 옥암동,경상사고,0,0,1,0,차대차 - 측면충돌,안전운전불이행,건조,맑음,교차로 - 교차로안,승용,남,73세,상해없음,승용,여,26세,경상
2019090500100328,2019년 9월 5일 13시,목요일,전라남도 순천시 연향동,경상사고,0,0,2,0,차대차 - 측면충돌,직진우회전진행방해,건조,맑음,교차로 - 교차로안,승용,여,50세,경상,승용,남,74세,경상
2019090500100363,2019년 9월 5일 14시,목요일,전라남도 목포시 옥암동,경상사고,0,0,2,0,차대차 - 추돌,안전운전불이행,건조,맑음,단일로 - 기타,승용,여,68세,상해없음,승용,남,41세,경상
2019090500100364,2019년 9월 5일 14시,목요일,전라남도 여수시 월내동,중상사고,0,1,0,0,차대차 - 추돌,안전거리미확보,건조,맑음,단일로 - 기타,승용,남,46세,상해없음,승용,남,52세,중상
2019090500100365,2019년 9월 5일 14시,목요일,전라남도 순천시 석현동,중상사고,0,1,0,0,차대차 - 기타,교차로운행방법위반,건조,맑음,교차로 - 교차로안,화물,남,61세,상해없음,자전거,남,81세,중상
2019090500100366,2019년 9월 5일 14시,목요일,전라남도 나주시 남평읍,중상사고,0,1,0,0,차대차 - 측면충돌,교차로운행방법위반,건조,흐림,교차로 - 교차로안,승용,남,37세,상해없음,자전거,여,79세,중상
2019090500100367,2019년 9월 5일 14시,목요일,전라남도 영암군 영암읍,중상사고,0,1,1,0,차대차 - 측면충돌,안전운전불이행,건조,맑음,교차로 - 교차로안,원동기,남,86세,중상,승용,남,71세,상해없음
2019090500100406,2019년 9월 5일 15시,목요일,전라남도 순천시 송광면,중상사고,0,1,0,0,차량단독 - 기타,안전운전불이행,건조,맑음,단일로 - 기타,승용,남,23세,상해없음,,,,
2019090500100407,2019년 9월 5일 15시,목요일,전라남도 순천시 해룡면,중상사고,0,1,3,0,차대차 - 추돌,안전운전불이행,건조,맑음,단일로 - 기타,화물,남,28세,경상,화물,남,54세,기타불명
2019090500100408,2019년 9월 5일 15시,목요일,전라남도 강진군 강진읍,경상사고,0,0,1,0,차대차 - 기타,안전운전불이행,건조,흐림,교차로 - 교차로부근,화물,남,58세,상해없음,자전거,여,54세,경상
2019090500100489,2019년 9월 5일 17시,목요일,전라남도 광양시 중동,경상사고,0,0,3,0,차대차 - 측면충돌,교차로운행방법위반,건조,맑음,교차로 - 교차로안,승용,남,49세,경상,승용,남,60세,경상
2019090500100539,2019년 9월 5일 18시,목요일,전라남도 목포시 옥암동,경상사고,0,0,1,0,차대차 - 측면충돌,신호위반,젖음/습기,비,교차로 - 교차로안,승용,남,20세,상해없음,승용,남,57세,경상
2019090500100540,2019년 9월 5일 18시,목요일,전라남도 여수시 둔덕동,경상사고,0,0,1,0,차대차 - 측면충돌,신호위반,건조,맑음,교차로 - 교차로안,화물,남,58세,상해없음,승용,여,44세,경상
2019090500100585,2019년 9월 5일 19시,목요일,전라남도 나주시 과원동,경상사고,0,0,1,0,차대사람 - 기타,신호위반,젖음/습기,비,교차로 - 교차로안,화물,남,43세,상해없음,보행자,여,56세,경상
2019090500100622,2019년 9월 5일 20시,목요일,전라남도 영암군 삼호읍,경상사고,0,0,2,0,차대사람 - 횡단중,안전운전불이행,건조,맑음,교차로 - 교차로안,승용,남,24세,상해없음,보행자,여,45세,경상
2019090500100623,2019년 9월 5일 20시,목요일,전라남도 완도군 신지면,경상사고,0,0,3,0,차대차 - 정면충돌,중앙선침범,건조,맑음,단일로 - 기타,승용,남,60세,상해없음,승용,여,38세,경상
2019090500100654,2019년 9월 5일 21시,목요일,전라남도 나주시 금천면,경상사고,0,0,2,0,차대차 - 추돌,안전운전불이행,건조,맑음,교차로 - 교차로안,승용,남,51세,상해없음,승용,남,34세,경상
2019090500100681,2019년 9월 5일 22시,목요일,전라남도 보성군 보성읍,경상사고,0,0,2,0,차대차 - 측면충돌,직진우회전진행방해,건조,맑음,교차로 - 교차로안,승용,남,18세,상해없음,승용,남,27세,경상
2019090500100708,2019년 9월 5일 23시,목요일,전라남도 목포시 상동,부상신고사고,0,0,0,1,차대사람 - 횡단중,신호위반,건조,맑음,교차로 - 교차로부근,기타불명,기타불명,미분류,기타불명,보행자,남,62세,부상신고
2019090600100040,2019년 9월 6일 01시,금요일,전라남도 목포시 상동,경상사고,0,0,3,0,차대차 - 추돌,안전운전불이행,건조,맑음,교차로 - 교차로안,승용,남,51세,기타불명,승용,여,46세,경상
2019090600100069,2019년 9월 6일 05시,금요일,전라남도 순천시 조례동,사망사고,1,0,0,0,차대사람 - 보도통행중,신호위반,건조,맑음,교차로 - 교차로횡단보도내,승용,남,76세,상해없음,보행자,여,87세,사망
2019090600100091,2019년 9월 6일 07시,금요일,전라남도 여수시 교동,경상사고,0,0,1,0,차대사람 - 횡단중,신호위반,건조,맑음,단일로 - 기타,화물,남,66세,상해없음,보행자,여,66세,경상
2019090600100092,2019년 9월 6일 07시,금요일,전라남도 영암군 시종면,중상사고,0,1,0,0,차량단독 - 전도전복 - 전도,안전운전불이행,젖음/습기,흐림,교차로 - 교차로부근,이륜,남,80세,중상,,,,
2019090600100119,2019년 9월 6일 08시,금요일,전라남도 영암군 도포면,경상사고,0,0,2,0,차대차 - 측면충돌,안전운전불이행,건조,맑음,단일로 - 기타,화물,남,40세,경상,화물,남,57세,경상
2019090600100177,2019년 9월 6일 10시,금요일,전라남도 강진군 병영면,경상사고,0,0,1,0,차대차 - 측면충돌,교차로운행방법위반,건조,맑음,교차로 - 교차로안,승용,여,58세,상해없음,승용,여,39세,경상
2019090600100210,2019년 9월 6일 11시,금요일,전라남도 목포시 산정동,경상사고,0,0,1,0,차대차 - 측면충돌,직진우회전진행방해,건조,맑음,교차로 - 교차로안,승용,남,59세,상해없음,승용,남,53세,경상
2019090600100211,2019년 9월 6일 11시,금요일,전라남도 장흥군 관산읍,경상사고,0,0,1,0,차대사람 - 기타,안전운전불이행,건조,맑음,주차장 - 주차장,승용,남,46세,상해없음,보행자,여,64세,경상
2019090600100212,2019년 9월 6일 11시,금요일,전라남도 해남군 해남읍,경상사고,0,0,1,0,차대차 - 측면충돌,신호위반,건조,맑음,교차로 - 교차로안,이륜,남,80세,경상,화물,남,60세,상해없음
2019090600100267,2019년 9월 6일 13시,금요일,전라남도 목포시 산정동,경상사고,0,0,1,0,차대차 - 측면충돌,안전운전불이행,건조,맑음,단일로 - 기타,승용,여,51세,상해없음,승용,남,37세,경상
2019090600100268,2019년 9월 6일 13시,금요일,전라남도 영광군 백수읍,부상신고사고,0,0,0,1,차량단독 - 도로외이탈 - 추락,안전운전불이행,건조,맑음,단일로 - 기타,이륜,남,57세,부상신고,,,,
2019090600100344,2019년 9월 6일 15시,금요일,전라남도 목포시 상동,경상사고,0,0,3,0,차대차 - 측면충돌,신호위반,건조,맑음,교차로 - 교차로안,승용,남,72세,상해없음,승용,남,51세,경상
2019090600100345,2019년 9월 6일 15시,금요일,전라남도 장흥군 장흥읍,중상사고,0,1,0,0,차대사람 - 기타,안전운전불이행,건조,흐림,단일로 - 기타,화물,남,59세,상해없음,보행자,여,28세,중상
2019090600100395,2019년 9월 6일 16시,금요일,전라남도 목포시 옥암동,경상사고,0,0,1,0,차대사람 - 횡단중,보행자보호의무위반,건조,흐림,교차로 - 교차로안,승용,여,38세,상해없음,보행자,남,6세,경상
2019090600100396,2019년 9월 6일 16시,금요일,전라남도 보성군 벌교읍,중상사고,0,1,0,0,차대차 - 측면충돌,교차로운행방법위반,건조,흐림,단일로 - 기타,승합,남,44세,상해없음,이륜,여,63세,중상
2019090600100397,2019년 9월 6일 16시,금요일,전라남도 화순군 동복면,부상신고사고,0,0,0,1,차량단독 - 전도전복 - 전도,안전운전불이행,건조,맑음,단일로 - 기타,화물,남,63세,부상신고,,,,
2019090600100398,2019년 9월 6일 16시,금요일,전라남도 광양시 광양읍,경상사고,0,0,2,0,차대차 - 추돌,안전거리미확보,건조,맑음,교차로 - 교차로부근,승용,여,41세,상해없음,승용,여,40세,경상
2019090600100447,2019년 9월 6일 17시,금요일,전라남도 목포시 호남동,경상사고,0,0,1,0,차대사람 - 기타,안전운전불이행,건조,맑음,기타 - 기타,승용,남,72세,상해없음,보행자,남,36세,경상
2019090600100448,2019년 9월 6일 17시,금요일,전라남도 목포시 상동,경상사고,0,0,1,0,차대차 - 추돌,안전운전불이행,건조,맑음,단일로 - 기타,화물,남,68세,상해없음,화물,남,47세,경상
2019090600100449,2019년 9월 6일 17시,금요일,전라남도 고흥군 동강면,경상사고,0,0,2,0,차대차 - 측면충돌,교차로운행방법위반,건조,맑음,교차로 - 교차로안,화물,남,53세,경상,승용,남,64세,경상
2019090600100499,2019년 9월 6일 18시,금요일,전라남도 여수시 선원동,경상사고,0,0,1,0,차대차 - 추돌,차로위반,건조,맑음,교차로 - 교차로안,승용,남,40세,상해없음,승용,남,27세,경상
2019090600100500,2019년 9월 6일 18시,금요일,전라남도 영암군 삼호읍,경상사고,0,0,2,0,차대차 - 기타,안전운전불이행,젖음/습기,비,교차로 - 교차로부근,승용,여,52세,상해없음,승용,남,33세,경상
2019090600100548,2019년 9월 6일 19시,금요일,전라남도 여수시 문수동,경상사고,0,0,1,0,차대차 - 측면충돌,차로위반,건조,맑음,단일로 - 기타,승용,여,55세,상해없음,승용,남,39세,경상
2019090600100549,2019년 9월 6일 19시,금요일,전라남도 순천시 조곡동,경상사고,0,0,1,0,차대차 - 기타,직진우회전진행방해,건조,맑음,교차로 - 교차로안,승용,여,45세,상해없음,승용,남,49세,상해없음
2019090600100550,2019년 9월 6일 19시,금요일,전라남도 광양시 중동,부상신고사고,0,0,0,1,차대사람 - 횡단중,안전운전불이행,젖음/습기,비,교차로 - 교차로부근,승용,여,44세,상해없음,보행자,여,11세,부상신고
2019090600100602,2019년 9월 6일 20시,금요일,전라남도 목포시 용해동,경상사고,0,0,1,0,차대차 - 기타,중앙선침범,건조,맑음,단일로 - 기타,승용,남,76세,상해없음,승용,남,34세,경상
2019090600100603,2019년 9월 6일 20시,금요일,전라남도 목포시 산정동,경상사고,0,0,1,0,차대차 - 측면충돌,안전운전불이행,젖음/습기,비,기타 - 기타,승용,여,31세,상해없음,이륜,남,18세,경상
2019090600100684,2019년 9월 6일 22시,금요일,전라남도 목포시 상동,경상사고,0,0,1,0,차대차 - 추돌,안전운전불이행,젖음/습기,비,단일로 - 기타,승용,남,45세,상해없음,승용,남,73세,경상
2019090700100063,2019년 9월 7일 01시,토요일,전라남도 순천시 연향동,경상사고,0,0,1,0,차대차 - 측면충돌,안전운전불이행,젖음/습기,비,단일로 - 기타,승용,남,34세,상해없음,승용,남,39세,경상
2019090700100079,2019년 9월 7일 02시,토요일,전라남도 순천시 조례동,경상사고,0,0,1,0,차대차 - 추돌,안전운전불이행,젖음/습기,비,단일로 - 기타,승용,남,27세,상해없음,승용,남,26세,경상
2019090700100109,2019년 9월 7일 04시,토요일,전라남도 보성군 미력면,경상사고,0,0,1,0,차량단독 - 공작물충돌,안전운전불이행,젖음/습기,비,단일로 - 기타,화물,남,48세,경상,,,,
2019090700100149,2019년 9월 7일 08시,토요일,전라남도 광양시 중동,경상사고,0,0,2,0,차대차 - 기타,안전운전불이행,젖음/습기,비,교차로 - 교차로안,승용,남,62세,상해없음,승용,남,30세,상해없음
2019090700100195,2019년 9월 7일 10시,토요일,전라남도 함평군 손불면,경상사고,0,0,1,1,차량단독 - 공작물충돌,안전운전불이행,젖음/습기,비,단일로 - 기타,승용,남,25세,부상신고,,,,
2019090700100196,2019년 9월 7일 10시,토요일,전라남도 영암군 서호면,중상사고,0,1,0,0,차량단독 - 기타,안전운전불이행,젖음/습기,비,단일로 - 기타,승용,남,62세,중상,,,,
2019090700100265,2019년 9월 7일 12시,토요일,전라남도 무안군 삼향읍,경상사고,0,0,1,0,차대차 - 기타,차로위반,젖음/습기,흐림,단일로 - 기타,승용,남,55세,상해없음,승용,남,37세,경상
2019090700100290,2019년 9월 7일 13시,토요일,전라남도 장성군 진원면,경상사고,0,0,1,0,차대차 - 측면충돌,중앙선침범,젖음/습기,비,단일로 - 기타,승용,남,49세,기타불명,승용,여,36세,경상
2019090700100304,2019년 9월 7일 14시,토요일,전라남도 해남군 해남읍,경상사고,0,0,3,0,차대차 - 기타,안전운전불이행,건조,맑음,기타 - 기타,화물,남,52세,경상,화물,남,64세,경상
2019090700100305,2019년 9월 7일 14시,토요일,전라남도 완도군 노화읍,중상사고,0,1,0,0,차대사람 - 기타,안전운전불이행,건조,맑음,단일로 - 기타,승용,여,41세,상해없음,보행자,여,88세,중상
2019090700100341,2019년 9월 7일 16시,토요일,전라남도 목포시 죽교동,경상사고,0,0,4,0,차대차 - 추돌,안전운전불이행,건조,맑음,교차로 - 교차로부근,화물,남,45세,상해없음,승용,남,72세,경상
2019090700100371,2019년 9월 7일 17시,토요일,전라남도 목포시 옥암동,경상사고,0,0,1,0,차대차 - 추돌,안전운전불이행,건조,맑음,교차로 - 교차로부근,화물,남,67세,상해없음,승용,남,42세,경상
2019090700100372,2019년 9월 7일 17시,토요일,전라남도 목포시 옥암동,경상사고,0,0,1,0,차대차 - 추돌,안전운전불이행,건조,맑음,단일로 - 기타,승용,남,65세,상해없음,승합,여,40세,경상
2019090700100373,2019년 9월 7일 17시,토요일,전라남도 나주시 교동,경상사고,0,0,2,0,차대차 - 기타,중앙선침범,건조,맑음,교차로 - 교차로부근,화물,남,22세,상해없음,승용,남,36세,경상
2019090700100374,2019년 9월 7일 17시,토요일,전라남도 보성군 벌교읍,중상사고,0,1,0,0,차대사람 - 차도통행중,안전운전불이행,건조,맑음,단일로 - 기타,승용,여,71세,상해없음,보행자,여,59세,중상
2019090700100395,2019년 9월 7일 18시,토요일,전라남도 화순군 화순읍,경상사고,0,0,2,0,차대차 - 측면충돌,교차로운행방법위반,건조,맑음,교차로 - 교차로안,이륜,남,25세,경상,승용,여,48세,경상
2019090700100420,2019년 9월 7일 19시,토요일,전라남도 여수시 둔덕동,경상사고,0,0,1,0,차대사람 - 기타,안전운전불이행,건조,맑음,기타 - 기타,승용,남,59세,상해없음,보행자,여,37세,경상
2019090700100421,2019년 9월 7일 19시,토요일,전라남도 영광군 법성면,부상신고사고,0,0,0,1,차대사람 - 횡단중,신호위반,건조,흐림,교차로 - 교차로횡단보도내,이륜,남,78세,상해없음,보행자,남,33세,부상신고
2019090700100449,2019년 9월 7일 20시,토요일,전라남도 목포시 상동,경상사고,0,0,1,0,차대차 - 기타,안전운전불이행,건조,맑음,주차장 - 주차장,승용,남,41세,경상,원동기,남,14세,상해없음
2019090700100450,2019년 9월 7일 20시,토요일,전라남도 광양시 중동,경상사고,0,0,1,0,차대차 - 후진중충돌,안전운전불이행,건조,맑음,교차로 - 교차로안,승용,남,62세,상해없음,이륜,남,49세,경상
2019090700100493,2019년 9월 7일 22시,토요일,전라남도 순천시 해룡면,경상사고,0,0,1,0,차대사람 - 횡단중,보행자보호의무위반,건조,맑음,교차로 - 교차로안,승용,남,35세,상해없음,보행자,여,39세,경상
2019090800100038,2019년 9월 8일 01시,일요일,전라남도 목포시 상동,경상사고,0,0,1,0,차대사람 - 기타,안전운전불이행,건조,맑음,단일로 - 기타,승용,남,19세,상해없음,보행자,여,22세,경상
2019090800100062,2019년 9월 8일 04시,일요일,전라남도 순천시 조곡동,중상사고,0,2,1,0,차대차 - 측면충돌,직진우회전진행방해,건조,맑음,교차로 - 교차로안,승용,남,62세,상해없음,화물,남,79세,중상
2019090800100079,2019년 9월 8일 06시,일요일,전라남도 영암군 삼호읍,중상사고,0,3,2,0,차대차 - 측면충돌,과속,건조,맑음,교차로 - 교차로부근,승용,남,30세,경상,승용,여,55세,중상
2019090800100161,2019년 9월 8일 11시,일요일,전라남도 목포시 연산동,경상사고,0,0,2,0,차대차 - 기타,신호위반,젖음/습기,비,교차로 - 교차로안,승용,남,65세,상해없음,승용,남,42세,경상
2019090800100162,2019년 9월 8일 11시,일요일,전라남도 해남군 북평면,사망사고,1,0,0,0,차량단독 - 기타,안전운전불이행,젖음/습기,흐림,단일로 - 기타,농기계,남,84세,사망,,,,
2019090800100190,2019년 9월 8일 12시,일요일,전라남도 함평군 학교면,경상사고,0,0,1,0,차대차 - 측면충돌,직진우회전진행방해,건조,맑음,교차로 - 교차로안,승용,남,52세,상해없음,승용,남,60세,경상
2019090800100220,2019년 9월 8일 13시,일요일,전라남도 화순군 화순읍,경상사고,0,0,3,0,차대차 - 후진중충돌,안전운전불이행,건조,맑음,교차로 - 교차로안,승용,남,61세,상해없음,승용,여,28세,경상
2019090800100221,2019년 9월 8일 13시,일요일,전라남도 영암군 학산면,경상사고,0,0,1,0,차대차 - 측면충돌,중앙선침범,건조,맑음,교차로 - 교차로안,화물,남,73세,상해없음,승용,남,59세,경상
2019090800100222,2019년 9월 8일 13시,일요일,전라남도 완도군 완도읍,중상사고,0,1,0,0,차대차 - 측면충돌,과속,젖음/습기,흐림,교차로 - 교차로안,이륜,남,22세,중상,승용,남,63세,상해없음
2019090800100255,2019년 9월 8일 14시,일요일,전라남도 고흥군 도양읍,경상사고,0,0,1,0,차대차 - 측면충돌,안전운전불이행,젖음/습기,비,단일로 - 기타,승합,여,53세,상해없음,승용,여,26세,경상
2019090800100256,2019년 9월 8일 14시,일요일,전라남도 무안군 해제면,경상사고,0,0,1,0,차대차 - 측면충돌,안전운전불이행,건조,맑음,단일로 - 기타,승용,남,67세,상해없음,승용,남,41세,경상
2019090800100280,2019년 9월 8일 15시,일요일,전라남도 목포시 용해동,경상사고,0,0,5,1,차대차 - 측면충돌,안전운전불이행,젖음/습기,비,교차로 - 교차로안,승용,남,45세,부상신고,승용,여,30세,경상
2019090800100281,2019년 9월 8일 15시,일요일,전라남도 신안군 압해읍,중상사고,0,1,0,0,차대사람 - 기타,안전운전불이행,건조,맑음,기타 - 기타,화물,남,42세,상해없음,보행자,남,72세,중상
2019090800100282,2019년 9월 8일 15시,일요일,전라남도 목포시 상동,중상사고,0,1,0,0,차대차 - 기타,기타,젖음/습기,비,단일로 - 기타,승용,남,54세,상해없음,이륜,남,42세,중상
2019090800100283,2019년 9월 8일 15시,일요일,전라남도 구례군 구례읍,중상사고,0,1,0,0,차대사람 - 횡단중,교차로운행방법위반,건조,맑음,교차로 - 교차로안,승용,남,70세,상해없음,보행자,여,78세,중상
2019090800100323,2019년 9월 8일 16시,일요일,전라남도 목포시 옥암동,경상사고,0,0,2,0,차대차 - 기타,신호위반,건조,맑음,교차로 - 교차로안,승용,남,73세,상해없음,승용,남,23세,경상
2019090800100324,2019년 9월 8일 16시,일요일,전라남도 순천시 가곡동,중상사고,0,1,0,0,차대사람 - 기타,안전운전불이행,건조,맑음,기타 - 기타,승용,남,64세,상해없음,보행자,남,72세,중상
2019090800100396,2019년 9월 8일 18시,일요일,전라남도 영암군 삼호읍,경상사고,0,0,1,0,차대차 - 기타,안전운전불이행,젖음/습기,비,교차로 - 교차로안,승용,여,49세,상해없음,이륜,남,40세,경상
2019090800100420,2019년 9월 8일 19시,일요일,전라남도 무안군 무안읍,경상사고,0,0,1,0,차대사람 - 차도통행중,안전운전불이행,젖음/습기,흐림,교차로 - 교차로부근,승용,여,48세,상해없음,보행자,남,67세,경상
2019090800100459,2019년 9월 8일 20시,일요일,전라남도 해남군 화원면,경상사고,0,0,1,0,차대차 - 추돌,안전운전불이행,젖음/습기,비,교차로 - 교차로부근,승용,남,63세,상해없음,화물,남,57세,경상
2019090800100485,2019년 9월 8일 21시,일요일,전라남도 광양시 광양읍,중상사고,0,1,0,0,차량단독 - 공작물충돌,안전운전불이행,젖음/습기,비,단일로 - 기타,승용,남,50세,상해없음,,,,
2019090900100038,2019년 9월 9일 01시,월요일,전라남도 장성군 동화면,경상사고,0,0,1,0,차대차 - 기타,안전운전불이행,건조,맑음,단일로 - 기타,화물,남,32세,상해없음,화물,남,71세,경상
2019090900100109,2019년 9월 9일 07시,월요일,전라남도 순천시 서면,경상사고,0,0,1,0,차대차 - 측면충돌,안전운전불이행,건조,맑음,교차로 - 교차로안,화물,남,53세,상해없음,승합,여,41세,경상
2019090900100146,2019년 9월 9일 08시,월요일,전라남도 목포시 상동,경상사고,0,0,2,0,차대차 - 측면충돌,안전운전불이행,건조,맑음,단일로 - 기타,승용,남,68세,상해없음,승용,남,64세,경상
2019090900100196,2019년 9월 9일 09시,월요일,전라남도 목포시 용당동,경상사고,0,0,1,0,차대차 - 측면충돌,안전운전불이행,젖음/습기,흐림,교차로 - 교차로안,승용,여,58세,상해없음,승용,남,56세,경상
2019090900100197,2019년 9월 9일 09시,월요일,전라남도 목포시 옥암동,경상사고,0,0,1,0,차대사람 - 기타,안전운전불이행,젖음/습기,비,단일로 - 기타,승용,여,39세,상해없음,보행자,남,12세,경상
2019090900100198,2019년 9월 9일 09시,월요일,전라남도 광양시 중동,중상사고,0,1,0,0,차대차 - 측면충돌,안전운전불이행,건조,맑음,단일로 - 기타,승용,남,58세,상해없음,자전거,남,54세,중상
2019090900100232,2019년 9월 9일 10시,월요일,전라남도 고흥군 동일면,중상사고,0,1,0,0,차대차 - 측면충돌,안전운전불이행,건조,맑음,단일로 - 기타,이륜,남,80세,중상,승용,여,46세,상해없음
2019090900100233,2019년 9월 9일 10시,월요일,전라남도 해남군 송지면,중상사고,0,1,0,0,차대사람 - 기타,안전운전불이행,젖음/습기,비,단일로 - 기타,화물,남,72세,상해없음,보행자,여,75세,중상
2019090900100234,2019년 9월 9일 10시,월요일,전라남도 완도군 완도읍,경상사고,0,0,1,0,차대차 - 측면충돌,안전운전불이행,젖음/습기,흐림,교차로 - 교차로안,화물,남,58세,상해없음,승용,여,51세,경상
2019090900100235,2019년 9월 9일 10시,월요일,전라남도 무안군 현경면,중상사고,0,1,0,0,차대차 - 추돌,안전운전불이행,젖음/습기,비,단일로 - 기타,승용,여,52세,상해없음,화물,남,70세,중상