사고번호,사고일시,요일,시군구,사고내용,사망자수,중상자수,경상자수,부상신고자수,사고유형,법규위반,노면상태,기상상태,도로형태,가해운전자 차종,가해운전자 성별,가해운전자 연령,가해운전자 상해정도,피해운전자 차종,피해운전자 성별,피해운전자 연령,피해운전자 상해정도
2019090900100279,2019년 9월 9일 11시,월요일,전라남도 신안군 압해읍,경상사고,0,0,1,0,차대사람 - 기타,안전운전불이행,건조,맑음,주차장 - 주차장,화물,남,53세,상해없음,보행자,남,87세,경상
2019090900100280,2019년 9월 9일 11시,월요일,전라남도 순천시 풍덕동,경상사고,0,0,1,0,차대차 - 기타,직진우회전진행방해,건조,맑음,교차로 - 교차로안,승용,남,68세,상해없음,승용,여,48세,경상
2019090900100281,2019년 9월 9일 11시,월요일,전라남도 순천시 조곡동,경상사고,0,0,2,0,차대차 - 추돌,안전거리미확보,건조,맑음,단일로 - 기타,승용,남,46세,상해없음,승용,남,84세,경상
2019090900100282,2019년 9월 9일 11시,월요일,전라남도 해남군 옥천면,경상사고,0,0,1,0,차대차 - 정면충돌,안전운전불이행,젖음/습기,비,단일로 - 기타,화물,여,65세,경상,승용,남,50세,기타불명
2019090900100283,2019년 9월 9일 11시,월요일,전라남도 영광군 법성면,중상사고,0,1,0,0,차대차 - 측면충돌,직진우회전진행방해,젖음/습기,비,교차로 - 교차로안,승용,남,57세,상해없음,이륜,남,82세,중상
2019090900100284,2019년 9월 9일 11시,월요일,전라남도 광양시 성황동,경상사고,0,0,1,0,차대차 - 기타,교차로운행방법위반,건조,맑음,교차로 - 교차로안,화물,남,73세,상해없음,승용,남,37세,경상
2019090900100335,2019년 9월 9일 12시,월요일,전라남도 나주시 대호동,중상사고,0,1,0,0,차대사람 - 횡단중,안전운전불이행,건조,맑음,교차로 - 교차로안,승용,여,43세,상해없음,보행자,남,77세,중상
2019090900100370,2019년 9월 9일 13시,월요일,전라남도 목포시 동명동,경상사고,0,0,1,0,차대차 - 측면충돌,안전운전불이행,건조,맑음,단일로 - 기타,승합,남,39세,상해없음,승용,남,76세,경상
2019090900100400,2019년 9월 9일 14시,월요일,전라남도 고흥군 대서면,경상사고,0,0,1,0,차대사람 - 기타,안전운전불이행,건조,맑음,단일로 - 기타,승용,남,60세,상해없음,보행자,여,78세,경상
2019090900100438,2019년 9월 9일 15시,월요일,전라남도 목포시 석현동,경상사고,0,0,1,0,차대차 - 측면충돌,안전운전불이행,젖음/습기,비,주차장 - 주차장,승용,여,49세,상해없음,승용,남,65세,상해없음
2019090900100439,2019년 9월 9일 15시,월요일,전라남도 담양군 담양읍,경상사고,0,0,1,0,차대사람 - 횡단중,보행자보호의무위반,건조,맑음,교차로 - 교차로횡단보도내,승용,여,31세,상해없음,보행자,남,8세,경상
2019090900100440,2019년 9월 9일 15시,월요일,전라남도 곡성군 삼기면,경상사고,0,0,1,0,차대차 - 기타,안전운전불이행,젖음/습기,흐림,단일로 - 기타,승용,여,67세,상해없음,승용,남,36세,경상
2019090900100488,2019년 9월 9일 16시,월요일,전라남도 목포시 용해동,중상사고,0,1,0,0,차량단독 - 기타,안전운전불이행,건조,맑음,단일로 - 기타,이륜,남,68세,중상,,,,
2019090900100489,2019년 9월 9일 16시,월요일,전라남도 여수시 미평동,중상사고,0,1,0,0,차대사람 - 길가장자리구역통행중,안전운전불이행,건조,맑음,교차로 - 교차로안,승용,여,51세,상해없음,보행자,여,54세,중상
2019090900100490,2019년 9월 9일 16시,월요일,전라남도 장흥군 장흥읍,경상사고,0,0,1,0,차대사람 - 횡단중,안전운전불이행,젖음/습기,비,교차로 - 교차로안,승합,남,60세,상해없음,보행자,남,47세,경상
2019090900100526,2019년 9월 9일 17시,월요일,전라남도 목포시 용해동,부상신고사고,0,0,0,1,차대차 - 측면충돌,안전운전불이행,건조,맑음,기타 - 기타,자전거,남,57세,부상신고,승용,남,65세,상해없음
2019090900100527,2019년 9월 9일 17시,월요일,전라남도 목포시 산정동,경상사고,0,0,1,0,차대차 - 측면충돌,교차로운행방법위반,건조,맑음,교차로 - 교차로안,승용,남,66세,상해없음,화물,남,37세,경상
2019090900100576,2019년 9월 9일 18시,월요일,전라남도 여수시 주삼동,경상사고,0,0,1,0,차대차 - 측면충돌,안전운전불이행,젖음/습기,비,교차로 - 교차로안,화물,남,44세,상해없음,승용,남,32세,경상
2019090900100577,2019년 9월 9일 18시,월요일,전라남도 나주시 남평읍,경상사고,0,0,2,1,차대차 - 측면충돌,직진우회전진행방해,건조,맑음,교차로 - 교차로안,화물,남,64세,경상,승용,남,64세,부상신고
2019090900100578,2019년 9월 9일 18시,월요일,전라남도 영암군 신북면,부상신고사고,0,0,0,1,차대차 - 후진중충돌,안전운전불이행,건조,맑음,교차로 - 교차로부근,화물,남,22세,부상신고,승용,남,41세,상해없음
2019090900100642,2019년 9월 9일 19시,월요일,전라남도 순천시 조례동,경상사고,0,0,1,0,차대차 - 측면충돌,신호위반,건조,맑음,교차로 - 교차로안,승용,남,35세,상해없음,이륜,남,42세,경상
2019090900100643,2019년 9월 9일 19시,월요일,전라남도 무안군 청계면,경상사고,0,0,1,0,차대사람 - 길가장자리구역통행중,안전운전불이행,건조,맑음,교차로 - 교차로부근,승용,남,45세,상해없음,보행자,여,66세,경상
2019090900100644,2019년 9월 9일 19시,월요일,전라남도 광양시 광양읍,중상사고,0,1,0,0,차대사람 - 차도통행중,안전운전불이행,젖음/습기,비,교차로 - 교차로안,승용,남,37세,상해없음,보행자,여,57세,중상
2019090900100693,2019년 9월 9일 20시,월요일,전라남도 순천시 해룡면,경상사고,0,0,3,0,차대차 - 측면충돌,안전운전불이행,젖음/습기,비,교차로 - 교차로안,승용,여,40세,경상,승용,남,34세,경상
2019090900100723,2019년 9월 9일 21시,월요일,전라남도 나주시 남평읍,경상사고,0,0,1,0,차대차 - 측면충돌,안전운전불이행,건조,맑음,단일로 - 기타,승용,여,45세,상해없음,승용,여,55세,경상
2019090900100750,2019년 9월 9일 22시,월요일,전라남도 목포시 상동,경상사고,0,0,2,0,차대차 - 측면충돌,직진우회전진행방해,건조,맑음,교차로 - 교차로안,승용,남,46세,상해없음,승용,남,54세,상해없음
2019090900100773,2019년 9월 9일 23시,월요일,전라남도 무안군 삼향읍,경상사고,0,0,1,0,차대차 - 측면충돌,안전운전불이행,건조,맑음,교차로 - 교차로안,승용,여,40세,상해없음,승용,여,45세,경상
2019091000100095,2019년 9월 10일 05시,화요일,전라남도 목포시 산정동,경상사고,0,0,1,0,차대사람 - 기타,안전운전불이행,건조,맑음,단일로 - 기타,화물,남,36세,상해없음,보행자,여,62세,경상
2019091000100137,2019년 9월 10일 07시,화요일,전라남도 여수시 학동,경상사고,0,0,2,0,차대차 - 측면충돌,안전운전불이행,건조,맑음,교차로 - 교차로안,화물,남,64세,상해없음,승용,남,25세,경상
2019091000100138,2019년 9월 10일 07시,화요일,전라남도 여수시 공화동,경상사고,0,0,1,0,차대사람 - 횡단중,안전운전불이행,건조,맑음,교차로 - 교차로부근,승용,여,38세,상해없음,보행자,남,14세,경상
2019091000100139,2019년 9월 10일 07시,화요일,전라남도 장성군 삼계면,경상사고,0,0,1,0,차대차 - 기타,교차로운행방법위반,건조,맑음,교차로 - 교차로안,승용,여,59세,상해없음,이륜,남,57세,경상
2019091000100173,2019년 9월 10일 08시,화요일,전라남도 목포시 산정동,경상사고,0,0,1,0,차대차 - 기타,안전운전불이행,건조,맑음,교차로 - 교차로안,승용,여,63세,상해없음,승용,남,70세,경상
2019091000100174,2019년 9월 10일 08시,화요일,전라남도 여수시 신기동,중상사고,0,2,0,0,차대차 - 측면충돌,교차로운행방법위반,건조,맑음,교차로 - 교차로안,승용,남,45세,중상,승용,남,34세,중상
2019091000100175,2019년 9월 10일 08시,화요일,전라남도 강진군 성전면,경상사고,0,0,1,0,차량단독 - 기타,안전운전불이행,젖음/습기,맑음,단일로 - 기타,이륜,남,81세,경상,,,,
2019091000100281,2019년 9월 10일 10시,화요일,전라남도 목포시 호남동,경상사고,0,0,1,0,차대사람 - 기타,안전운전불이행,건조,맑음,기타 - 기타,기타불명,기타불명,미분류,기타불명,보행자,여,70세,경상
2019091000100282,2019년 9월 10일 10시,화요일,전라남도 순천시 인제동,중상사고,0,1,0,0,차대사람 - 횡단중,안전운전불이행,건조,맑음,단일로 - 기타,화물,남,59세,상해없음,보행자,여,84세,중상
2019091000100283,2019년 9월 10일 10시,화요일,전라남도 화순군 도곡면,경상사고,0,0,1,0,차량단독 - 공작물충돌,안전운전불이행,건조,맑음,단일로 - 기타,화물,남,31세,경상,,,,
2019091000100325,2019년 9월 10일 11시,화요일,전라남도 여수시 문수동,경상사고,0,0,2,0,차대차 - 측면충돌,안전운전불이행,건조,맑음,교차로 - 교차로부근,승용,남,27세,상해없음,승용,여,61세,경상
2019091000100355,2019년 9월 10일 12시,화요일,전라남도 목포시 옥암동,경상사고,0,0,2,0,차대차 - 측면충돌,신호위반,건조,맑음,교차로 - 교차로안,이륜,남,66세,경상,승용,여,50세,경상
2019091000100356,2019년 9월 10일 12시,화요일,전라남도 신안군 지도읍,중상사고,0,1,0,0,차대차 - 측면충돌,안전운전불이행,건조,맑음,단일로 - 기타,화물,남,61세,상해없음,이륜,남,77세,중상
2019091000100357,2019년 9월 10일 12시,화요일,전라남도 순천시 주암면,경상사고,0,0,1,0,차대차 - 추돌,안전운전불이행,건조,맑음,기타 - 기타,승용,여,26세,상해없음,화물,남,55세,경상
2019091000100397,2019년 9월 10일 13시,화요일,전라남도 나주시 노안면,중상사고,0,1,3,0,차대차 - 추돌,안전운전불이행,건조,맑음,교차로 - 교차로부근,화물,남,50세,중상,화물,남,45세,경상
2019091000100398,2019년 9월 10일 13시,화요일,전라남도 무안군 무안읍,중상사고,0,1,0,0,차대사람 - 횡단중,안전운전불이행,건조,맑음,교차로 - 교차로횡단보도내,승용,남,62세,상해없음,보행자,남,71세,중상
2019091000100482,2019년 9월 10일 15시,화요일,전라남도 나주시 산포면,경상사고,0,0,1,0,차대사람 - 횡단중,안전운전불이행,건조,맑음,단일로 - 기타,승용,여,59세,상해없음,보행자,여,57세,경상
2019091000100573,2019년 9월 10일 17시,화요일,전라남도 목포시 산정동,경상사고,0,0,2,0,차대차 - 측면충돌,직진우회전진행방해,건조,맑음,교차로 - 교차로안,이륜,남,75세,경상,승용,남,57세,경상
2019091000100613,2019년 9월 10일 18시,화요일,전라남도 목포시 대양동,중상사고,0,1,1,0,차대차 - 기타,안전운전불이행,건조,맑음,기타 - 기타,승용,여,34세,경상,승용,남,61세,중상
2019091000100667,2019년 9월 10일 19시,화요일,전라남도 목포시 상동,경상사고,0,0,3,0,차대차 - 측면충돌,직진우회전진행방해,건조,흐림,교차로 - 교차로안,승용,남,53세,경상,이륜,남,22세,경상
2019091000100717,2019년 9월 10일 20시,화요일,전라남도 목포시 상동,경상사고,0,0,1,0,차대사람 - 기타,안전운전불이행,건조,맑음,교차로 - 교차로안,승용,여,62세,상해없음,보행자,남,43세,경상
2019091000100718,2019년 9월 10일 20시,화요일,전라남도 순천시 승주읍,중상사고,0,1,0,0,차대차 - 추돌,안전운전불이행,건조,맑음,단일로 - 기타,화물,남,31세,상해없음,화물,남,50세,상해없음
2019091000100815,2019년 9월 10일 22시,화요일,전라남도 목포시 용해동,경상사고,0,0,4,0,차대차 - 기타,신호위반,건조,맑음,교차로 - 교차로안,승용,남,47세,상해없음,승용,남,49세,경상
2019091000100816,2019년 9월 10일 22시,화요일,전라남도 장흥군 장흥읍,경상사고,0,0,1,0,차대사람 - 차도통행중,안전운전불이행,건조,맑음,단일로 - 기타,승용,남,26세,상해없음,보행자,남,40세,경상
2019091100100047,2019년 9월 11일 00시,수요일,전라남도 여수시 학동,경상사고,0,0,1,0,차대차 - 측면충돌,신호위반,건조,맑음,교차로 - 교차로안,화물,남,31세,상해없음,승용,남,50세,경상
2019091100100061,2019년 9월 11일 01시,수요일,전라남도 순천시 해룡면,경상사고,0,0,1,1,차대차 - 측면충돌,안전운전불이행,건조,맑음,단일로 - 기타,승용,여,50세,부상신고,승용,여,41세,경상
2019091100100140,2019년 9월 11일 07시,수요일,전라남도 목포시 옥암동,경상사고,0,0,3,0,차대차 - 측면충돌,안전운전불이행,건조,맑음,교차로 - 교차로부근,승용,여,35세,경상,승용,여,61세,경상
2019091100100141,2019년 9월 11일 07시,수요일,전라남도 목포시 해안동1가,경상사고,0,0,2,0,차대차 - 기타,직진우회전진행방해,건조,맑음,교차로 - 교차로안,화물,여,64세,경상,화물,남,42세,경상
2019091100100142,2019년 9월 11일 07시,수요일,전라남도 영암군 도포면,경상사고,0,0,1,0,차대차 - 추돌,안전운전불이행,건조,맑음,단일로 - 기타,승용,남,45세,상해없음,승용,여,53세,경상
2019091100100178,2019년 9월 11일 08시,수요일,전라남도 광양시 봉강면,경상사고,0,0,1,0,차대차 - 측면충돌,교차로운행방법위반,건조,맑음,교차로 - 교차로안,승합,남,60세,상해없음,승용,여,34세,경상
2019091100100220,2019년 9월 11일 09시,수요일,전라남도 여수시 웅천동,경상사고,0,0,1,0,차대사람 - 기타,안전운전불이행,건조,맑음,단일로 - 기타,승합,남,49세,상해없음,보행자,여,78세,경상
2019091100100221,2019년 9월 11일 09시,수요일,전라남도 순천시 조례동,경상사고,0,0,2,0,차대차 - 기타,신호위반,건조,맑음,교차로 - 교차로안,승용,여,55세,경상,승용,여,51세,경상
2019091100100222,2019년 9월 11일 09시,수요일,전라남도 순천시 덕암동,경상사고,0,0,1,0,차대사람 - 보도통행중,안전운전불이행,건조,맑음,단일로 - 기타,기타불명,남,30세,상해없음,보행자,여,74세,경상
2019091100100223,2019년 9월 11일 09시,수요일,전라남도 순천시 조곡동,중상사고,0,1,0,0,차대차 - 기타,안전운전불이행,건조,맑음,기타 - 기타,승용,여,55세,상해없음,자전거,남,84세,중상
2019091100100253,2019년 9월 11일 10시,수요일,전라남도 순천시 풍덕동,경상사고,0,0,1,0,차대차 - 정면충돌,안전운전불이행,건조,맑음,교차로 - 교차로부근,승용,남,32세,상해없음,승용,남,36세,경상
2019091100100254,2019년 9월 11일 10시,수요일,전라남도 나주시 동강면,경상사고,0,0,1,0,차대차 - 기타,안전거리미확보,건조,맑음,단일로 - 기타,화물,남,27세,상해없음,농기계,남,74세,경상
2019091100100303,2019년 9월 11일 11시,수요일,전라남도 장흥군 장평면,경상사고,0,0,1,0,차대차 - 측면충돌,안전운전불이행,건조,맑음,교차로 - 교차로부근,승용,남,50세,상해없음,자전거,남,76세,경상
2019091100100304,2019년 9월 11일 11시,수요일,전라남도 장흥군 안양면,경상사고,0,0,2,0,차대차 - 정면충돌,중앙선침범,건조,맑음,단일로 - 기타,화물,남,58세,상해없음,승용,남,42세,경상
2019091100100305,2019년 9월 11일 11시,수요일,전라남도 해남군 마산면,중상사고,0,1,0,0,차대차 - 추돌,안전운전불이행,건조,맑음,단일로 - 기타,이륜,남,85세,중상,승용,남,55세,상해없음
2019091100100306,2019년 9월 11일 11시,수요일,전라남도 곡성군 죽곡면,중상사고,0,1,2,0,차대차 - 기타,안전운전불이행,건조,맑음,단일로 - 기타,승용,남,64세,경상,승용,여,27세,중상
2019091100100307,2019년 9월 11일 11시,수요일,전라남도 무안군 일로읍,경상사고,0,0,1,0,차대차 - 측면충돌,안전운전불이행,건조,맑음,단일로 - 기타,승용,여,37세,상해없음,이륜,여,76세,경상
2019091100100352,2019년 9월 11일 12시,수요일,전라남도 여수시 월내동,중상사고,0,1,1,0,차대차 - 측면충돌,신호위반,건조,맑음,교차로 - 교차로안,승용,남,55세,중상,화물,남,33세,경상
2019091100100380,2019년 9월 11일 13시,수요일,전라남도 강진군 마량면,경상사고,0,0,1,0,차대차 - 측면충돌,안전운전불이행,건조,맑음,단일로 - 기타,승용,여,54세,상해없음,승용,여,29세,경상
2019091100100381,2019년 9월 11일 13시,수요일,전라남도 무안군 현경면,중상사고,0,1,3,0,차대차 - 추돌,안전운전불이행,건조,맑음,교차로 - 교차로부근,화물,남,50세,상해없음,승용,남,35세,경상
2019091100100427,2019년 9월 11일 14시,수요일,전라남도 목포시 상동,경상사고,0,0,1,0,차대차 - 측면충돌,안전운전불이행,건조,맑음,교차로 - 교차로부근,승용,여,32세,상해없음,승용,남,35세,경상
2019091100100428,2019년 9월 11일 14시,수요일,전라남도 여수시 신월동,경상사고,0,0,1,0,차대사람 - 횡단중,보행자보호의무위반,건조,맑음,교차로 - 교차로안,승용,남,68세,상해없음,보행자,남,11세,경상
2019091100100429,2019년 9월 11일 14시,수요일,전라남도 여수시 충무동,경상사고,0,0,2,0,차대차 - 측면충돌,안전운전불이행,건조,맑음,단일로 - 기타,승용,여,46세,상해없음,승용,여,33세,경상
2019091100100430,2019년 9월 11일 14시,수요일,전라남도 순천시 조례동,경상사고,0,0,1,0,차대차 - 기타,교차로운행방법위반,건조,맑음,교차로 - 교차로안,승용,남,57세,상해없음,승용,남,27세,경상
2019091100100486,2019년 9월 11일 15시,수요일,전라남도 여수시 미평동,경상사고,0,0,2,0,차대차 - 측면충돌,신호위반,건조,맑음,교차로 - 교차로안,이륜,남,60세,상해없음,승용,남,34세,경상
2019091100100487,2019년 9월 11일 15시,수요일,전라남도 여수시 봉산동,경상사고,0,0,4,0,차대차 - 측면충돌,교차로운행방법위반,건조,맑음,교차로 - 교차로안,승용,남,70세,상해없음,승용,여,54세,경상
2019091100100488,2019년 9월 11일 15시,수요일,전라남도 여수시 학동,경상사고,0,0,1,0,차대차 - 기타,불법유턴,건조,맑음,기타 - 기타,승용,남,52세,상해없음,승용,여,23세,경상
2019091100100489,2019년 9월 11일 15시,수요일,전라남도 고흥군 도양읍,중상사고,0,1,1,0,차량단독 - 전도전복 - 전도,안전운전불이행,건조,맑음,단일로 - 기타,이륜,남,76세,경상,,,,
2019091100100490,2019년 9월 11일 15시,수요일,전라남도 강진군 강진읍,경상사고,0,0,3,0,차대차 - 정면충돌,교차로운행방법위반,건조,맑음,교차로 - 교차로안,승용,남,62세,경상,승용,남,46세,경상
2019091100100491,2019년 9월 11일 15시,수요일,전라남도 담양군 고서면,경상사고,0,0,5,0,차대차 - 기타,직진우회전진행방해,건조,맑음,교차로 - 교차로안,승용,남,51세,경상,승용,남,33세,경상
2019091100100543,2019년 9월 11일 16시,수요일,전라남도 목포시 상동,경상사고,0,0,1,0,차대사람 - 횡단중,안전운전불이행,건조,맑음,단일로 - 기타,승용,여,36세,상해없음,보행자,여,59세,경상
2019091100100544,2019년 9월 11일 16시,수요일,전라남도 목포시 상동,경상사고,0,0,3,0,차대차 - 추돌,안전운전불이행,건조,맑음,단일로 - 기타,승용,남,74세,상해없음,승용,남,48세,경상
2019091100100545,2019년 9월 11일 16시,수요일,전라남도 목포시 상동,경상사고,0,0,1,0,차대차 - 기타,안전운전불이행,건조,맑음,기타 - 기타,승용,남,31세,상해없음,승용,남,57세,경상
2019091100100546,2019년 9월 11일 16시,수요일,전라남도 장흥군 장흥읍,중상사고,0,1,0,0,차대차 - 측면충돌,안전운전불이행,건조,맑음,단일로 - 기타,화물,남,72세,상해없음,자전거,남,85세,중상
2019091100100547,2019년 9월 11일 16시,수요일,전라남도 영광군 영광읍,경상사고,0,0,1,0,차대차 - 측면충돌,안전운전불이행,건조,맑음,교차로 - 교차로안,승용,남,61세,상해없음,승용,여,25세,경상
2019091100100599,2019년 9월 11일 17시,수요일,전라남도 목포시 상동,경상사고,0,0,1,0,차대사람 - 기타,안전운전불이행,건조,맑음,단일로 - 기타,화물,남,57세,상해없음,보행자,남,59세,경상
2019091100100600,2019년 9월 11일 17시,수요일,전라남도 순천시 매곡동,중상사고,0,1,0,0,차대차 - 측면충돌,직진우회전진행방해,건조,맑음,교차로 - 교차로안,승용,여,55세,상해없음,이륜,남,68세,중상
2019091100100601,2019년 9월 11일 17시,수요일,전라남도 해남군 삼산면,경상사고,0,0,1,0,차대차 - 기타,교차로운행방법위반,건조,맑음,교차로 - 교차로안,이륜,여,62세,경상,화물,남,59세,상해없음
2019091100100728,2019년 9월 11일 19시,수요일,전라남도 목포시 산정동,중상사고,0,2,0,0,차대사람 - 횡단중,안전운전불이행,건조,맑음,단일로 - 기타,이륜,남,19세,중상,보행자,여,56세,중상
2019091100100729,2019년 9월 11일 19시,수요일,전라남도 순천시 연향동,중상사고,0,2,1,0,차대차 - 정면충돌,신호위반,건조,맑음,교차로 - 교차로안,원동기,남,16세,중상,승용,남,35세,경상
2019091100100730,2019년 9월 11일 19시,수요일,전라남도 광양시 중동,중상사고,0,1,3,0,차대차 - 측면충돌,직진우회전진행방해,건조,맑음,교차로 - 교차로안,승용,남,29세,중상,승용,남,28세,경상
2019091100100766,2019년 9월 11일 20시,수요일,전라남도 여수시 신기동,경상사고,0,0,1,0,차대차 - 추돌,안전운전불이행,건조,맑음,단일로 - 기타,승용,여,54세,상해없음,승용,남,54세,상해없음
2019091100100797,2019년 9월 11일 21시,수요일,전라남도 보성군 벌교읍,경상사고,0,0,1,0,차대차 - 정면충돌,안전운전불이행,건조,맑음,단일로 - 기타,승용,남,50세,상해없음,승용,여,56세,경상
2019091100100826,2019년 9월 11일 22시,수요일,전라남도 강진군 강진읍,중상사고,0,1,0,0,차량단독 - 전도전복 - 전도,안전운전불이행,건조,맑음,단일로 - 기타,이륜,남,22세,중상,,,,
2019091100100856,2019년 9월 11일 23시,수요일,전라남도 광양시 중동,부상신고사고,0,0,0,1,차대차 - 기타,교차로운행방법위반,젖음/습기,비,교차로 - 교차로안,승용,남,30세,부상신고,승합,남,63세,상해없음
2019091100100857,2019년 9월 11일 23시,수요일,전라남도 광양시 광양읍,경상사고,0,0,1,0,차대차 - 추돌,안전운전불이행,건조,맑음,교차로 - 교차로부근,승용,남,44세,상해없음,승용,남,26세,경상
2019091200100091,2019년 9월 12일 05시,목요일,전라남도 강진군 칠량면,경상사고,0,0,1,0,차대차 - 기타,안전운전불이행,건조,맑음,단일로 - 기타,승용,남,23세,상해없음,승용,남,40세,상해없음
2019091200100118,2019년 9월 12일 07시,목요일,전라남도 영암군 덕진면,중상사고,0,1,2,0,차대차 - 기타,안전운전불이행,건조,맑음,교차로 - 교차로부근,화물,남,63세,경상,승용,남,50세,상해없음
2019091200100136,2019년 9월 12일 08시,목요일,전라남도 장흥군 장평면,중상사고,0,1,2,0,차대차 - 측면충돌,교차로운행방법위반,건조,맑음,교차로 - 교차로안,승용,남,54세,경상,승용,남,73세,중상
2019091200100137,2019년 9월 12일 08시,목요일,전라남도 보성군 보성읍,경상사고,0,0,4,0,차대차 - 측면충돌,안전거리미확보,건조,맑음,단일로 - 기타,승용,여,62세,경상,화물,남,67세,경상
2019091200100153,2019년 9월 12일 09시,목요일,전라남도 목포시 산정동,경상사고,0,0,1,0,차대차 - 측면충돌,신호위반,건조,맑음,교차로 - 교차로안,승용,여,52세,상해없음,승용,남,59세,경상
2019091200100170,2019년 9월 12일 10시,목요일,전라남도 목포시 용당동,경상사고,0,0,1,0,차대차 - 기타,안전운전불이행,건조,맑음,기타 - 기타,자전거,남,72세,경상,자전거,남,71세,상해없음
2019091200100171,2019년 9월 12일 10시,목요일,전라남도 순천시 해룡면,경상사고,0,0,1,0,차대차 - 측면충돌,안전거리미확보,건조,맑음,단일로 - 기타,승용,여,64세,상해없음,승용,여,42세,경상
2019091200100172,2019년 9월 12일 10시,목요일,전라남도 나주시 성북동,중상사고,0,1,0,0,차대사람 - 기타,기타,건조,맑음,교차로 - 교차로부근,승합,남,56세,상해없음,보행자,여,84세,중상
2019091200100173,2019년 9월 12일 10시,목요일,전라남도 광양시 광양읍,경상사고,0,0,1,0,차대사람 - 기타,안전운전불이행,건조,맑음,주차장 - 주차장,화물,남,68세,상해없음,보행자,남,69세,경상
2019091200100190,2019년 9월 12일 11시,목요일,전라남도 목포시 산정동,경상사고,0,0,1,0,차대차 - 측면충돌,안전운전불이행,건조,맑음,교차로 - 교차로부근,승합,남,46세,상해없음,승용,여,56세,경상
2019091200100191,2019년 9월 12일 11시,목요일,전라남도 목포시 용당동,경상사고,0,0,1,0,차대차 - 기타,안전운전불이행,건조,맑음,단일로 - 기타,승용,남,51세,경상,승용,남,76세,상해없음
2019091200100192,2019년 9월 12일 11시,목요일,전라남도 해남군 해남읍,중상사고,0,1,0,0,차대사람 - 기타,안전운전불이행,건조,맑음,단일로 - 기타,사륜오토바이(ATV),남,85세,상해없음,보행자,여,81세,중상
2019091200100193,2019년 9월 12일 11시,목요일,전라남도 강진군 대구면,경상사고,0,0,1,0,차량단독 - 공작물충돌,안전운전불이행,건조,맑음,단일로 - 기타,화물,여,49세,경상,,,,
2019091200100219,2019년 9월 12일 12시,목요일,전라남도 장흥군 장흥읍,중상사고,0,1,2,0,차대차 - 정면충돌,교차로운행방법위반,건조,맑음,교차로 - 교차로안,화물,남,77세,경상,화물,남,32세,경상
2019091200100220,2019년 9월 12일 12시,목요일,전라남도 진도군 임회면,경상사고,0,0,1,0,차대차 - 후진중충돌,안전운전불이행,건조,맑음,단일로 - 기타,화물,남,54세,상해없음,이륜,남,79세,경상
2019091200100256,2019년 9월 12일 13시,목요일,전라남도 목포시 산정동,경상사고,0,0,1,0,차대차 - 기타,안전운전불이행,건조,맑음,교차로 - 교차로안,승용,남,67세,상해없음,승용,남,39세,경상
2019091200100257,2019년 9월 12일 13시,목요일,전라남도 고흥군 두원면,중상사고,0,1,0,0,차대차 - 정면충돌,중앙선침범,건조,맑음,단일로 - 기타,승용,남,18세,상해없음,승용,남,27세,중상
2019091200100258,2019년 9월 12일 13시,목요일,전라남도 담양군 고서면,경상사고,0,0,2,0,차대차 - 측면충돌,안전거리미확보,건조,맑음,단일로 - 기타,승용,남,22세,상해없음,승용,남,58세,경상
2019091200100259,2019년 9월 12일 13시,목요일,전라남도 무안군 일로읍,경상사고,0,0,3,0,차대차 - 측면충돌,교차로운행방법위반,건조,맑음,교차로 - 교차로안,화물,남,62세,상해없음,승용,남,50세,경상
2019091200100290,2019년 9월 12일 14시,목요일,전라남도 나주시 송월동,중상사고,0,1,4,0,차대차 - 측면충돌,안전운전불이행,건조,맑음,교차로 - 교차로안,승용,여,32세,경상,승용,여,33세,경상
2019091200100291,2019년 9월 12일 14시,목요일,전라남도 고흥군 도양읍,중상사고,0,1,5,0,차대차 - 측면충돌,기타,건조,맑음,교차로 - 교차로안,승합,남,54세,상해없음,승용,남,51세,경상
2019091200100292,2019년 9월 12일 14시,목요일,전라남도 광양시 광양읍,중상사고,0,2,2,0,차대차 - 추돌,안전거리미확보,건조,맑음,기타 - 기타,승합,남,49세,상해없음,승용,남,33세,중상
2019091200100320,2019년 9월 12일 15시,목요일,전라남도 순천시 매곡동,중상사고,0,1,0,0,차대차 - 측면충돌,직진우회전진행방해,건조,맑음,교차로 - 교차로안,이륜,남,77세,중상,승용,남,19세,상해없음
2019091200100321,2019년 9월 12일 15시,목요일,전라남도 영암군 덕진면,경상사고,0,0,4,0,차대차 - 추돌,안전운전불이행,건조,맑음,교차로 - 교차로부근,승용,남,48세,상해없음,승용,여,40세,경상
2019091200100322,2019년 9월 12일 15시,목요일,전라남도 장성군 북이면,경상사고,0,0,1,0,차대차 - 추돌,안전운전불이행,건조,맑음,단일로 - 기타,화물,남,50세,상해없음,승용,남,28세,경상
2019091200100323,2019년 9월 12일 15시,목요일,전라남도 완도군 완도읍,경상사고,0,0,2,0,차대차 - 정면충돌,교차로운행방법위반,건조,맑음,교차로 - 교차로안,승용,남,39세,상해없음,승용,여,59세,경상