사고번호,사고일시,요일,시군구,사고내용,사망자수,중상자수,경상자수,부상신고자수,사고유형,법규위반,노면상태,기상상태,도로형태,가해운전자 차종,가해운전자 성별,가해운전자 연령,가해운전자 상해정도,피해운전자 차종,피해운전자 성별,피해운전자 연령,피해운전자 상해정도
2019092100100041,2019년 9월 21일 00시,토요일,전라남도 순천시 조례동,경상사고,0,0,1,0,차대사람 - 차도통행중,안전운전불이행,건조,맑음,단일로 - 기타,승용,남,68세,상해없음,보행자,남,25세,경상
2019092100100060,2019년 9월 21일 01시,토요일,전라남도 보성군 미력면,경상사고,0,0,1,0,차량단독 - 공작물충돌,안전운전불이행,젖음/습기,비,기타 - 기타,승용,남,46세,경상,,,,
2019092100100090,2019년 9월 21일 03시,토요일,전라남도 여수시 중앙동,경상사고,0,0,2,0,차대차 - 기타,중앙선침범,젖음/습기,비,단일로 - 기타,승용,남,20세,상해없음,승용,남,52세,경상
2019092100100091,2019년 9월 21일 03시,토요일,전라남도 순천시 연향동,경상사고,0,0,1,0,차대차 - 측면충돌,안전운전불이행,건조,맑음,교차로 - 교차로안,승용,남,21세,상해없음,화물,남,32세,경상
2019092100100114,2019년 9월 21일 05시,토요일,전라남도 순천시 조례동,경상사고,0,0,1,0,차대차 - 측면충돌,교차로운행방법위반,건조,맑음,교차로 - 교차로안,승용,여,53세,상해없음,자전거,남,66세,경상
2019092100100115,2019년 9월 21일 05시,토요일,전라남도 화순군 화순읍,경상사고,0,0,3,0,차대차 - 측면충돌,교차로운행방법위반,건조,흐림,교차로 - 교차로안,승용,여,70세,경상,승용,남,65세,경상
2019092100100131,2019년 9월 21일 06시,토요일,전라남도 영광군 영광읍,경상사고,0,0,2,0,차대차 - 측면충돌,기타,젖음/습기,비,교차로 - 교차로안,승용,남,68세,경상,화물,남,56세,경상
2019092100100161,2019년 9월 21일 08시,토요일,전라남도 영광군 영광읍,경상사고,0,0,1,0,차대차 - 기타,직진우회전진행방해,젖음/습기,비,교차로 - 교차로안,승용,여,62세,기타불명,이륜,남,80세,경상
2019092100100162,2019년 9월 21일 08시,토요일,전라남도 영암군 삼호읍,중상사고,0,2,1,0,차대차 - 측면충돌,안전운전불이행,젖음/습기,비,교차로 - 교차로안,승용,남,64세,경상,승용,남,54세,중상
2019092100100187,2019년 9월 21일 09시,토요일,전라남도 목포시 상동,경상사고,0,0,2,0,차대차 - 측면충돌,안전운전불이행,젖음/습기,비,단일로 - 기타,승용,남,25세,상해없음,승용,여,59세,기타불명
2019092100100188,2019년 9월 21일 09시,토요일,전라남도 여수시 신기동,경상사고,0,0,1,0,차대차 - 추돌,안전운전불이행,젖음/습기,비,단일로 - 기타,승용,여,24세,상해없음,승용,여,41세,경상
2019092100100189,2019년 9월 21일 09시,토요일,전라남도 곡성군 입면,경상사고,0,0,2,0,차대차 - 측면충돌,교차로운행방법위반,젖음/습기,비,교차로 - 교차로안,승용,남,52세,경상,화물,남,50세,경상
2019092100100211,2019년 9월 21일 10시,토요일,전라남도 나주시 봉황면,경상사고,0,0,5,1,차대차 - 추돌,안전거리미확보,젖음/습기,비,단일로 - 기타,화물,남,59세,경상,승용,남,64세,경상
2019092100100212,2019년 9월 21일 10시,토요일,전라남도 영암군 삼호읍,경상사고,0,0,1,0,차대차 - 추돌,안전운전불이행,젖음/습기,비,교차로 - 교차로안,특수,남,40세,기타불명,승용,여,33세,경상
2019092100100243,2019년 9월 21일 11시,토요일,전라남도 영광군 영광읍,경상사고,0,0,1,0,차량단독 - 전도전복 - 전도,안전운전불이행,젖음/습기,비,단일로 - 기타,원동기,남,75세,경상,,,,
2019092100100244,2019년 9월 21일 11시,토요일,전라남도 곡성군 입면,중상사고,0,3,3,0,차량단독 - 공작물충돌,과속,젖음/습기,비,단일로 - 기타,승합,남,57세,상해없음,,,,
2019092100100360,2019년 9월 21일 14시,토요일,전라남도 여수시 신월동,경상사고,0,0,3,0,차대차 - 측면충돌,안전운전불이행,건조,맑음,단일로 - 기타,화물,남,71세,상해없음,승용,여,28세,경상
2019092100100361,2019년 9월 21일 14시,토요일,전라남도 장흥군 용산면,경상사고,0,0,2,0,차대차 - 측면충돌,안전운전불이행,젖음/습기,비,단일로 - 기타,승용,남,49세,경상,화물,남,54세,상해없음
2019092100100433,2019년 9월 21일 16시,토요일,전라남도 목포시 상동,경상사고,0,0,3,0,차대차 - 측면충돌,안전운전불이행,젖음/습기,비,단일로 - 기타,승용,남,54세,상해없음,승합,남,52세,경상
2019092100100434,2019년 9월 21일 16시,토요일,전라남도 여수시 신기동,중상사고,0,1,0,0,차대사람 - 횡단중,안전운전불이행,젖음/습기,비,교차로 - 교차로횡단보도내,승용,남,56세,상해없음,보행자,남,83세,중상
2019092100100467,2019년 9월 21일 17시,토요일,전라남도 영암군 미암면,경상사고,0,0,1,0,차대차 - 측면충돌,신호위반,젖음/습기,비,교차로 - 교차로안,화물,남,68세,상해없음,승용,남,60세,경상
2019092100100468,2019년 9월 21일 17시,토요일,전라남도 광양시 진상면,경상사고,0,0,1,0,차대차 - 정면충돌,중앙선침범,젖음/습기,비,단일로 - 기타,화물,남,54세,상해없음,승용,남,54세,경상
2019092100100516,2019년 9월 21일 18시,토요일,전라남도 순천시 연향동,경상사고,0,0,1,0,차대차 - 측면충돌,차로위반,젖음/습기,비,교차로 - 교차로안,승합,남,62세,상해없음,승용,여,71세,경상
2019092100100517,2019년 9월 21일 18시,토요일,전라남도 화순군 화순읍,경상사고,0,0,1,0,차대차 - 추돌,안전운전불이행,젖음/습기,비,단일로 - 고가도로위,승용,여,52세,상해없음,승용,여,58세,경상
2019092100100574,2019년 9월 21일 19시,토요일,전라남도 여수시 웅천동,경상사고,0,0,1,0,차대차 - 추돌,안전운전불이행,젖음/습기,비,교차로 - 교차로부근,승용,남,31세,상해없음,승용,남,28세,경상
2019092100100575,2019년 9월 21일 19시,토요일,전라남도 나주시 금성동,경상사고,0,0,1,0,차대사람 - 횡단중,신호위반,젖음/습기,비,교차로 - 교차로횡단보도내,이륜,남,36세,상해없음,보행자,여,32세,경상
2019092100100576,2019년 9월 21일 19시,토요일,전라남도 무안군 현경면,경상사고,0,0,2,0,차대차 - 정면충돌,안전운전불이행,젖음/습기,비,단일로 - 기타,승용,남,68세,상해없음,승용,여,28세,경상
2019092100100577,2019년 9월 21일 19시,토요일,전라남도 광양시 중동,중상사고,0,1,0,0,차대사람 - 보도통행중,안전운전불이행,젖음/습기,비,교차로 - 교차로부근,원동기,남,22세,상해없음,보행자,여,56세,중상
2019092100100628,2019년 9월 21일 20시,토요일,전라남도 목포시 상동,경상사고,0,0,2,0,차대차 - 정면충돌,중앙선침범,건조,맑음,기타 - 기타,승용,여,25세,경상,승용,남,30세,경상
2019092100100629,2019년 9월 21일 20시,토요일,전라남도 구례군 산동면,중상사고,0,1,14,0,차대차 - 추돌,안전운전불이행,적설,비,기타 - 기타,화물,남,62세,경상,승합,남,61세,경상
2019092100100674,2019년 9월 21일 21시,토요일,전라남도 목포시 죽교동,경상사고,0,0,1,0,차대차 - 추돌,안전운전불이행,젖음/습기,비,교차로 - 교차로안,승용,남,51세,상해없음,승용,남,30세,경상
2019092100100675,2019년 9월 21일 21시,토요일,전라남도 무안군 삼향읍,경상사고,0,0,2,0,차대차 - 측면충돌,신호위반,젖음/습기,비,교차로 - 교차로안,승용,남,52세,상해없음,승용,여,32세,경상
2019092100100676,2019년 9월 21일 21시,토요일,전라남도 광양시 중동,경상사고,0,0,2,0,차대차 - 측면충돌,중앙선침범,젖음/습기,비,단일로 - 기타,승용,남,57세,상해없음,승용,남,27세,경상
2019092100100711,2019년 9월 21일 22시,토요일,전라남도 목포시 옥암동,중상사고,0,1,1,0,차량단독 - 공작물충돌,안전운전불이행,젖음/습기,비,기타 - 기타,승용,남,27세,중상,,,,
2019092100100712,2019년 9월 21일 22시,토요일,전라남도 순천시 석현동,중상사고,0,1,0,0,차대차 - 기타,안전운전불이행,건조,흐림,단일로 - 기타,승용,여,37세,상해없음,승용,남,42세,중상
2019092100100733,2019년 9월 21일 23시,토요일,전라남도 광양시 광양읍,중상사고,0,1,0,0,차대사람 - 기타,안전운전불이행,젖음/습기,비,교차로 - 교차로부근,승용,남,62세,상해없음,보행자,남,25세,중상
2019092200100032,2019년 9월 22일 00시,일요일,전라남도 목포시 옥암동,경상사고,0,0,2,0,차대차 - 측면충돌,교차로운행방법위반,젖음/습기,비,교차로 - 교차로안,승용,남,43세,경상,승용,남,52세,경상
2019092200100109,2019년 9월 22일 05시,일요일,전라남도 목포시 상동,경상사고,0,0,2,0,차대차 - 측면충돌,직진우회전진행방해,젖음/습기,비,교차로 - 교차로안,승용,남,60세,경상,화물,남,58세,경상
2019092200100110,2019년 9월 22일 05시,일요일,전라남도 담양군 대전면,경상사고,0,0,1,0,차량단독 - 공작물충돌,안전운전불이행,젖음/습기,비,교차로 - 교차로부근,승용,여,24세,경상,,,,
2019092200100124,2019년 9월 22일 07시,일요일,전라남도 순천시 해룡면,경상사고,0,0,2,0,차대차 - 측면충돌,안전운전불이행,젖음/습기,비,단일로 - 기타,승용,남,32세,경상,승용,남,24세,상해없음
2019092200100136,2019년 9월 22일 08시,일요일,전라남도 강진군 군동면,경상사고,0,0,1,0,차량단독 - 공작물충돌,안전운전불이행,젖음/습기,비,단일로 - 기타,승용,남,27세,경상,,,,
2019092200100166,2019년 9월 22일 10시,일요일,전라남도 순천시 연향동,경상사고,0,0,1,0,차대차 - 기타,직진우회전진행방해,건조,맑음,교차로 - 교차로안,승용,남,75세,경상,승용,여,65세,상해없음
2019092200100206,2019년 9월 22일 12시,일요일,전라남도 여수시 교동,경상사고,0,0,2,0,차대차 - 측면충돌,교차로운행방법위반,젖음/습기,흐림,교차로 - 교차로안,승용,여,23세,기타불명,승용,남,20세,경상
2019092200100207,2019년 9월 22일 12시,일요일,전라남도 진도군 진도읍,경상사고,0,0,1,0,차대차 - 측면충돌,교차로운행방법위반,건조,맑음,교차로 - 교차로안,승용,여,42세,상해없음,이륜,남,18세,경상
2019092200100230,2019년 9월 22일 13시,일요일,전라남도 순천시 덕암동,경상사고,0,0,1,0,차대차 - 기타,중앙선침범,젖음/습기,비,단일로 - 기타,원동기,남,76세,경상,승용,남,60세,상해없음
2019092200100260,2019년 9월 22일 14시,일요일,전라남도 순천시 해룡면,중상사고,0,1,1,0,차대차 - 측면충돌,교차로운행방법위반,젖음/습기,비,교차로 - 교차로안,승용,여,59세,상해없음,승용,남,47세,중상
2019092200100261,2019년 9월 22일 14시,일요일,전라남도 고흥군 고흥읍,중상사고,0,1,0,0,차대사람 - 기타,안전운전불이행,젖음/습기,비,단일로 - 기타,화물,남,57세,상해없음,보행자,남,42세,중상
2019092200100285,2019년 9월 22일 15시,일요일,전라남도 영광군 영광읍,경상사고,0,0,1,0,차대차 - 정면충돌,중앙선침범,젖음/습기,비,단일로 - 기타,승용,남,59세,상해없음,승용,남,47세,경상
2019092200100307,2019년 9월 22일 16시,일요일,전라남도 순천시 조례동,경상사고,0,0,2,0,차대차 - 기타,직진우회전진행방해,젖음/습기,비,교차로 - 교차로안,승용,여,45세,경상,승용,남,64세,경상
2019092200100339,2019년 9월 22일 17시,일요일,전라남도 나주시 남평읍,경상사고,0,0,6,0,차대차 - 측면충돌,직진우회전진행방해,건조,맑음,교차로 - 교차로안,승용,남,61세,경상,승용,남,31세,경상
2019092200100340,2019년 9월 22일 17시,일요일,전라남도 고흥군 고흥읍,경상사고,0,0,2,0,차대차 - 측면충돌,안전운전불이행,젖음/습기,비,교차로 - 교차로안,화물,남,46세,경상,승용,여,33세,경상
2019092200100397,2019년 9월 22일 19시,일요일,전라남도 순천시 연향동,경상사고,0,0,2,0,차대차 - 정면충돌,신호위반,건조,맑음,교차로 - 교차로안,이륜,남,20세,경상,화물,남,63세,경상
2019092200100398,2019년 9월 22일 19시,일요일,전라남도 곡성군 삼기면,경상사고,0,0,1,1,차대차 - 측면충돌,안전운전불이행,젖음/습기,비,교차로 - 교차로안,승용,남,29세,부상신고,승용,남,52세,경상
2019092200100432,2019년 9월 22일 20시,일요일,전라남도 여수시 만흥동,경상사고,0,0,2,0,차대차 - 측면충돌,중앙선침범,젖음/습기,비,교차로 - 교차로부근,승용,남,58세,상해없음,승용,남,27세,경상
2019092200100467,2019년 9월 22일 21시,일요일,전라남도 목포시 산정동,경상사고,0,0,1,0,차대차 - 기타,신호위반,건조,맑음,교차로 - 교차로안,기타불명,기타불명,미분류,기타불명,승용,남,23세,경상
2019092200100468,2019년 9월 22일 21시,일요일,전라남도 목포시 연산동,중상사고,0,1,1,0,차대차 - 추돌,안전운전불이행,건조,맑음,교차로 - 교차로안,이륜,남,17세,상해없음,승용,남,23세,경상
2019092200100469,2019년 9월 22일 21시,일요일,전라남도 영암군 삼호읍,경상사고,0,0,1,0,차대차 - 추돌,안전운전불이행,건조,맑음,단일로 - 기타,승용,여,51세,경상,화물,남,58세,상해없음
2019092200100506,2019년 9월 22일 23시,일요일,전라남도 나주시 빛가람동,경상사고,0,0,1,0,차대차 - 추돌,안전운전불이행,건조,맑음,교차로 - 교차로부근,승용,여,35세,상해없음,승용,여,59세,경상
2019092300100077,2019년 9월 23일 06시,월요일,전라남도 여수시 여서동,경상사고,0,0,1,0,차대사람 - 차도통행중,안전운전불이행,건조,맑음,교차로 - 교차로부근,승용,남,62세,상해없음,보행자,남,8세,경상
2019092300100100,2019년 9월 23일 07시,월요일,전라남도 장성군 남면,경상사고,0,0,1,0,차대차 - 측면충돌,신호위반,건조,맑음,교차로 - 교차로안,승용,여,50세,상해없음,승용,여,72세,경상
2019092300100182,2019년 9월 23일 09시,월요일,전라남도 순천시 장천동,중상사고,0,1,0,0,차대사람 - 횡단중,신호위반,건조,맑음,교차로 - 교차로횡단보도내,승용,남,36세,상해없음,보행자,여,76세,중상
2019092300100183,2019년 9월 23일 09시,월요일,전라남도 고흥군 도덕면,경상사고,0,0,1,0,차대차 - 기타,안전운전불이행,건조,맑음,교차로 - 교차로안,이륜,남,73세,경상,승용,남,76세,상해없음
2019092300100222,2019년 9월 23일 10시,월요일,전라남도 목포시 용해동,경상사고,0,0,4,0,차대차 - 측면충돌,신호위반,건조,맑음,교차로 - 교차로부근,승용,남,43세,기타불명,승용,남,48세,경상
2019092300100223,2019년 9월 23일 10시,월요일,전라남도 나주시 산포면,경상사고,0,0,1,0,차대차 - 측면충돌,안전운전불이행,건조,맑음,교차로 - 교차로안,이륜,남,85세,경상,화물,남,50세,상해없음
2019092300100224,2019년 9월 23일 10시,월요일,전라남도 강진군 성전면,중상사고,0,1,0,0,차대차 - 측면충돌,직진우회전진행방해,건조,맑음,교차로 - 교차로안,농기계,남,80세,중상,화물,남,73세,상해없음
2019092300100253,2019년 9월 23일 11시,월요일,전라남도 광양시 옥곡면,사망사고,1,0,0,0,차대차 - 측면충돌,안전운전불이행,젖음/습기,비,단일로 - 기타,승용,여,59세,사망,화물,남,49세,기타불명
2019092300100277,2019년 9월 23일 12시,월요일,전라남도 목포시 옥암동,경상사고,0,0,1,0,차대차 - 측면충돌,안전운전불이행,건조,맑음,교차로 - 교차로안,화물,남,64세,상해없음,승용,남,29세,경상
2019092300100278,2019년 9월 23일 12시,월요일,전라남도 순천시 조례동,중상사고,0,1,0,0,차대차 - 측면충돌,안전운전불이행,건조,맑음,교차로 - 교차로부근,승용,남,31세,상해없음,이륜,남,29세,중상
2019092300100314,2019년 9월 23일 13시,월요일,전라남도 순천시 해룡면,경상사고,0,0,1,0,차대차 - 측면충돌,안전거리미확보,건조,맑음,교차로 - 교차로부근,승용,남,48세,기타불명,화물,남,35세,경상
2019092300100315,2019년 9월 23일 13시,월요일,전라남도 완도군 완도읍,경상사고,0,0,3,0,차대차 - 측면충돌,중앙선침범,건조,맑음,교차로 - 교차로부근,승용,남,77세,경상,승용,남,40세,경상
2019092300100348,2019년 9월 23일 14시,월요일,전라남도 순천시 조례동,경상사고,0,0,1,0,차대차 - 기타,안전운전불이행,건조,맑음,단일로 - 기타,이륜,남,23세,상해없음,이륜,남,23세,경상
2019092300100349,2019년 9월 23일 14시,월요일,전라남도 고흥군 두원면,사망사고,1,1,0,0,차대차 - 추돌,안전운전불이행,건조,맑음,단일로 - 기타,화물,남,32세,사망,화물,남,50세,상해없음
2019092300100386,2019년 9월 23일 15시,월요일,전라남도 신안군 압해읍,경상사고,0,0,1,0,차대차 - 기타,과속,건조,맑음,교차로 - 교차로안,화물,남,41세,상해없음,승용,남,45세,경상
2019092300100387,2019년 9월 23일 15시,월요일,전라남도 보성군 보성읍,경상사고,0,0,1,0,차대차 - 측면충돌,안전운전불이행,건조,맑음,단일로 - 기타,승용,여,46세,상해없음,이륜,남,76세,경상
2019092300100458,2019년 9월 23일 17시,월요일,전라남도 순천시 연향동,경상사고,0,0,3,1,차대차 - 측면충돌,직진우회전진행방해,건조,맑음,교차로 - 교차로안,화물,남,53세,부상신고,승용,여,36세,경상
2019092300100509,2019년 9월 23일 18시,월요일,전라남도 무안군 무안읍,중상사고,0,1,0,0,차대사람 - 기타,안전운전불이행,건조,맑음,교차로 - 교차로부근,화물,남,60세,상해없음,보행자,남,60세,중상
2019092300100549,2019년 9월 23일 19시,월요일,전라남도 나주시 남평읍,경상사고,0,0,3,0,차대차 - 측면충돌,중앙선침범,건조,맑음,교차로 - 교차로안,승용,남,40세,경상,승용,여,60세,경상
2019092300100595,2019년 9월 23일 20시,월요일,전라남도 목포시 대의동3가,경상사고,0,0,4,0,차대차 - 기타,기타,건조,맑음,교차로 - 교차로안,승용,남,22세,경상,승용,남,23세,경상
2019092300100596,2019년 9월 23일 20시,월요일,전라남도 여수시 소라면,경상사고,0,0,2,0,차대차 - 측면충돌,신호위반,건조,맑음,교차로 - 교차로안,승용,여,29세,상해없음,승용,여,28세,경상
2019092300100646,2019년 9월 23일 22시,월요일,전라남도 광양시 마동,경상사고,0,0,1,0,차대사람 - 기타,안전운전불이행,건조,맑음,단일로 - 기타,승용,여,45세,상해없음,보행자,남,49세,경상
2019092300100673,2019년 9월 23일 23시,월요일,전라남도 목포시 상동,중상사고,0,1,0,0,차대차 - 측면충돌,신호위반,건조,맑음,교차로 - 교차로안,승용,남,54세,상해없음,이륜,남,47세,중상
2019092400100051,2019년 9월 24일 02시,화요일,전라남도 나주시 삼영동,중상사고,0,1,0,0,차량단독 - 기타,안전운전불이행,건조,맑음,단일로 - 기타,승용,남,45세,중상,,,,
2019092400100058,2019년 9월 24일 03시,화요일,전라남도 순천시 덕암동,중상사고,0,1,0,0,차량단독 - 기타,안전운전불이행,건조,맑음,단일로 - 기타,승용,남,39세,상해없음,,,,
2019092400100074,2019년 9월 24일 05시,화요일,전라남도 목포시 연산동,경상사고,0,0,3,0,차대차 - 추돌,안전운전불이행,건조,맑음,단일로 - 기타,승용,남,64세,경상,승용,남,59세,경상
2019092400100087,2019년 9월 24일 06시,화요일,전라남도 신안군 압해읍,중상사고,0,1,0,0,차대차 - 기타,안전운전불이행,건조,맑음,교차로 - 교차로안,화물,남,60세,상해없음,농기계,남,55세,중상
2019092400100088,2019년 9월 24일 06시,화요일,전라남도 순천시 조례동,경상사고,0,0,2,0,차대차 - 측면충돌,신호위반,건조,맑음,교차로 - 교차로안,승용,남,75세,경상,승용,여,23세,경상
2019092400100118,2019년 9월 24일 07시,화요일,전라남도 영광군 영광읍,경상사고,0,0,2,0,차대차 - 측면충돌,직진우회전진행방해,건조,맑음,교차로 - 교차로안,승용,여,60세,경상,승용,남,42세,경상
2019092400100119,2019년 9월 24일 07시,화요일,전라남도 영암군 신북면,경상사고,0,0,3,0,차대차 - 정면충돌,안전운전불이행,건조,맑음,단일로 - 기타,화물,남,70세,경상,화물,남,50세,경상
2019092400100120,2019년 9월 24일 07시,화요일,전라남도 담양군 대전면,경상사고,0,0,1,0,차대차 - 추돌,안전운전불이행,건조,맑음,단일로 - 기타,승합,남,19세,상해없음,승합,남,63세,경상
2019092400100157,2019년 9월 24일 08시,화요일,전라남도 해남군 옥천면,중상사고,0,1,1,0,차대차 - 정면충돌,중앙선침범,건조,맑음,단일로 - 기타,승용,남,66세,중상,승용,여,27세,경상
2019092400100227,2019년 9월 24일 10시,화요일,전라남도 목포시 호남동,경상사고,0,0,1,0,차대차 - 기타,신호위반,건조,맑음,교차로 - 교차로안,이륜,남,76세,경상,승용,남,59세,상해없음
2019092400100228,2019년 9월 24일 10시,화요일,전라남도 영광군 영광읍,중상사고,0,1,0,0,차대차 - 측면충돌,안전운전불이행,건조,맑음,단일로 - 기타,자전거,여,66세,중상,화물,남,43세,상해없음
2019092400100229,2019년 9월 24일 10시,화요일,전라남도 장성군 장성읍,경상사고,0,0,5,0,차대차 - 기타,안전운전불이행,건조,맑음,단일로 - 기타,승용,여,51세,상해없음,승용,여,63세,경상
2019092400100271,2019년 9월 24일 11시,화요일,전라남도 목포시 상동,경상사고,0,0,1,0,차대사람 - 기타,보행자보호의무위반,건조,맑음,교차로 - 교차로횡단보도내,승합,남,68세,상해없음,보행자,남,65세,경상
2019092400100303,2019년 9월 24일 12시,화요일,전라남도 목포시 상동,중상사고,0,1,0,0,차대사람 - 보도통행중,기타,건조,맑음,단일로 - 기타,승용,남,28세,상해없음,보행자,남,26세,중상
2019092400100304,2019년 9월 24일 12시,화요일,전라남도 광양시 광양읍,중상사고,0,1,0,0,차대차 - 측면충돌,교차로운행방법위반,건조,맑음,교차로 - 교차로안,원동기,남,76세,중상,승용,남,71세,상해없음
2019092400100349,2019년 9월 24일 13시,화요일,전라남도 목포시 상동,경상사고,0,0,1,0,차대차 - 정면충돌,안전운전불이행,건조,맑음,단일로 - 기타,화물,남,32세,상해없음,이륜,남,36세,경상
2019092400100350,2019년 9월 24일 13시,화요일,전라남도 구례군 구례읍,경상사고,0,0,1,0,차대사람 - 기타,안전운전불이행,건조,맑음,단일로 - 기타,이륜,남,87세,상해없음,보행자,여,68세,경상
2019092400100378,2019년 9월 24일 14시,화요일,전라남도 여수시 미평동,경상사고,0,0,1,0,차량단독 - 기타,안전운전불이행,건조,맑음,단일로 - 기타,승합,남,54세,상해없음,,,,
2019092400100379,2019년 9월 24일 14시,화요일,전라남도 고흥군 동강면,경상사고,0,0,1,0,차대차 - 측면충돌,교차로운행방법위반,건조,맑음,교차로 - 교차로부근,화물,남,72세,상해없음,이륜,남,60세,경상
2019092400100380,2019년 9월 24일 14시,화요일,전라남도 화순군 북면,경상사고,0,0,1,0,차량단독 - 기타,안전운전불이행,건조,맑음,기타 - 기타,농기계,남,70세,경상,,,,
2019092400100435,2019년 9월 24일 15시,화요일,전라남도 순천시 연향동,경상사고,0,0,1,0,차대차 - 후진중충돌,안전운전불이행,건조,맑음,교차로 - 교차로부근,승용,남,54세,상해없음,원동기,남,23세,경상
2019092400100487,2019년 9월 24일 16시,화요일,전라남도 광양시 광양읍,경상사고,0,0,1,0,차대차 - 기타,신호위반,건조,맑음,단일로 - 기타,승용,여,52세,상해없음,승용,남,39세,경상
2019092400100585,2019년 9월 24일 18시,화요일,전라남도 여수시 교동,경상사고,0,0,1,0,차대차 - 기타,차로위반,건조,맑음,단일로 - 기타,승용,남,49세,상해없음,승용,남,68세,경상
2019092400100586,2019년 9월 24일 18시,화요일,전라남도 광양시 진월면,중상사고,0,1,1,0,차대차 - 추돌,안전운전불이행,건조,맑음,단일로 - 기타,이륜,남,72세,중상,자전거,여,63세,경상
2019092400100682,2019년 9월 24일 20시,화요일,전라남도 고흥군 도양읍,중상사고,0,1,0,0,차대차 - 추돌,안전운전불이행,건조,맑음,단일로 - 기타,승합,남,34세,중상,화물,남,68세,상해없음
2019092400100711,2019년 9월 24일 21시,화요일,전라남도 목포시 상동,경상사고,0,0,1,0,차대차 - 기타,안전운전불이행,건조,맑음,단일로 - 기타,승용,남,33세,상해없음,승용,남,38세,경상
2019092400100712,2019년 9월 24일 21시,화요일,전라남도 목포시 산정동,중상사고,0,3,1,0,차대사람 - 횡단중,보행자보호의무위반,건조,맑음,교차로 - 교차로횡단보도내,승용,남,56세,상해없음,보행자,여,60세,중상
2019092400100713,2019년 9월 24일 21시,화요일,전라남도 장흥군 장흥읍,중상사고,0,1,0,0,차대차 - 측면충돌,중앙선침범,건조,맑음,단일로 - 교량,이륜,남,68세,중상,승용,남,36세,상해없음
2019092400100714,2019년 9월 24일 21시,화요일,전라남도 장흥군 장흥읍,경상사고,0,0,1,0,차대차 - 측면충돌,교차로운행방법위반,건조,맑음,교차로 - 교차로안,승용,남,37세,상해없음,자전거,남,16세,경상
2019092400100751,2019년 9월 24일 23시,화요일,전라남도 목포시 상동,경상사고,0,0,3,0,차대차 - 측면충돌,신호위반,건조,맑음,교차로 - 교차로안,승용,남,22세,상해없음,승용,남,55세,경상
2019092500100038,2019년 9월 25일 00시,수요일,전라남도 나주시 삼영동,경상사고,0,0,1,0,차량단독 - 공작물충돌,안전운전불이행,건조,맑음,단일로 - 기타,원동기,남,54세,경상,,,,
2019092500100097,2019년 9월 25일 06시,수요일,전라남도 장흥군 부산면,경상사고,0,0,1,0,차량단독 - 도로외이탈 - 기타,안전운전불이행,건조,맑음,단일로 - 기타,화물,남,47세,경상,,,,
2019092500100112,2019년 9월 25일 07시,수요일,전라남도 목포시 상동,경상사고,0,0,2,0,차대차 - 측면충돌,차로위반,건조,맑음,단일로 - 기타,화물,남,51세,경상,승용,남,41세,경상
2019092500100149,2019년 9월 25일 08시,수요일,전라남도 장흥군 장흥읍,경상사고,0,0,1,0,차대차 - 측면충돌,직진우회전진행방해,건조,맑음,교차로 - 교차로안,승용,여,24세,상해없음,승용,여,69세,경상
2019092500100150,2019년 9월 25일 08시,수요일,전라남도 강진군 마량면,경상사고,0,0,1,0,차대차 - 측면충돌,안전운전불이행,건조,맑음,교차로 - 교차로안,이륜,남,72세,경상,승용,남,37세,상해없음
2019092500100238,2019년 9월 25일 10시,수요일,전라남도 신안군 압해읍,경상사고,0,0,2,0,차대차 - 측면충돌,안전운전불이행,건조,맑음,교차로 - 교차로안,승용,남,34세,경상,승합,남,58세,경상
2019092500100239,2019년 9월 25일 10시,수요일,전라남도 영암군 삼호읍,중상사고,0,1,1,0,차대차 - 측면충돌,안전운전불이행,건조,맑음,단일로 - 기타,원동기,남,80세,중상,승용,여,50세,경상
2019092500100268,2019년 9월 25일 11시,수요일,전라남도 해남군 해남읍,경상사고,0,0,1,0,차대사람 - 기타,안전운전불이행,건조,맑음,단일로 - 기타,화물,남,54세,상해없음,보행자,남,85세,경상
2019092500100298,2019년 9월 25일 12시,수요일,전라남도 강진군 강진읍,중상사고,0,1,0,0,차대사람 - 기타,안전운전불이행,건조,맑음,교차로 - 교차로부근,승용,여,50세,상해없음,보행자,여,51세,중상
2019092500100324,2019년 9월 25일 13시,수요일,전라남도 목포시 옥암동,경상사고,0,0,1,0,차대차 - 기타,안전거리미확보,건조,맑음,교차로 - 교차로안,승용,여,56세,상해없음,화물,남,69세,상해없음
2019092500100357,2019년 9월 25일 14시,수요일,전라남도 목포시 산정동,경상사고,0,0,1,0,차대차 - 측면충돌,안전운전불이행,건조,맑음,단일로 - 기타,승용,남,25세,경상,화물,남,69세,상해없음
2019092500100358,2019년 9월 25일 14시,수요일,전라남도 순천시 조례동,경상사고,0,0,1,0,차대차 - 후진중충돌,안전운전불이행,건조,맑음,교차로 - 교차로안,승용,남,59세,상해없음,승용,남,33세,경상
2019092500100396,2019년 9월 25일 15시,수요일,전라남도 목포시 용해동,경상사고,0,0,2,1,차대차 - 측면충돌,차로위반,건조,맑음,단일로 - 기타,화물,남,52세,부상신고,승용,여,44세,경상