사고번호,사고일시,요일,시군구,사고내용,사망자수,중상자수,경상자수,부상신고자수,사고유형,법규위반,노면상태,기상상태,도로형태,가해운전자 차종,가해운전자 성별,가해운전자 연령,가해운전자 상해정도,피해운전자 차종,피해운전자 성별,피해운전자 연령,피해운전자 상해정도
2019092500100481,2019년 9월 25일 17시,수요일,전라남도 목포시 용당동,경상사고,0,0,2,0,차대차 - 측면충돌,교차로운행방법위반,건조,맑음,교차로 - 교차로안,승용,남,25세,상해없음,승용,남,42세,경상
2019092500100482,2019년 9월 25일 17시,수요일,전라남도 목포시 산정동,경상사고,0,0,1,0,차대사람 - 기타,안전운전불이행,건조,맑음,단일로 - 기타,화물,남,75세,상해없음,보행자,남,55세,경상
2019092500100483,2019년 9월 25일 17시,수요일,전라남도 여수시 소라면,경상사고,0,0,4,0,차대차 - 측면충돌,신호위반,건조,맑음,교차로 - 교차로안,승용,남,47세,상해없음,승용,남,74세,경상
2019092500100484,2019년 9월 25일 17시,수요일,전라남도 나주시 남평읍,중상사고,0,1,1,0,차대차 - 측면충돌,안전운전불이행,건조,맑음,교차로 - 교차로안,이륜,남,80세,중상,승용,여,37세,경상
2019092500100485,2019년 9월 25일 17시,수요일,전라남도 고흥군 고흥읍,경상사고,0,0,1,0,차대차 - 측면충돌,안전운전불이행,건조,맑음,단일로 - 기타,자전거,남,15세,경상,승용,남,73세,상해없음
2019092500100486,2019년 9월 25일 17시,수요일,전라남도 장성군 남면,경상사고,0,0,1,0,차대차 - 추돌,안전운전불이행,건조,맑음,단일로 - 기타,승용,남,30세,상해없음,승용,남,39세,경상
2019092500100535,2019년 9월 25일 18시,수요일,전라남도 순천시 서면,경상사고,0,0,3,2,차대차 - 기타,안전거리미확보,건조,맑음,단일로 - 기타,승용,남,51세,경상,승용,남,69세,경상
2019092500100586,2019년 9월 25일 19시,수요일,전라남도 여수시 학동,중상사고,0,1,0,0,차대차 - 기타,차로위반,건조,맑음,단일로 - 기타,승용,여,56세,상해없음,승합,남,49세,상해없음
2019092500100624,2019년 9월 25일 20시,수요일,전라남도 목포시 옥암동,경상사고,0,0,1,0,차대차 - 측면충돌,안전운전불이행,건조,맑음,교차로 - 교차로횡단보도내,자전거,남,66세,상해없음,승용,남,38세,상해없음
2019092500100625,2019년 9월 25일 20시,수요일,전라남도 장성군 북이면,경상사고,0,0,1,0,차대사람 - 기타,안전운전불이행,건조,맑음,단일로 - 기타,기타불명,기타불명,미분류,기타불명,보행자,남,47세,경상
2019092500100661,2019년 9월 25일 21시,수요일,전라남도 고흥군 과역면,경상사고,0,0,3,0,차대차 - 추돌,안전운전불이행,건조,맑음,단일로 - 기타,화물,남,53세,경상,화물,여,47세,경상
2019092500100662,2019년 9월 25일 21시,수요일,전라남도 화순군 화순읍,경상사고,0,0,1,0,차대사람 - 횡단중,안전운전불이행,건조,맑음,교차로 - 교차로안,승용,남,42세,상해없음,보행자,남,7세,경상
2019092600100039,2019년 9월 26일 01시,목요일,전라남도 순천시 연향동,경상사고,0,0,3,0,차대차 - 측면충돌,교차로운행방법위반,건조,맑음,교차로 - 교차로안,승용,남,34세,상해없음,승용,남,57세,경상
2019092600100076,2019년 9월 26일 06시,목요일,전라남도 나주시 빛가람동,중상사고,0,1,0,0,차대차 - 측면충돌,안전운전불이행,건조,맑음,단일로 - 기타,승용,남,34세,상해없음,자전거,남,76세,중상
2019092600100077,2019년 9월 26일 06시,목요일,전라남도 강진군 병영면,중상사고,0,1,0,0,차량단독 - 기타,안전운전불이행,건조,맑음,단일로 - 기타,이륜,남,77세,중상,,,,
2019092600100096,2019년 9월 26일 07시,목요일,전라남도 목포시 상동,경상사고,0,0,2,0,차대차 - 기타,안전운전불이행,건조,맑음,기타 - 기타,승용,여,56세,경상,승용,남,67세,경상
2019092600100097,2019년 9월 26일 07시,목요일,전라남도 순천시 별량면,경상사고,0,0,1,0,차대사람 - 차도통행중,안전운전불이행,건조,맑음,단일로 - 기타,화물,남,50세,상해없음,보행자,남,70세,경상
2019092600100098,2019년 9월 26일 07시,목요일,전라남도 영광군 영광읍,경상사고,0,0,2,0,차대차 - 측면충돌,직진우회전진행방해,건조,맑음,교차로 - 교차로안,승합,남,48세,경상,승용,여,56세,경상
2019092600100099,2019년 9월 26일 07시,목요일,전라남도 장성군 진원면,경상사고,0,0,2,0,차대차 - 추돌,안전운전불이행,건조,맑음,단일로 - 기타,승용,남,65세,상해없음,승용,남,50세,경상
2019092600100129,2019년 9월 26일 08시,목요일,전라남도 나주시 노안면,경상사고,0,0,4,0,차대차 - 측면충돌,직진우회전진행방해,건조,맑음,교차로 - 교차로안,승용,남,77세,경상,승용,남,35세,경상
2019092600100130,2019년 9월 26일 08시,목요일,전라남도 완도군 완도읍,경상사고,0,0,1,0,차량단독 - 공작물충돌,안전운전불이행,건조,맑음,단일로 - 기타,승용,남,46세,경상,,,,
2019092600100131,2019년 9월 26일 08시,목요일,전라남도 무안군 청계면,경상사고,0,0,2,0,차대차 - 측면충돌,직진우회전진행방해,건조,맑음,교차로 - 교차로안,승용,남,52세,경상,자전거,여,66세,경상
2019092600100162,2019년 9월 26일 09시,목요일,전라남도 해남군 해남읍,중상사고,0,1,0,0,차대사람 - 차도통행중,안전운전불이행,건조,맑음,단일로 - 기타,승용,남,71세,상해없음,보행자,여,84세,중상
2019092600100163,2019년 9월 26일 09시,목요일,전라남도 강진군 성전면,경상사고,0,0,2,0,차대차 - 측면충돌,과속,건조,맑음,단일로 - 기타,승용,여,23세,상해없음,승용,여,47세,경상
2019092600100195,2019년 9월 26일 10시,목요일,전라남도 신안군 흑산면,경상사고,0,0,3,0,차대차 - 측면충돌,안전운전불이행,건조,맑음,기타 - 기타,승용,남,61세,경상,화물,남,61세,경상
2019092600100196,2019년 9월 26일 10시,목요일,전라남도 광양시 광영동,경상사고,0,0,1,0,차대차 - 기타,안전거리미확보,건조,맑음,단일로 - 기타,승용,남,40세,경상,승용,여,43세,상해없음
2019092600100229,2019년 9월 26일 11시,목요일,전라남도 목포시 용당동,경상사고,0,0,1,0,차대차 - 기타,안전운전불이행,건조,맑음,단일로 - 기타,승용,남,55세,상해없음,승용,남,54세,경상
2019092600100230,2019년 9월 26일 11시,목요일,전라남도 목포시 상동,경상사고,0,0,1,0,차대사람 - 횡단중,보행자보호의무위반,건조,맑음,단일로 - 기타,기타불명,기타불명,미분류,기타불명,보행자,여,13세,경상
2019092600100264,2019년 9월 26일 12시,목요일,전라남도 순천시 용당동,경상사고,0,0,1,0,차대차 - 측면충돌,안전운전불이행,건조,맑음,단일로 - 기타,승용,남,50세,상해없음,승용,여,39세,경상
2019092600100265,2019년 9월 26일 12시,목요일,전라남도 보성군 득량면,중상사고,0,1,0,0,차대차 - 측면충돌,직진우회전진행방해,건조,맑음,교차로 - 교차로안,이륜,남,51세,중상,화물,남,28세,상해없음
2019092600100266,2019년 9월 26일 12시,목요일,전라남도 광양시 광양읍,경상사고,0,0,2,0,차대차 - 측면충돌,직진우회전진행방해,건조,맑음,교차로 - 교차로안,승용,여,53세,경상,승용,남,52세,경상
2019092600100267,2019년 9월 26일 12시,목요일,전라남도 광양시 중동,중상사고,0,1,0,0,차대차 - 기타,안전운전불이행,건조,맑음,교차로 - 교차로횡단보도내,이륜,남,49세,중상,승용,남,53세,상해없음
2019092600100268,2019년 9월 26일 12시,목요일,전라남도 광양시 중동,중상사고,0,1,0,0,차대차 - 측면충돌,신호위반,건조,맑음,교차로 - 교차로안,승용,여,43세,상해없음,승용,여,43세,중상
2019092600100327,2019년 9월 26일 14시,목요일,전라남도 영암군 삼호읍,경상사고,0,0,3,0,차대차 - 측면충돌,안전운전불이행,건조,맑음,교차로 - 교차로안,승용,여,34세,경상,승용,여,26세,경상
2019092600100328,2019년 9월 26일 14시,목요일,전라남도 강진군 병영면,중상사고,0,1,0,0,차량단독 - 전도전복 - 전도,안전운전불이행,건조,맑음,단일로 - 기타,이륜,남,82세,중상,,,,
2019092600100361,2019년 9월 26일 15시,목요일,전라남도 보성군 노동면,경상사고,0,0,2,0,차대차 - 추돌,안전운전불이행,건조,맑음,단일로 - 기타,화물,남,28세,상해없음,화물,남,52세,경상
2019092600100362,2019년 9월 26일 15시,목요일,전라남도 장성군 삼서면,부상신고사고,0,0,0,1,차대차 - 측면충돌,안전운전불이행,건조,맑음,단일로 - 기타,자전거,남,72세,부상신고,승용,남,55세,상해없음
2019092600100363,2019년 9월 26일 15시,목요일,전라남도 광양시 황길동,경상사고,0,0,1,0,차대차 - 측면충돌,직진우회전진행방해,건조,맑음,교차로 - 교차로안,특수,남,48세,상해없음,특수,남,55세,경상
2019092600100402,2019년 9월 26일 16시,목요일,전라남도 여수시 신기동,경상사고,0,0,4,0,차대차 - 측면충돌,안전운전불이행,건조,맑음,교차로 - 교차로부근,승용,여,28세,상해없음,승용,남,45세,경상
2019092600100442,2019년 9월 26일 17시,목요일,전라남도 목포시 옥암동,경상사고,0,0,1,0,차대차 - 측면충돌,안전거리미확보,건조,맑음,단일로 - 기타,이륜,남,18세,상해없음,이륜,남,35세,경상
2019092600100443,2019년 9월 26일 17시,목요일,전라남도 순천시 동외동,경상사고,0,0,2,0,차대차 - 측면충돌,교차로운행방법위반,건조,맑음,교차로 - 교차로안,승용,남,54세,상해없음,승용,남,39세,경상
2019092600100444,2019년 9월 26일 17시,목요일,전라남도 광양시 마동,경상사고,0,0,1,0,차대차 - 측면충돌,안전거리미확보,건조,맑음,단일로 - 기타,화물,남,40세,상해없음,승용,남,67세,상해없음
2019092600100494,2019년 9월 26일 18시,목요일,전라남도 목포시 옥암동,경상사고,0,0,1,0,차대사람 - 기타,안전운전불이행,건조,맑음,기타 - 기타,자전거,여,52세,경상,보행자,여,25세,상해없음
2019092600100495,2019년 9월 26일 18시,목요일,전라남도 광양시 금호동,경상사고,0,0,1,1,차대차 - 추돌,안전운전불이행,건조,맑음,교차로 - 교차로부근,건설기계,남,61세,부상신고,승용,남,52세,경상
2019092600100548,2019년 9월 26일 19시,목요일,전라남도 목포시 산정동,경상사고,0,0,2,0,차대차 - 측면충돌,중앙선침범,건조,맑음,단일로 - 기타,이륜,남,67세,경상,승용,남,66세,경상
2019092600100549,2019년 9월 26일 19시,목요일,전라남도 신안군 지도읍,중상사고,0,1,0,0,차대사람 - 기타,안전운전불이행,건조,맑음,단일로 - 기타,화물,남,77세,상해없음,보행자,남,70세,중상
2019092600100550,2019년 9월 26일 19시,목요일,전라남도 순천시 해룡면,중상사고,0,1,0,0,차대사람 - 기타,보행자보호의무위반,건조,맑음,교차로 - 교차로안,승용,남,33세,상해없음,보행자,여,28세,중상
2019092600100551,2019년 9월 26일 19시,목요일,전라남도 무안군 삼향읍,경상사고,0,0,1,0,차대차 - 기타,안전운전불이행,건조,맑음,교차로 - 교차로안,승용,여,42세,상해없음,승용,여,26세,경상
2019092600100580,2019년 9월 26일 20시,목요일,전라남도 나주시 금천면,경상사고,0,0,1,0,차대차 - 추돌,안전거리미확보,건조,맑음,단일로 - 기타,승용,남,53세,상해없음,승용,여,49세,경상
2019092600100619,2019년 9월 26일 21시,목요일,전라남도 장흥군 장흥읍,경상사고,0,0,1,0,차대사람 - 차도통행중,안전운전불이행,건조,맑음,교차로 - 교차로부근,승용,남,46세,상해없음,보행자,여,57세,경상
2019092600100641,2019년 9월 26일 22시,목요일,전라남도 여수시 화장동,경상사고,0,0,1,0,차대사람 - 횡단중,신호위반,건조,맑음,교차로 - 교차로부근,승용,남,28세,상해없음,보행자,남,53세,경상
2019092700100103,2019년 9월 27일 06시,금요일,전라남도 목포시 산정동,중상사고,0,1,0,0,차대사람 - 기타,안전운전불이행,건조,맑음,단일로 - 기타,자전거,여,67세,상해없음,보행자,여,74세,중상
2019092700100104,2019년 9월 27일 06시,금요일,전라남도 나주시 금천면,경상사고,0,0,1,0,차대차 - 추돌,안전운전불이행,건조,맑음,교차로 - 교차로부근,승용,남,46세,상해없음,승용,여,20세,경상
2019092700100124,2019년 9월 27일 07시,금요일,전라남도 여수시 평여동,중상사고,0,1,0,0,차대차 - 추돌,안전운전불이행,건조,맑음,단일로 - 기타,승용,남,27세,중상,기타불명,기타불명,미분류,기타불명
2019092700100125,2019년 9월 27일 07시,금요일,전라남도 순천시 교량동,중상사고,0,2,7,0,차대차 - 정면충돌,교차로운행방법위반,건조,맑음,교차로 - 교차로안,승용,남,84세,경상,승용,남,41세,경상
2019092700100165,2019년 9월 27일 08시,금요일,전라남도 여수시 국동,부상신고사고,0,0,0,1,차량단독 - 기타,안전운전불이행,건조,맑음,기타 - 기타,이륜,남,55세,부상신고,,,,
2019092700100166,2019년 9월 27일 08시,금요일,전라남도 나주시 남평읍,경상사고,0,0,1,0,차량단독 - 기타,안전운전불이행,건조,맑음,단일로 - 기타,승합,남,61세,기타불명,,,,
2019092700100167,2019년 9월 27일 08시,금요일,전라남도 보성군 보성읍,경상사고,0,0,1,0,차대사람 - 길가장자리구역통행중,안전운전불이행,건조,맑음,단일로 - 기타,승용,여,41세,상해없음,보행자,여,74세,경상
2019092700100168,2019년 9월 27일 08시,금요일,전라남도 무안군 해제면,중상사고,0,1,0,0,차대차 - 측면충돌,신호위반,건조,맑음,교차로 - 교차로안,화물,남,69세,상해없음,화물,남,64세,중상
2019092700100208,2019년 9월 27일 09시,금요일,전라남도 목포시 상동,경상사고,0,0,2,0,차대차 - 기타,신호위반,건조,맑음,교차로 - 교차로안,승용,남,69세,경상,승용,남,33세,경상
2019092700100209,2019년 9월 27일 09시,금요일,전라남도 보성군 득량면,중상사고,0,1,0,0,차대차 - 측면충돌,안전운전불이행,건조,맑음,교차로 - 교차로부근,승용,남,61세,상해없음,이륜,남,90세 이상,중상
2019092700100210,2019년 9월 27일 09시,금요일,전라남도 강진군 신전면,중상사고,0,1,2,1,차대차 - 정면충돌,중앙선침범,건조,맑음,단일로 - 기타,화물,남,75세,상해없음,승합,남,39세,경상
2019092700100211,2019년 9월 27일 09시,금요일,전라남도 진도군 진도읍,경상사고,0,0,2,0,차대차 - 측면충돌,신호위반,건조,맑음,교차로 - 교차로안,사륜오토바이(ATV),남,80세,경상,승용,남,57세,경상
2019092700100247,2019년 9월 27일 10시,금요일,전라남도 여수시 웅천동,경상사고,0,0,1,0,차대차 - 추돌,안전운전불이행,건조,맑음,교차로 - 교차로부근,승용,남,61세,상해없음,승용,남,25세,경상
2019092700100248,2019년 9월 27일 10시,금요일,전라남도 장성군 장성읍,경상사고,0,0,2,0,차대차 - 추돌,안전운전불이행,건조,맑음,단일로 - 기타,화물,남,52세,상해없음,승용,남,57세,경상
2019092700100283,2019년 9월 27일 11시,금요일,전라남도 목포시 대양동,경상사고,0,0,1,0,차대차 - 기타,안전거리미확보,건조,맑음,교차로 - 교차로안,승용,남,64세,상해없음,승용,남,30세,경상
2019092700100321,2019년 9월 27일 12시,금요일,전라남도 보성군 벌교읍,중상사고,0,1,0,0,차대차 - 측면충돌,교차로운행방법위반,건조,맑음,교차로 - 교차로안,화물,남,49세,상해없음,이륜,남,71세,중상
2019092700100353,2019년 9월 27일 13시,금요일,전라남도 여수시 신기동,경상사고,0,0,2,0,차대차 - 측면충돌,안전거리미확보,건조,맑음,단일로 - 기타,건설기계,남,65세,상해없음,승용,여,43세,경상
2019092700100393,2019년 9월 27일 14시,금요일,전라남도 여수시 서교동,중상사고,0,1,0,0,차대사람 - 횡단중,안전운전불이행,건조,맑음,단일로 - 기타,화물,남,42세,상해없음,보행자,남,71세,중상
2019092700100394,2019년 9월 27일 14시,금요일,전라남도 담양군 담양읍,중상사고,0,1,0,0,차대차 - 기타,중앙선침범,건조,맑음,단일로 - 기타,원동기,여,63세,중상,승용,남,72세,상해없음
2019092700100395,2019년 9월 27일 14시,금요일,전라남도 무안군 현경면,경상사고,0,0,2,0,차대차 - 추돌,안전운전불이행,건조,맑음,단일로 - 기타,승용,여,59세,상해없음,승용,남,28세,경상
2019092700100430,2019년 9월 27일 15시,금요일,전라남도 목포시 석현동,중상사고,0,1,1,0,차대차 - 기타,중앙선침범,건조,맑음,교차로 - 교차로부근,승용,여,60세,중상,승용,남,33세,경상
2019092700100431,2019년 9월 27일 15시,금요일,전라남도 고흥군 도양읍,중상사고,0,1,0,1,차대차 - 측면충돌,직진우회전진행방해,젖음/습기,비,교차로 - 교차로안,승용,남,48세,부상신고,승용,여,53세,중상
2019092700100471,2019년 9월 27일 16시,금요일,전라남도 목포시 옥암동,경상사고,0,0,1,0,차대차 - 기타,기타,건조,맑음,기타 - 기타,승용,남,44세,상해없음,자전거,남,64세,경상
2019092700100472,2019년 9월 27일 16시,금요일,전라남도 순천시 해룡면,경상사고,0,0,1,0,차대사람 - 횡단중,보행자보호의무위반,건조,맑음,교차로 - 교차로횡단보도내,승용,남,39세,상해없음,보행자,여,7세,경상
2019092700100473,2019년 9월 27일 16시,금요일,전라남도 나주시 산포면,경상사고,0,0,1,0,차대차 - 추돌,안전거리미확보,건조,맑음,단일로 - 고가도로위,승용,남,29세,상해없음,승용,남,47세,경상
2019092700100513,2019년 9월 27일 17시,금요일,전라남도 광양시 광양읍,중상사고,0,1,1,0,차대차 - 기타,신호위반,젖음/습기,비,교차로 - 교차로안,승용,남,62세,상해없음,승용,여,56세,중상
2019092700100514,2019년 9월 27일 17시,금요일,전라남도 광양시 광양읍,중상사고,0,3,0,0,차대차 - 측면충돌,안전운전불이행,건조,맑음,교차로 - 교차로안,화물,남,65세,상해없음,승용,남,57세,중상
2019092700100571,2019년 9월 27일 18시,금요일,전라남도 함평군 함평읍,경상사고,0,0,1,0,차대차 - 추돌,안전거리미확보,건조,맑음,단일로 - 기타,화물,남,38세,상해없음,승용,남,45세,상해없음
2019092700100572,2019년 9월 27일 18시,금요일,전라남도 함평군 함평읍,사망사고,1,0,0,0,차대차 - 추돌,안전운전불이행,건조,맑음,단일로 - 기타,화물,남,62세,사망,승용,남,35세,기타불명
2019092700100573,2019년 9월 27일 18시,금요일,전라남도 목포시 옥암동,경상사고,0,0,2,0,차대차 - 기타,안전운전불이행,건조,맑음,단일로 - 기타,승용,남,53세,경상,승용,남,46세,경상
2019092700100574,2019년 9월 27일 18시,금요일,전라남도 여수시 수정동,경상사고,0,0,3,0,차대사람 - 횡단중,보행자보호의무위반,젖음/습기,비,교차로 - 교차로부근,승용,남,34세,상해없음,보행자,여,33세,경상
2019092700100575,2019년 9월 27일 18시,금요일,전라남도 순천시 해룡면,중상사고,0,1,0,0,차대차 - 측면충돌,직진우회전진행방해,젖음/습기,비,교차로 - 교차로안,승용,남,37세,상해없음,이륜,남,54세,중상
2019092700100576,2019년 9월 27일 18시,금요일,전라남도 순천시 연향동,경상사고,0,0,1,0,차대차 - 측면충돌,교차로운행방법위반,젖음/습기,비,교차로 - 교차로안,승용,남,30세,상해없음,승용,남,35세,경상
2019092700100620,2019년 9월 27일 19시,금요일,전라남도 목포시 상동,경상사고,0,0,1,0,차대차 - 측면충돌,안전운전불이행,건조,흐림,교차로 - 교차로부근,승용,남,44세,상해없음,이륜,남,31세,경상
2019092700100621,2019년 9월 27일 19시,금요일,전라남도 보성군 미력면,경상사고,0,0,2,0,차대차 - 정면충돌,안전운전불이행,젖음/습기,비,교차로 - 교차로부근,화물,남,40세,경상,승용,남,51세,경상
2019092700100667,2019년 9월 27일 20시,금요일,전라남도 여수시 학동,경상사고,0,0,2,0,차대차 - 추돌,안전운전불이행,건조,맑음,교차로 - 교차로부근,승용,남,53세,상해없음,승용,여,48세,경상
2019092700100705,2019년 9월 27일 21시,금요일,전라남도 광양시 광영동,경상사고,0,0,1,0,차대차 - 기타,안전운전불이행,젖음/습기,비,단일로 - 기타,승용,남,36세,상해없음,승용,여,46세,경상
2019092700100706,2019년 9월 27일 21시,금요일,전라남도 광양시 광양읍,경상사고,0,0,1,0,차대차 - 추돌,안전운전불이행,젖음/습기,비,교차로 - 교차로부근,승용,남,54세,상해없음,승용,남,64세,경상
2019092700100732,2019년 9월 27일 22시,금요일,전라남도 목포시 상동,경상사고,0,0,3,0,차대차 - 후진중충돌,안전운전불이행,건조,맑음,교차로 - 교차로부근,승용,남,46세,상해없음,승용,남,19세,경상
2019092700100733,2019년 9월 27일 22시,금요일,전라남도 무안군 삼향읍,경상사고,0,0,3,0,차대차 - 측면충돌,안전거리미확보,건조,맑음,교차로 - 교차로안,화물,여,59세,상해없음,승용,남,30세,경상
2019092700100762,2019년 9월 27일 23시,금요일,전라남도 여수시 광무동,중상사고,0,1,0,0,차대사람 - 횡단중,과속,건조,맑음,교차로 - 교차로안,승용,남,67세,상해없음,보행자,남,55세,중상
2019092800100069,2019년 9월 28일 01시,토요일,전라남도 강진군 병영면,사망사고,1,0,0,0,차대사람 - 기타,안전운전불이행,건조,맑음,단일로 - 기타,화물,남,47세,상해없음,보행자,남,35세,사망
2019092800100092,2019년 9월 28일 02시,토요일,전라남도 목포시 용당동,중상사고,0,1,0,0,차량단독 - 전도전복 - 전도,안전운전불이행,건조,맑음,교차로 - 교차로안,이륜,남,20세,상해없음,,,,
2019092800100093,2019년 9월 28일 02시,토요일,전라남도 여수시 오림동,경상사고,0,0,1,0,차대차 - 추돌,안전운전불이행,젖음/습기,맑음,교차로 - 교차로부근,승용,남,48세,상해없음,승용,남,22세,경상
2019092800100150,2019년 9월 28일 07시,토요일,전라남도 여수시 학동,사망사고,1,0,1,0,차대차 - 정면충돌,중앙선침범,젖음/습기,비,단일로 - 기타,승용,여,27세,사망,승합,남,66세,상해없음
2019092800100151,2019년 9월 28일 07시,토요일,전라남도 장흥군 안양면,경상사고,0,0,1,0,차대차 - 정면충돌,중앙선침범,건조,맑음,단일로 - 기타,승용,남,69세,상해없음,화물,남,62세,경상
2019092800100202,2019년 9월 28일 09시,토요일,전라남도 목포시 죽교동,경상사고,0,0,1,0,차대차 - 측면충돌,신호위반,건조,맑음,교차로 - 교차로안,화물,남,62세,상해없음,승용,남,46세,경상
2019092800100203,2019년 9월 28일 09시,토요일,전라남도 여수시 문수동,경상사고,0,0,1,0,차대차 - 측면충돌,안전운전불이행,건조,맑음,교차로 - 교차로안,승용,남,44세,상해없음,승용,남,62세,경상
2019092800100239,2019년 9월 28일 10시,토요일,전라남도 진도군 임회면,경상사고,0,0,1,0,차대차 - 기타,중앙선침범,건조,맑음,기타 - 기타,승용,여,69세,상해없음,화물,남,24세,경상
2019092800100240,2019년 9월 28일 10시,토요일,전라남도 광양시 중동,경상사고,0,0,2,0,차대차 - 추돌,안전거리미확보,건조,맑음,단일로 - 기타,승용,남,35세,상해없음,승용,남,19세,경상
2019092800100278,2019년 9월 28일 11시,토요일,전라남도 순천시 조례동,중상사고,0,1,0,0,차대차 - 측면충돌,교차로운행방법위반,건조,맑음,교차로 - 교차로안,승용,여,36세,상해없음,승용,남,60세,중상
2019092800100316,2019년 9월 28일 12시,토요일,전라남도 장성군 장성읍,경상사고,0,0,1,0,차대사람 - 기타,안전운전불이행,건조,맑음,단일로 - 기타,승용,여,46세,상해없음,보행자,남,37세,경상
2019092800100366,2019년 9월 28일 13시,토요일,전라남도 여수시 둔덕동,경상사고,0,0,4,0,차대차 - 추돌,안전운전불이행,건조,맑음,단일로 - 기타,승용,남,41세,경상,승용,남,49세,경상
2019092800100367,2019년 9월 28일 13시,토요일,전라남도 순천시 덕암동,경상사고,0,0,1,0,차대차 - 측면충돌,차로위반,건조,맑음,단일로 - 기타,승용,남,72세,상해없음,승용,남,62세,경상
2019092800100368,2019년 9월 28일 13시,토요일,전라남도 완도군 군외면,중상사고,0,2,0,0,차대차 - 측면충돌,과속,건조,맑음,교차로 - 교차로안,승합,남,56세,중상,승용,여,48세,중상
2019092800100369,2019년 9월 28일 13시,토요일,전라남도 진도군 군내면,부상신고사고,0,0,0,1,차대사람 - 기타,안전운전불이행,건조,맑음,교차로 - 교차로안,승용,남,68세,상해없음,보행자,남,21세,부상신고
2019092800100423,2019년 9월 28일 14시,토요일,전라남도 목포시 상동,경상사고,0,0,1,0,차대차 - 기타,신호위반,건조,맑음,교차로 - 교차로안,승용,남,74세,상해없음,승용,여,31세,경상
2019092800100424,2019년 9월 28일 14시,토요일,전라남도 순천시 덕암동,경상사고,0,0,1,0,차대차 - 측면충돌,안전운전불이행,건조,맑음,단일로 - 기타,자전거,남,11세,경상,승용,남,54세,상해없음
2019092800100470,2019년 9월 28일 15시,토요일,전라남도 목포시 온금동,경상사고,0,0,1,0,차대차 - 측면충돌,안전거리미확보,건조,맑음,단일로 - 기타,승용,여,51세,상해없음,승용,남,24세,경상
2019092800100471,2019년 9월 28일 15시,토요일,전라남도 광양시 중동,경상사고,0,0,1,0,차대차 - 측면충돌,신호위반,건조,맑음,교차로 - 교차로안,특수,남,50세,상해없음,승용,여,43세,경상
2019092800100472,2019년 9월 28일 15시,토요일,전라남도 구례군 구례읍,경상사고,0,0,1,0,차대차 - 기타,안전운전불이행,건조,맑음,단일로 - 기타,승용,남,31세,상해없음,자전거,남,11세,경상
2019092800100510,2019년 9월 28일 16시,토요일,전라남도 나주시 다시면,사망사고,1,0,3,0,차대차 - 측면충돌,직진우회전진행방해,건조,맑음,교차로 - 교차로안,승용,남,48세,사망,승용,남,31세,경상
2019092800100547,2019년 9월 28일 17시,토요일,전라남도 순천시 조례동,경상사고,0,0,1,0,차대차 - 측면충돌,안전운전불이행,건조,맑음,단일로 - 기타,승합,여,42세,상해없음,승용,남,24세,경상
2019092800100581,2019년 9월 28일 18시,토요일,전라남도 목포시 대양동,경상사고,0,0,2,0,차대차 - 기타,신호위반,건조,맑음,교차로 - 교차로부근,승용,남,47세,상해없음,승용,여,45세,경상
2019092800100582,2019년 9월 28일 18시,토요일,전라남도 화순군 이양면,경상사고,0,0,3,2,차대차 - 측면충돌,안전운전불이행,젖음/습기,비,단일로 - 기타,승용,여,36세,경상,승용,남,34세,경상
2019092800100583,2019년 9월 28일 18시,토요일,전라남도 강진군 강진읍,경상사고,0,0,1,0,차대사람 - 기타,안전운전불이행,건조,맑음,단일로 - 기타,이륜,남,71세,상해없음,보행자,여,59세,경상
2019092800100643,2019년 9월 28일 19시,토요일,전라남도 보성군 문덕면,경상사고,0,0,1,0,차량단독 - 도로외이탈 - 기타,기타,건조,맑음,단일로 - 기타,이륜,남,67세,경상,,,,
2019092800100644,2019년 9월 28일 19시,토요일,전라남도 강진군 도암면,중상사고,0,1,1,0,차대차 - 추돌,안전운전불이행,건조,맑음,단일로 - 기타,승용,여,47세,상해없음,농기계,남,63세,경상
2019092800100682,2019년 9월 28일 20시,토요일,전라남도 목포시 옥암동,경상사고,0,0,2,0,차대차 - 측면충돌,안전거리미확보,건조,맑음,교차로 - 교차로부근,승용,여,26세,경상,승용,남,26세,경상
2019092800100683,2019년 9월 28일 20시,토요일,전라남도 장성군 서삼면,중상사고,0,2,3,0,차량단독 - 기타,안전운전불이행,건조,맑음,단일로 - 기타,승합,남,70세,상해없음,,,,
2019092800100713,2019년 9월 28일 21시,토요일,전라남도 목포시 죽교동,경상사고,0,0,1,0,차대차 - 기타,안전운전불이행,건조,맑음,교차로 - 교차로부근,화물,남,45세,상해없음,승용,남,23세,경상
2019092800100714,2019년 9월 28일 21시,토요일,전라남도 목포시 상동,경상사고,0,0,1,0,차대차 - 기타,신호위반,건조,맑음,교차로 - 교차로안,화물,남,72세,상해없음,원동기,남,16세,경상
2019092800100746,2019년 9월 28일 22시,토요일,전라남도 광양시 광양읍,중상사고,0,1,0,0,차대차 - 기타,안전운전불이행,건조,맑음,단일로 - 기타,승용,남,57세,상해없음,원동기,남,32세,중상