사고번호,사고일시,요일,시군구,사고내용,사망자수,중상자수,경상자수,부상신고자수,사고유형,법규위반,노면상태,기상상태,도로형태,가해운전자 차종,가해운전자 성별,가해운전자 연령,가해운전자 상해정도,피해운전자 차종,피해운전자 성별,피해운전자 연령,피해운전자 상해정도
2019101000100602,2019년 10월 10일 19시,목요일,전라남도 보성군 벌교읍,부상신고사고,0,0,0,1,차대차 - 정면충돌,중앙선침범,건조,맑음,단일로 - 기타,이륜,남,52세,부상신고,화물,남,69세,상해없음
2019101000100649,2019년 10월 10일 20시,목요일,전라남도 목포시 석현동,경상사고,0,0,1,0,차대사람 - 기타,보행자보호의무위반,건조,맑음,기타 - 기타,승용,남,85세,상해없음,보행자,여,32세,경상
2019101000100682,2019년 10월 10일 21시,목요일,전라남도 순천시 중앙동,경상사고,0,0,2,0,차대차 - 측면충돌,교차로운행방법위반,건조,맑음,교차로 - 교차로안,승합,남,63세,경상,승합,여,56세,경상
2019101100100087,2019년 10월 11일 05시,금요일,전라남도 광양시 광영동,중상사고,0,1,0,0,차대사람 - 횡단중,보행자보호의무위반,건조,맑음,교차로 - 교차로횡단보도내,승용,남,68세,상해없음,보행자,남,86세,중상
2019101100100097,2019년 10월 11일 06시,금요일,전라남도 순천시 서면,경상사고,0,0,3,0,차대차 - 측면충돌,안전운전불이행,건조,맑음,단일로 - 기타,승용,여,19세,경상,건설기계,남,38세,경상
2019101100100116,2019년 10월 11일 07시,금요일,전라남도 나주시 왕곡면,경상사고,0,0,2,0,차대차 - 측면충돌,안전운전불이행,건조,맑음,주차장 - 주차장,승용,남,34세,경상,승용,남,54세,경상
2019101100100117,2019년 10월 11일 07시,금요일,전라남도 곡성군 삼기면,경상사고,0,0,1,0,차대차 - 측면충돌,안전운전불이행,건조,맑음,단일로 - 기타,이륜,남,77세,경상,이륜,남,31세,상해없음
2019101100100157,2019년 10월 11일 08시,금요일,전라남도 목포시 산정동,중상사고,0,1,0,0,차대사람 - 횡단중,안전운전불이행,건조,맑음,단일로 - 기타,승용,여,28세,상해없음,보행자,여,66세,중상
2019101100100158,2019년 10월 11일 08시,금요일,전라남도 목포시 용해동,경상사고,0,0,1,0,차대차 - 추돌,안전운전불이행,건조,맑음,교차로 - 교차로부근,승용,남,22세,상해없음,승용,남,69세,경상
2019101100100159,2019년 10월 11일 08시,금요일,전라남도 순천시 해룡면,부상신고사고,0,0,0,1,차대차 - 측면충돌,신호위반,건조,맑음,교차로 - 교차로안,승용,여,27세,상해없음,승용,남,58세,부상신고
2019101100100160,2019년 10월 11일 08시,금요일,전라남도 무안군 무안읍,경상사고,0,0,1,0,차대차 - 추돌,신호위반,건조,맑음,교차로 - 교차로안,승용,남,73세,상해없음,화물,남,27세,경상
2019101100100202,2019년 10월 11일 09시,금요일,전라남도 목포시 상락동1가,중상사고,0,1,0,0,차대사람 - 기타,안전운전불이행,건조,맑음,교차로 - 교차로부근,화물,남,25세,상해없음,보행자,여,67세,중상
2019101100100203,2019년 10월 11일 09시,금요일,전라남도 순천시 해룡면,경상사고,0,0,1,0,차대차 - 기타,안전운전불이행,건조,맑음,단일로 - 기타,승용,남,76세,상해없음,특수,남,33세,경상
2019101100100204,2019년 10월 11일 09시,금요일,전라남도 나주시 성북동,경상사고,0,0,1,0,차량단독 - 기타,안전운전불이행,건조,맑음,단일로 - 기타,승합,남,51세,상해없음,,,,
2019101100100205,2019년 10월 11일 09시,금요일,전라남도 장흥군 장흥읍,경상사고,0,0,4,0,차대차 - 기타,교차로운행방법위반,건조,맑음,교차로 - 교차로안,승용,남,58세,경상,승용,남,47세,경상
2019101100100206,2019년 10월 11일 09시,금요일,전라남도 보성군 보성읍,경상사고,0,0,1,0,차대차 - 측면충돌,기타,건조,맑음,교차로 - 교차로안,화물,남,25세,상해없음,승용,여,62세,경상
2019101100100274,2019년 10월 11일 11시,금요일,전라남도 순천시 연향동,경상사고,0,0,1,0,차대차 - 기타,차로위반,건조,맑음,단일로 - 기타,건설기계,남,50세,상해없음,승용,여,38세,경상
2019101100100275,2019년 10월 11일 11시,금요일,전라남도 순천시 연향동,경상사고,0,0,3,0,차대차 - 기타,안전운전불이행,건조,맑음,교차로 - 교차로부근,승합,남,67세,상해없음,승용,남,28세,경상
2019101100100276,2019년 10월 11일 11시,금요일,전라남도 강진군 강진읍,경상사고,0,0,1,0,차대차 - 기타,안전운전불이행,건조,맑음,교차로 - 교차로부근,승용,남,44세,기타불명,자전거,여,64세,경상
2019101100100343,2019년 10월 11일 13시,금요일,전라남도 담양군 담양읍,경상사고,0,0,1,0,차대차 - 측면충돌,안전운전불이행,건조,맑음,기타 - 기타,승용,남,83세,경상,승용,남,51세,상해없음
2019101100100412,2019년 10월 11일 15시,금요일,전라남도 목포시 용해동,경상사고,0,0,1,0,차대사람 - 기타,안전운전불이행,건조,맑음,단일로 - 기타,기타불명,기타불명,미분류,기타불명,보행자,남,23세,경상
2019101100100413,2019년 10월 11일 15시,금요일,전라남도 순천시 연향동,경상사고,0,0,1,0,차대사람 - 기타,안전운전불이행,건조,맑음,단일로 - 기타,이륜,남,30세,상해없음,보행자,남,41세,경상
2019101100100467,2019년 10월 11일 16시,금요일,전라남도 순천시 조곡동,중상사고,0,1,1,0,차대차 - 기타,교차로운행방법위반,건조,맑음,교차로 - 교차로부근,승용,남,72세,상해없음,이륜,남,17세,경상
2019101100100468,2019년 10월 11일 16시,금요일,전라남도 강진군 대구면,경상사고,0,0,1,0,차량단독 - 기타,안전운전불이행,건조,맑음,단일로 - 기타,원동기,남,89세,경상,,,,
2019101100100469,2019년 10월 11일 16시,금요일,전라남도 광양시 중동,경상사고,0,0,1,0,차대차 - 측면충돌,차로위반,건조,맑음,교차로 - 교차로부근,승용,여,56세,경상,승용,남,22세,상해없음
2019101100100524,2019년 10월 11일 17시,금요일,전라남도 영암군 신북면,경상사고,0,0,1,0,차대차 - 정면충돌,안전운전불이행,건조,맑음,단일로 - 기타,원동기,여,79세,경상,승용,남,45세,상해없음
2019101100100578,2019년 10월 11일 18시,금요일,전라남도 여수시 소라면,중상사고,0,1,0,0,차대차 - 기타,안전운전불이행,건조,맑음,교차로 - 교차로안,승용,여,62세,상해없음,승용,남,58세,중상
2019101100100579,2019년 10월 11일 18시,금요일,전라남도 순천시 해룡면,중상사고,0,1,3,0,차대차 - 기타,안전운전불이행,건조,흐림,단일로 - 기타,승용,여,63세,중상,승용,여,46세,경상
2019101100100580,2019년 10월 11일 18시,금요일,전라남도 장성군 황룡면,경상사고,0,0,2,0,차대차 - 정면충돌,신호위반,건조,맑음,교차로 - 교차로안,승용,남,56세,경상,승용,남,39세,경상
2019101100100581,2019년 10월 11일 18시,금요일,전라남도 구례군 산동면,중상사고,0,3,2,0,차대차 - 정면충돌,중앙선침범,건조,맑음,기타 - 기타,화물,남,64세,중상,승용,남,31세,중상
2019101100100655,2019년 10월 11일 19시,금요일,전라남도 순천시 해룡면,경상사고,0,0,1,0,차대차 - 기타,안전운전불이행,건조,맑음,단일로 - 기타,이륜,남,26세,경상,승용,남,30세,상해없음
2019101100100656,2019년 10월 11일 19시,금요일,전라남도 나주시 왕곡면,경상사고,0,0,1,0,차대사람 - 기타,안전운전불이행,건조,맑음,단일로 - 기타,승용,남,53세,상해없음,보행자,남,61세,경상
2019101100100702,2019년 10월 11일 20시,금요일,전라남도 순천시 조례동,경상사고,0,0,1,0,차대차 - 기타,기타,건조,맑음,단일로 - 기타,승용,남,42세,상해없음,이륜,남,44세,경상
2019101100100735,2019년 10월 11일 21시,금요일,전라남도 순천시 인제동,경상사고,0,0,3,1,차대차 - 기타,교차로운행방법위반,건조,맑음,교차로 - 교차로안,승용,남,32세,상해없음,화물,여,65세,경상
2019101100100736,2019년 10월 11일 21시,금요일,전라남도 영암군 삼호읍,경상사고,0,0,1,0,차대차 - 측면충돌,신호위반,건조,맑음,교차로 - 교차로안,승용,남,36세,상해없음,승합,남,65세,경상
2019101100100763,2019년 10월 11일 22시,금요일,전라남도 여수시 웅천동,경상사고,0,0,1,0,차대차 - 추돌,안전거리미확보,건조,맑음,단일로 - 기타,화물,남,36세,상해없음,승용,여,62세,경상
2019101100100764,2019년 10월 11일 22시,금요일,전라남도 여수시 미평동,경상사고,0,0,1,0,차대사람 - 기타,안전운전불이행,건조,맑음,단일로 - 기타,승용,남,53세,상해없음,보행자,여,41세,경상
2019101100100765,2019년 10월 11일 22시,금요일,전라남도 나주시 남평읍,경상사고,0,0,2,0,차대차 - 기타,교차로운행방법위반,건조,맑음,교차로 - 교차로안,승용,남,27세,경상,화물,남,25세,경상
2019101200100037,2019년 10월 12일 00시,토요일,전라남도 여수시 학동,경상사고,0,0,2,0,차대사람 - 횡단중,안전운전불이행,건조,맑음,교차로 - 교차로횡단보도내,승용,여,55세,기타불명,보행자,남,27세,경상
2019101200100054,2019년 10월 12일 01시,토요일,전라남도 보성군 벌교읍,경상사고,0,0,2,0,차대차 - 추돌,안전운전불이행,건조,맑음,교차로 - 교차로부근,승용,남,61세,상해없음,승용,여,53세,경상
2019101200100101,2019년 10월 12일 05시,토요일,전라남도 순천시 덕월동,경상사고,0,0,1,0,차대차 - 기타,신호위반,건조,맑음,교차로 - 교차로안,화물,남,52세,상해없음,화물,남,66세,경상
2019101200100111,2019년 10월 12일 06시,토요일,전라남도 고흥군 도양읍,중상사고,0,1,0,0,차대차 - 기타,안전운전불이행,건조,맑음,교차로 - 교차로부근,이륜,남,62세,중상,승용,남,74세,상해없음
2019101200100128,2019년 10월 12일 07시,토요일,전라남도 곡성군 옥과면,경상사고,0,0,1,0,차대차 - 측면충돌,직진우회전진행방해,건조,맑음,교차로 - 교차로안,승용,남,51세,상해없음,승용,여,24세,경상
2019101200100148,2019년 10월 12일 08시,토요일,전라남도 순천시 황전면,사망사고,1,0,0,0,차대사람 - 기타,안전운전불이행,젖음/습기,안개,교차로 - 교차로부근,화물,남,76세,상해없음,보행자,여,76세,사망
2019101200100149,2019년 10월 12일 08시,토요일,전라남도 광양시 금호동,중상사고,0,1,0,0,차대차 - 기타,신호위반,건조,맑음,교차로 - 교차로안,승용,남,28세,상해없음,승용,여,61세,중상
2019101200100225,2019년 10월 12일 10시,토요일,전라남도 목포시 호남동,경상사고,0,0,1,0,차대차 - 측면충돌,안전운전불이행,건조,맑음,단일로 - 기타,화물,남,70세,상해없음,화물,남,57세,경상
2019101200100226,2019년 10월 12일 10시,토요일,전라남도 순천시 해룡면,경상사고,0,0,1,0,차대차 - 기타,직진우회전진행방해,건조,맑음,교차로 - 교차로안,승용,남,50세,상해없음,화물,남,24세,경상
2019101200100227,2019년 10월 12일 10시,토요일,전라남도 나주시 공산면,중상사고,0,1,0,0,차량단독 - 도로외이탈 - 기타,안전운전불이행,건조,맑음,단일로 - 기타,농기계,남,84세,중상,,,,
2019101200100228,2019년 10월 12일 10시,토요일,전라남도 광양시 금호동,부상신고사고,0,0,0,1,차대차 - 추돌,안전운전불이행,건조,맑음,단일로 - 기타,승용,여,54세,부상신고,승용,여,47세,상해없음
2019101200100264,2019년 10월 12일 11시,토요일,전라남도 여수시 율촌면,경상사고,0,0,1,0,차대차 - 기타,안전운전불이행,건조,맑음,단일로 - 기타,농기계,남,75세,상해없음,자전거,남,48세,경상
2019101200100265,2019년 10월 12일 11시,토요일,전라남도 장흥군 장흥읍,중상사고,0,1,0,0,차대차 - 측면충돌,안전운전불이행,건조,맑음,단일로 - 기타,자전거,여,66세,중상,승용,남,53세,상해없음
2019101200100266,2019년 10월 12일 11시,토요일,전라남도 고흥군 도양읍,중상사고,0,1,0,0,차대사람 - 횡단중,안전운전불이행,건조,맑음,교차로 - 교차로안,승용,남,63세,상해없음,보행자,여,72세,중상
2019101200100267,2019년 10월 12일 11시,토요일,전라남도 완도군 완도읍,경상사고,0,0,1,0,차대차 - 측면충돌,안전거리미확보,건조,맑음,교차로 - 교차로안,승용,여,28세,상해없음,승용,남,74세,경상
2019101200100268,2019년 10월 12일 11시,토요일,전라남도 광양시 광양읍,경상사고,0,0,1,0,차대차 - 측면충돌,직진우회전진행방해,건조,맑음,교차로 - 교차로안,이륜,남,72세,경상,승용,남,47세,상해없음
2019101200100316,2019년 10월 12일 12시,토요일,전라남도 화순군 화순읍,중상사고,0,1,0,0,차대사람 - 기타,안전운전불이행,건조,맑음,기타 - 기타,승용,남,74세,상해없음,보행자,여,66세,중상
2019101200100360,2019년 10월 12일 13시,토요일,전라남도 목포시 용당동,경상사고,0,0,1,0,차대사람 - 기타,안전운전불이행,건조,맑음,단일로 - 기타,화물,남,68세,상해없음,보행자,남,67세,경상
2019101200100361,2019년 10월 12일 13시,토요일,전라남도 목포시 옥암동,경상사고,0,0,1,0,차대차 - 기타,안전운전불이행,건조,맑음,교차로 - 교차로안,승용,남,39세,상해없음,승용,여,25세,경상
2019101200100362,2019년 10월 12일 13시,토요일,전라남도 여수시 선원동,경상사고,0,0,1,0,차대차 - 측면충돌,신호위반,건조,맑음,교차로 - 교차로안,승용,남,55세,상해없음,이륜,남,44세,경상
2019101200100363,2019년 10월 12일 13시,토요일,전라남도 순천시 주암면,경상사고,0,0,2,0,차대차 - 기타,과속,건조,맑음,교차로 - 교차로안,승용,남,73세,경상,승용,여,52세,상해없음
2019101200100364,2019년 10월 12일 13시,토요일,전라남도 장흥군 장흥읍,경상사고,0,0,1,0,차대사람 - 기타,안전운전불이행,건조,맑음,단일로 - 기타,승용,남,41세,상해없음,보행자,남,62세,경상
2019101200100365,2019년 10월 12일 13시,토요일,전라남도 해남군 북평면,경상사고,0,0,1,0,차대차 - 측면충돌,중앙선침범,건조,맑음,단일로 - 기타,화물,남,51세,기타불명,승용,여,45세,경상
2019101200100366,2019년 10월 12일 13시,토요일,전라남도 완도군 노화읍,사망사고,1,0,0,0,차량단독 - 공작물충돌,안전운전불이행,건조,맑음,단일로 - 기타,농기계,남,76세,사망,,,,
2019101200100412,2019년 10월 12일 14시,토요일,전라남도 목포시 옥암동,경상사고,0,0,2,0,차대차 - 기타,차로위반,건조,맑음,단일로 - 기타,승용,남,37세,상해없음,승용,남,31세,경상
2019101200100413,2019년 10월 12일 14시,토요일,전라남도 여수시 신기동,경상사고,0,0,1,0,차대차 - 측면충돌,신호위반,건조,맑음,교차로 - 교차로안,승용,남,67세,상해없음,승용,남,64세,경상
2019101200100414,2019년 10월 12일 14시,토요일,전라남도 순천시 조례동,경상사고,0,0,1,0,차대차 - 기타,교차로운행방법위반,건조,맑음,교차로 - 교차로안,승용,남,38세,상해없음,승용,여,24세,경상
2019101200100415,2019년 10월 12일 14시,토요일,전라남도 장흥군 장흥읍,중상사고,0,1,0,0,차대사람 - 기타,안전운전불이행,건조,맑음,주차장 - 주차장,승합,남,72세,상해없음,보행자,여,78세,중상
2019101200100520,2019년 10월 12일 16시,토요일,전라남도 목포시 용해동,경상사고,0,0,1,0,차대차 - 측면충돌,안전운전불이행,건조,맑음,기타 - 기타,승용,여,19세,기타불명,승용,여,47세,경상
2019101200100521,2019년 10월 12일 16시,토요일,전라남도 순천시 왕지동,경상사고,0,0,1,0,차대차 - 기타,기타,건조,맑음,교차로 - 교차로안,승용,남,55세,상해없음,자전거,남,10세,경상
2019101200100522,2019년 10월 12일 16시,토요일,전라남도 나주시 남평읍,경상사고,0,0,1,0,차대차 - 측면충돌,직진우회전진행방해,건조,맑음,교차로 - 교차로안,승용,남,61세,상해없음,자전거,남,67세,경상
2019101200100523,2019년 10월 12일 16시,토요일,전라남도 나주시 왕곡면,사망사고,1,0,0,0,차량단독 - 도로외이탈 - 추락,안전운전불이행,건조,맑음,단일로 - 기타,농기계,남,76세,사망,,,,
2019101200100524,2019년 10월 12일 16시,토요일,전라남도 영암군 영암읍,중상사고,0,1,0,0,차량단독 - 공작물충돌,안전운전불이행,건조,맑음,교차로 - 교차로안,이륜,남,79세,중상,,,,
2019101200100561,2019년 10월 12일 17시,토요일,전라남도 함평군 학교면,경상사고,0,0,1,0,차대사람 - 차도통행중,안전운전불이행,건조,맑음,교차로 - 교차로안,승용,남,46세,상해없음,보행자,남,50세,경상
2019101200100600,2019년 10월 12일 18시,토요일,전라남도 목포시 상동,경상사고,0,0,3,0,차대차 - 기타,차로위반,건조,맑음,기타 - 기타,승용,남,61세,상해없음,승용,남,58세,경상
2019101200100601,2019년 10월 12일 18시,토요일,전라남도 여수시 선원동,경상사고,0,0,1,0,차대차 - 추돌,안전운전불이행,건조,맑음,단일로 - 기타,승합,남,54세,상해없음,승용,여,47세,경상
2019101200100602,2019년 10월 12일 18시,토요일,전라남도 순천시 조례동,경상사고,0,0,1,0,차대차 - 측면충돌,안전운전불이행,건조,맑음,단일로 - 기타,승합,남,44세,상해없음,이륜,남,41세,경상
2019101200100603,2019년 10월 12일 18시,토요일,전라남도 영암군 학산면,경상사고,0,0,1,0,차대차 - 추돌,안전운전불이행,건조,맑음,교차로 - 교차로부근,승용,여,63세,상해없음,농기계,남,40세,경상
2019101200100604,2019년 10월 12일 18시,토요일,전라남도 담양군 월산면,경상사고,0,0,3,0,차대차 - 추돌,안전운전불이행,건조,맑음,단일로 - 기타,승용,여,50세,경상,농기계,남,59세,경상
2019101200100605,2019년 10월 12일 18시,토요일,전라남도 영암군 학산면,경상사고,0,0,2,0,차대차 - 기타,안전운전불이행,건조,맑음,단일로 - 기타,승용,여,46세,상해없음,승용,여,45세,경상
2019101200100650,2019년 10월 12일 19시,토요일,전라남도 목포시 죽동,경상사고,0,0,4,0,차대차 - 측면충돌,안전운전불이행,건조,맑음,단일로 - 기타,승용,남,30세,상해없음,승용,남,32세,상해없음
2019101200100689,2019년 10월 12일 20시,토요일,전라남도 여수시 미평동,중상사고,0,1,0,0,차대사람 - 횡단중,보행자보호의무위반,건조,맑음,교차로 - 교차로횡단보도내,승용,남,50세,상해없음,보행자,여,10세,중상
2019101200100690,2019년 10월 12일 20시,토요일,전라남도 순천시 행동,경상사고,0,0,1,0,차대사람 - 기타,안전운전불이행,건조,맑음,단일로 - 기타,승합,남,25세,상해없음,보행자,남,64세,경상
2019101200100691,2019년 10월 12일 20시,토요일,전라남도 무안군 삼향읍,경상사고,0,0,1,0,차대차 - 측면충돌,신호위반,건조,맑음,교차로 - 교차로안,승용,남,24세,상해없음,승용,여,39세,경상
2019101200100722,2019년 10월 12일 21시,토요일,전라남도 영광군 홍농읍,경상사고,0,0,1,0,차량단독 - 공작물충돌,안전운전불이행,건조,맑음,단일로 - 기타,승용,여,54세,경상,,,,
2019101300100023,2019년 10월 13일 00시,일요일,전라남도 목포시 죽교동,경상사고,0,0,1,0,차대사람 - 기타,보행자보호의무위반,건조,맑음,단일로 - 기타,승용,남,29세,상해없음,보행자,남,47세,경상
2019101300100090,2019년 10월 13일 06시,일요일,전라남도 진도군 임회면,중상사고,0,1,0,0,차대사람 - 기타,안전운전불이행,건조,흐림,기타 - 기타,화물,남,38세,상해없음,보행자,여,60세,중상
2019101300100102,2019년 10월 13일 07시,일요일,전라남도 목포시 대성동,경상사고,0,0,3,0,차대차 - 기타,안전운전불이행,건조,맑음,단일로 - 기타,승용,남,52세,경상,승용,여,45세,경상
2019101300100110,2019년 10월 13일 08시,일요일,전라남도 순천시 연향동,경상사고,0,0,1,0,차대차 - 측면충돌,직진우회전진행방해,건조,맑음,교차로 - 교차로안,승용,남,62세,상해없음,승용,남,39세,경상
2019101300100111,2019년 10월 13일 08시,일요일,전라남도 무안군 해제면,경상사고,0,0,1,0,차대차 - 추돌,안전운전불이행,건조,맑음,교차로 - 교차로부근,화물,남,53세,상해없음,화물,남,59세,경상
2019101300100127,2019년 10월 13일 09시,일요일,전라남도 여수시 소라면,중상사고,0,1,1,0,차대차 - 정면충돌,신호위반,건조,맑음,교차로 - 교차로안,승용,여,34세,경상,승용,남,58세,중상
2019101300100150,2019년 10월 13일 10시,일요일,전라남도 순천시 매곡동,경상사고,0,0,2,0,차대차 - 기타,안전거리미확보,건조,맑음,교차로 - 교차로부근,승용,남,45세,경상,승용,여,45세,경상
2019101300100183,2019년 10월 13일 11시,일요일,전라남도 담양군 수북면,경상사고,0,0,5,0,차대차 - 정면충돌,안전운전불이행,건조,맑음,교차로 - 교차로안,승용,여,37세,상해없음,승용,남,62세,경상
2019101300100201,2019년 10월 13일 12시,일요일,전라남도 여수시 신기동,경상사고,0,0,1,0,차대차 - 추돌,안전운전불이행,건조,맑음,교차로 - 교차로안,승용,남,48세,상해없음,승용,여,53세,경상
2019101300100222,2019년 10월 13일 13시,일요일,전라남도 여수시 학동,중상사고,0,1,0,0,차대차 - 정면충돌,안전운전불이행,건조,맑음,교차로 - 교차로안,화물,남,59세,상해없음,승용,여,28세,중상
2019101300100223,2019년 10월 13일 13시,일요일,전라남도 함평군 월야면,중상사고,0,1,1,0,차대차 - 측면충돌,안전운전불이행,건조,맑음,교차로 - 교차로안,화물,남,51세,중상,화물,남,41세,경상
2019101300100264,2019년 10월 13일 14시,일요일,전라남도 목포시 죽교동,중상사고,0,1,0,0,차대사람 - 차도통행중,안전운전불이행,건조,맑음,단일로 - 기타,승용,여,44세,상해없음,보행자,남,74세,중상
2019101300100265,2019년 10월 13일 14시,일요일,전라남도 해남군 화원면,경상사고,0,0,1,0,차대차 - 기타,안전운전불이행,건조,맑음,단일로 - 기타,이륜,남,25세,경상,승용,여,61세,상해없음
2019101300100331,2019년 10월 13일 16시,일요일,전라남도 순천시 조례동,중상사고,0,1,0,0,차대차 - 측면충돌,직진우회전진행방해,건조,맑음,교차로 - 교차로안,승용,여,30세,중상,승합,남,38세,상해없음
2019101300100369,2019년 10월 13일 17시,일요일,전라남도 나주시 문평면,경상사고,0,0,3,0,차대차 - 추돌,안전운전불이행,건조,맑음,단일로 - 기타,승용,여,28세,상해없음,승용,남,28세,경상
2019101300100401,2019년 10월 13일 18시,일요일,전라남도 순천시 해룡면,경상사고,0,0,5,0,차대차 - 추돌,안전운전불이행,건조,맑음,교차로 - 교차로안,승용,남,66세,상해없음,승용,남,37세,경상
2019101300100402,2019년 10월 13일 18시,일요일,전라남도 영암군 삼호읍,사망사고,1,0,0,0,차대사람 - 횡단중,안전운전불이행,건조,맑음,교차로 - 교차로부근,승용,남,49세,상해없음,보행자,남,63세,사망
2019101300100472,2019년 10월 13일 20시,일요일,전라남도 목포시 산정동,경상사고,0,0,1,0,차대차 - 추돌,안전거리미확보,건조,맑음,교차로 - 교차로안,화물,남,33세,상해없음,승용,여,44세,경상
2019101300100473,2019년 10월 13일 20시,일요일,전라남도 여수시 신기동,중상사고,0,1,0,0,차대차 - 측면충돌,교차로운행방법위반,건조,맑음,교차로 - 교차로안,승용,남,42세,상해없음,원동기,남,36세,중상
2019101300100496,2019년 10월 13일 21시,일요일,전라남도 무안군 무안읍,중상사고,0,1,0,0,차량단독 - 공작물충돌,안전운전불이행,건조,맑음,단일로 - 기타,승용,남,55세,중상,,,,
2019101300100516,2019년 10월 13일 22시,일요일,전라남도 목포시 산정동,경상사고,0,0,2,0,차대차 - 측면충돌,교차로운행방법위반,건조,맑음,교차로 - 교차로부근,승용,남,58세,상해없음,화물,남,60세,경상
2019101300100528,2019년 10월 13일 23시,일요일,전라남도 영암군 삼호읍,중상사고,0,1,0,0,차대사람 - 횡단중,신호위반,건조,맑음,교차로 - 교차로안,승용,남,52세,상해없음,보행자,남,50세,중상
2019101400100032,2019년 10월 14일 00시,월요일,전라남도 영암군 삼호읍,경상사고,0,0,2,0,차대차 - 측면충돌,안전운전불이행,건조,맑음,교차로 - 교차로부근,승용,남,34세,상해없음,승용,여,49세,경상
2019101400100057,2019년 10월 14일 05시,월요일,전라남도 나주시 남평읍,경상사고,0,0,1,1,차대차 - 측면충돌,중앙선침범,건조,맑음,단일로 - 기타,승용,남,22세,부상신고,승용,남,35세,경상
2019101400100058,2019년 10월 14일 05시,월요일,전라남도 광양시 황금동,사망사고,1,0,0,0,차대사람 - 차도통행중,안전운전불이행,건조,맑음,단일로 - 기타,특수,남,31세,상해없음,보행자,여,70세,사망
2019101400100074,2019년 10월 14일 06시,월요일,전라남도 강진군 강진읍,중상사고,0,1,0,0,차대사람 - 기타,안전운전불이행,건조,맑음,단일로 - 기타,승용,남,64세,상해없음,보행자,남,65세,중상
2019101400100093,2019년 10월 14일 07시,월요일,전라남도 여수시 학동,경상사고,0,0,1,0,차대차 - 측면충돌,신호위반,건조,맑음,교차로 - 교차로안,승용,여,27세,상해없음,승용,여,56세,경상
2019101400100133,2019년 10월 14일 08시,월요일,전라남도 목포시 죽교동,경상사고,0,0,2,0,차대차 - 측면충돌,안전거리미확보,건조,맑음,단일로 - 기타,승용,남,60세,경상,화물,남,35세,경상
2019101400100134,2019년 10월 14일 08시,월요일,전라남도 여수시 율촌면,경상사고,0,0,1,0,차대차 - 정면충돌,중앙선침범,건조,맑음,단일로 - 기타,승용,남,55세,상해없음,화물,남,73세,경상
2019101400100135,2019년 10월 14일 08시,월요일,전라남도 순천시 조곡동,경상사고,0,0,1,0,차대차 - 정면충돌,안전운전불이행,건조,맑음,단일로 - 기타,승용,남,39세,상해없음,자전거,남,78세,경상
2019101400100136,2019년 10월 14일 08시,월요일,전라남도 영암군 삼호읍,경상사고,0,0,2,0,차대차 - 추돌,안전운전불이행,건조,맑음,단일로 - 기타,승용,여,34세,경상,승용,여,57세,경상
2019101400100217,2019년 10월 14일 10시,월요일,전라남도 순천시 남정동,경상사고,0,0,1,0,차대차 - 측면충돌,안전운전불이행,건조,맑음,단일로 - 기타,승용,여,48세,상해없음,승용,남,65세,상해없음
2019101400100218,2019년 10월 14일 10시,월요일,전라남도 보성군 득량면,경상사고,0,0,2,0,차대차 - 측면충돌,교차로운행방법위반,건조,맑음,교차로 - 교차로안,승용,남,29세,상해없음,승용,남,74세,경상
2019101400100297,2019년 10월 14일 12시,월요일,전라남도 순천시 조례동,경상사고,0,0,1,0,차대차 - 측면충돌,교차로운행방법위반,건조,맑음,교차로 - 교차로부근,승용,남,26세,상해없음,원동기,남,39세,경상
2019101400100298,2019년 10월 14일 12시,월요일,전라남도 장성군 장성읍,경상사고,0,0,2,0,차대차 - 기타,안전운전불이행,건조,맑음,교차로 - 교차로안,승용,여,53세,경상,승용,남,35세,경상
2019101400100336,2019년 10월 14일 13시,월요일,전라남도 순천시 덕암동,경상사고,0,0,1,0,차대차 - 측면충돌,안전운전불이행,건조,맑음,교차로 - 교차로안,승용,남,72세,상해없음,승용,남,27세,경상
2019101400100375,2019년 10월 14일 14시,월요일,전라남도 여수시 공화동,경상사고,0,0,3,0,차대차 - 측면충돌,안전운전불이행,건조,맑음,단일로 - 기타,건설기계,남,56세,상해없음,승용,남,22세,경상
2019101400100376,2019년 10월 14일 14시,월요일,전라남도 영광군 홍농읍,중상사고,0,1,1,0,차량단독 - 공작물충돌,안전운전불이행,건조,맑음,단일로 - 기타,승용,여,56세,경상,,,,
2019101400100377,2019년 10월 14일 14시,월요일,전라남도 함평군 월야면,경상사고,0,0,1,0,차대차 - 추돌,안전운전불이행,건조,맑음,단일로 - 기타,화물,남,66세,상해없음,화물,여,51세,경상
2019101400100378,2019년 10월 14일 14시,월요일,전라남도 담양군 대전면,경상사고,0,0,1,0,차대차 - 추돌,안전운전불이행,건조,맑음,교차로 - 교차로부근,승용,남,72세,상해없음,승용,여,59세,경상