사고번호,사고일시,요일,시군구,사고내용,사망자수,중상자수,경상자수,부상신고자수,사고유형,법규위반,노면상태,기상상태,도로형태,가해운전자 차종,가해운전자 성별,가해운전자 연령,가해운전자 상해정도,피해운전자 차종,피해운전자 성별,피해운전자 연령,피해운전자 상해정도
2019101700100433,2019년 10월 17일 16시,목요일,전라남도 화순군 화순읍,경상사고,0,0,1,0,차대사람 - 차도통행중,안전운전불이행,건조,맑음,단일로 - 기타,승용,여,42세,상해없음,보행자,남,81세,경상
2019101700100434,2019년 10월 17일 16시,목요일,전라남도 광양시 광영동,경상사고,0,0,1,0,차대사람 - 기타,안전운전불이행,건조,맑음,단일로 - 기타,승용,여,57세,상해없음,보행자,여,59세,경상
2019101700100539,2019년 10월 17일 18시,목요일,전라남도 목포시 용당동,부상신고사고,0,0,0,1,차대차 - 측면충돌,차로위반,건조,맑음,교차로 - 교차로안,승용,여,73세,상해없음,이륜,남,16세,부상신고
2019101700100594,2019년 10월 17일 19시,목요일,전라남도 나주시 이창동,중상사고,0,1,0,0,차대차 - 기타,교차로운행방법위반,건조,맑음,교차로 - 교차로안,승용,남,51세,중상,승합,남,54세,상해없음
2019101800100053,2019년 10월 18일 01시,금요일,전라남도 영암군 삼호읍,경상사고,0,0,1,0,차대차 - 기타,안전운전불이행,건조,맑음,단일로 - 기타,승용,여,41세,경상,화물,남,48세,상해없음
2019101800100101,2019년 10월 18일 06시,금요일,전라남도 순천시 대룡동,부상신고사고,0,0,0,1,차량단독 - 기타,안전운전불이행,건조,맑음,기타 - 기타,화물,남,77세,부상신고,,,,
2019101800100102,2019년 10월 18일 06시,금요일,전라남도 광양시 광양읍,중상사고,0,1,2,0,차대차 - 측면충돌,신호위반,건조,맑음,교차로 - 교차로안,승용,남,40세,상해없음,승용,남,40세,경상
2019101800100168,2019년 10월 18일 08시,금요일,전라남도 목포시 복만동,경상사고,0,0,3,0,차대차 - 기타,직진우회전진행방해,건조,맑음,교차로 - 교차로안,화물,남,88세,경상,승용,남,34세,경상
2019101800100169,2019년 10월 18일 08시,금요일,전라남도 여수시 평여동,경상사고,0,0,1,0,차대차 - 측면충돌,안전운전불이행,젖음/습기,비,단일로 - 기타,승용,남,65세,상해없음,승용,남,25세,경상
2019101800100221,2019년 10월 18일 09시,금요일,전라남도 순천시 조곡동,중상사고,0,1,0,0,차대차 - 측면충돌,안전운전불이행,건조,맑음,교차로 - 교차로안,자전거,여,74세,중상,승용,남,48세,상해없음
2019101800100222,2019년 10월 18일 09시,금요일,전라남도 영암군 영암읍,중상사고,0,1,0,0,차대차 - 기타,안전운전불이행,건조,맑음,교차로 - 교차로안,화물,남,63세,상해없음,이륜,남,74세,중상
2019101800100223,2019년 10월 18일 09시,금요일,전라남도 광양시 광양읍,경상사고,0,0,1,0,차대차 - 기타,안전거리미확보,젖음/습기,흐림,단일로 - 기타,이륜,남,90세 이상,상해없음,승용,여,25세,경상
2019101800100258,2019년 10월 18일 10시,금요일,전라남도 목포시 석현동,경상사고,0,0,2,0,차대차 - 기타,직진우회전진행방해,건조,맑음,교차로 - 교차로안,승용,남,35세,경상,승용,남,52세,경상
2019101800100259,2019년 10월 18일 10시,금요일,전라남도 여수시 오림동,경상사고,0,0,1,0,차대사람 - 기타,안전운전불이행,젖음/습기,비,기타 - 기타,승용,남,31세,경상,보행자,남,40세,상해없음
2019101800100289,2019년 10월 18일 11시,금요일,전라남도 여수시 문수동,경상사고,0,0,1,0,차대차 - 측면충돌,안전운전불이행,젖음/습기,흐림,교차로 - 교차로안,이륜,남,42세,경상,승용,남,30세,기타불명
2019101800100290,2019년 10월 18일 11시,금요일,전라남도 장성군 장성읍,경상사고,0,0,1,0,차대차 - 기타,중앙선침범,건조,맑음,교차로 - 교차로안,승용,남,38세,상해없음,승용,여,58세,경상
2019101800100325,2019년 10월 18일 12시,금요일,전라남도 신안군 암태면,경상사고,0,0,2,0,차대차 - 측면충돌,중앙선침범,건조,맑음,단일로 - 기타,승용,남,72세,경상,승용,남,46세,경상
2019101800100364,2019년 10월 18일 13시,금요일,전라남도 신안군 지도읍,중상사고,0,1,1,0,차대차 - 기타,중앙선침범,건조,맑음,단일로 - 기타,화물,남,55세,상해없음,기타불명,남,42세,중상
2019101800100365,2019년 10월 18일 13시,금요일,전라남도 목포시 상동,중상사고,0,1,0,0,차대차 - 측면충돌,중앙선침범,건조,맑음,단일로 - 기타,이륜,남,19세,상해없음,이륜,남,45세,중상
2019101800100366,2019년 10월 18일 13시,금요일,전라남도 장흥군 장흥읍,경상사고,0,0,1,0,차대사람 - 기타,안전운전불이행,건조,맑음,교차로 - 교차로부근,승용,여,54세,상해없음,보행자,남,77세,경상
2019101800100367,2019년 10월 18일 13시,금요일,전라남도 고흥군 금산면,경상사고,0,0,1,0,차대차 - 기타,안전운전불이행,건조,맑음,단일로 - 기타,승용,여,52세,상해없음,이륜,여,58세,경상
2019101800100368,2019년 10월 18일 13시,금요일,전라남도 광양시 광양읍,중상사고,0,1,0,0,차대차 - 측면충돌,교차로운행방법위반,건조,맑음,교차로 - 교차로안,원동기,남,82세,중상,승용,남,69세,상해없음
2019101800100493,2019년 10월 18일 16시,금요일,전라남도 해남군 화산면,중상사고,0,1,0,0,차대차 - 측면충돌,직진우회전진행방해,건조,맑음,교차로 - 교차로안,농기계,남,71세,중상,화물,남,66세,상해없음
2019101800100494,2019년 10월 18일 16시,금요일,전라남도 영광군 영광읍,경상사고,0,0,2,0,차대차 - 측면충돌,직진우회전진행방해,젖음/습기,비,교차로 - 교차로안,화물,남,82세,상해없음,승용,남,45세,경상
2019101800100495,2019년 10월 18일 16시,금요일,전라남도 광양시 중동,경상사고,0,0,1,0,차대차 - 후진중충돌,안전운전불이행,건조,맑음,단일로 - 기타,승용,여,61세,상해없음,승용,남,26세,경상
2019101800100527,2019년 10월 18일 17시,금요일,전라남도 순천시 동외동,중상사고,0,1,0,0,차대차 - 측면충돌,안전운전불이행,건조,맑음,단일로 - 기타,승용,남,57세,상해없음,이륜,남,37세,중상
2019101800100528,2019년 10월 18일 17시,금요일,전라남도 장흥군 장평면,중상사고,0,1,0,0,차대차 - 측면충돌,불법유턴,건조,맑음,단일로 - 기타,화물,여,58세,상해없음,화물,남,66세,중상
2019101800100612,2019년 10월 18일 18시,금요일,전라남도 순천시 서면,경상사고,0,0,1,0,차대차 - 추돌,안전운전불이행,젖음/습기,흐림,단일로 - 기타,승용,남,42세,상해없음,승용,여,53세,경상
2019101800100613,2019년 10월 18일 18시,금요일,전라남도 순천시 매곡동,경상사고,0,0,1,0,차대차 - 측면충돌,신호위반,건조,맑음,교차로 - 교차로안,승용,남,74세,상해없음,이륜,여,27세,경상
2019101800100614,2019년 10월 18일 18시,금요일,전라남도 순천시 조례동,경상사고,0,0,1,0,차대차 - 측면충돌,직진우회전진행방해,건조,맑음,교차로 - 교차로안,승용,여,44세,상해없음,승용,여,51세,경상
2019101800100615,2019년 10월 18일 18시,금요일,전라남도 나주시 대호동,중상사고,0,1,0,0,차대차 - 측면충돌,안전운전불이행,건조,맑음,단일로 - 기타,승용,여,52세,상해없음,원동기,남,22세,중상
2019101800100616,2019년 10월 18일 18시,금요일,전라남도 나주시 남평읍,경상사고,0,0,1,0,차대사람 - 횡단중,안전운전불이행,젖음/습기,비,교차로 - 교차로안,승용,남,43세,상해없음,보행자,여,66세,경상
2019101800100617,2019년 10월 18일 18시,금요일,전라남도 해남군 산이면,경상사고,0,0,1,0,차대차 - 추돌,안전운전불이행,건조,맑음,교차로 - 교차로부근,승용,남,19세,상해없음,승용,여,46세,경상
2019101800100618,2019년 10월 18일 18시,금요일,전라남도 담양군 담양읍,경상사고,0,0,1,0,차대차 - 추돌,안전운전불이행,젖음/습기,비,교차로 - 교차로부근,승용,남,61세,상해없음,승용,여,44세,경상
2019101800100619,2019년 10월 18일 18시,금요일,전라남도 구례군 토지면,사망사고,1,0,0,0,차대사람 - 횡단중,보행자보호의무위반,건조,맑음,단일로 - 기타,승합,여,50세,상해없음,보행자,여,68세,사망
2019101800100620,2019년 10월 18일 18시,금요일,전라남도 구례군 용방면,경상사고,0,0,1,0,차대차 - 추돌,안전거리미확보,건조,맑음,교차로 - 교차로부근,승용,남,42세,상해없음,승용,남,55세,경상
2019101800100697,2019년 10월 18일 19시,금요일,전라남도 영암군 삼호읍,중상사고,0,2,0,0,차대차 - 측면충돌,과속,건조,맑음,교차로 - 교차로안,승용,남,32세,중상,승용,남,65세,중상
2019101800100698,2019년 10월 18일 19시,금요일,전라남도 무안군 몽탄면,경상사고,0,0,1,0,차대차 - 측면충돌,안전운전불이행,건조,흐림,단일로 - 기타,화물,남,72세,상해없음,화물,남,58세,경상
2019101800100742,2019년 10월 18일 20시,금요일,전라남도 여수시 학동,경상사고,0,0,1,0,차대차 - 추돌,안전운전불이행,건조,맑음,단일로 - 기타,승용,남,25세,상해없음,승용,남,50세,경상
2019101800100743,2019년 10월 18일 20시,금요일,전라남도 순천시 승주읍,중상사고,0,1,0,0,차량단독 - 기타,안전운전불이행,건조,맑음,기타 - 기타,승합,남,63세,상해없음,,,,
2019101800100779,2019년 10월 18일 21시,금요일,전라남도 목포시 옥암동,경상사고,0,0,4,0,차대차 - 기타,신호위반,건조,맑음,교차로 - 교차로안,화물,남,70세,상해없음,승용,여,57세,경상
2019101800100780,2019년 10월 18일 21시,금요일,전라남도 여수시 안산동,중상사고,0,1,0,0,차대사람 - 횡단중,보행자보호의무위반,건조,맑음,교차로 - 교차로횡단보도내,화물,남,63세,상해없음,보행자,여,15세,중상
2019101800100781,2019년 10월 18일 21시,금요일,전라남도 순천시 연향동,경상사고,0,0,1,0,차대차 - 측면충돌,교차로운행방법위반,건조,맑음,교차로 - 교차로안,승용,남,30세,상해없음,승용,여,58세,경상
2019101800100782,2019년 10월 18일 21시,금요일,전라남도 순천시 연향동,경상사고,0,0,1,0,차대차 - 추돌,안전운전불이행,건조,맑음,단일로 - 기타,승용,남,31세,상해없음,승용,여,27세,경상
2019101800100783,2019년 10월 18일 21시,금요일,전라남도 광양시 광영동,중상사고,0,1,0,0,차대사람 - 기타,안전운전불이행,건조,맑음,단일로 - 기타,승용,남,43세,상해없음,보행자,남,52세,중상
2019101800100824,2019년 10월 18일 22시,금요일,전라남도 순천시 해룡면,경상사고,0,0,1,0,차대차 - 측면충돌,안전운전불이행,건조,맑음,단일로 - 기타,승용,남,24세,기타불명,승용,남,24세,경상
2019101800100825,2019년 10월 18일 22시,금요일,전라남도 화순군 화순읍,경상사고,0,0,2,0,차대사람 - 횡단중,보행자보호의무위반,젖음/습기,비,교차로 - 교차로횡단보도내,승용,남,30세,상해없음,보행자,여,44세,경상
2019101900100043,2019년 10월 19일 00시,토요일,전라남도 광양시 중동,경상사고,0,0,2,0,차대차 - 측면충돌,교차로운행방법위반,건조,맑음,교차로 - 교차로안,승용,남,47세,상해없음,승용,남,52세,상해없음
2019101900100091,2019년 10월 19일 04시,토요일,전라남도 목포시 용당동,경상사고,0,0,1,0,차대차 - 측면충돌,중앙선침범,건조,맑음,단일로 - 기타,승용,남,25세,상해없음,승용,남,45세,경상
2019101900100106,2019년 10월 19일 05시,토요일,전라남도 광양시 광영동,중상사고,0,1,0,0,차대사람 - 기타,안전거리미확보,건조,맑음,교차로 - 교차로부근,승용,남,71세,상해없음,보행자,남,56세,중상
2019101900100127,2019년 10월 19일 06시,토요일,전라남도 고흥군 포두면,중상사고,0,2,1,0,차량단독 - 공작물충돌,안전운전불이행,젖음/습기,비,단일로 - 기타,승용,여,38세,경상,,,,
2019101900100147,2019년 10월 19일 07시,토요일,전라남도 목포시 옥암동,경상사고,0,0,1,0,차대차 - 기타,안전운전불이행,건조,맑음,교차로 - 교차로부근,승용,여,58세,상해없음,승용,남,39세,경상
2019101900100148,2019년 10월 19일 07시,토요일,전라남도 함평군 나산면,중상사고,0,1,0,0,차대차 - 측면충돌,안전운전불이행,건조,맑음,교차로 - 교차로안,사륜오토바이(ATV),여,74세,중상,화물,남,77세,상해없음
2019101900100188,2019년 10월 19일 09시,토요일,전라남도 여수시 오림동,경상사고,0,0,1,0,차대차 - 기타,안전거리미확보,건조,맑음,단일로 - 기타,승용,남,63세,상해없음,이륜,남,60세,경상
2019101900100189,2019년 10월 19일 09시,토요일,전라남도 순천시 매곡동,경상사고,0,0,1,0,차대차 - 기타,안전운전불이행,건조,맑음,단일로 - 기타,기타불명,기타불명,미분류,기타불명,자전거,남,13세,경상
2019101900100190,2019년 10월 19일 09시,토요일,전라남도 영광군 염산면,중상사고,0,1,0,0,차대사람 - 횡단중,안전운전불이행,건조,맑음,교차로 - 교차로안,화물,남,46세,상해없음,보행자,남,89세,중상
2019101900100191,2019년 10월 19일 09시,토요일,전라남도 곡성군 겸면,중상사고,0,1,0,0,차량단독 - 도로외이탈 - 추락,안전운전불이행,건조,맑음,단일로 - 기타,이륜,여,58세,중상,,,,
2019101900100258,2019년 10월 19일 11시,토요일,전라남도 나주시 노안면,경상사고,0,0,1,0,차대차 - 측면충돌,안전거리미확보,건조,맑음,단일로 - 기타,승용,남,45세,상해없음,승용,여,21세,경상
2019101900100259,2019년 10월 19일 11시,토요일,전라남도 나주시 동강면,경상사고,0,0,1,0,차대차 - 추돌,안전거리미확보,건조,맑음,단일로 - 기타,건설기계,남,39세,상해없음,승용,남,69세,경상
2019101900100260,2019년 10월 19일 11시,토요일,전라남도 고흥군 포두면,중상사고,0,2,0,0,차대차 - 정면충돌,중앙선침범,건조,맑음,단일로 - 기타,승용,남,76세,중상,화물,남,62세,중상
2019101900100295,2019년 10월 19일 12시,토요일,전라남도 순천시 연향동,중상사고,0,1,0,0,차대차 - 기타,안전운전불이행,건조,맑음,단일로 - 기타,이륜,남,83세,중상,승용,남,49세,상해없음
2019101900100296,2019년 10월 19일 12시,토요일,전라남도 장흥군 장흥읍,경상사고,0,0,1,0,차대차 - 측면충돌,교차로운행방법위반,건조,맑음,교차로 - 교차로안,승용,여,41세,상해없음,승용,남,25세,경상
2019101900100297,2019년 10월 19일 12시,토요일,전라남도 고흥군 동강면,중상사고,0,1,0,0,차대차 - 측면충돌,안전운전불이행,건조,맑음,단일로 - 기타,화물,여,54세,상해없음,원동기,여,68세,중상
2019101900100298,2019년 10월 19일 12시,토요일,전라남도 함평군 신광면,경상사고,0,0,4,0,차대차 - 측면충돌,안전운전불이행,건조,맑음,단일로 - 기타,승용,남,77세,상해없음,승용,남,47세,경상
2019101900100336,2019년 10월 19일 13시,토요일,전라남도 순천시 풍덕동,경상사고,0,0,2,0,차대차 - 측면충돌,교차로운행방법위반,건조,맑음,교차로 - 교차로안,승용,남,34세,경상,화물,남,58세,경상
2019101900100337,2019년 10월 19일 13시,토요일,전라남도 영광군 군서면,중상사고,0,1,0,0,차대차 - 측면충돌,안전운전불이행,건조,맑음,단일로 - 기타,승용,남,44세,상해없음,이륜,남,84세,중상
2019101900100366,2019년 10월 19일 14시,토요일,전라남도 함평군 함평읍,경상사고,0,0,1,0,차대차 - 측면충돌,교차로운행방법위반,건조,맑음,교차로 - 교차로안,승합,남,59세,상해없음,승용,남,42세,경상
2019101900100367,2019년 10월 19일 14시,토요일,전라남도 강진군 마량면,중상사고,0,1,0,0,차량단독 - 전도전복 - 전도,안전운전불이행,건조,맑음,단일로 - 기타,이륜,여,62세,중상,,,,
2019101900100368,2019년 10월 19일 14시,토요일,전라남도 강진군 군동면,중상사고,0,2,1,0,차량단독 - 도로외이탈 - 추락,안전운전불이행,건조,맑음,단일로 - 기타,화물,남,72세,경상,,,,
2019101900100413,2019년 10월 19일 15시,토요일,전라남도 나주시 다도면,중상사고,0,1,0,0,차량단독 - 전도전복 - 전도,안전운전불이행,건조,맑음,단일로 - 기타,원동기,남,79세,중상,,,,
2019101900100454,2019년 10월 19일 16시,토요일,전라남도 목포시 옥암동,부상신고사고,0,0,0,1,차대차 - 후진중충돌,안전운전불이행,건조,맑음,단일로 - 기타,기타불명,기타불명,미분류,기타불명,승용,여,47세,부상신고
2019101900100455,2019년 10월 19일 16시,토요일,전라남도 여수시 신기동,중상사고,0,1,4,0,차대차 - 정면충돌,중앙선침범,건조,맑음,교차로 - 교차로안,화물,남,37세,상해없음,승용,남,22세,경상
2019101900100456,2019년 10월 19일 16시,토요일,전라남도 여수시 문수동,경상사고,0,0,1,0,차대차 - 측면충돌,차로위반,건조,맑음,단일로 - 기타,승용,여,36세,상해없음,승용,남,55세,경상
2019101900100457,2019년 10월 19일 16시,토요일,전라남도 순천시 덕암동,중상사고,0,1,1,0,차대차 - 측면충돌,안전운전불이행,건조,맑음,교차로 - 교차로부근,승용,남,59세,상해없음,이륜,남,32세,중상
2019101900100458,2019년 10월 19일 16시,토요일,전라남도 나주시 경현동,경상사고,0,0,3,0,차대차 - 측면충돌,안전운전불이행,건조,맑음,단일로 - 기타,이륜,남,25세,경상,화물,여,59세,경상
2019101900100459,2019년 10월 19일 16시,토요일,전라남도 장성군 장성읍,경상사고,0,0,4,0,차대차 - 기타,안전운전불이행,건조,맑음,단일로 - 기타,화물,남,58세,상해없음,승용,남,36세,상해없음
2019101900100460,2019년 10월 19일 16시,토요일,전라남도 강진군 군동면,경상사고,0,0,2,0,차대차 - 측면충돌,직진우회전진행방해,건조,맑음,교차로 - 교차로안,승용,여,61세,경상,승용,남,20세,경상
2019101900100461,2019년 10월 19일 16시,토요일,전라남도 순천시 별량면,경상사고,0,0,1,0,차대차 - 기타,안전거리미확보,건조,맑음,기타 - 기타,화물,남,32세,상해없음,화물,남,50세,경상
2019101900100508,2019년 10월 19일 17시,토요일,전라남도 장성군 황룡면,경상사고,0,0,1,0,차대차 - 기타,안전운전불이행,건조,맑음,주차장 - 주차장,승용,남,74세,상해없음,승용,남,65세,경상
2019101900100509,2019년 10월 19일 17시,토요일,전라남도 곡성군 고달면,경상사고,0,0,1,0,차대사람 - 기타,안전운전불이행,건조,맑음,단일로 - 기타,승합,남,69세,상해없음,보행자,남,60세,경상
2019101900100552,2019년 10월 19일 18시,토요일,전라남도 여수시 충무동,중상사고,0,1,0,0,차대사람 - 횡단중,안전운전불이행,건조,맑음,단일로 - 기타,이륜,남,34세,상해없음,보행자,여,68세,중상
2019101900100553,2019년 10월 19일 18시,토요일,전라남도 순천시 교량동,중상사고,0,1,3,9,차대차 - 기타,안전운전불이행,건조,맑음,단일로 - 기타,승용,남,26세,상해없음,승용,남,31세,경상
2019101900100554,2019년 10월 19일 18시,토요일,전라남도 순천시 가곡동,경상사고,0,0,2,1,차대차 - 기타,안전운전불이행,건조,맑음,교차로 - 교차로안,승용,남,35세,부상신고,승용,남,38세,경상
2019101900100555,2019년 10월 19일 18시,토요일,전라남도 순천시 덕월동,경상사고,0,0,1,0,차량단독 - 기타,안전운전불이행,건조,맑음,단일로 - 기타,자전거,남,38세,경상,,,,
2019101900100556,2019년 10월 19일 18시,토요일,전라남도 영암군 영암읍,경상사고,0,0,9,0,차대차 - 측면충돌,안전운전불이행,건조,맑음,단일로 - 기타,승합,남,33세,상해없음,승합,여,60세,경상
2019101900100557,2019년 10월 19일 18시,토요일,전라남도 담양군 고서면,경상사고,0,0,2,0,차대차 - 기타,안전운전불이행,건조,맑음,단일로 - 기타,농기계,남,65세,기타불명,승용,남,75세,경상
2019101900100601,2019년 10월 19일 19시,토요일,전라남도 광양시 광양읍,경상사고,0,0,1,0,차량단독 - 기타,안전운전불이행,건조,맑음,단일로 - 기타,승용,여,50세,경상,,,,
2019101900100631,2019년 10월 19일 20시,토요일,전라남도 목포시 산정동,경상사고,0,0,1,0,차대차 - 기타,중앙선침범,건조,맑음,기타 - 기타,화물,남,64세,상해없음,이륜,남,16세,경상
2019101900100632,2019년 10월 19일 20시,토요일,전라남도 목포시 호남동,부상신고사고,0,0,0,1,차대사람 - 기타,안전운전불이행,건조,기타,기타 - 기타,기타불명,기타불명,미분류,기타불명,보행자,남,20세,부상신고
2019101900100633,2019년 10월 19일 20시,토요일,전라남도 순천시 해룡면,중상사고,0,1,0,0,차대차 - 측면충돌,안전운전불이행,건조,맑음,단일로 - 기타,승용,여,40세,상해없음,이륜,남,45세,중상
2019101900100689,2019년 10월 19일 22시,토요일,전라남도 목포시 석현동,경상사고,0,0,1,0,차대차 - 측면충돌,안전운전불이행,건조,맑음,교차로 - 교차로부근,승합,남,66세,상해없음,화물,남,45세,상해없음
2019101900100690,2019년 10월 19일 22시,토요일,전라남도 목포시 옥암동,경상사고,0,0,3,0,차대차 - 측면충돌,차로위반,건조,맑음,단일로 - 기타,승용,남,28세,경상,승용,여,31세,경상
2019101900100691,2019년 10월 19일 22시,토요일,전라남도 광양시 광양읍,경상사고,0,0,1,0,차량단독 - 기타,안전운전불이행,건조,맑음,단일로 - 기타,승용,남,70세,상해없음,,,,
2019101900100692,2019년 10월 19일 22시,토요일,전라남도 광양시 광양읍,경상사고,0,0,1,0,차대차 - 측면충돌,안전운전불이행,건조,맑음,단일로 - 기타,원동기,남,77세,경상,승용,남,36세,상해없음
2019101900100710,2019년 10월 19일 23시,토요일,전라남도 여수시 여서동,경상사고,0,0,1,0,차대사람 - 기타,안전거리미확보,건조,맑음,단일로 - 기타,승용,남,38세,상해없음,보행자,남,42세,경상
2019101900100711,2019년 10월 19일 23시,토요일,전라남도 순천시 조례동,경상사고,0,0,1,0,차대사람 - 횡단중,보행자보호의무위반,건조,맑음,교차로 - 교차로부근,승용,남,24세,상해없음,보행자,여,18세,경상
2019101900100712,2019년 10월 19일 23시,토요일,전라남도 순천시 용당동,경상사고,0,0,1,0,차대사람 - 기타,안전운전불이행,건조,맑음,단일로 - 기타,승용,남,54세,상해없음,보행자,남,35세,경상
2019102000100075,2019년 10월 20일 03시,일요일,전라남도 강진군 성전면,경상사고,0,0,1,0,차량단독 - 공작물충돌,안전운전불이행,젖음/습기,안개,단일로 - 기타,승용,남,25세,경상,,,,
2019102000100090,2019년 10월 20일 05시,일요일,전라남도 여수시 봉산동,경상사고,0,0,1,0,차대차 - 측면충돌,교차로운행방법위반,건조,맑음,교차로 - 교차로안,승용,남,46세,상해없음,승용,남,62세,경상
2019102000100102,2019년 10월 20일 06시,일요일,전라남도 목포시 산정동,경상사고,0,0,3,0,차대차 - 측면충돌,안전운전불이행,건조,맑음,단일로 - 기타,승용,남,63세,경상,승합,남,51세,경상
2019102000100135,2019년 10월 20일 09시,일요일,전라남도 보성군 조성면,중상사고,0,1,0,0,차대사람 - 기타,중앙선침범,건조,맑음,단일로 - 기타,화물,남,64세,상해없음,보행자,남,70세,중상
2019102000100156,2019년 10월 20일 10시,일요일,전라남도 여수시 화치동,중상사고,0,1,0,0,차대차 - 측면충돌,신호위반,건조,맑음,교차로 - 교차로안,특수,남,64세,상해없음,건설기계,남,49세,중상
2019102000100157,2019년 10월 20일 10시,일요일,전라남도 함평군 나산면,중상사고,0,1,1,1,차대차 - 측면충돌,직진우회전진행방해,건조,맑음,교차로 - 교차로부근,화물,남,72세,부상신고,화물,남,51세,경상
2019102000100183,2019년 10월 20일 11시,일요일,전라남도 목포시 상동,중상사고,0,1,0,0,차대차 - 기타,안전운전불이행,건조,맑음,단일로 - 기타,이륜,여,67세,중상,승용,남,40세,상해없음
2019102000100184,2019년 10월 20일 11시,일요일,전라남도 목포시 상동,경상사고,0,0,1,0,차대차 - 측면충돌,교차로운행방법위반,건조,맑음,교차로 - 교차로안,승용,남,62세,상해없음,화물,남,21세,상해없음
2019102000100185,2019년 10월 20일 11시,일요일,전라남도 영광군 영광읍,경상사고,0,0,2,0,차대차 - 측면충돌,신호위반,건조,맑음,교차로 - 교차로안,승용,여,56세,경상,승용,여,32세,경상
2019102000100186,2019년 10월 20일 11시,일요일,전라남도 완도군 완도읍,경상사고,0,0,1,0,차대사람 - 차도통행중,안전운전불이행,건조,맑음,단일로 - 기타,승용,여,46세,상해없음,보행자,남,48세,경상
2019102000100214,2019년 10월 20일 12시,일요일,전라남도 여수시 봉산동,경상사고,0,0,1,0,차대사람 - 차도통행중,안전운전불이행,건조,맑음,단일로 - 기타,승용,여,63세,상해없음,보행자,여,43세,경상
2019102000100215,2019년 10월 20일 12시,일요일,전라남도 고흥군 풍양면,중상사고,0,1,1,0,차량단독 - 공작물충돌,안전운전불이행,건조,맑음,단일로 - 기타,승용,남,68세,경상,,,,
2019102000100254,2019년 10월 20일 13시,일요일,전라남도 함평군 함평읍,경상사고,0,0,4,1,차대차 - 측면충돌,차로위반,건조,맑음,교차로 - 교차로안,이륜,여,70세,부상신고,승용,여,42세,경상
2019102000100324,2019년 10월 20일 15시,일요일,전라남도 여수시 둔덕동,중상사고,0,4,3,0,차대차 - 측면충돌,교차로운행방법위반,건조,맑음,교차로 - 교차로안,승합,남,65세,상해없음,승용,남,49세,경상
2019102000100325,2019년 10월 20일 15시,일요일,전라남도 곡성군 죽곡면,경상사고,0,0,7,0,차대차 - 정면충돌,중앙선침범,건조,맑음,단일로 - 기타,승용,남,46세,경상,승합,남,69세,경상
2019102000100355,2019년 10월 20일 16시,일요일,전라남도 해남군 산이면,경상사고,0,0,1,0,차대차 - 추돌,안전운전불이행,건조,맑음,교차로 - 교차로부근,승용,남,34세,상해없음,승용,남,43세,경상
2019102000100356,2019년 10월 20일 16시,일요일,전라남도 함평군 학교면,경상사고,0,0,3,2,차대차 - 추돌,안전운전불이행,건조,맑음,단일로 - 터널,승용,여,39세,상해없음,승용,남,70세,상해없음
2019102000100434,2019년 10월 20일 18시,일요일,전라남도 영암군 삼호읍,경상사고,0,0,7,0,차대차 - 측면충돌,교차로운행방법위반,건조,맑음,교차로 - 교차로안,승합,남,53세,경상,승용,남,35세,경상
2019102000100435,2019년 10월 20일 18시,일요일,전라남도 완도군 고금면,중상사고,0,1,0,0,차량단독 - 전도전복 - 전도,기타,건조,맑음,단일로 - 기타,사륜오토바이(ATV),남,81세,중상,,,,
2019102000100436,2019년 10월 20일 18시,일요일,전라남도 무안군 무안읍,경상사고,0,0,1,0,차대사람 - 횡단중,안전운전불이행,건조,맑음,교차로 - 교차로안,승용,남,25세,상해없음,보행자,여,71세,경상
2019102000100496,2019년 10월 20일 20시,일요일,전라남도 순천시 오천동,중상사고,0,1,1,0,차대차 - 측면충돌,안전운전불이행,건조,맑음,단일로 - 기타,자전거,남,24세,경상,이륜,남,21세,중상
2019102000100520,2019년 10월 20일 21시,일요일,전라남도 순천시 장천동,중상사고,0,1,0,0,차대사람 - 기타,안전운전불이행,건조,맑음,단일로 - 기타,승용,남,64세,상해없음,보행자,남,63세,중상
2019102000100521,2019년 10월 20일 21시,일요일,전라남도 영암군 시종면,중상사고,0,1,0,0,차량단독 - 도로외이탈 - 추락,안전운전불이행,건조,맑음,단일로 - 기타,승용,여,65세,상해없음,,,,
2019102000100545,2019년 10월 20일 22시,일요일,전라남도 순천시 조례동,경상사고,0,0,1,1,차대차 - 기타,안전운전불이행,건조,맑음,주차장 - 주차장,승용,여,64세,상해없음,승용,남,34세,부상신고
2019102000100560,2019년 10월 20일 23시,일요일,전라남도 여수시 신기동,경상사고,0,0,1,0,차량단독 - 공작물충돌,안전운전불이행,건조,맑음,교차로 - 교차로부근,승용,남,54세,상해없음,,,,
2019102100100021,2019년 10월 21일 00시,월요일,전라남도 목포시 상동,중상사고,0,1,0,0,차량단독 - 기타,안전운전불이행,건조,맑음,교차로 - 교차로안,이륜,남,39세,중상,,,,