사고번호,사고일시,요일,시군구,사고내용,사망자수,중상자수,경상자수,부상신고자수,사고유형,법규위반,노면상태,기상상태,도로형태,가해운전자 차종,가해운전자 성별,가해운전자 연령,가해운전자 상해정도,피해운전자 차종,피해운전자 성별,피해운전자 연령,피해운전자 상해정도
2019102100100035,2019년 10월 21일 02시,월요일,전라남도 영암군 삼호읍,경상사고,0,0,1,0,차대차 - 추돌,안전운전불이행,건조,맑음,단일로 - 기타,승용,남,35세,상해없음,승용,남,44세,경상
2019102100100075,2019년 10월 21일 06시,월요일,전라남도 목포시 옥암동,경상사고,0,0,1,0,차대차 - 측면충돌,신호위반,건조,맑음,교차로 - 교차로안,화물,남,62세,상해없음,승용,여,54세,경상
2019102100100076,2019년 10월 21일 06시,월요일,전라남도 순천시 주암면,경상사고,0,0,2,0,차대차 - 기타,안전운전불이행,건조,맑음,기타 - 기타,승용,남,43세,상해없음,승용,남,57세,경상
2019102100100095,2019년 10월 21일 07시,월요일,전라남도 신안군 임자면,중상사고,0,1,0,0,차대차 - 기타,안전운전불이행,건조,맑음,교차로 - 교차로안,사륜오토바이(ATV),여,69세,중상,화물,남,60세,상해없음
2019102100100096,2019년 10월 21일 07시,월요일,전라남도 무안군 해제면,중상사고,0,2,1,0,차량단독 - 공작물충돌,안전운전불이행,건조,맑음,단일로 - 기타,화물,남,62세,중상,,,,
2019102100100183,2019년 10월 21일 09시,월요일,전라남도 목포시 용해동,경상사고,0,0,2,0,차대차 - 기타,신호위반,건조,맑음,교차로 - 교차로안,승용,남,79세,상해없음,승용,남,67세,경상
2019102100100184,2019년 10월 21일 09시,월요일,전라남도 순천시 저전동,중상사고,0,1,0,0,차대차 - 측면충돌,직진우회전진행방해,건조,맑음,단일로 - 기타,승용,남,58세,상해없음,자전거,남,75세,중상
2019102100100185,2019년 10월 21일 09시,월요일,전라남도 순천시 연향동,경상사고,0,0,1,0,차대사람 - 기타,안전운전불이행,건조,맑음,기타 - 기타,승용,여,46세,상해없음,보행자,남,49세,경상
2019102100100186,2019년 10월 21일 09시,월요일,전라남도 무안군 현경면,경상사고,0,0,1,0,차대차 - 기타,기타,건조,맑음,단일로 - 기타,기타불명,기타불명,미분류,기타불명,승용,남,44세,경상
2019102100100231,2019년 10월 21일 10시,월요일,전라남도 목포시 용해동,경상사고,0,0,1,0,차대차 - 기타,신호위반,건조,맑음,교차로 - 교차로안,승용,남,71세,상해없음,화물,남,66세,경상
2019102100100232,2019년 10월 21일 10시,월요일,전라남도 고흥군 동강면,중상사고,0,1,0,0,차대차 - 측면충돌,안전운전불이행,건조,맑음,단일로 - 기타,화물,남,71세,상해없음,원동기,남,85세,중상
2019102100100265,2019년 10월 21일 11시,월요일,전라남도 목포시 상동,경상사고,0,0,1,0,차대차 - 기타,안전운전불이행,건조,맑음,기타 - 기타,승용,남,78세,상해없음,승용,여,28세,경상
2019102100100266,2019년 10월 21일 11시,월요일,전라남도 목포시 상동,경상사고,0,0,1,0,차대차 - 기타,안전운전불이행,건조,맑음,단일로 - 기타,승용,남,27세,상해없음,승용,여,53세,경상
2019102100100267,2019년 10월 21일 11시,월요일,전라남도 나주시 성북동,중상사고,0,1,0,0,차대차 - 측면충돌,신호위반,건조,맑음,교차로 - 교차로안,자전거,남,64세,중상,승용,남,55세,상해없음
2019102100100268,2019년 10월 21일 11시,월요일,전라남도 해남군 해남읍,경상사고,0,0,2,0,차대차 - 기타,교차로운행방법위반,건조,맑음,교차로 - 교차로안,승용,남,63세,경상,승용,남,59세,경상
2019102100100361,2019년 10월 21일 13시,월요일,전라남도 해남군 해남읍,경상사고,0,0,1,0,차대차 - 기타,차로위반,건조,맑음,단일로 - 기타,화물,남,63세,상해없음,승용,여,42세,경상
2019102100100402,2019년 10월 21일 14시,월요일,전라남도 목포시 용당동,경상사고,0,0,2,0,차대사람 - 기타,안전운전불이행,건조,맑음,단일로 - 기타,자전거,남,27세,경상,보행자,여,67세,경상
2019102100100403,2019년 10월 21일 14시,월요일,전라남도 화순군 화순읍,경상사고,0,0,1,0,차대차 - 측면충돌,교차로운행방법위반,건조,맑음,교차로 - 교차로안,승용,여,42세,상해없음,승용,남,46세,경상
2019102100100404,2019년 10월 21일 14시,월요일,전라남도 진도군 의신면,경상사고,0,0,1,0,차대차 - 추돌,안전운전불이행,건조,맑음,단일로 - 기타,승용,남,28세,상해없음,이륜,여,59세,경상
2019102100100437,2019년 10월 21일 15시,월요일,전라남도 목포시 옥암동,중상사고,0,1,0,0,차대차 - 기타,신호위반,건조,맑음,교차로 - 교차로안,승용,남,64세,상해없음,자전거,남,75세,중상
2019102100100438,2019년 10월 21일 15시,월요일,전라남도 여수시 화장동,중상사고,0,1,0,0,차대차 - 측면충돌,신호위반,건조,맑음,교차로 - 교차로횡단보도내,승용,여,38세,상해없음,자전거,남,39세,중상
2019102100100439,2019년 10월 21일 15시,월요일,전라남도 무안군 삼향읍,경상사고,0,0,1,0,차대차 - 측면충돌,안전운전불이행,건조,맑음,단일로 - 기타,승용,여,57세,상해없음,승용,여,28세,경상
2019102100100486,2019년 10월 21일 16시,월요일,전라남도 나주시 빛가람동,중상사고,0,1,0,1,차대차 - 측면충돌,안전운전불이행,건조,맑음,교차로 - 교차로안,승용,여,45세,부상신고,이륜,남,38세,중상
2019102100100487,2019년 10월 21일 16시,월요일,전라남도 함평군 학교면,중상사고,0,1,1,0,차대차 - 추돌,안전운전불이행,건조,맑음,단일로 - 기타,이륜,남,77세,중상,농기계,남,43세,기타불명
2019102100100488,2019년 10월 21일 16시,월요일,전라남도 광양시 중동,경상사고,0,0,2,0,차대차 - 측면충돌,신호위반,건조,맑음,교차로 - 교차로안,화물,남,49세,경상,승용,남,55세,경상
2019102100100532,2019년 10월 21일 17시,월요일,전라남도 여수시 오림동,경상사고,0,0,7,0,차대차 - 측면충돌,안전운전불이행,건조,맑음,단일로 - 기타,승용,남,51세,경상,승용,여,52세,경상
2019102100100533,2019년 10월 21일 17시,월요일,전라남도 장흥군 안양면,경상사고,0,0,1,0,차대차 - 추돌,안전운전불이행,건조,맑음,교차로 - 교차로부근,이륜,남,61세,상해없음,승용,여,49세,경상
2019102100100584,2019년 10월 21일 18시,월요일,전라남도 목포시 연산동,중상사고,0,1,1,0,차대사람 - 횡단중,안전운전불이행,건조,맑음,단일로 - 기타,이륜,남,22세,중상,보행자,여,73세,경상
2019102100100585,2019년 10월 21일 18시,월요일,전라남도 보성군 득량면,중상사고,0,1,1,0,차대차 - 추돌,안전운전불이행,건조,맑음,단일로 - 기타,승용,여,54세,상해없음,승용,여,31세,중상
2019102100100586,2019년 10월 21일 18시,월요일,전라남도 함평군 함평읍,중상사고,0,1,0,0,차대차 - 측면충돌,안전운전불이행,건조,맑음,교차로 - 교차로안,승용,여,42세,기타불명,이륜,여,46세,중상
2019102100100587,2019년 10월 21일 18시,월요일,전라남도 함평군 월야면,중상사고,0,1,1,0,차대차 - 측면충돌,안전운전불이행,건조,맑음,교차로 - 교차로안,화물,여,66세,경상,화물,여,61세,중상
2019102100100588,2019년 10월 21일 18시,월요일,전라남도 강진군 성전면,경상사고,0,0,1,0,차대차 - 추돌,안전운전불이행,건조,맑음,교차로 - 교차로부근,화물,남,56세,상해없음,승용,남,42세,경상
2019102100100635,2019년 10월 21일 19시,월요일,전라남도 목포시 상동,경상사고,0,0,1,0,차대차 - 기타,안전운전불이행,건조,맑음,교차로 - 교차로부근,승용,남,47세,상해없음,승용,남,26세,경상
2019102100100636,2019년 10월 21일 19시,월요일,전라남도 순천시 조례동,중상사고,0,1,0,0,차대사람 - 보도통행중,기타,건조,맑음,기타 - 기타,원동기,남,58세,상해없음,보행자,남,51세,중상
2019102100100637,2019년 10월 21일 19시,월요일,전라남도 고흥군 풍양면,경상사고,0,0,3,0,차대차 - 추돌,안전운전불이행,건조,맑음,단일로 - 기타,승용,여,40세,경상,승용,남,50세,경상
2019102100100638,2019년 10월 21일 19시,월요일,전라남도 해남군 해남읍,중상사고,0,1,0,0,차대차 - 기타,교차로운행방법위반,건조,맑음,교차로 - 교차로안,승용,여,45세,상해없음,이륜,남,21세,중상
2019102100100639,2019년 10월 21일 19시,월요일,전라남도 함평군 학교면,경상사고,0,0,1,0,차대차 - 추돌,안전운전불이행,건조,맑음,단일로 - 기타,화물,남,28세,상해없음,농기계,남,50세,경상
2019102100100687,2019년 10월 21일 21시,월요일,전라남도 화순군 화순읍,부상신고사고,0,0,0,1,차대사람 - 기타,안전운전불이행,건조,맑음,단일로 - 기타,승용,여,41세,상해없음,보행자,남,17세,부상신고
2019102100100713,2019년 10월 21일 22시,월요일,전라남도 목포시 상동,중상사고,0,1,0,0,차대사람 - 횡단중,보행자보호의무위반,건조,맑음,교차로 - 교차로횡단보도내,이륜,여,24세,상해없음,보행자,남,64세,중상
2019102100100714,2019년 10월 21일 22시,월요일,전라남도 무안군 운남면,중상사고,0,1,0,0,차대차 - 기타,안전운전불이행,젖음/습기,흐림,단일로 - 기타,승용,여,51세,중상,화물,남,44세,상해없음
2019102200100114,2019년 10월 22일 07시,화요일,전라남도 담양군 수북면,중상사고,0,1,1,0,차대차 - 측면충돌,안전거리미확보,건조,맑음,단일로 - 기타,승용,남,50세,기타불명,승용,여,39세,중상
2019102200100115,2019년 10월 22일 07시,화요일,전라남도 담양군 수북면,경상사고,0,0,3,0,차대차 - 추돌,안전거리미확보,건조,맑음,단일로 - 기타,승용,남,31세,경상,승용,남,46세,상해없음
2019102200100164,2019년 10월 22일 08시,화요일,전라남도 목포시 옥암동,부상신고사고,0,0,0,1,차대차 - 기타,안전운전불이행,건조,맑음,단일로 - 기타,자전거,남,13세,부상신고,승용,여,27세,상해없음
2019102200100165,2019년 10월 22일 08시,화요일,전라남도 광양시 중동,경상사고,0,0,1,0,차대차 - 추돌,안전거리미확보,건조,맑음,교차로 - 교차로부근,승용,남,35세,상해없음,승용,여,53세,경상
2019102200100200,2019년 10월 22일 09시,화요일,전라남도 목포시 옥암동,경상사고,0,0,1,0,차대차 - 기타,안전운전불이행,건조,맑음,단일로 - 기타,승용,남,50세,상해없음,승합,남,49세,상해없음
2019102200100201,2019년 10월 22일 09시,화요일,전라남도 여수시 주삼동,중상사고,0,1,0,0,차대차 - 측면충돌,안전거리미확보,건조,맑음,단일로 - 기타,승용,남,47세,상해없음,승용,남,67세,중상
2019102200100233,2019년 10월 22일 10시,화요일,전라남도 여수시 학동,경상사고,0,0,1,0,차대사람 - 차도통행중,안전운전불이행,건조,맑음,단일로 - 기타,승용,남,53세,상해없음,보행자,여,59세,경상
2019102200100234,2019년 10월 22일 10시,화요일,전라남도 나주시 금천면,중상사고,0,1,0,0,차대차 - 측면충돌,기타,건조,맑음,교차로 - 교차로안,승용,여,48세,상해없음,이륜,남,70세,중상
2019102200100235,2019년 10월 22일 10시,화요일,전라남도 진도군 의신면,중상사고,0,1,3,0,차대차 - 측면충돌,교차로운행방법위반,건조,맑음,교차로 - 교차로안,화물,남,73세,경상,화물,남,77세,경상
2019102200100236,2019년 10월 22일 10시,화요일,전라남도 광양시 봉강면,중상사고,0,1,0,0,차대사람 - 차도통행중,안전운전불이행,건조,맑음,교차로 - 교차로안,화물,남,50세,상해없음,보행자,여,68세,중상
2019102200100260,2019년 10월 22일 11시,화요일,전라남도 목포시 상동,경상사고,0,0,2,0,차대차 - 기타,안전운전불이행,건조,맑음,단일로 - 기타,승용,여,54세,경상,승용,남,21세,상해없음
2019102200100261,2019년 10월 22일 11시,화요일,전라남도 영암군 군서면,경상사고,0,0,1,0,차대차 - 추돌,안전운전불이행,건조,맑음,단일로 - 기타,화물,남,39세,상해없음,화물,여,63세,경상
2019102200100262,2019년 10월 22일 11시,화요일,전라남도 강진군 칠량면,경상사고,0,0,2,0,차대차 - 측면충돌,직진우회전진행방해,건조,맑음,교차로 - 교차로안,승용,여,37세,경상,승용,남,25세,경상
2019102200100263,2019년 10월 22일 11시,화요일,전라남도 진도군 진도읍,경상사고,0,0,2,0,차대차 - 측면충돌,차로위반,건조,맑음,단일로 - 기타,승용,여,66세,경상,승용,남,75세,경상
2019102200100264,2019년 10월 22일 11시,화요일,전라남도 광양시 광양읍,경상사고,0,0,1,0,차대사람 - 기타,안전운전불이행,건조,맑음,교차로 - 교차로안,화물,남,52세,상해없음,보행자,남,53세,경상
2019102200100291,2019년 10월 22일 12시,화요일,전라남도 목포시 용해동,경상사고,0,0,1,0,차대차 - 측면충돌,차로위반,건조,맑음,단일로 - 기타,승용,여,58세,상해없음,승용,남,49세,경상
2019102200100292,2019년 10월 22일 12시,화요일,전라남도 나주시 남평읍,경상사고,0,0,2,0,차대차 - 측면충돌,안전운전불이행,건조,맑음,교차로 - 교차로부근,승용,남,78세,상해없음,승용,여,71세,경상
2019102200100293,2019년 10월 22일 12시,화요일,전라남도 장흥군 부산면,경상사고,0,0,5,0,차대차 - 추돌,안전운전불이행,건조,맑음,교차로 - 교차로부근,승용,여,43세,상해없음,승합,여,26세,경상
2019102200100294,2019년 10월 22일 12시,화요일,전라남도 광양시 광양읍,경상사고,0,0,2,0,차대차 - 기타,교차로운행방법위반,건조,맑음,교차로 - 교차로안,승용,남,29세,상해없음,승용,남,44세,경상
2019102200100335,2019년 10월 22일 13시,화요일,전라남도 여수시 덕충동,경상사고,0,0,3,0,차대차 - 추돌,안전거리미확보,건조,맑음,단일로 - 기타,승용,남,48세,상해없음,승용,남,42세,경상
2019102200100336,2019년 10월 22일 13시,화요일,전라남도 영광군 영광읍,경상사고,0,0,1,0,차대차 - 측면충돌,차로위반,건조,맑음,교차로 - 교차로부근,승용,남,65세,상해없음,승용,남,30세,경상
2019102200100337,2019년 10월 22일 13시,화요일,전라남도 영암군 도포면,경상사고,0,0,1,0,차대차 - 추돌,안전운전불이행,건조,맑음,단일로 - 기타,화물,남,74세,상해없음,화물,여,46세,경상
2019102200100406,2019년 10월 22일 15시,화요일,전라남도 여수시 연등동,경상사고,0,0,2,0,차대차 - 기타,안전운전불이행,건조,맑음,단일로 - 기타,승용,남,68세,상해없음,승용,남,27세,경상
2019102200100407,2019년 10월 22일 15시,화요일,전라남도 나주시 대호동,중상사고,0,1,2,0,차대차 - 측면충돌,중앙선침범,건조,맑음,교차로 - 교차로부근,이륜,남,78세,경상,승용,남,18세,경상
2019102200100450,2019년 10월 22일 16시,화요일,전라남도 순천시 조례동,경상사고,0,0,2,0,차대차 - 측면충돌,안전거리미확보,건조,맑음,단일로 - 기타,이륜,남,44세,경상,승용,여,50세,경상
2019102200100451,2019년 10월 22일 16시,화요일,전라남도 함평군 학교면,중상사고,0,1,1,0,차대차 - 측면충돌,교차로운행방법위반,건조,맑음,교차로 - 교차로안,이륜,남,49세,중상,승용,여,65세,경상
2019102200100452,2019년 10월 22일 16시,화요일,전라남도 무안군 청계면,중상사고,0,1,0,0,차대사람 - 차도통행중,안전운전불이행,건조,맑음,단일로 - 기타,승용,남,24세,상해없음,보행자,여,42세,중상
2019102200100549,2019년 10월 22일 18시,화요일,전라남도 나주시 용산동,경상사고,0,0,1,0,차대차 - 추돌,안전운전불이행,건조,맑음,단일로 - 기타,승용,남,67세,상해없음,자전거,남,37세,경상
2019102200100550,2019년 10월 22일 18시,화요일,전라남도 강진군 군동면,경상사고,0,0,1,0,차대차 - 측면충돌,신호위반,건조,맑음,교차로 - 교차로안,승용,남,54세,상해없음,화물,남,69세,경상
2019102200100626,2019년 10월 22일 19시,화요일,전라남도 목포시 용당동,경상사고,0,0,1,0,차대차 - 기타,안전운전불이행,건조,맑음,교차로 - 교차로부근,승용,남,39세,상해없음,자전거,남,48세,경상
2019102200100669,2019년 10월 22일 20시,화요일,전라남도 해남군 해남읍,경상사고,0,0,1,0,차대차 - 추돌,안전운전불이행,건조,맑음,단일로 - 기타,화물,남,57세,기타불명,농기계,남,51세,경상
2019102200100670,2019년 10월 22일 20시,화요일,전라남도 완도군 완도읍,경상사고,0,0,1,0,차대차 - 측면충돌,안전운전불이행,건조,맑음,교차로 - 교차로부근,승용,남,37세,상해없음,자전거,남,27세,경상
2019102200100696,2019년 10월 22일 21시,화요일,전라남도 여수시 학동,중상사고,0,1,0,0,차대사람 - 횡단중,신호위반,건조,맑음,단일로 - 기타,승용,남,64세,상해없음,보행자,여,63세,중상
2019102200100717,2019년 10월 22일 22시,화요일,전라남도 목포시 옥암동,경상사고,0,0,3,0,차대차 - 기타,안전운전불이행,건조,맑음,교차로 - 교차로안,승용,남,61세,경상,승용,남,33세,경상
2019102200100718,2019년 10월 22일 22시,화요일,전라남도 광양시 광양읍,경상사고,0,0,1,0,차대사람 - 기타,안전운전불이행,건조,맑음,교차로 - 교차로횡단보도내,승용,여,59세,상해없음,보행자,여,50세,경상
2019102200100733,2019년 10월 22일 23시,화요일,전라남도 장흥군 장흥읍,경상사고,0,0,1,0,차대차 - 측면충돌,교차로운행방법위반,건조,맑음,교차로 - 교차로안,승용,여,32세,상해없음,이륜,남,19세,경상
2019102200100734,2019년 10월 22일 23시,화요일,전라남도 장흥군 장동면,부상신고사고,0,0,0,1,차량단독 - 공작물충돌,안전운전불이행,건조,맑음,단일로 - 기타,농기계,남,32세,부상신고,,,,
2019102300100053,2019년 10월 23일 01시,수요일,전라남도 담양군 고서면,경상사고,0,0,1,0,차대차 - 측면충돌,안전운전불이행,건조,맑음,교차로 - 교차로안,승용,남,65세,상해없음,승용,여,29세,경상
2019102300100069,2019년 10월 23일 04시,수요일,전라남도 목포시 산정동,경상사고,0,0,2,0,차대차 - 기타,안전운전불이행,건조,맑음,교차로 - 교차로안,승용,남,32세,상해없음,화물,여,52세,경상
2019102300100087,2019년 10월 23일 06시,수요일,전라남도 진도군 의신면,중상사고,0,1,0,0,차대사람 - 횡단중,안전운전불이행,건조,맑음,교차로 - 교차로안,화물,남,69세,상해없음,보행자,여,81세,중상
2019102300100109,2019년 10월 23일 07시,수요일,전라남도 여수시 화치동,경상사고,0,0,2,0,차대차 - 측면충돌,교차로운행방법위반,건조,흐림,교차로 - 교차로안,승용,남,37세,경상,승용,남,49세,경상
2019102300100110,2019년 10월 23일 07시,수요일,전라남도 해남군 송지면,중상사고,0,1,0,0,차량단독 - 기타,안전운전불이행,건조,맑음,단일로 - 기타,농기계,남,80세,중상,,,,
2019102300100147,2019년 10월 23일 08시,수요일,전라남도 여수시 오림동,경상사고,0,0,1,0,차대차 - 측면충돌,안전거리미확보,건조,맑음,단일로 - 기타,화물,남,52세,상해없음,승용,여,45세,경상
2019102300100148,2019년 10월 23일 08시,수요일,전라남도 완도군 고금면,경상사고,0,0,1,0,차대차 - 측면충돌,안전운전불이행,건조,맑음,교차로 - 교차로안,화물,남,64세,상해없음,이륜,남,80세,경상
2019102300100180,2019년 10월 23일 09시,수요일,전라남도 목포시 연산동,경상사고,0,0,3,0,차대차 - 측면충돌,신호위반,건조,맑음,교차로 - 교차로안,승용,여,43세,경상,화물,여,65세,경상
2019102300100181,2019년 10월 23일 09시,수요일,전라남도 장흥군 장흥읍,부상신고사고,0,0,0,1,차대차 - 기타,안전운전불이행,건조,맑음,단일로 - 기타,승용,여,53세,상해없음,자전거,여,72세,부상신고
2019102300100182,2019년 10월 23일 09시,수요일,전라남도 영암군 삼호읍,경상사고,0,0,1,1,차대차 - 추돌,안전운전불이행,건조,맑음,교차로 - 교차로부근,화물,남,35세,상해없음,승합,남,25세,부상신고
2019102300100210,2019년 10월 23일 10시,수요일,전라남도 여수시 봉강동,경상사고,0,0,1,0,차대차 - 추돌,안전운전불이행,건조,맑음,단일로 - 기타,승용,남,57세,기타불명,승용,여,54세,경상
2019102300100241,2019년 10월 23일 11시,수요일,전라남도 여수시 관문동,중상사고,0,1,0,0,차대차 - 측면충돌,안전운전불이행,건조,맑음,교차로 - 교차로안,승용,남,63세,상해없음,원동기,남,25세,중상
2019102300100242,2019년 10월 23일 11시,수요일,전라남도 함평군 나산면,경상사고,0,0,1,1,차대차 - 측면충돌,직진우회전진행방해,건조,맑음,교차로 - 교차로안,승용,남,32세,부상신고,화물,남,65세,경상
2019102300100243,2019년 10월 23일 11시,수요일,전라남도 무안군 삼향읍,경상사고,0,0,1,0,차대차 - 측면충돌,교차로운행방법위반,건조,맑음,교차로 - 교차로부근,자전거,남,29세,상해없음,이륜,남,18세,경상
2019102300100271,2019년 10월 23일 12시,수요일,전라남도 순천시 서면,경상사고,0,0,1,0,차대차 - 기타,교차로운행방법위반,건조,흐림,교차로 - 교차로부근,이륜,남,80세,경상,승용,남,46세,상해없음
2019102300100272,2019년 10월 23일 12시,수요일,전라남도 완도군 완도읍,경상사고,0,0,1,0,차대차 - 기타,차로위반,건조,맑음,단일로 - 기타,이륜,남,83세,경상,승용,남,68세,상해없음
2019102300100326,2019년 10월 23일 14시,수요일,전라남도 순천시 장천동,중상사고,0,1,1,0,차대사람 - 기타,신호위반,건조,맑음,단일로 - 기타,이륜,남,81세,경상,보행자,남,16세,중상
2019102300100327,2019년 10월 23일 14시,수요일,전라남도 해남군 황산면,사망사고,1,0,0,0,차대차 - 추돌,안전운전불이행,건조,맑음,단일로 - 기타,이륜,남,60세,사망,화물,남,67세,상해없음
2019102300100328,2019년 10월 23일 14시,수요일,전라남도 장성군 남면,경상사고,0,0,1,0,차대차 - 기타,안전운전불이행,건조,맑음,단일로 - 기타,승용,남,41세,상해없음,승용,남,39세,경상
2019102300100371,2019년 10월 23일 15시,수요일,전라남도 여수시 선원동,경상사고,0,0,1,0,차대차 - 측면충돌,안전운전불이행,건조,맑음,단일로 - 기타,승합,여,45세,상해없음,승용,여,54세,경상
2019102300100372,2019년 10월 23일 15시,수요일,전라남도 장흥군 장흥읍,중상사고,0,1,0,0,차대사람 - 기타,안전운전불이행,건조,맑음,단일로 - 기타,화물,여,54세,상해없음,보행자,여,77세,중상
2019102300100373,2019년 10월 23일 15시,수요일,전라남도 무안군 몽탄면,중상사고,0,1,0,0,차대차 - 측면충돌,중앙선침범,건조,맑음,교차로 - 교차로안,화물,남,34세,상해없음,자전거,남,67세,중상
2019102300100450,2019년 10월 23일 17시,수요일,전라남도 목포시 옥암동,경상사고,0,0,1,0,차대사람 - 기타,안전운전불이행,건조,맑음,교차로 - 교차로안,승용,여,63세,상해없음,보행자,남,30세,경상
2019102300100451,2019년 10월 23일 17시,수요일,전라남도 여수시 충무동,경상사고,0,0,1,0,차대차 - 측면충돌,교차로운행방법위반,건조,맑음,교차로 - 교차로안,승용,여,51세,상해없음,자전거,남,67세,경상
2019102300100452,2019년 10월 23일 17시,수요일,전라남도 순천시 월등면,중상사고,0,1,0,0,차대차 - 기타,안전운전불이행,건조,맑음,단일로 - 기타,승용,여,51세,상해없음,사륜오토바이(ATV),남,63세,중상
2019102300100453,2019년 10월 23일 17시,수요일,전라남도 해남군 해남읍,중상사고,0,1,2,0,차대차 - 측면충돌,안전운전불이행,건조,맑음,단일로 - 기타,승용,남,34세,경상,승용,여,65세,상해없음
2019102300100506,2019년 10월 23일 18시,수요일,전라남도 여수시 화장동,중상사고,0,1,0,0,차대사람 - 횡단중,보행자보호의무위반,건조,맑음,교차로 - 교차로횡단보도내,승용,남,50세,상해없음,보행자,남,20세,중상
2019102300100507,2019년 10월 23일 18시,수요일,전라남도 해남군 해남읍,경상사고,0,0,1,0,차대차 - 측면충돌,교차로운행방법위반,건조,맑음,교차로 - 교차로안,승용,여,57세,기타불명,승용,남,42세,경상
2019102300100508,2019년 10월 23일 18시,수요일,전라남도 영암군 학산면,경상사고,0,0,1,0,차대차 - 기타,안전운전불이행,건조,맑음,단일로 - 기타,승용,남,32세,경상,승용,남,45세,상해없음
2019102300100632,2019년 10월 23일 21시,수요일,전라남도 광양시 광양읍,경상사고,0,0,1,0,차대차 - 추돌,안전운전불이행,건조,맑음,단일로 - 기타,승합,남,55세,상해없음,승용,여,57세,경상
2019102400100033,2019년 10월 24일 00시,목요일,전라남도 해남군 북평면,중상사고,0,1,0,0,차량단독 - 공작물충돌,안전운전불이행,건조,맑음,단일로 - 기타,승용,남,38세,중상,,,,
2019102400100072,2019년 10월 24일 05시,목요일,전라남도 여수시 서교동,경상사고,0,0,1,0,차대차 - 기타,중앙선침범,건조,맑음,교차로 - 교차로부근,화물,남,51세,상해없음,승용,남,46세,경상
2019102400100114,2019년 10월 24일 07시,목요일,전라남도 화순군 화순읍,경상사고,0,0,1,0,차대차 - 측면충돌,직진우회전진행방해,건조,맑음,교차로 - 교차로안,승합,여,50세,상해없음,화물,남,50세,경상
2019102400100154,2019년 10월 24일 08시,목요일,전라남도 완도군 완도읍,경상사고,0,0,1,0,차대차 - 추돌,기타,건조,맑음,단일로 - 기타,이륜,남,72세,경상,화물,남,35세,상해없음
2019102400100187,2019년 10월 24일 09시,목요일,전라남도 목포시 호남동,경상사고,0,0,3,0,차대차 - 추돌,안전운전불이행,건조,맑음,단일로 - 기타,승용,남,56세,상해없음,화물,남,40세,경상
2019102400100188,2019년 10월 24일 09시,목요일,전라남도 순천시 풍덕동,중상사고,0,1,0,0,차대차 - 측면충돌,안전운전불이행,건조,맑음,단일로 - 기타,이륜,남,73세,중상,승용,여,56세,상해없음
2019102400100224,2019년 10월 24일 10시,목요일,전라남도 보성군 보성읍,경상사고,0,0,1,1,차대차 - 정면충돌,안전운전불이행,건조,맑음,교차로 - 교차로안,화물,남,60세,부상신고,화물,남,69세,경상
2019102400100225,2019년 10월 24일 10시,목요일,전라남도 무안군 해제면,사망사고,1,0,0,0,차대차 - 측면충돌,안전운전불이행,건조,맑음,단일로 - 기타,화물,남,27세,상해없음,이륜,남,81세,사망
2019102400100252,2019년 10월 24일 11시,목요일,전라남도 여수시 웅천동,중상사고,0,1,1,0,차대차 - 측면충돌,교차로운행방법위반,건조,맑음,교차로 - 교차로안,승용,남,65세,상해없음,원동기,남,46세,중상
2019102400100253,2019년 10월 24일 11시,목요일,전라남도 순천시 연향동,경상사고,0,0,1,0,차대차 - 기타,직진우회전진행방해,건조,맑음,교차로 - 교차로안,이륜,남,70세,경상,화물,남,62세,상해없음
2019102400100254,2019년 10월 24일 11시,목요일,전라남도 구례군 산동면,중상사고,0,1,0,0,차량단독 - 전도전복 - 전도,안전운전불이행,건조,맑음,교차로 - 교차로부근,사륜오토바이(ATV),남,45세,중상,,,,
2019102400100290,2019년 10월 24일 12시,목요일,전라남도 목포시 용해동,중상사고,0,1,4,0,차대차 - 추돌,안전운전불이행,건조,맑음,교차로 - 교차로부근,화물,남,65세,중상,화물,남,56세,경상
2019102400100291,2019년 10월 24일 12시,목요일,전라남도 화순군 화순읍,경상사고,0,0,1,0,차대사람 - 기타,안전운전불이행,건조,맑음,단일로 - 기타,승용,여,66세,상해없음,보행자,남,30세,경상
2019102400100332,2019년 10월 24일 13시,목요일,전라남도 강진군 병영면,사망사고,1,1,0,0,차대차 - 정면충돌,신호위반,건조,맑음,교차로 - 교차로안,이륜,남,54세,사망,승용,남,58세,상해없음
2019102400100333,2019년 10월 24일 13시,목요일,전라남도 광양시 광양읍,중상사고,0,1,0,0,차대차 - 측면충돌,교차로운행방법위반,건조,맑음,교차로 - 교차로안,승용,남,43세,상해없음,이륜,남,68세,중상