사고번호,사고일시,요일,시군구,사고내용,사망자수,중상자수,경상자수,부상신고자수,사고유형,법규위반,노면상태,기상상태,도로형태,가해운전자 차종,가해운전자 성별,가해운전자 연령,가해운전자 상해정도,피해운전자 차종,피해운전자 성별,피해운전자 연령,피해운전자 상해정도
2019102400100334,2019년 10월 24일 13시,목요일,전라남도 담양군 무정면,중상사고,0,1,1,0,차대차 - 기타,안전거리미확보,건조,맑음,단일로 - 기타,화물,남,38세,경상,승용,남,51세,중상
2019102400100369,2019년 10월 24일 14시,목요일,전라남도 영광군 군서면,경상사고,0,0,1,0,차대차 - 측면충돌,안전운전불이행,건조,맑음,단일로 - 기타,승용,여,54세,상해없음,이륜,남,65세,경상
2019102400100370,2019년 10월 24일 14시,목요일,전라남도 영암군 학산면,중상사고,0,2,2,0,차대차 - 추돌,안전운전불이행,건조,맑음,단일로 - 기타,화물,남,33세,경상,승용,여,65세,중상
2019102400100400,2019년 10월 24일 15시,목요일,전라남도 목포시 용당동,중상사고,0,1,1,0,차대차 - 기타,직진우회전진행방해,건조,맑음,교차로 - 교차로안,승용,남,73세,경상,이륜,남,35세,중상
2019102400100401,2019년 10월 24일 15시,목요일,전라남도 화순군 능주면,중상사고,0,1,1,0,차대차 - 기타,차로위반,건조,맑음,단일로 - 기타,승합,남,70세,상해없음,승합,남,37세,중상
2019102400100447,2019년 10월 24일 16시,목요일,전라남도 목포시 산정동,경상사고,0,0,2,0,차대차 - 측면충돌,안전운전불이행,건조,맑음,교차로 - 교차로부근,이륜,남,70세,상해없음,승합,남,43세,경상
2019102400100448,2019년 10월 24일 16시,목요일,전라남도 목포시 옥암동,경상사고,0,0,1,0,차대차 - 측면충돌,중앙선침범,건조,맑음,단일로 - 기타,이륜,남,25세,상해없음,승용,여,36세,경상
2019102400100449,2019년 10월 24일 16시,목요일,전라남도 여수시 학동,경상사고,0,0,1,0,차대차 - 측면충돌,차로위반,건조,맑음,교차로 - 교차로부근,승용,남,64세,상해없음,원동기,남,23세,경상
2019102400100450,2019년 10월 24일 16시,목요일,전라남도 보성군 율어면,중상사고,0,1,0,0,차량단독 - 전도전복 - 전도,안전운전불이행,건조,맑음,단일로 - 기타,이륜,남,67세,중상,,,,
2019102400100490,2019년 10월 24일 17시,목요일,전라남도 해남군 해남읍,경상사고,0,0,2,0,차대차 - 추돌,안전운전불이행,건조,맑음,단일로 - 기타,승용,남,55세,기타불명,승용,남,70세,경상
2019102400100562,2019년 10월 24일 18시,목요일,전라남도 순천시 황전면,중상사고,0,1,0,0,차대차 - 추돌,안전운전불이행,건조,맑음,단일로 - 기타,승용,여,28세,상해없음,자전거,남,66세,중상
2019102400100563,2019년 10월 24일 18시,목요일,전라남도 순천시 장천동,경상사고,0,0,2,0,차대차 - 측면충돌,직진우회전진행방해,건조,맑음,교차로 - 교차로안,승용,남,40세,상해없음,화물,남,53세,경상
2019102400100564,2019년 10월 24일 18시,목요일,전라남도 해남군 해남읍,중상사고,0,1,0,0,차대차 - 기타,안전운전불이행,건조,맑음,교차로 - 교차로안,승용,여,52세,상해없음,자전거,남,71세,중상
2019102400100565,2019년 10월 24일 18시,목요일,전라남도 보성군 벌교읍,중상사고,0,1,0,0,차대사람 - 길가장자리구역통행중,안전운전불이행,건조,맑음,단일로 - 기타,승용,남,62세,상해없음,보행자,남,41세,중상
2019102400100566,2019년 10월 24일 18시,목요일,전라남도 담양군 담양읍,경상사고,0,0,1,0,차대사람 - 차도통행중,안전운전불이행,젖음/습기,비,교차로 - 교차로안,승용,여,31세,상해없음,보행자,여,49세,경상
2019102400100567,2019년 10월 24일 18시,목요일,전라남도 무안군 삼향읍,경상사고,0,0,1,0,차대차 - 기타,안전거리미확보,건조,맑음,단일로 - 기타,승용,남,34세,상해없음,이륜,남,19세,경상
2019102400100615,2019년 10월 24일 19시,목요일,전라남도 목포시 상동,경상사고,0,0,1,0,차대차 - 측면충돌,안전운전불이행,건조,맑음,단일로 - 기타,승용,여,34세,상해없음,승용,여,55세,경상
2019102400100616,2019년 10월 24일 19시,목요일,전라남도 여수시 충무동,경상사고,0,0,1,0,차대차 - 추돌,안전운전불이행,건조,맑음,단일로 - 기타,화물,남,71세,상해없음,승합,남,61세,경상
2019102400100617,2019년 10월 24일 19시,목요일,전라남도 강진군 칠량면,경상사고,0,0,1,0,차량단독 - 기타,안전운전불이행,건조,맑음,단일로 - 기타,화물,남,41세,경상,,,,
2019102400100618,2019년 10월 24일 19시,목요일,전라남도 강진군 도암면,경상사고,0,0,1,0,차대사람 - 길가장자리구역통행중,안전운전불이행,건조,맑음,단일로 - 기타,승용,남,66세,상해없음,보행자,남,55세,경상
2019102400100677,2019년 10월 24일 20시,목요일,전라남도 여수시 문수동,경상사고,0,0,1,0,차대차 - 측면충돌,안전운전불이행,건조,맑음,기타 - 기타,승용,남,57세,상해없음,승용,남,27세,경상
2019102400100678,2019년 10월 24일 20시,목요일,전라남도 영암군 영암읍,중상사고,0,2,2,7,차대차 - 추돌,안전운전불이행,건조,맑음,단일로 - 기타,승용,남,51세,상해없음,승합,여,46세,경상
2019102400100709,2019년 10월 24일 21시,목요일,전라남도 해남군 송지면,중상사고,0,1,0,0,차대사람 - 횡단중,신호위반,건조,맑음,교차로 - 교차로부근,승용,남,47세,상해없음,보행자,남,56세,중상
2019102500100035,2019년 10월 25일 00시,금요일,전라남도 화순군 화순읍,경상사고,0,0,1,0,차량단독 - 기타,안전운전불이행,건조,맑음,단일로 - 기타,승용,남,57세,상해없음,,,,
2019102500100100,2019년 10월 25일 06시,금요일,전라남도 곡성군 곡성읍,경상사고,0,0,1,0,차대차 - 추돌,안전운전불이행,젖음/습기,안개,교차로 - 교차로부근,특수,남,45세,상해없음,승용,남,85세,경상
2019102500100124,2019년 10월 25일 07시,금요일,전라남도 여수시 봉계동,경상사고,0,0,3,0,차대차 - 추돌,안전거리미확보,건조,맑음,단일로 - 기타,화물,남,34세,상해없음,화물,남,61세,경상
2019102500100125,2019년 10월 25일 07시,금요일,전라남도 순천시 오천동,경상사고,0,0,2,0,차대차 - 기타,직진우회전진행방해,건조,맑음,교차로 - 교차로안,승용,남,47세,경상,화물,남,50세,경상
2019102500100126,2019년 10월 25일 07시,금요일,전라남도 영광군 영광읍,경상사고,0,0,1,0,차대차 - 측면충돌,직진우회전진행방해,건조,맑음,교차로 - 교차로안,승용,남,48세,경상,화물,남,48세,상해없음
2019102500100157,2019년 10월 25일 08시,금요일,전라남도 영암군 삼호읍,경상사고,0,0,1,0,차대차 - 측면충돌,신호위반,건조,맑음,교차로 - 교차로안,승용,남,53세,상해없음,승용,남,67세,경상
2019102500100158,2019년 10월 25일 08시,금요일,전라남도 담양군 창평면,경상사고,0,0,3,0,차대차 - 정면충돌,안전운전불이행,건조,맑음,교차로 - 교차로부근,건설기계,남,55세,경상,승용,여,30세,경상
2019102500100194,2019년 10월 25일 09시,금요일,전라남도 여수시 해산동,경상사고,0,0,1,0,차대차 - 측면충돌,차로위반,건조,맑음,단일로 - 기타,건설기계,남,48세,상해없음,승용,남,49세,경상
2019102500100195,2019년 10월 25일 09시,금요일,전라남도 나주시 문평면,중상사고,0,1,0,0,차량단독 - 도로외이탈 - 기타,안전운전불이행,건조,맑음,단일로 - 기타,사륜오토바이(ATV),여,71세,중상,,,,
2019102500100196,2019년 10월 25일 09시,금요일,전라남도 영암군 삼호읍,경상사고,0,0,3,0,차대차 - 추돌,안전운전불이행,건조,맑음,단일로 - 기타,승용,남,45세,경상,화물,여,62세,경상
2019102500100197,2019년 10월 25일 09시,금요일,전라남도 영암군 영암읍,경상사고,0,0,2,0,차대차 - 측면충돌,안전운전불이행,건조,맑음,교차로 - 교차로안,승용,남,42세,경상,승용,여,60세,경상
2019102500100234,2019년 10월 25일 10시,금요일,전라남도 무안군 망운면,경상사고,0,0,1,0,차대차 - 측면충돌,교차로운행방법위반,건조,맑음,교차로 - 교차로안,승용,남,63세,경상,승용,여,44세,상해없음
2019102500100256,2019년 10월 25일 11시,금요일,전라남도 신안군 압해읍,경상사고,0,0,1,0,차대차 - 측면충돌,안전운전불이행,건조,맑음,단일로 - 기타,승용,남,82세,상해없음,승용,남,28세,경상
2019102500100290,2019년 10월 25일 12시,금요일,전라남도 여수시 학동,경상사고,0,0,2,0,차대차 - 측면충돌,안전운전불이행,건조,맑음,교차로 - 교차로안,승합,남,60세,기타불명,승용,여,70세,경상
2019102500100335,2019년 10월 25일 13시,금요일,전라남도 여수시 화장동,사망사고,1,0,0,0,차대사람 - 횡단중,안전운전불이행,건조,맑음,교차로 - 교차로안,승용,남,22세,상해없음,보행자,여,87세,사망
2019102500100336,2019년 10월 25일 13시,금요일,전라남도 여수시 봉계동,경상사고,0,0,1,0,차대차 - 측면충돌,안전운전불이행,건조,맑음,교차로 - 교차로안,승용,여,59세,상해없음,승용,남,35세,경상
2019102500100337,2019년 10월 25일 13시,금요일,전라남도 무안군 현경면,중상사고,0,1,0,0,차대차 - 측면충돌,교차로운행방법위반,건조,맑음,교차로 - 교차로안,화물,남,61세,상해없음,승용,남,53세,상해없음
2019102500100380,2019년 10월 25일 14시,금요일,전라남도 여수시 오림동,경상사고,0,0,1,0,차대차 - 정면충돌,차로위반,건조,맑음,교차로 - 교차로부근,원동기,남,72세,경상,승용,남,69세,상해없음
2019102500100381,2019년 10월 25일 14시,금요일,전라남도 순천시 해룡면,중상사고,0,1,0,0,차대차 - 측면충돌,신호위반,건조,맑음,교차로 - 교차로안,승용,남,55세,상해없음,화물,남,33세,중상
2019102500100382,2019년 10월 25일 14시,금요일,전라남도 화순군 화순읍,사망사고,1,0,0,0,차대사람 - 횡단중,안전운전불이행,건조,맑음,교차로 - 교차로안,화물,남,57세,상해없음,보행자,여,89세,사망
2019102500100383,2019년 10월 25일 14시,금요일,전라남도 강진군 도암면,중상사고,0,1,0,0,차대차 - 기타,안전운전불이행,건조,맑음,단일로 - 기타,농기계,여,56세,중상,화물,남,45세,상해없음
2019102500100384,2019년 10월 25일 14시,금요일,전라남도 구례군 구례읍,경상사고,0,0,1,0,차대차 - 기타,교차로운행방법위반,건조,맑음,교차로 - 교차로안,원동기,여,72세,경상,승용,여,64세,상해없음
2019102500100428,2019년 10월 25일 15시,금요일,전라남도 목포시 용당동,경상사고,0,0,1,0,차대차 - 추돌,안전운전불이행,건조,맑음,단일로 - 기타,승용,남,72세,상해없음,승용,남,49세,경상
2019102500100429,2019년 10월 25일 15시,금요일,전라남도 목포시 상동,경상사고,0,0,1,0,차대사람 - 횡단중,보행자보호의무위반,건조,맑음,교차로 - 교차로횡단보도내,승용,여,57세,상해없음,보행자,남,67세,경상
2019102500100430,2019년 10월 25일 15시,금요일,전라남도 목포시 산정동,경상사고,0,0,3,0,차대차 - 측면충돌,안전운전불이행,건조,맑음,단일로 - 기타,화물,남,73세,상해없음,승용,남,47세,경상
2019102500100481,2019년 10월 25일 16시,금요일,전라남도 여수시 율촌면,경상사고,0,0,2,0,차대차 - 추돌,안전운전불이행,건조,맑음,교차로 - 교차로부근,화물,남,66세,상해없음,승용,남,56세,경상
2019102500100482,2019년 10월 25일 16시,금요일,전라남도 나주시 금천면,경상사고,0,0,2,0,차대차 - 측면충돌,신호위반,건조,맑음,교차로 - 교차로안,승용,남,17세,상해없음,승합,남,58세,경상
2019102500100522,2019년 10월 25일 17시,금요일,전라남도 여수시 둔덕동,경상사고,0,0,1,0,차대차 - 후진중충돌,안전운전불이행,건조,맑음,주차장 - 주차장,승용,남,53세,상해없음,승용,남,32세,경상
2019102500100523,2019년 10월 25일 17시,금요일,전라남도 순천시 왕지동,경상사고,0,0,2,0,차대차 - 측면충돌,직진우회전진행방해,건조,맑음,교차로 - 교차로안,화물,남,62세,경상,승용,여,57세,경상
2019102500100524,2019년 10월 25일 17시,금요일,전라남도 해남군 화산면,사망사고,1,0,0,0,차량단독 - 기타,안전운전불이행,건조,맑음,단일로 - 기타,사륜오토바이(ATV),여,82세,사망,,,,
2019102500100525,2019년 10월 25일 17시,금요일,전라남도 영암군 학산면,경상사고,0,0,1,0,차대사람 - 차도통행중,안전운전불이행,건조,맑음,교차로 - 교차로부근,승용,여,62세,상해없음,보행자,여,9세,경상
2019102500100526,2019년 10월 25일 17시,금요일,전라남도 장성군 장성읍,경상사고,0,0,1,1,차대차 - 기타,교차로운행방법위반,건조,맑음,교차로 - 교차로안,승용,여,58세,부상신고,승용,여,30세,경상
2019102500100527,2019년 10월 25일 17시,금요일,전라남도 장성군 남면,중상사고,0,1,1,1,차대차 - 기타,교차로운행방법위반,건조,맑음,교차로 - 교차로안,화물,여,22세,부상신고,승합,여,48세,중상
2019102500100603,2019년 10월 25일 18시,금요일,전라남도 순천시 조례동,경상사고,0,0,1,0,차대사람 - 횡단중,보행자보호의무위반,건조,맑음,교차로 - 교차로안,승용,남,68세,상해없음,보행자,여,10세,경상
2019102500100604,2019년 10월 25일 18시,금요일,전라남도 화순군 동면,경상사고,0,0,1,0,차대차 - 추돌,안전운전불이행,건조,맑음,단일로 - 기타,화물,남,44세,상해없음,승합,여,57세,경상
2019102500100605,2019년 10월 25일 18시,금요일,전라남도 장성군 남면,경상사고,0,0,1,0,차대차 - 기타,안전거리미확보,건조,맑음,단일로 - 기타,화물,남,77세,상해없음,화물,남,21세,경상
2019102500100606,2019년 10월 25일 18시,금요일,전라남도 진도군 진도읍,사망사고,1,0,0,0,차대사람 - 횡단중,안전운전불이행,건조,맑음,단일로 - 기타,승용,남,71세,상해없음,보행자,남,82세,사망
2019102500100691,2019년 10월 25일 19시,금요일,전라남도 목포시 용해동,경상사고,0,0,1,0,차대사람 - 횡단중,안전운전불이행,건조,맑음,교차로 - 교차로안,승용,여,62세,상해없음,보행자,남,51세,경상
2019102500100692,2019년 10월 25일 19시,금요일,전라남도 광양시 중동,경상사고,0,0,1,0,차대차 - 기타,기타,건조,맑음,단일로 - 기타,승용,남,67세,상해없음,이륜,남,51세,경상
2019102500100742,2019년 10월 25일 20시,금요일,전라남도 목포시 대성동,중상사고,0,1,0,0,차대사람 - 횡단중,보행자보호의무위반,건조,맑음,교차로 - 교차로횡단보도내,승합,남,58세,상해없음,보행자,남,14세,중상
2019102500100743,2019년 10월 25일 20시,금요일,전라남도 여수시 미평동,부상신고사고,0,0,0,1,차대차 - 측면충돌,기타,건조,맑음,교차로 - 교차로안,이륜,남,25세,부상신고,승용,여,65세,상해없음
2019102500100776,2019년 10월 25일 21시,금요일,전라남도 목포시 연산동,경상사고,0,0,1,0,차대차 - 기타,안전운전불이행,건조,맑음,기타 - 기타,승용,여,46세,기타불명,승용,남,29세,경상
2019102500100803,2019년 10월 25일 22시,금요일,전라남도 화순군 화순읍,중상사고,0,1,0,0,차대사람 - 기타,안전운전불이행,건조,맑음,단일로 - 기타,승용,남,21세,상해없음,보행자,남,57세,중상
2019102500100822,2019년 10월 25일 23시,금요일,전라남도 완도군 완도읍,경상사고,0,0,7,0,차대차 - 추돌,안전운전불이행,건조,맑음,단일로 - 기타,화물,남,58세,경상,승용,남,40세,경상
2019102600100035,2019년 10월 26일 00시,토요일,전라남도 장흥군 관산읍,경상사고,0,0,1,0,차대차 - 정면충돌,중앙선침범,건조,맑음,단일로 - 기타,승용,남,27세,상해없음,승용,여,36세,경상
2019102600100036,2019년 10월 26일 00시,토요일,전라남도 장흥군 관산읍,중상사고,0,1,2,0,차대차 - 추돌,안전운전불이행,건조,맑음,단일로 - 기타,화물,남,40세,기타불명,승용,여,36세,경상
2019102600100114,2019년 10월 26일 06시,토요일,전라남도 순천시 조곡동,경상사고,0,0,1,0,차대사람 - 기타,안전운전불이행,건조,맑음,단일로 - 기타,승용,여,51세,상해없음,보행자,남,53세,경상
2019102600100132,2019년 10월 26일 07시,토요일,전라남도 여수시 상암동,사망사고,1,0,0,0,차대차 - 측면충돌,차로위반,건조,맑음,단일로 - 기타,이륜,남,78세,사망,승용,남,61세,상해없음
2019102600100153,2019년 10월 26일 08시,토요일,전라남도 영암군 시종면,경상사고,0,0,1,0,차량단독 - 전도전복 - 전도,안전운전불이행,건조,맑음,단일로 - 기타,기타불명,여,78세,경상,,,,
2019102600100154,2019년 10월 26일 08시,토요일,전라남도 광양시 광영동,중상사고,0,1,0,0,차량단독 - 공작물충돌,안전운전불이행,건조,맑음,단일로 - 기타,승용,여,48세,중상,,,,
2019102600100181,2019년 10월 26일 09시,토요일,전라남도 여수시 신기동,경상사고,0,0,1,0,차대차 - 측면충돌,교차로운행방법위반,건조,맑음,교차로 - 교차로안,화물,남,23세,상해없음,승용,여,56세,경상
2019102600100182,2019년 10월 26일 09시,토요일,전라남도 순천시 서면,경상사고,0,0,1,0,차대차 - 측면충돌,안전운전불이행,건조,맑음,주차장 - 주차장,승용,남,54세,상해없음,승용,남,58세,경상
2019102600100183,2019년 10월 26일 09시,토요일,전라남도 완도군 완도읍,경상사고,0,0,1,0,차대차 - 측면충돌,안전운전불이행,건조,맑음,단일로 - 기타,이륜,남,79세,경상,승용,남,47세,상해없음
2019102600100184,2019년 10월 26일 09시,토요일,전라남도 광양시 중동,경상사고,0,0,2,0,차대차 - 기타,안전거리미확보,건조,맑음,단일로 - 기타,승용,남,80세,경상,승용,여,32세,경상
2019102600100185,2019년 10월 26일 09시,토요일,전라남도 광양시 금호동,경상사고,0,0,1,0,차량단독 - 공작물충돌,안전운전불이행,건조,맑음,단일로 - 기타,승용,남,60세,경상,,,,
2019102600100214,2019년 10월 26일 10시,토요일,전라남도 여수시 웅천동,경상사고,0,0,1,0,차대차 - 측면충돌,안전거리미확보,건조,맑음,단일로 - 기타,승용,여,33세,상해없음,승용,남,46세,상해없음
2019102600100215,2019년 10월 26일 10시,토요일,전라남도 완도군 신지면,경상사고,0,0,1,0,차대차 - 측면충돌,교차로운행방법위반,건조,맑음,교차로 - 교차로안,승용,여,71세,상해없음,화물,남,63세,상해없음
2019102600100296,2019년 10월 26일 12시,토요일,전라남도 곡성군 옥과면,중상사고,0,1,0,0,차대차 - 측면충돌,안전운전불이행,건조,맑음,단일로 - 기타,승용,남,51세,상해없음,이륜,여,59세,중상
2019102600100340,2019년 10월 26일 13시,토요일,전라남도 영광군 염산면,부상신고사고,0,0,0,2,차대차 - 추돌,안전거리미확보,건조,맑음,단일로 - 기타,승용,남,48세,상해없음,승용,여,71세,부상신고
2019102600100379,2019년 10월 26일 14시,토요일,전라남도 영광군 영광읍,경상사고,0,0,1,0,차대차 - 측면충돌,안전운전불이행,건조,맑음,단일로 - 기타,승용,남,52세,상해없음,승용,여,49세,경상
2019102600100419,2019년 10월 26일 15시,토요일,전라남도 여수시 학동,경상사고,0,0,1,0,차대사람 - 횡단중,보행자보호의무위반,건조,맑음,단일로 - 기타,승용,남,57세,상해없음,보행자,여,24세,경상
2019102600100420,2019년 10월 26일 15시,토요일,전라남도 고흥군 금산면,중상사고,0,1,0,0,차대차 - 측면충돌,안전운전불이행,건조,맑음,단일로 - 기타,화물,남,71세,중상,화물,남,72세,상해없음
2019102600100463,2019년 10월 26일 16시,토요일,전라남도 순천시 연향동,경상사고,0,0,5,0,차대차 - 측면충돌,안전운전불이행,건조,맑음,교차로 - 교차로안,승용,여,29세,경상,승용,여,55세,상해없음
2019102600100500,2019년 10월 26일 17시,토요일,전라남도 여수시 화장동,경상사고,0,0,5,0,차대차 - 추돌,안전운전불이행,건조,맑음,단일로 - 기타,승용,남,36세,상해없음,승용,남,58세,경상
2019102600100501,2019년 10월 26일 17시,토요일,전라남도 완도군 약산면,경상사고,0,0,1,0,차대차 - 측면충돌,안전운전불이행,건조,맑음,교차로 - 교차로부근,승용,남,50세,상해없음,화물,남,62세,경상
2019102600100547,2019년 10월 26일 18시,토요일,전라남도 목포시 옥암동,중상사고,0,1,0,1,차대차 - 기타,교차로운행방법위반,건조,맑음,교차로 - 교차로안,승용,여,40세,부상신고,이륜,남,26세,중상
2019102600100548,2019년 10월 26일 18시,토요일,전라남도 목포시 산정동,중상사고,0,1,0,0,차대사람 - 횡단중,보행자보호의무위반,건조,맑음,단일로 - 기타,승용,남,58세,상해없음,보행자,남,17세,중상
2019102600100549,2019년 10월 26일 18시,토요일,전라남도 목포시 옥암동,중상사고,0,1,1,0,차대차 - 기타,안전운전불이행,건조,맑음,교차로 - 교차로안,승용,여,56세,경상,승용,여,29세,중상
2019102600100550,2019년 10월 26일 18시,토요일,전라남도 목포시 산정동,중상사고,0,1,0,0,차대차 - 기타,안전운전불이행,건조,맑음,교차로 - 교차로횡단보도내,자전거,남,63세,중상,승용,여,54세,상해없음
2019102600100551,2019년 10월 26일 18시,토요일,전라남도 목포시 옥암동,경상사고,0,0,5,0,차대차 - 기타,안전운전불이행,건조,맑음,교차로 - 교차로안,기타불명,기타불명,미분류,기타불명,승용,남,48세,경상
2019102600100552,2019년 10월 26일 18시,토요일,전라남도 완도군 고금면,경상사고,0,0,1,0,차대차 - 추돌,안전거리미확보,건조,맑음,단일로 - 기타,원동기,남,63세,경상,승용,여,40세,상해없음
2019102600100586,2019년 10월 26일 19시,토요일,전라남도 광양시 중동,경상사고,0,0,1,0,차대차 - 추돌,안전운전불이행,건조,맑음,교차로 - 교차로부근,승용,남,43세,상해없음,승용,남,34세,경상
2019102600100587,2019년 10월 26일 19시,토요일,전라남도 광양시 마동,사망사고,1,0,0,0,차량단독 - 전도전복 - 전도,안전운전불이행,건조,맑음,단일로 - 기타,이륜,남,52세,사망,,,,
2019102600100630,2019년 10월 26일 20시,토요일,전라남도 여수시 신기동,경상사고,0,0,1,0,차대차 - 후진중충돌,중앙선침범,건조,맑음,교차로 - 교차로부근,승용,여,52세,상해없음,이륜,남,51세,경상
2019102600100631,2019년 10월 26일 20시,토요일,전라남도 순천시 조례동,경상사고,0,0,2,0,차대차 - 측면충돌,직진우회전진행방해,건조,맑음,교차로 - 교차로안,승용,남,55세,경상,승용,여,42세,경상
2019102600100665,2019년 10월 26일 21시,토요일,전라남도 여수시 서교동,경상사고,0,0,1,0,차대사람 - 횡단중,안전운전불이행,건조,맑음,교차로 - 교차로부근,특수,남,47세,상해없음,보행자,남,56세,경상
2019102600100721,2019년 10월 26일 23시,토요일,전라남도 장성군 황룡면,중상사고,0,1,0,1,차대차 - 추돌,안전운전불이행,건조,맑음,교차로 - 교차로부근,승용,여,56세,상해없음,승용,여,46세,중상
2019102700100041,2019년 10월 27일 00시,일요일,전라남도 목포시 용당동,경상사고,0,0,1,0,차대차 - 기타,직진우회전진행방해,건조,맑음,교차로 - 교차로안,원동기,남,16세,경상,승용,남,38세,상해없음
2019102700100042,2019년 10월 27일 00시,일요일,전라남도 목포시 상동,경상사고,0,0,2,0,차대차 - 기타,안전운전불이행,건조,맑음,단일로 - 기타,승용,남,45세,상해없음,승용,남,21세,경상
2019102700100043,2019년 10월 27일 00시,일요일,전라남도 해남군 해남읍,경상사고,0,0,2,0,차대차 - 측면충돌,교차로운행방법위반,건조,맑음,교차로 - 교차로안,승용,남,57세,경상,승용,여,27세,경상
2019102700100060,2019년 10월 27일 01시,일요일,전라남도 목포시 산정동,경상사고,0,0,3,0,차대차 - 기타,교차로운행방법위반,건조,맑음,교차로 - 교차로안,승용,남,18세,상해없음,승용,남,51세,경상
2019102700100061,2019년 10월 27일 01시,일요일,전라남도 영암군 삼호읍,중상사고,0,1,1,0,차대차 - 추돌,안전운전불이행,건조,맑음,단일로 - 기타,승용,남,60세,중상,건설기계,남,49세,경상
2019102700100092,2019년 10월 27일 03시,일요일,전라남도 여수시 오림동,중상사고,0,1,1,0,차대차 - 측면충돌,신호위반,건조,맑음,교차로 - 교차로안,승용,남,55세,상해없음,원동기,남,20세,중상
2019102700100103,2019년 10월 27일 04시,일요일,전라남도 여수시 소라면,경상사고,0,0,1,0,차대차 - 후진중충돌,안전운전불이행,건조,맑음,단일로 - 기타,승용,남,28세,상해없음,승용,여,59세,경상
2019102700100119,2019년 10월 27일 05시,일요일,전라남도 여수시 미평동,중상사고,0,1,0,0,차대차 - 추돌,안전운전불이행,건조,맑음,단일로 - 기타,승용,남,26세,상해없음,승용,여,44세,중상
2019102700100126,2019년 10월 27일 06시,일요일,전라남도 순천시 조곡동,경상사고,0,0,1,0,차대차 - 측면충돌,직진우회전진행방해,건조,맑음,교차로 - 교차로안,승용,남,60세,경상,화물,남,67세,상해없음
2019102700100136,2019년 10월 27일 07시,일요일,전라남도 고흥군 포두면,사망사고,1,0,1,0,차대차 - 추돌,안전운전불이행,건조,맑음,단일로 - 기타,화물,남,56세,경상,농기계,남,79세,사망
2019102700100137,2019년 10월 27일 07시,일요일,전라남도 해남군 북평면,경상사고,0,0,2,0,차대차 - 기타,안전운전불이행,건조,맑음,교차로 - 교차로부근,승합,남,50세,상해없음,승용,여,64세,경상
2019102700100154,2019년 10월 27일 08시,일요일,전라남도 목포시 용당동,경상사고,0,0,1,0,차대차 - 기타,안전운전불이행,건조,맑음,단일로 - 기타,화물,남,59세,경상,승용,여,58세,상해없음
2019102700100171,2019년 10월 27일 09시,일요일,전라남도 화순군 도곡면,사망사고,1,0,0,0,차대사람 - 기타,안전운전불이행,건조,맑음,단일로 - 기타,승용,여,55세,상해없음,보행자,남,90세 이상,사망
2019102700100197,2019년 10월 27일 10시,일요일,전라남도 해남군 송지면,경상사고,0,0,4,0,차대차 - 정면충돌,중앙선침범,건조,맑음,교차로 - 교차로부근,화물,남,51세,상해없음,승용,남,25세,경상
2019102700100198,2019년 10월 27일 10시,일요일,전라남도 해남군 해남읍,경상사고,0,0,1,0,차대차 - 측면충돌,교차로운행방법위반,건조,맑음,교차로 - 교차로안,화물,남,57세,기타불명,승용,여,53세,경상
2019102700100227,2019년 10월 27일 11시,일요일,전라남도 영암군 영암읍,경상사고,0,0,3,0,차대차 - 측면충돌,기타,건조,맑음,교차로 - 교차로부근,화물,남,73세,상해없음,승용,남,34세,경상
2019102700100254,2019년 10월 27일 12시,일요일,전라남도 여수시 둔덕동,경상사고,0,0,1,0,차대차 - 측면충돌,교차로운행방법위반,건조,맑음,교차로 - 교차로부근,승용,남,69세,상해없음,이륜,남,64세,경상
2019102700100255,2019년 10월 27일 12시,일요일,전라남도 장흥군 용산면,경상사고,0,0,1,0,차량단독 - 도로외이탈 - 추락,안전운전불이행,건조,맑음,단일로 - 기타,농기계,남,77세,상해없음,,,,
2019102700100256,2019년 10월 27일 12시,일요일,전라남도 영암군 영암읍,중상사고,0,1,1,0,차대차 - 정면충돌,중앙선침범,건조,맑음,단일로 - 기타,승용,여,48세,경상,화물,남,72세,중상
2019102700100292,2019년 10월 27일 13시,일요일,전라남도 순천시 해룡면,경상사고,0,0,1,0,차대사람 - 기타,보행자보호의무위반,건조,맑음,교차로 - 교차로안,승합,남,54세,상해없음,보행자,여,21세,경상
2019102700100293,2019년 10월 27일 13시,일요일,전라남도 보성군 벌교읍,중상사고,0,1,0,0,차대차 - 측면충돌,직진우회전진행방해,건조,맑음,교차로 - 교차로부근,승합,남,44세,상해없음,이륜,남,62세,중상
2019102700100377,2019년 10월 27일 15시,일요일,전라남도 여수시 여서동,경상사고,0,0,1,1,차대차 - 측면충돌,차로위반,건조,맑음,교차로 - 교차로부근,승용,여,40세,부상신고,승용,남,64세,경상
2019102700100378,2019년 10월 27일 15시,일요일,전라남도 순천시 풍덕동,중상사고,0,1,2,0,차대차 - 기타,교차로운행방법위반,건조,맑음,교차로 - 교차로안,승용,남,30세,경상,승용,남,82세,중상