사고번호,사고일시,요일,시군구,사고내용,사망자수,중상자수,경상자수,부상신고자수,사고유형,법규위반,노면상태,기상상태,도로형태,가해운전자 차종,가해운전자 성별,가해운전자 연령,가해운전자 상해정도,피해운전자 차종,피해운전자 성별,피해운전자 연령,피해운전자 상해정도
2019102700100379,2019년 10월 27일 15시,일요일,전라남도 진도군 의신면,중상사고,0,2,1,0,차대차 - 측면충돌,교차로운행방법위반,건조,맑음,교차로 - 교차로안,승용,여,39세,경상,승용,여,63세,중상
2019102700100450,2019년 10월 27일 17시,일요일,전라남도 여수시 학동,부상신고사고,0,0,0,1,차대사람 - 기타,안전운전불이행,건조,맑음,단일로 - 기타,승합,남,27세,상해없음,보행자,여,76세,부상신고
2019102700100451,2019년 10월 27일 17시,일요일,전라남도 화순군 화순읍,경상사고,0,0,1,0,차대사람 - 기타,안전운전불이행,건조,맑음,단일로 - 기타,승용,여,54세,상해없음,보행자,여,57세,경상
2019102700100495,2019년 10월 27일 18시,일요일,전라남도 순천시 별량면,중상사고,0,1,0,0,차량단독 - 기타,안전운전불이행,건조,흐림,단일로 - 기타,이륜,남,60세,중상,,,,
2019102700100496,2019년 10월 27일 18시,일요일,전라남도 영암군 삼호읍,경상사고,0,0,1,0,차대차 - 추돌,안전거리미확보,건조,맑음,단일로 - 기타,승용,남,72세,상해없음,승용,여,24세,경상
2019102700100539,2019년 10월 27일 19시,일요일,전라남도 목포시 산정동,경상사고,0,0,1,0,차대사람 - 횡단중,보행자보호의무위반,건조,맑음,교차로 - 교차로안,승용,남,50세,상해없음,보행자,여,61세,경상
2019102700100598,2019년 10월 27일 21시,일요일,전라남도 순천시 연향동,경상사고,0,0,3,0,차대차 - 추돌,안전운전불이행,건조,맑음,교차로 - 교차로부근,승용,남,53세,상해없음,승용,남,57세,경상
2019102700100633,2019년 10월 27일 23시,일요일,전라남도 목포시 상동,중상사고,0,1,0,0,차대차 - 기타,안전운전불이행,건조,기타,교차로 - 교차로안,기타불명,기타불명,미분류,기타불명,자전거,남,27세,중상
2019102800100062,2019년 10월 28일 05시,월요일,전라남도 영암군 신북면,경상사고,0,0,1,0,차대차 - 측면충돌,신호위반,건조,맑음,교차로 - 교차로안,승용,여,69세,상해없음,화물,남,49세,경상
2019102800100063,2019년 10월 28일 05시,월요일,전라남도 완도군 금일읍,경상사고,0,0,1,0,차량단독 - 도로외이탈 - 추락,안전운전불이행,건조,맑음,단일로 - 기타,화물,남,73세,경상,,,,
2019102800100080,2019년 10월 28일 06시,월요일,전라남도 여수시 신기동,경상사고,0,0,1,0,차대사람 - 횡단중,보행자보호의무위반,건조,맑음,교차로 - 교차로횡단보도내,승용,남,71세,상해없음,보행자,남,65세,경상
2019102800100081,2019년 10월 28일 06시,월요일,전라남도 여수시 여서동,경상사고,0,0,2,0,차대차 - 측면충돌,차로위반,건조,맑음,단일로 - 기타,승용,남,63세,상해없음,승용,남,56세,경상
2019102800100100,2019년 10월 28일 07시,월요일,전라남도 화순군 도곡면,경상사고,0,0,1,0,차대차 - 기타,안전운전불이행,건조,맑음,기타 - 기타,화물,남,64세,상해없음,승용,여,55세,경상
2019102800100142,2019년 10월 28일 08시,월요일,전라남도 목포시 석현동,경상사고,0,0,1,0,차대차 - 측면충돌,안전운전불이행,건조,맑음,단일로 - 기타,화물,남,69세,상해없음,승용,남,64세,경상
2019102800100143,2019년 10월 28일 08시,월요일,전라남도 나주시 봉황면,중상사고,0,1,1,0,차대차 - 측면충돌,중앙선침범,건조,맑음,단일로 - 기타,승용,남,35세,경상,화물,남,38세,중상
2019102800100144,2019년 10월 28일 08시,월요일,전라남도 나주시 송월동,경상사고,0,0,3,0,차대차 - 추돌,안전거리미확보,건조,맑음,단일로 - 기타,화물,남,49세,상해없음,승용,남,51세,경상
2019102800100145,2019년 10월 28일 08시,월요일,전라남도 고흥군 포두면,경상사고,0,0,2,0,차대차 - 기타,직진우회전진행방해,건조,맑음,교차로 - 교차로안,승용,여,38세,경상,농기계,남,75세,경상
2019102800100180,2019년 10월 28일 09시,월요일,전라남도 목포시 용해동,경상사고,0,0,1,0,차대차 - 기타,안전운전불이행,건조,맑음,단일로 - 기타,화물,남,81세,상해없음,승용,남,65세,경상
2019102800100181,2019년 10월 28일 09시,월요일,전라남도 여수시 소라면,경상사고,0,0,3,0,차대차 - 측면충돌,차로위반,건조,맑음,단일로 - 기타,승용,여,39세,상해없음,화물,남,55세,경상
2019102800100215,2019년 10월 28일 10시,월요일,전라남도 순천시 조례동,경상사고,0,0,1,0,차대차 - 기타,안전운전불이행,건조,맑음,단일로 - 기타,승용,여,67세,경상,승용,기타불명,미분류,기타불명
2019102800100216,2019년 10월 28일 10시,월요일,전라남도 순천시 연향동,경상사고,0,0,1,0,차대차 - 측면충돌,직진우회전진행방해,건조,맑음,교차로 - 교차로안,승용,여,28세,상해없음,승용,여,49세,경상
2019102800100217,2019년 10월 28일 10시,월요일,전라남도 장흥군 장평면,경상사고,0,0,1,0,차대차 - 측면충돌,교차로운행방법위반,건조,맑음,교차로 - 교차로안,승용,남,69세,상해없음,이륜,남,84세,경상
2019102800100218,2019년 10월 28일 10시,월요일,전라남도 장흥군 관산읍,경상사고,0,0,1,0,차대사람 - 횡단중,안전운전불이행,건조,맑음,단일로 - 기타,화물,여,58세,상해없음,보행자,여,87세,경상
2019102800100219,2019년 10월 28일 10시,월요일,전라남도 해남군 계곡면,경상사고,0,0,1,0,차대차 - 측면충돌,교차로운행방법위반,건조,맑음,교차로 - 교차로안,화물,남,76세,기타불명,건설기계,남,55세,경상
2019102800100220,2019년 10월 28일 10시,월요일,전라남도 영광군 군남면,중상사고,0,1,3,0,차대차 - 측면충돌,직진우회전진행방해,건조,맑음,교차로 - 교차로안,화물,남,63세,경상,화물,남,73세,경상
2019102800100221,2019년 10월 28일 10시,월요일,전라남도 화순군 화순읍,경상사고,0,0,1,0,차대사람 - 길가장자리구역통행중,안전운전불이행,건조,맑음,단일로 - 기타,승용,여,65세,상해없음,보행자,여,60세,경상
2019102800100222,2019년 10월 28일 10시,월요일,전라남도 장성군 남면,경상사고,0,0,2,0,차대차 - 추돌,안전운전불이행,건조,맑음,단일로 - 기타,화물,남,60세,상해없음,승용,여,48세,경상
2019102800100265,2019년 10월 28일 11시,월요일,전라남도 여수시 선원동,경상사고,0,0,1,0,차대차 - 측면충돌,안전운전불이행,건조,맑음,단일로 - 기타,화물,여,70세,상해없음,자전거,남,53세,경상
2019102800100303,2019년 10월 28일 12시,월요일,전라남도 함평군 엄다면,중상사고,0,1,0,0,차대차 - 측면충돌,안전운전불이행,건조,맑음,단일로 - 기타,이륜,여,74세,중상,승용,남,60세,상해없음
2019102800100338,2019년 10월 28일 13시,월요일,전라남도 여수시 학동,경상사고,0,0,1,0,차대차 - 측면충돌,안전거리미확보,건조,맑음,기타 - 기타,승용,남,60세,상해없음,승용,남,42세,경상
2019102800100339,2019년 10월 28일 13시,월요일,전라남도 장흥군 장흥읍,경상사고,0,0,1,0,차대차 - 측면충돌,직진우회전진행방해,건조,맑음,교차로 - 교차로안,이륜,여,63세,경상,승용,여,51세,상해없음
2019102800100340,2019년 10월 28일 13시,월요일,전라남도 강진군 칠량면,부상신고사고,0,0,0,1,차대차 - 측면충돌,직진우회전진행방해,건조,맑음,교차로 - 교차로안,농기계,남,79세,부상신고,승합,남,61세,상해없음
2019102800100376,2019년 10월 28일 14시,월요일,전라남도 목포시 산정동,경상사고,0,0,3,0,차대차 - 기타,직진우회전진행방해,건조,맑음,교차로 - 교차로부근,승용,여,40세,경상,승용,여,39세,경상
2019102800100377,2019년 10월 28일 14시,월요일,전라남도 목포시 대양동,경상사고,0,0,1,0,차대사람 - 기타,교차로운행방법위반,건조,맑음,교차로 - 교차로안,기타불명,기타불명,미분류,기타불명,보행자,여,51세,경상
2019102800100417,2019년 10월 28일 15시,월요일,전라남도 순천시 서면,경상사고,0,0,1,0,차대차 - 기타,교차로운행방법위반,건조,맑음,교차로 - 교차로안,특수,남,46세,상해없음,승용,여,63세,경상
2019102800100418,2019년 10월 28일 15시,월요일,전라남도 보성군 보성읍,경상사고,0,0,2,0,차대차 - 측면충돌,신호위반,건조,맑음,교차로 - 교차로안,화물,남,67세,경상,승용,여,56세,경상
2019102800100419,2019년 10월 28일 15시,월요일,전라남도 강진군 강진읍,경상사고,0,0,1,0,차대차 - 기타,안전운전불이행,건조,맑음,교차로 - 교차로안,승용,남,77세,상해없음,원동기,남,28세,경상
2019102800100420,2019년 10월 28일 15시,월요일,전라남도 담양군 대덕면,중상사고,0,1,0,0,차대차 - 측면충돌,안전운전불이행,건조,맑음,단일로 - 기타,이륜,남,57세,중상,화물,남,57세,상해없음
2019102800100421,2019년 10월 28일 15시,월요일,전라남도 곡성군 곡성읍,중상사고,0,2,0,0,차대차 - 측면충돌,직진우회전진행방해,건조,맑음,교차로 - 교차로안,승용,남,67세,상해없음,사륜오토바이(ATV),남,85세,중상
2019102800100422,2019년 10월 28일 15시,월요일,전라남도 광양시 도이동,중상사고,0,1,0,0,차대차 - 측면충돌,신호위반,건조,맑음,교차로 - 교차로안,특수,남,54세,상해없음,화물,남,52세,중상
2019102800100453,2019년 10월 28일 16시,월요일,전라남도 나주시 빛가람동,경상사고,0,0,1,0,차대차 - 후진중충돌,안전운전불이행,건조,맑음,기타 - 기타,승용,여,38세,상해없음,승용,여,47세,경상
2019102800100498,2019년 10월 28일 17시,월요일,전라남도 신안군 지도읍,경상사고,0,0,1,0,차대차 - 측면충돌,안전운전불이행,건조,맑음,교차로 - 교차로안,승용,남,65세,상해없음,화물,남,67세,경상
2019102800100499,2019년 10월 28일 17시,월요일,전라남도 목포시 산정동,경상사고,0,0,3,0,차대차 - 측면충돌,안전운전불이행,건조,맑음,단일로 - 기타,승용,여,59세,상해없음,승합,남,46세,경상
2019102800100500,2019년 10월 28일 17시,월요일,전라남도 화순군 이양면,경상사고,0,0,1,0,차대차 - 기타,교차로운행방법위반,건조,맑음,교차로 - 교차로안,화물,남,58세,상해없음,승용,여,31세,경상
2019102800100501,2019년 10월 28일 17시,월요일,전라남도 영암군 영암읍,중상사고,0,1,0,0,차대사람 - 기타,안전운전불이행,건조,맑음,단일로 - 기타,승용,여,69세,상해없음,보행자,남,2세,중상
2019102800100502,2019년 10월 28일 17시,월요일,전라남도 진도군 진도읍,경상사고,0,0,1,0,차대차 - 후진중충돌,안전운전불이행,건조,맑음,기타 - 기타,승용,남,82세,상해없음,승용,여,47세,경상
2019102800100503,2019년 10월 28일 17시,월요일,전라남도 곡성군 곡성읍,사망사고,1,0,3,0,차대차 - 추돌,안전운전불이행,건조,맑음,기타 - 기타,화물,남,66세,사망,승용,남,42세,경상
2019102800100557,2019년 10월 28일 18시,월요일,전라남도 목포시 상동,경상사고,0,0,1,0,차대차 - 측면충돌,안전운전불이행,건조,맑음,교차로 - 교차로부근,승용,여,50세,상해없음,승용,남,62세,상해없음
2019102800100558,2019년 10월 28일 18시,월요일,전라남도 여수시 봉산동,중상사고,0,1,0,0,차대사람 - 횡단중,보행자보호의무위반,건조,맑음,교차로 - 교차로횡단보도내,승용,남,68세,상해없음,보행자,남,74세,중상
2019102800100559,2019년 10월 28일 18시,월요일,전라남도 장성군 황룡면,경상사고,0,0,1,0,차대차 - 추돌,안전운전불이행,건조,맑음,단일로 - 기타,승용,여,64세,상해없음,승용,남,39세,경상
2019102800100614,2019년 10월 28일 19시,월요일,전라남도 함평군 함평읍,경상사고,0,0,2,0,차대차 - 측면충돌,교차로운행방법위반,건조,맑음,기타 - 기타,승용,여,72세,경상,승용,남,48세,경상
2019102800100615,2019년 10월 28일 19시,월요일,전라남도 광양시 중동,중상사고,0,1,0,0,차대사람 - 차도통행중,안전운전불이행,건조,맑음,단일로 - 기타,승용,여,45세,상해없음,보행자,여,75세,중상
2019102800100641,2019년 10월 28일 20시,월요일,전라남도 순천시 연향동,경상사고,0,0,1,0,차대사람 - 길가장자리구역통행중,안전운전불이행,건조,맑음,단일로 - 기타,승용,여,57세,상해없음,보행자,남,51세,경상
2019102800100642,2019년 10월 28일 20시,월요일,전라남도 해남군 황산면,경상사고,0,0,1,0,차대사람 - 기타,안전운전불이행,건조,맑음,단일로 - 기타,승용,남,35세,상해없음,보행자,여,90세 이상,경상
2019102800100697,2019년 10월 28일 22시,월요일,전라남도 광양시 광양읍,경상사고,0,0,1,0,차대차 - 측면충돌,교차로운행방법위반,건조,맑음,교차로 - 교차로안,승용,남,68세,상해없음,승용,남,33세,경상
2019102800100718,2019년 10월 28일 23시,월요일,전라남도 영암군 삼호읍,부상신고사고,0,0,0,1,차대사람 - 기타,기타,건조,맑음,단일로 - 기타,이륜,남,37세,부상신고,보행자,남,47세,상해없음
2019102900100050,2019년 10월 29일 01시,화요일,전라남도 목포시 산정동,경상사고,0,0,1,0,차대차 - 기타,안전운전불이행,건조,맑음,단일로 - 기타,승용,남,34세,상해없음,승용,남,28세,경상
2019102900100059,2019년 10월 29일 03시,화요일,전라남도 순천시 조례동,경상사고,0,0,1,0,차대차 - 기타,안전운전불이행,건조,맑음,교차로 - 교차로안,승용,남,41세,상해없음,승합,남,31세,경상
2019102900100063,2019년 10월 29일 04시,화요일,전라남도 장성군 장성읍,경상사고,0,0,2,1,차대차 - 기타,교차로운행방법위반,건조,맑음,교차로 - 교차로안,화물,남,59세,부상신고,승용,남,60세,경상
2019102900100071,2019년 10월 29일 05시,화요일,전라남도 광양시 광영동,경상사고,0,0,1,0,차대사람 - 차도통행중,안전운전불이행,건조,맑음,교차로 - 교차로안,화물,남,23세,상해없음,보행자,남,66세,경상
2019102900100093,2019년 10월 29일 06시,화요일,전라남도 순천시 별량면,중상사고,0,2,0,0,차량단독 - 공작물충돌,안전운전불이행,건조,맑음,단일로 - 기타,화물,남,67세,중상,,,,
2019102900100094,2019년 10월 29일 06시,화요일,전라남도 함평군 월야면,중상사고,0,1,0,0,차대차 - 추돌,과속,건조,맑음,교차로 - 교차로부근,승용,남,46세,상해없음,화물,남,49세,중상
2019102900100114,2019년 10월 29일 07시,화요일,전라남도 목포시 옥암동,중상사고,0,1,0,0,차대차 - 측면충돌,안전운전불이행,건조,맑음,단일로 - 기타,승용,남,41세,상해없음,승용,남,45세,중상
2019102900100163,2019년 10월 29일 08시,화요일,전라남도 여수시 중흥동,경상사고,0,0,1,0,차대차 - 정면충돌,중앙선침범,건조,맑음,교차로 - 교차로안,건설기계,남,51세,상해없음,건설기계,남,60세,경상
2019102900100164,2019년 10월 29일 08시,화요일,전라남도 순천시 서면,중상사고,0,1,1,0,차대차 - 기타,중앙선침범,건조,맑음,단일로 - 기타,승용,남,30세,중상,건설기계,남,47세,경상
2019102900100165,2019년 10월 29일 08시,화요일,전라남도 순천시 조례동,경상사고,0,0,1,0,차대차 - 기타,신호위반,건조,맑음,교차로 - 교차로안,승용,남,62세,상해없음,승용,남,58세,경상
2019102900100166,2019년 10월 29일 08시,화요일,전라남도 해남군 해남읍,사망사고,1,3,11,0,차대차 - 기타,기타,건조,맑음,단일로 - 기타,승합,남,52세,중상,농기계,남,41세,사망
2019102900100167,2019년 10월 29일 08시,화요일,전라남도 해남군 해남읍,경상사고,0,0,1,0,차대차 - 측면충돌,직진우회전진행방해,건조,맑음,교차로 - 교차로안,승용,여,54세,기타불명,승용,여,52세,경상
2019102900100168,2019년 10월 29일 08시,화요일,전라남도 영광군 군남면,중상사고,0,1,1,0,차대차 - 측면충돌,직진우회전진행방해,건조,맑음,교차로 - 교차로안,화물,남,70세,상해없음,승용,남,36세,경상
2019102900100169,2019년 10월 29일 08시,화요일,전라남도 완도군 고금면,중상사고,0,2,0,0,차량단독 - 기타,기타,건조,맑음,단일로 - 기타,이륜,남,69세,중상,,,,
2019102900100206,2019년 10월 29일 09시,화요일,전라남도 광양시 도이동,경상사고,0,0,1,0,차대차 - 측면충돌,신호위반,건조,맑음,교차로 - 교차로안,특수,남,54세,상해없음,승용,남,43세,경상
2019102900100240,2019년 10월 29일 10시,화요일,전라남도 장흥군 장동면,경상사고,0,0,1,0,차대차 - 측면충돌,신호위반,건조,맑음,교차로 - 교차로안,화물,남,59세,경상,건설기계,남,64세,상해없음
2019102900100277,2019년 10월 29일 11시,화요일,전라남도 해남군 해남읍,중상사고,0,1,0,0,차대차 - 기타,기타,건조,맑음,단일로 - 기타,승용,여,40세,상해없음,농기계,여,68세,중상
2019102900100278,2019년 10월 29일 11시,화요일,전라남도 담양군 금성면,경상사고,0,0,2,0,차대차 - 측면충돌,안전운전불이행,건조,맑음,교차로 - 교차로안,승용,여,26세,경상,승용,남,58세,경상
2019102900100300,2019년 10월 29일 12시,화요일,전라남도 목포시 산정동,경상사고,0,0,1,0,차대차 - 추돌,안전운전불이행,건조,맑음,교차로 - 교차로부근,화물,남,39세,상해없음,승용,남,43세,경상
2019102900100301,2019년 10월 29일 12시,화요일,전라남도 보성군 보성읍,경상사고,0,0,1,0,차대차 - 기타,안전운전불이행,건조,맑음,단일로 - 기타,사륜오토바이(ATV),남,79세,경상,승용,남,49세,상해없음
2019102900100333,2019년 10월 29일 13시,화요일,전라남도 목포시 대의동2가,중상사고,0,1,0,0,차대사람 - 횡단중,안전운전불이행,건조,맑음,교차로 - 교차로안,화물,남,45세,상해없음,보행자,여,67세,중상
2019102900100334,2019년 10월 29일 13시,화요일,전라남도 광양시 성황동,중상사고,0,1,1,0,차대차 - 기타,중앙선침범,건조,맑음,단일로 - 기타,승용,남,22세,경상,승용,여,62세,중상
2019102900100369,2019년 10월 29일 14시,화요일,전라남도 목포시 상동,중상사고,0,1,0,0,차대사람 - 횡단중,안전운전불이행,건조,맑음,단일로 - 기타,승용,남,62세,상해없음,보행자,남,58세,중상
2019102900100419,2019년 10월 29일 15시,화요일,전라남도 진도군 의신면,중상사고,0,2,1,0,차대차 - 정면충돌,중앙선침범,건조,맑음,단일로 - 기타,승용,여,67세,상해없음,승용,여,38세,중상
2019102900100420,2019년 10월 29일 15시,화요일,전라남도 광양시 봉강면,경상사고,0,0,1,0,차량단독 - 전도전복 - 전도,안전운전불이행,건조,맑음,단일로 - 기타,농기계,남,80세,경상,,,,
2019102900100465,2019년 10월 29일 16시,화요일,전라남도 목포시 상동,경상사고,0,0,1,0,차대사람 - 횡단중,보행자보호의무위반,건조,맑음,교차로 - 교차로횡단보도내,기타불명,기타불명,미분류,기타불명,보행자,여,14세,경상
2019102900100466,2019년 10월 29일 16시,화요일,전라남도 보성군 조성면,경상사고,0,0,1,0,차대차 - 측면충돌,안전운전불이행,건조,맑음,단일로 - 기타,승용,남,64세,상해없음,승용,여,52세,경상
2019102900100467,2019년 10월 29일 16시,화요일,전라남도 영광군 법성면,부상신고사고,0,0,0,1,차대차 - 측면충돌,안전운전불이행,건조,맑음,단일로 - 기타,농기계,남,32세,부상신고,건설기계,남,60세,상해없음
2019102900100468,2019년 10월 29일 16시,화요일,전라남도 영암군 삼호읍,경상사고,0,0,1,0,차대차 - 측면충돌,안전운전불이행,건조,맑음,교차로 - 교차로안,승용,여,46세,상해없음,승용,여,39세,경상
2019102900100615,2019년 10월 29일 19시,화요일,전라남도 여수시 소호동,경상사고,0,0,1,0,차대사람 - 기타,안전운전불이행,건조,맑음,기타 - 기타,이륜,남,35세,상해없음,보행자,여,15세,경상
2019102900100687,2019년 10월 29일 21시,화요일,전라남도 해남군 황산면,사망사고,1,0,0,0,차량단독 - 기타,안전운전불이행,건조,맑음,단일로 - 기타,농기계,남,85세,사망,,,,
2019103000100042,2019년 10월 30일 00시,수요일,전라남도 목포시 용해동,경상사고,0,0,1,0,차대차 - 측면충돌,안전운전불이행,건조,맑음,단일로 - 기타,승용,남,26세,경상,승용,여,52세,상해없음
2019103000100052,2019년 10월 30일 01시,수요일,전라남도 순천시 조례동,중상사고,0,1,0,0,차량단독 - 공작물충돌,안전운전불이행,건조,맑음,교차로 - 교차로안,승용,남,26세,중상,,,,
2019103000100081,2019년 10월 30일 05시,수요일,전라남도 해남군 북일면,경상사고,0,0,2,0,차대차 - 기타,안전운전불이행,건조,맑음,단일로 - 기타,화물,여,54세,경상,승용,남,62세,경상
2019103000100082,2019년 10월 30일 05시,수요일,전라남도 광양시 광양읍,중상사고,0,1,0,0,차대차 - 기타,안전운전불이행,건조,맑음,단일로 - 기타,화물,남,68세,중상,특수,남,51세,기타불명
2019103000100129,2019년 10월 30일 07시,수요일,전라남도 신안군 신의면,중상사고,0,1,1,0,차대사람 - 차도통행중,안전운전불이행,건조,맑음,교차로 - 교차로안,승용,남,75세,경상,보행자,여,83세,중상
2019103000100130,2019년 10월 30일 07시,수요일,전라남도 목포시 석현동,경상사고,0,0,1,0,차대차 - 기타,안전운전불이행,건조,맑음,단일로 - 기타,화물,남,62세,상해없음,승용,여,47세,경상
2019103000100131,2019년 10월 30일 07시,수요일,전라남도 광양시 황길동,경상사고,0,0,2,0,차대차 - 측면충돌,직진우회전진행방해,건조,맑음,교차로 - 교차로안,승용,남,22세,경상,화물,남,38세,경상
2019103000100221,2019년 10월 30일 09시,수요일,전라남도 순천시 조례동,경상사고,0,0,1,0,차대차 - 측면충돌,신호위반,건조,맑음,교차로 - 교차로안,승용,남,83세,기타불명,승용,여,62세,경상
2019103000100222,2019년 10월 30일 09시,수요일,전라남도 강진군 강진읍,경상사고,0,0,1,0,차대사람 - 횡단중,보행자보호의무위반,건조,맑음,교차로 - 교차로횡단보도내,승용,남,60세,상해없음,보행자,여,79세,경상
2019103000100223,2019년 10월 30일 09시,수요일,전라남도 강진군 대구면,경상사고,0,0,1,0,차대차 - 추돌,안전거리미확보,건조,맑음,단일로 - 기타,화물,남,73세,상해없음,승용,여,48세,경상
2019103000100290,2019년 10월 30일 11시,수요일,전라남도 여수시 중흥동,경상사고,0,0,1,0,차대차 - 측면충돌,교차로운행방법위반,건조,맑음,교차로 - 교차로안,건설기계,남,48세,상해없음,승용,남,54세,경상
2019103000100291,2019년 10월 30일 11시,수요일,전라남도 강진군 강진읍,경상사고,0,0,1,0,차량단독 - 전도전복 - 전도,안전운전불이행,건조,맑음,단일로 - 기타,사륜오토바이(ATV),여,75세,경상,,,,
2019103000100327,2019년 10월 30일 12시,수요일,전라남도 무안군 해제면,중상사고,0,1,2,0,차대차 - 추돌,안전운전불이행,건조,맑음,교차로 - 교차로부근,화물,남,74세,경상,화물,남,36세,경상
2019103000100406,2019년 10월 30일 14시,수요일,전라남도 장성군 장성읍,중상사고,0,1,0,0,차대사람 - 기타,안전운전불이행,건조,맑음,단일로 - 기타,화물,남,66세,상해없음,보행자,남,72세,중상
2019103000100407,2019년 10월 30일 14시,수요일,전라남도 담양군 용면,중상사고,0,1,0,0,차량단독 - 기타,안전운전불이행,건조,맑음,단일로 - 기타,자전거,여,63세,중상,,,,
2019103000100452,2019년 10월 30일 15시,수요일,전라남도 순천시 서면,경상사고,0,0,2,0,차대차 - 측면충돌,차로위반,건조,맑음,단일로 - 기타,화물,남,44세,상해없음,승용,남,57세,경상
2019103000100453,2019년 10월 30일 15시,수요일,전라남도 고흥군 도화면,중상사고,0,1,0,0,차량단독 - 전도전복 - 전도,안전운전불이행,건조,맑음,단일로 - 기타,이륜,남,84세,중상,,,,
2019103000100454,2019년 10월 30일 15시,수요일,전라남도 무안군 망운면,경상사고,0,0,4,0,차대차 - 측면충돌,기타,건조,맑음,교차로 - 교차로안,승용,여,28세,상해없음,승용,남,24세,경상
2019103000100506,2019년 10월 30일 16시,수요일,전라남도 목포시 옥암동,경상사고,0,0,2,0,차대차 - 기타,안전운전불이행,건조,맑음,단일로 - 기타,승용,여,59세,상해없음,승용,여,76세,경상
2019103000100507,2019년 10월 30일 16시,수요일,전라남도 목포시 죽동,경상사고,0,0,4,0,차대차 - 측면충돌,직진우회전진행방해,건조,맑음,교차로 - 교차로안,승용,여,55세,경상,승용,남,25세,경상
2019103000100508,2019년 10월 30일 16시,수요일,전라남도 나주시 교동,중상사고,0,1,0,0,차량단독 - 전도전복 - 전도,안전운전불이행,건조,맑음,단일로 - 기타,특수,남,29세,중상,,,,
2019103000100509,2019년 10월 30일 16시,수요일,전라남도 강진군 군동면,경상사고,0,0,1,0,차대차 - 측면충돌,교차로운행방법위반,건조,맑음,교차로 - 교차로안,승용,남,59세,상해없음,승용,남,52세,경상
2019103000100560,2019년 10월 30일 17시,수요일,전라남도 목포시 명륜동,경상사고,0,0,2,0,차대차 - 측면충돌,안전운전불이행,건조,맑음,단일로 - 기타,승용,여,73세,상해없음,승용,여,35세,경상
2019103000100561,2019년 10월 30일 17시,수요일,전라남도 나주시 남내동,중상사고,0,1,0,0,차대차 - 측면충돌,안전운전불이행,건조,맑음,교차로 - 교차로안,자전거,남,68세,중상,승용,여,43세,상해없음
2019103000100619,2019년 10월 30일 18시,수요일,전라남도 목포시 달동,경상사고,0,0,2,0,차대차 - 기타,신호위반,건조,맑음,교차로 - 교차로안,화물,남,59세,경상,승용,남,29세,경상
2019103000100620,2019년 10월 30일 18시,수요일,전라남도 순천시 서면,경상사고,0,0,3,0,차대차 - 추돌,안전거리미확보,건조,맑음,단일로 - 기타,승용,남,57세,상해없음,승용,여,36세,경상
2019103000100621,2019년 10월 30일 18시,수요일,전라남도 순천시 해룡면,경상사고,0,0,2,0,차대차 - 측면충돌,안전운전불이행,건조,맑음,단일로 - 기타,화물,남,69세,상해없음,승용,여,39세,경상
2019103000100622,2019년 10월 30일 18시,수요일,전라남도 나주시 남평읍,경상사고,0,0,1,0,차대사람 - 횡단중,보행자보호의무위반,건조,맑음,교차로 - 교차로횡단보도내,승용,여,47세,상해없음,보행자,남,9세,경상
2019103000100623,2019년 10월 30일 18시,수요일,전라남도 영암군 시종면,중상사고,0,1,0,0,차대사람 - 길가장자리구역통행중,안전운전불이행,건조,맑음,단일로 - 기타,화물,남,40세,상해없음,보행자,남,69세,중상
2019103000100624,2019년 10월 30일 18시,수요일,전라남도 담양군 대전면,경상사고,0,0,1,0,차대차 - 추돌,안전운전불이행,건조,맑음,단일로 - 기타,승용,여,49세,상해없음,승용,남,32세,경상
2019103000100625,2019년 10월 30일 18시,수요일,전라남도 무안군 삼향읍,경상사고,0,0,1,0,차대차 - 측면충돌,안전운전불이행,건조,맑음,교차로 - 교차로안,승용,여,26세,상해없음,승용,남,49세,경상
2019103000100626,2019년 10월 30일 18시,수요일,전라남도 광양시 마동,중상사고,0,1,0,0,차대사람 - 횡단중,보행자보호의무위반,건조,맑음,교차로 - 교차로안,승용,여,53세,상해없음,보행자,여,49세,중상
2019103000100684,2019년 10월 30일 19시,수요일,전라남도 여수시 연등동,경상사고,0,0,1,0,차대사람 - 횡단중,안전운전불이행,건조,맑음,단일로 - 기타,이륜,남,20세,상해없음,보행자,여,70세,경상
2019103000100685,2019년 10월 30일 19시,수요일,전라남도 여수시 안산동,경상사고,0,0,2,0,차대차 - 측면충돌,중앙선침범,건조,맑음,단일로 - 기타,승용,남,23세,상해없음,승용,남,30세,경상
2019103000100686,2019년 10월 30일 19시,수요일,전라남도 무안군 삼향읍,중상사고,0,1,0,0,차대사람 - 횡단중,보행자보호의무위반,건조,맑음,교차로 - 교차로안,화물,남,31세,상해없음,보행자,여,63세,중상