사고번호,사고일시,요일,시군구,사고내용,사망자수,중상자수,경상자수,부상신고자수,사고유형,법규위반,노면상태,기상상태,도로형태,가해운전자 차종,가해운전자 성별,가해운전자 연령,가해운전자 상해정도,피해운전자 차종,피해운전자 성별,피해운전자 연령,피해운전자 상해정도
2019103000100724,2019년 10월 30일 20시,수요일,전라남도 여수시 미평동,중상사고,0,1,0,0,차대차 - 측면충돌,안전거리미확보,건조,맑음,단일로 - 기타,승용,남,28세,상해없음,이륜,남,61세,중상
2019103000100725,2019년 10월 30일 20시,수요일,전라남도 순천시 덕암동,경상사고,0,0,1,0,차대사람 - 기타,안전운전불이행,건조,맑음,단일로 - 기타,승용,여,65세,상해없음,보행자,남,60세,경상
2019103000100758,2019년 10월 30일 21시,수요일,전라남도 나주시 산포면,부상신고사고,0,0,0,1,차량단독 - 도로외이탈 - 기타,안전운전불이행,건조,맑음,단일로 - 기타,이륜,남,72세,부상신고,,,,
2019103000100788,2019년 10월 30일 22시,수요일,전라남도 목포시 용당동,중상사고,0,1,0,0,차대차 - 측면충돌,안전운전불이행,건조,맑음,교차로 - 교차로안,승용,여,45세,상해없음,이륜,남,17세,중상
2019103000100789,2019년 10월 30일 22시,수요일,전라남도 목포시 옥암동,경상사고,0,0,4,0,차대차 - 측면충돌,안전운전불이행,건조,맑음,교차로 - 교차로안,승용,여,53세,경상,승용,남,45세,경상
2019103000100790,2019년 10월 30일 22시,수요일,전라남도 순천시 해룡면,경상사고,0,0,1,0,차량단독 - 공작물충돌,안전운전불이행,건조,맑음,단일로 - 기타,승용,남,37세,경상,,,,
2019103100100064,2019년 10월 31일 04시,목요일,전라남도 여수시 학동,경상사고,0,0,1,0,차대사람 - 차도통행중,안전운전불이행,건조,맑음,단일로 - 기타,승용,여,56세,상해없음,보행자,여,22세,경상
2019103100100093,2019년 10월 31일 07시,목요일,전라남도 순천시 매곡동,경상사고,0,0,4,0,차대차 - 측면충돌,교차로운행방법위반,건조,맑음,교차로 - 교차로안,승용,여,36세,경상,승합,남,64세,상해없음
2019103100100094,2019년 10월 31일 07시,목요일,전라남도 강진군 대구면,중상사고,0,1,0,0,차대차 - 정면충돌,안전운전불이행,건조,맑음,단일로 - 기타,사륜오토바이(ATV),여,75세,중상,승용,남,66세,상해없음
2019103100100128,2019년 10월 31일 08시,목요일,전라남도 여수시 둔덕동,경상사고,0,0,3,0,차대차 - 측면충돌,교차로운행방법위반,건조,맑음,교차로 - 교차로안,화물,남,57세,상해없음,화물,남,30세,경상
2019103100100129,2019년 10월 31일 08시,목요일,전라남도 나주시 용산동,경상사고,0,0,1,0,차량단독 - 전도전복 - 전도,안전운전불이행,건조,맑음,단일로 - 기타,화물,남,62세,경상,,,,
2019103100100185,2019년 10월 31일 09시,목요일,전라남도 담양군 창평면,경상사고,0,0,3,0,차대차 - 측면충돌,안전거리미확보,건조,맑음,단일로 - 기타,화물,남,75세,경상,승용,여,59세,경상
2019103100100222,2019년 10월 31일 10시,목요일,전라남도 목포시 상동,경상사고,0,0,2,0,차대차 - 측면충돌,안전운전불이행,건조,맑음,주차장 - 주차장,승용,남,52세,경상,승용,여,55세,경상
2019103100100223,2019년 10월 31일 10시,목요일,전라남도 목포시 상동,경상사고,0,0,2,0,차대차 - 기타,안전운전불이행,건조,맑음,교차로 - 교차로안,화물,남,27세,경상,화물,남,25세,경상
2019103100100224,2019년 10월 31일 10시,목요일,전라남도 여수시 둔덕동,경상사고,0,0,1,0,차대사람 - 기타,안전운전불이행,건조,맑음,단일로 - 기타,승용,남,59세,상해없음,보행자,남,29세,경상
2019103100100250,2019년 10월 31일 11시,목요일,전라남도 나주시 세지면,경상사고,0,0,2,0,차대차 - 측면충돌,직진우회전진행방해,건조,맑음,교차로 - 교차로안,화물,남,56세,경상,화물,남,51세,경상
2019103100100251,2019년 10월 31일 11시,목요일,전라남도 영암군 삼호읍,경상사고,0,0,1,0,차대차 - 기타,안전운전불이행,건조,맑음,단일로 - 기타,화물,남,35세,경상,화물,남,37세,상해없음
2019103100100252,2019년 10월 31일 11시,목요일,전라남도 완도군 청산면,경상사고,0,0,1,0,차량단독 - 공작물충돌,안전운전불이행,건조,맑음,단일로 - 기타,승용,남,53세,경상,,,,
2019103100100253,2019년 10월 31일 11시,목요일,전라남도 무안군 삼향읍,경상사고,0,0,2,0,차대차 - 측면충돌,안전거리미확보,건조,맑음,교차로 - 교차로부근,승용,여,58세,경상,승용,남,55세,경상
2019103100100295,2019년 10월 31일 12시,목요일,전라남도 목포시 산정동,경상사고,0,0,1,0,차대사람 - 횡단중,안전운전불이행,건조,맑음,교차로 - 교차로부근,이륜,남,58세,상해없음,보행자,여,67세,경상
2019103100100296,2019년 10월 31일 12시,목요일,전라남도 여수시 교동,경상사고,0,0,2,0,차대차 - 추돌,안전운전불이행,건조,맑음,교차로 - 교차로안,승용,남,65세,상해없음,승용,남,66세,경상
2019103100100297,2019년 10월 31일 12시,목요일,전라남도 순천시 매곡동,경상사고,0,0,1,0,차대차 - 기타,교차로운행방법위반,건조,맑음,교차로 - 교차로안,승합,남,69세,상해없음,승용,남,55세,경상
2019103100100298,2019년 10월 31일 12시,목요일,전라남도 순천시 동외동,경상사고,0,0,1,0,차대차 - 기타,안전운전불이행,건조,맑음,단일로 - 기타,화물,남,59세,상해없음,화물,남,36세,경상
2019103100100299,2019년 10월 31일 12시,목요일,전라남도 나주시 공산면,경상사고,0,0,3,0,차대차 - 추돌,신호위반,건조,맑음,교차로 - 교차로안,건설기계,남,45세,상해없음,승용,남,59세,경상
2019103100100330,2019년 10월 31일 13시,목요일,전라남도 목포시 행복동1가,경상사고,0,0,3,0,차대차 - 측면충돌,안전운전불이행,건조,맑음,교차로 - 교차로부근,승용,여,36세,경상,승용,남,57세,경상
2019103100100331,2019년 10월 31일 13시,목요일,전라남도 장흥군 장흥읍,중상사고,0,1,0,0,차대사람 - 기타,안전운전불이행,건조,맑음,단일로 - 기타,승용,남,76세,상해없음,보행자,남,60세,중상
2019103100100332,2019년 10월 31일 13시,목요일,전라남도 완도군 군외면,경상사고,0,0,1,0,차대차 - 측면충돌,안전운전불이행,건조,맑음,교차로 - 교차로안,승용,남,70세,상해없음,승용,남,41세,경상
2019103100100372,2019년 10월 31일 14시,목요일,전라남도 순천시 용당동,경상사고,0,0,3,0,차대차 - 측면충돌,교차로운행방법위반,건조,맑음,교차로 - 교차로부근,승용,여,59세,경상,승용,여,48세,경상
2019103100100373,2019년 10월 31일 14시,목요일,전라남도 장흥군 장흥읍,중상사고,0,1,0,0,차대사람 - 횡단중,보행자보호의무위반,건조,맑음,교차로 - 교차로횡단보도내,승용,남,72세,상해없음,보행자,여,78세,중상
2019103100100403,2019년 10월 31일 15시,목요일,전라남도 목포시 산정동,경상사고,0,0,1,0,차대차 - 측면충돌,신호위반,건조,맑음,교차로 - 교차로안,승용,남,54세,상해없음,승용,여,20세,경상
2019103100100404,2019년 10월 31일 15시,목요일,전라남도 순천시 장천동,경상사고,0,0,1,1,차대차 - 측면충돌,안전운전불이행,건조,맑음,교차로 - 교차로안,승용,남,26세,부상신고,승용,남,63세,경상
2019103100100405,2019년 10월 31일 15시,목요일,전라남도 영암군 삼호읍,경상사고,0,0,2,0,차대차 - 측면충돌,안전운전불이행,건조,맑음,교차로 - 교차로부근,승용,남,31세,경상,화물,남,41세,경상
2019103100100406,2019년 10월 31일 15시,목요일,전라남도 장성군 진원면,경상사고,0,0,7,0,차대차 - 추돌,안전운전불이행,건조,맑음,교차로 - 교차로안,승용,남,36세,상해없음,승용,남,73세,경상
2019103100100453,2019년 10월 31일 16시,목요일,전라남도 목포시 석현동,경상사고,0,0,1,0,차대사람 - 기타,안전운전불이행,건조,맑음,단일로 - 기타,기타불명,기타불명,미분류,기타불명,보행자,여,7세,경상
2019103100100454,2019년 10월 31일 16시,목요일,전라남도 여수시 소라면,경상사고,0,0,1,0,차대차 - 측면충돌,신호위반,건조,맑음,교차로 - 교차로안,승합,남,56세,상해없음,자전거,남,13세,경상
2019103100100455,2019년 10월 31일 16시,목요일,전라남도 순천시 해룡면,경상사고,0,0,1,0,차대차 - 기타,교차로운행방법위반,건조,맑음,교차로 - 교차로안,승용,여,40세,상해없음,승합,남,60세,상해없음
2019103100100456,2019년 10월 31일 16시,목요일,전라남도 나주시 서내동,경상사고,0,0,3,0,차대차 - 기타,직진우회전진행방해,건조,맑음,교차로 - 교차로안,승용,남,68세,경상,승용,남,49세,경상
2019103100100457,2019년 10월 31일 16시,목요일,전라남도 보성군 미력면,경상사고,0,0,1,0,차대차 - 측면충돌,차로위반,건조,맑음,단일로 - 기타,화물,남,69세,상해없음,승합,남,54세,상해없음
2019103100100458,2019년 10월 31일 16시,목요일,전라남도 영암군 삼호읍,경상사고,0,0,1,0,차대차 - 정면충돌,신호위반,건조,맑음,교차로 - 교차로안,승용,여,39세,상해없음,승용,남,72세,경상
2019103100100506,2019년 10월 31일 17시,목요일,전라남도 순천시 풍덕동,경상사고,0,0,1,0,차대사람 - 기타,안전운전불이행,건조,맑음,교차로 - 교차로부근,화물,남,56세,상해없음,보행자,남,44세,경상
2019103100100507,2019년 10월 31일 17시,목요일,전라남도 장흥군 안양면,중상사고,0,2,0,0,차대차 - 추돌,안전운전불이행,건조,맑음,단일로 - 기타,화물,남,67세,중상,농기계,남,55세,중상
2019103100100508,2019년 10월 31일 17시,목요일,전라남도 무안군 삼향읍,경상사고,0,0,1,0,차대차 - 측면충돌,교차로운행방법위반,건조,맑음,단일로 - 기타,승합,남,73세,경상,승용,여,44세,상해없음
2019103100100509,2019년 10월 31일 17시,목요일,전라남도 광양시 마동,중상사고,0,1,2,0,차대차 - 측면충돌,신호위반,건조,맑음,교차로 - 교차로안,승용,여,46세,경상,승용,남,70세,경상
2019103100100567,2019년 10월 31일 18시,목요일,전라남도 목포시 옥암동,경상사고,0,0,2,0,차대차 - 측면충돌,신호위반,건조,맑음,교차로 - 교차로안,승용,여,48세,경상,승용,여,59세,경상
2019103100100568,2019년 10월 31일 18시,목요일,전라남도 순천시 조례동,경상사고,0,0,1,0,차대사람 - 기타,보행자보호의무위반,건조,맑음,교차로 - 교차로부근,승용,여,47세,상해없음,보행자,여,54세,경상
2019103100100569,2019년 10월 31일 18시,목요일,전라남도 순천시 연향동,경상사고,0,0,2,0,차대차 - 측면충돌,교차로운행방법위반,건조,맑음,교차로 - 교차로안,승용,남,65세,경상,승용,여,41세,경상
2019103100100570,2019년 10월 31일 18시,목요일,전라남도 화순군 화순읍,중상사고,0,1,0,0,차대차 - 정면충돌,중앙선침범,건조,맑음,단일로 - 기타,승용,남,36세,상해없음,이륜,남,61세,중상
2019103100100571,2019년 10월 31일 18시,목요일,전라남도 영암군 군서면,경상사고,0,0,1,0,차대차 - 추돌,안전운전불이행,건조,맑음,단일로 - 기타,승용,남,28세,상해없음,농기계,남,82세,경상
2019103100100572,2019년 10월 31일 18시,목요일,전라남도 영암군 영암읍,경상사고,0,0,1,0,차대차 - 기타,안전운전불이행,건조,맑음,단일로 - 기타,승용,남,57세,상해없음,승용,여,54세,경상
2019103100100661,2019년 10월 31일 20시,목요일,전라남도 순천시 상사면,경상사고,0,0,1,0,차대차 - 추돌,안전운전불이행,건조,맑음,단일로 - 기타,승용,여,56세,상해없음,승용,여,28세,경상
2019103100100692,2019년 10월 31일 21시,목요일,전라남도 여수시 덕충동,경상사고,0,0,7,0,차대차 - 측면충돌,신호위반,건조,맑음,교차로 - 교차로안,승용,남,30세,상해없음,화물,남,60세,경상
2019103100100743,2019년 10월 31일 23시,목요일,전라남도 영암군 삼호읍,경상사고,0,0,1,0,차대사람 - 횡단중,안전운전불이행,건조,맑음,단일로 - 기타,승용,남,46세,상해없음,보행자,남,48세,경상
2019110100100056,2019년 11월 1일 01시,금요일,전라남도 목포시 상동,중상사고,0,3,2,0,차대차 - 정면충돌,신호위반,건조,맑음,교차로 - 교차로안,승용,남,29세,중상,승용,남,66세,중상
2019110100100057,2019년 11월 1일 01시,금요일,전라남도 광양시 중동,경상사고,0,0,3,0,차대차 - 측면충돌,교차로운행방법위반,건조,맑음,교차로 - 교차로안,승용,여,50세,경상,승용,여,44세,경상
2019110100100067,2019년 11월 1일 02시,금요일,전라남도 순천시 풍덕동,경상사고,0,0,1,0,차량단독 - 기타,안전운전불이행,건조,맑음,교차로 - 교차로안,승용,남,54세,상해없음,,,,
2019110100100090,2019년 11월 1일 05시,금요일,전라남도 여수시 미평동,사망사고,1,0,0,0,차대사람 - 기타,안전운전불이행,건조,맑음,기타 - 기타,승용,여,58세,상해없음,보행자,여,59세,사망
2019110100100126,2019년 11월 1일 07시,금요일,전라남도 여수시 호명동,경상사고,0,0,1,0,차대차 - 측면충돌,안전운전불이행,건조,맑음,단일로 - 기타,승용,남,63세,상해없음,승용,남,59세,경상
2019110100100127,2019년 11월 1일 07시,금요일,전라남도 여수시 덕충동,경상사고,0,0,5,0,차대차 - 추돌,안전운전불이행,건조,맑음,교차로 - 교차로부근,화물,남,52세,상해없음,승용,남,42세,경상
2019110100100128,2019년 11월 1일 07시,금요일,전라남도 여수시 미평동,경상사고,0,0,1,0,차대차 - 측면충돌,신호위반,건조,맑음,교차로 - 교차로안,승용,남,57세,상해없음,화물,남,56세,경상
2019110100100129,2019년 11월 1일 07시,금요일,전라남도 영암군 삼호읍,경상사고,0,0,1,0,차대사람 - 차도통행중,안전운전불이행,젖음/습기,안개,단일로 - 기타,기타불명,기타불명,미분류,기타불명,보행자,남,15세,경상
2019110100100175,2019년 11월 1일 08시,금요일,전라남도 나주시 빛가람동,경상사고,0,0,1,0,차대차 - 측면충돌,중앙선침범,건조,맑음,교차로 - 교차로부근,승합,남,59세,상해없음,승용,남,32세,경상
2019110100100176,2019년 11월 1일 08시,금요일,전라남도 완도군 고금면,중상사고,0,1,0,0,차량단독 - 공작물충돌,안전운전불이행,건조,맑음,단일로 - 기타,화물,남,66세,중상,,,,
2019110100100177,2019년 11월 1일 08시,금요일,전라남도 구례군 구례읍,경상사고,0,0,1,0,차대차 - 측면충돌,직진우회전진행방해,건조,맑음,교차로 - 교차로안,승용,남,38세,상해없음,승용,여,59세,경상
2019110100100230,2019년 11월 1일 09시,금요일,전라남도 목포시 산정동,중상사고,0,1,0,0,차대차 - 기타,신호위반,건조,맑음,교차로 - 교차로안,승용,남,54세,상해없음,이륜,남,33세,중상
2019110100100231,2019년 11월 1일 09시,금요일,전라남도 광양시 광양읍,경상사고,0,0,1,0,차대차 - 추돌,안전운전불이행,건조,맑음,교차로 - 교차로부근,승용,여,41세,상해없음,승용,여,48세,경상
2019110100100296,2019년 11월 1일 11시,금요일,전라남도 목포시 용당동,경상사고,0,0,1,0,차대차 - 기타,안전운전불이행,건조,맑음,단일로 - 기타,승용,여,54세,상해없음,승합,남,40세,경상
2019110100100297,2019년 11월 1일 11시,금요일,전라남도 여수시 학동,경상사고,0,0,2,0,차대차 - 추돌,안전운전불이행,건조,맑음,교차로 - 교차로부근,화물,남,69세,상해없음,승용,여,38세,경상
2019110100100298,2019년 11월 1일 11시,금요일,전라남도 영암군 시종면,중상사고,0,2,0,0,차대차 - 측면충돌,안전운전불이행,건조,맑음,단일로 - 기타,승용,여,61세,상해없음,이륜,남,76세,중상
2019110100100339,2019년 11월 1일 12시,금요일,전라남도 여수시 여서동,중상사고,0,1,0,0,차대사람 - 기타,안전운전불이행,건조,맑음,단일로 - 기타,승용,여,45세,상해없음,보행자,여,78세,중상
2019110100100340,2019년 11월 1일 12시,금요일,전라남도 강진군 성전면,중상사고,0,1,2,0,차대차 - 추돌,안전운전불이행,젖음/습기,맑음,단일로 - 기타,승용,남,80세,경상,승용,남,70세,중상
2019110100100378,2019년 11월 1일 13시,금요일,전라남도 여수시 학동,경상사고,0,0,2,0,차대차 - 측면충돌,차로위반,건조,맑음,교차로 - 교차로안,승용,남,21세,상해없음,승용,남,59세,경상
2019110100100416,2019년 11월 1일 14시,금요일,전라남도 나주시 왕곡면,경상사고,0,0,3,0,차대차 - 측면충돌,직진우회전진행방해,건조,맑음,교차로 - 교차로안,화물,남,55세,경상,승용,남,79세,경상
2019110100100417,2019년 11월 1일 14시,금요일,전라남도 함평군 학교면,경상사고,0,0,5,0,차대차 - 측면충돌,교차로운행방법위반,건조,맑음,교차로 - 교차로안,승용,남,65세,기타불명,승용,남,43세,경상
2019110100100418,2019년 11월 1일 14시,금요일,전라남도 영암군 학산면,중상사고,0,4,0,0,차대차 - 정면충돌,중앙선침범,건조,맑음,단일로 - 기타,승합,여,62세,중상,화물,여,39세,중상
2019110100100419,2019년 11월 1일 14시,금요일,전라남도 광양시 광양읍,중상사고,0,1,0,0,차대차 - 측면충돌,안전거리미확보,건조,맑음,교차로 - 교차로안,승용,남,33세,상해없음,원동기,여,68세,중상
2019110100100420,2019년 11월 1일 14시,금요일,전라남도 구례군 산동면,경상사고,0,0,1,0,차대차 - 측면충돌,교차로운행방법위반,건조,맑음,교차로 - 교차로안,화물,남,31세,상해없음,이륜,남,55세,경상
2019110100100458,2019년 11월 1일 15시,금요일,전라남도 목포시 용당동,경상사고,0,0,1,0,차대차 - 기타,안전운전불이행,건조,맑음,단일로 - 기타,화물,남,70세,상해없음,승용,여,31세,경상
2019110100100459,2019년 11월 1일 15시,금요일,전라남도 보성군 벌교읍,중상사고,0,1,0,0,차대사람 - 차도통행중,안전운전불이행,건조,맑음,단일로 - 기타,승용,남,72세,상해없음,보행자,여,59세,중상
2019110100100497,2019년 11월 1일 16시,금요일,전라남도 목포시 상동,경상사고,0,0,1,0,차대차 - 측면충돌,안전운전불이행,건조,맑음,교차로 - 교차로부근,승용,남,48세,경상,승용,여,59세,상해없음
2019110100100543,2019년 11월 1일 17시,금요일,전라남도 목포시 산정동,경상사고,0,0,1,0,차대차 - 후진중충돌,교차로운행방법위반,건조,맑음,단일로 - 기타,화물,남,48세,상해없음,승용,남,64세,경상
2019110100100544,2019년 11월 1일 17시,금요일,전라남도 여수시 교동,중상사고,0,1,0,0,차대차 - 측면충돌,중앙선침범,건조,맑음,교차로 - 교차로부근,자전거,남,82세,중상,화물,남,39세,상해없음
2019110100100545,2019년 11월 1일 17시,금요일,전라남도 여수시 오림동,경상사고,0,0,1,0,차대차 - 추돌,안전운전불이행,건조,맑음,교차로 - 교차로안,승용,남,36세,상해없음,승용,남,36세,경상
2019110100100546,2019년 11월 1일 17시,금요일,전라남도 순천시 조례동,경상사고,0,0,1,0,차대차 - 기타,신호위반,건조,맑음,교차로 - 교차로안,자전거,여,51세,경상,승용,여,51세,상해없음
2019110100100547,2019년 11월 1일 17시,금요일,전라남도 강진군 강진읍,중상사고,0,1,0,0,차대사람 - 기타,안전운전불이행,건조,맑음,단일로 - 기타,승합,남,58세,상해없음,보행자,남,79세,중상
2019110100100548,2019년 11월 1일 17시,금요일,전라남도 곡성군 석곡면,경상사고,0,0,2,0,차대차 - 추돌,안전거리미확보,건조,맑음,단일로 - 기타,승용,남,36세,경상,승용,남,52세,경상
2019110100100549,2019년 11월 1일 17시,금요일,전라남도 무안군 삼향읍,경상사고,0,0,3,0,차대차 - 측면충돌,안전거리미확보,건조,맑음,단일로 - 기타,승용,여,48세,상해없음,승용,여,42세,경상
2019110100100550,2019년 11월 1일 17시,금요일,전라남도 무안군 삼향읍,경상사고,0,0,1,0,차대차 - 후진중충돌,안전운전불이행,건조,맑음,교차로 - 교차로부근,승용,남,54세,상해없음,승용,남,26세,경상
2019110100100607,2019년 11월 1일 18시,금요일,전라남도 순천시 가곡동,경상사고,0,0,1,0,차대차 - 측면충돌,신호위반,건조,맑음,교차로 - 교차로안,승용,남,29세,상해없음,승용,남,66세,경상
2019110100100608,2019년 11월 1일 18시,금요일,전라남도 영암군 영암읍,경상사고,0,0,1,0,차대차 - 정면충돌,중앙선침범,건조,맑음,교차로 - 교차로부근,농기계,남,58세,상해없음,승용,여,45세,경상
2019110100100609,2019년 11월 1일 18시,금요일,전라남도 장성군 삼계면,경상사고,0,0,2,0,차대차 - 정면충돌,안전운전불이행,건조,맑음,교차로 - 교차로안,승용,남,77세,경상,승합,남,21세,경상
2019110100100610,2019년 11월 1일 18시,금요일,전라남도 강진군 강진읍,중상사고,0,1,0,0,차대사람 - 기타,안전운전불이행,건조,맑음,교차로 - 교차로부근,승용,여,46세,상해없음,보행자,여,67세,중상
2019110100100611,2019년 11월 1일 18시,금요일,전라남도 광양시 중동,경상사고,0,0,1,0,차대차 - 추돌,안전운전불이행,건조,맑음,교차로 - 교차로부근,화물,남,53세,상해없음,승용,여,53세,경상
2019110100100670,2019년 11월 1일 19시,금요일,전라남도 여수시 묘도동,경상사고,0,0,1,0,차량단독 - 도로외이탈 - 추락,안전운전불이행,건조,맑음,단일로 - 기타,사륜오토바이(ATV),남,83세,경상,,,,
2019110100100671,2019년 11월 1일 19시,금요일,전라남도 나주시 남평읍,중상사고,0,1,2,0,차대차 - 정면충돌,중앙선침범,건조,맑음,교차로 - 교차로부근,원동기,남,59세,중상,승용,남,63세,경상
2019110100100672,2019년 11월 1일 19시,금요일,전라남도 영암군 영암읍,경상사고,0,0,1,0,차대차 - 추돌,안전운전불이행,건조,맑음,단일로 - 기타,화물,남,63세,상해없음,농기계,남,54세,기타불명
2019110100100673,2019년 11월 1일 19시,금요일,전라남도 무안군 현경면,중상사고,0,1,1,0,차대차 - 추돌,안전운전불이행,건조,맑음,단일로 - 기타,승용,남,63세,중상,건설기계,남,42세,경상
2019110100100674,2019년 11월 1일 19시,금요일,전라남도 광양시 금호동,중상사고,0,1,0,0,차대사람 - 기타,안전운전불이행,건조,맑음,기타 - 기타,자전거,남,52세,상해없음,보행자,남,67세,중상
2019110100100720,2019년 11월 1일 20시,금요일,전라남도 여수시 선원동,중상사고,0,1,1,0,차대사람 - 횡단중,안전운전불이행,건조,맑음,단일로 - 기타,승용,남,63세,상해없음,보행자,남,50세,경상
2019110100100777,2019년 11월 1일 22시,금요일,전라남도 순천시 해룡면,중상사고,0,2,0,0,차대차 - 기타,직진우회전진행방해,건조,맑음,교차로 - 교차로안,승용,남,48세,상해없음,승용,남,65세,중상
2019110100100797,2019년 11월 1일 23시,금요일,전라남도 광양시 마동,경상사고,0,0,2,0,차대차 - 측면충돌,직진우회전진행방해,건조,맑음,교차로 - 교차로안,승용,여,24세,경상,승용,여,35세,경상
2019110200100117,2019년 11월 2일 06시,토요일,전라남도 여수시 선원동,경상사고,0,0,5,0,차대차 - 기타,안전운전불이행,건조,맑음,교차로 - 교차로안,승용,여,56세,상해없음,승용,여,48세,경상
2019110200100134,2019년 11월 2일 07시,토요일,전라남도 순천시 매곡동,중상사고,0,1,0,0,차대사람 - 횡단중,안전운전불이행,건조,맑음,단일로 - 기타,승합,남,49세,상해없음,보행자,여,60세,중상
2019110200100135,2019년 11월 2일 07시,토요일,전라남도 장흥군 대덕읍,경상사고,0,0,1,0,차대차 - 측면충돌,직진우회전진행방해,건조,맑음,교차로 - 교차로안,이륜,여,60세,경상,승용,남,51세,상해없음
2019110200100154,2019년 11월 2일 08시,토요일,전라남도 목포시 금동2가,경상사고,0,0,2,0,차대차 - 기타,교차로운행방법위반,건조,맑음,교차로 - 교차로안,승용,여,34세,경상,승용,남,55세,경상
2019110200100155,2019년 11월 2일 08시,토요일,전라남도 고흥군 도양읍,경상사고,0,0,3,0,차대차 - 후진중충돌,직진우회전진행방해,건조,맑음,교차로 - 교차로안,화물,남,67세,경상,화물,여,55세,경상
2019110200100156,2019년 11월 2일 08시,토요일,전라남도 고흥군 고흥읍,경상사고,0,0,2,0,차대차 - 추돌,안전운전불이행,건조,맑음,교차로 - 교차로부근,승용,남,43세,상해없음,승용,여,48세,경상
2019110200100189,2019년 11월 2일 09시,토요일,전라남도 여수시 화양면,중상사고,0,1,0,0,차대사람 - 길가장자리구역통행중,안전운전불이행,건조,맑음,단일로 - 기타,화물,여,66세,상해없음,보행자,여,82세,중상
2019110200100190,2019년 11월 2일 09시,토요일,전라남도 장흥군 대덕읍,경상사고,0,0,1,0,차량단독 - 전도전복 - 전도,안전운전불이행,건조,맑음,단일로 - 기타,승용,남,70세,상해없음,,,,
2019110200100191,2019년 11월 2일 09시,토요일,전라남도 고흥군 도양읍,경상사고,0,0,3,0,차대차 - 측면충돌,안전운전불이행,건조,맑음,단일로 - 기타,건설기계,남,60세,상해없음,승용,남,24세,경상
2019110200100231,2019년 11월 2일 10시,토요일,전라남도 여수시 남산동,경상사고,0,0,1,0,차대사람 - 횡단중,보행자보호의무위반,건조,맑음,교차로 - 교차로부근,승용,남,40세,상해없음,보행자,남,77세,경상
2019110200100232,2019년 11월 2일 10시,토요일,전라남도 여수시 선원동,중상사고,0,1,1,0,차대차 - 측면충돌,교차로운행방법위반,건조,맑음,교차로 - 교차로안,승용,여,52세,상해없음,승용,남,28세,경상
2019110200100274,2019년 11월 2일 11시,토요일,전라남도 목포시 연산동,경상사고,0,0,1,0,차대차 - 기타,신호위반,건조,맑음,교차로 - 교차로안,화물,남,53세,상해없음,승용,남,60세,경상
2019110200100275,2019년 11월 2일 11시,토요일,전라남도 여수시 충무동,중상사고,0,1,0,0,차대차 - 기타,교차로운행방법위반,건조,맑음,교차로 - 교차로안,자전거,여,28세,중상,화물,남,42세,상해없음
2019110200100276,2019년 11월 2일 11시,토요일,전라남도 담양군 용면,중상사고,0,1,2,0,차량단독 - 공작물충돌,안전운전불이행,건조,맑음,단일로 - 기타,승용,남,53세,상해없음,,,,
2019110200100324,2019년 11월 2일 12시,토요일,전라남도 목포시 석현동,경상사고,0,0,3,0,차대차 - 기타,교차로운행방법위반,건조,맑음,교차로 - 교차로안,승용,남,54세,상해없음,승용,남,40세,상해없음
2019110200100325,2019년 11월 2일 12시,토요일,전라남도 구례군 용방면,중상사고,0,1,3,0,차대차 - 측면충돌,기타,건조,맑음,교차로 - 교차로안,승용,여,36세,경상,승용,남,56세,경상
2019110200100359,2019년 11월 2일 13시,토요일,전라남도 목포시 옥암동,경상사고,0,0,2,0,차대차 - 기타,직진우회전진행방해,건조,맑음,교차로 - 교차로안,승용,남,70세,경상,승용,여,44세,경상
2019110200100360,2019년 11월 2일 13시,토요일,전라남도 여수시 오림동,중상사고,0,2,0,0,차대차 - 기타,신호위반,건조,맑음,교차로 - 교차로안,승용,여,52세,상해없음,승용,남,73세,중상
2019110200100361,2019년 11월 2일 13시,토요일,전라남도 순천시 조곡동,경상사고,0,0,1,0,차대차 - 기타,안전운전불이행,건조,맑음,교차로 - 교차로안,승용,여,50세,상해없음,승용,여,75세,경상
2019110200100362,2019년 11월 2일 13시,토요일,전라남도 광양시 광영동,경상사고,0,0,3,0,차대차 - 기타,신호위반,건조,맑음,교차로 - 교차로안,승용,남,72세,상해없음,승용,남,39세,경상
2019110200100399,2019년 11월 2일 14시,토요일,전라남도 여수시 학동,경상사고,0,0,1,0,차대사람 - 보도통행중,기타,건조,맑음,단일로 - 기타,승용,여,51세,상해없음,보행자,여,20세,경상
2019110200100400,2019년 11월 2일 14시,토요일,전라남도 고흥군 도양읍,중상사고,0,1,4,0,차대차 - 추돌,안전운전불이행,건조,맑음,교차로 - 교차로부근,승용,남,62세,경상,승용,여,50세,경상
2019110200100401,2019년 11월 2일 14시,토요일,전라남도 담양군 대전면,경상사고,0,0,4,0,차대차 - 정면충돌,직진우회전진행방해,건조,맑음,교차로 - 교차로안,승용,남,65세,상해없음,승합,여,71세,경상