사고번호,사고일시,요일,시군구,사고내용,사망자수,중상자수,경상자수,부상신고자수,사고유형,법규위반,노면상태,기상상태,도로형태,가해운전자 차종,가해운전자 성별,가해운전자 연령,가해운전자 상해정도,피해운전자 차종,피해운전자 성별,피해운전자 연령,피해운전자 상해정도
2019110200100444,2019년 11월 2일 15시,토요일,전라남도 목포시 상동,중상사고,0,1,0,0,차대차 - 기타,중앙선침범,건조,맑음,단일로 - 기타,승용,남,71세,상해없음,이륜,남,46세,중상
2019110200100445,2019년 11월 2일 15시,토요일,전라남도 순천시 황전면,경상사고,0,0,2,0,차대차 - 추돌,안전운전불이행,건조,맑음,교차로 - 교차로부근,화물,남,46세,상해없음,승용,남,71세,경상
2019110200100446,2019년 11월 2일 15시,토요일,전라남도 해남군 해남읍,경상사고,0,0,2,0,차대차 - 추돌,안전운전불이행,건조,맑음,단일로 - 기타,농기계,남,48세,상해없음,승용,여,45세,경상
2019110200100447,2019년 11월 2일 15시,토요일,전라남도 무안군 해제면,중상사고,0,1,0,0,차대차 - 측면충돌,교차로운행방법위반,건조,맑음,교차로 - 교차로부근,이륜,남,78세,중상,화물,남,72세,상해없음
2019110200100526,2019년 11월 2일 17시,토요일,전라남도 보성군 벌교읍,경상사고,0,0,1,0,차대차 - 추돌,안전운전불이행,건조,맑음,단일로 - 기타,화물,남,49세,상해없음,화물,남,43세,경상
2019110200100527,2019년 11월 2일 17시,토요일,전라남도 화순군 동면,사망사고,1,0,0,0,차대사람 - 횡단중,과속,건조,맑음,교차로 - 교차로안,승용,남,50세,상해없음,보행자,여,86세,사망
2019110200100575,2019년 11월 2일 18시,토요일,전라남도 목포시 옥암동,중상사고,0,1,0,0,차대사람 - 횡단중,안전운전불이행,건조,맑음,교차로 - 교차로안,승용,남,47세,상해없음,보행자,남,81세,중상
2019110200100576,2019년 11월 2일 18시,토요일,전라남도 목포시 상동,경상사고,0,0,1,0,차대차 - 기타,안전운전불이행,건조,맑음,단일로 - 기타,이륜,남,17세,경상,승용,남,28세,상해없음
2019110200100577,2019년 11월 2일 18시,토요일,전라남도 영광군 군서면,중상사고,0,1,0,0,차대차 - 측면충돌,안전운전불이행,건조,맑음,단일로 - 기타,승용,남,59세,상해없음,화물,남,33세,상해없음
2019110200100629,2019년 11월 2일 19시,토요일,전라남도 순천시 연향동,경상사고,0,0,3,0,차대차 - 추돌,안전거리미확보,건조,맑음,교차로 - 교차로부근,승용,남,53세,상해없음,승용,남,26세,경상
2019110200100709,2019년 11월 2일 21시,토요일,전라남도 해남군 해남읍,경상사고,0,0,2,0,차대차 - 측면충돌,차로위반,건조,맑음,단일로 - 기타,승용,남,65세,상해없음,승용,남,31세,경상
2019110200100710,2019년 11월 2일 21시,토요일,전라남도 화순군 화순읍,경상사고,0,0,2,0,차대차 - 기타,차로위반,건조,맑음,단일로 - 기타,승용,여,50세,기타불명,승용,남,38세,경상
2019110200100711,2019년 11월 2일 21시,토요일,전라남도 진도군 진도읍,경상사고,0,0,1,0,차대사람 - 차도통행중,안전운전불이행,건조,흐림,교차로 - 교차로부근,승용,여,46세,상해없음,보행자,남,59세,경상
2019110300100037,2019년 11월 3일 00시,일요일,전라남도 목포시 산정동,경상사고,0,0,1,0,차대차 - 기타,교차로운행방법위반,건조,맑음,교차로 - 교차로안,승용,여,48세,상해없음,승용,남,67세,경상
2019110300100038,2019년 11월 3일 00시,일요일,전라남도 장성군 장성읍,경상사고,0,0,9,0,차대차 - 추돌,안전거리미확보,건조,맑음,기타 - 기타,승합,남,59세,상해없음,승용,남,56세,경상
2019110300100101,2019년 11월 3일 06시,일요일,전라남도 영암군 시종면,중상사고,0,1,0,0,차대사람 - 기타,안전운전불이행,건조,맑음,단일로 - 기타,승용,여,59세,상해없음,보행자,여,79세,중상
2019110300100122,2019년 11월 3일 08시,일요일,전라남도 순천시 해룡면,경상사고,0,0,1,0,차량단독 - 기타,기타,건조,맑음,기타 - 기타,승합,남,43세,상해없음,,,,
2019110300100159,2019년 11월 3일 10시,일요일,전라남도 화순군 화순읍,중상사고,0,1,0,0,차대차 - 추돌,교차로운행방법위반,건조,맑음,교차로 - 교차로안,승용,남,39세,상해없음,이륜,남,32세,중상
2019110300100160,2019년 11월 3일 10시,일요일,전라남도 광양시 중동,경상사고,0,0,1,0,차대차 - 측면충돌,안전운전불이행,건조,맑음,단일로 - 기타,승용,남,58세,상해없음,승용,여,46세,경상
2019110300100183,2019년 11월 3일 11시,일요일,전라남도 순천시 저전동,경상사고,0,0,1,0,차대사람 - 횡단중,안전운전불이행,건조,맑음,교차로 - 교차로횡단보도내,승용,여,42세,상해없음,보행자,여,85세,경상
2019110300100216,2019년 11월 3일 12시,일요일,전라남도 강진군 대구면,경상사고,0,0,2,1,차량단독 - 전도전복 - 전도,안전운전불이행,건조,맑음,단일로 - 기타,화물,남,55세,부상신고,,,,
2019110300100243,2019년 11월 3일 13시,일요일,전라남도 함평군 함평읍,중상사고,0,1,1,0,차대차 - 추돌,안전운전불이행,건조,맑음,교차로 - 교차로안,이륜,남,60세,경상,사륜오토바이(ATV),여,75세,중상
2019110300100276,2019년 11월 3일 14시,일요일,전라남도 신안군 자은면,경상사고,0,0,2,0,차대차 - 기타,직진우회전진행방해,건조,맑음,교차로 - 교차로안,승용,여,52세,상해없음,승용,남,67세,경상
2019110300100277,2019년 11월 3일 14시,일요일,전라남도 강진군 강진읍,경상사고,0,0,1,0,차대사람 - 기타,안전운전불이행,건조,맑음,단일로 - 기타,승용,남,52세,상해없음,보행자,남,33세,경상
2019110300100278,2019년 11월 3일 14시,일요일,전라남도 무안군 삼향읍,경상사고,0,0,1,0,차대차 - 추돌,교차로운행방법위반,건조,맑음,교차로 - 교차로안,승용,남,69세,상해없음,승용,여,49세,경상
2019110300100309,2019년 11월 3일 15시,일요일,전라남도 함평군 월야면,경상사고,0,0,2,0,차대차 - 측면충돌,교차로운행방법위반,건조,맑음,교차로 - 교차로안,승용,남,65세,경상,화물,여,65세,경상
2019110300100310,2019년 11월 3일 15시,일요일,전라남도 강진군 강진읍,사망사고,1,0,0,0,차대차 - 추돌,안전운전불이행,건조,맑음,단일로 - 기타,승용,남,38세,상해없음,농기계,남,80세,사망
2019110300100311,2019년 11월 3일 15시,일요일,전라남도 담양군 월산면,사망사고,1,6,0,0,차대차 - 정면충돌,중앙선침범,건조,맑음,단일로 - 기타,승용,남,80세,사망,승용,여,39세,중상
2019110300100312,2019년 11월 3일 15시,일요일,전라남도 진도군 임회면,경상사고,0,0,3,0,차대차 - 추돌,안전운전불이행,건조,맑음,단일로 - 기타,승용,남,35세,경상,승용,여,34세,경상
2019110300100349,2019년 11월 3일 16시,일요일,전라남도 순천시 조례동,경상사고,0,0,4,0,차대차 - 측면충돌,교차로운행방법위반,건조,맑음,교차로 - 교차로안,승합,여,27세,상해없음,승용,여,51세,경상
2019110300100378,2019년 11월 3일 17시,일요일,전라남도 여수시 웅천동,중상사고,0,1,0,0,차대차 - 측면충돌,안전거리미확보,건조,맑음,단일로 - 기타,화물,남,34세,상해없음,이륜,남,42세,중상
2019110300100420,2019년 11월 3일 18시,일요일,전라남도 순천시 낙안면,경상사고,0,0,4,0,차대차 - 측면충돌,안전운전불이행,건조,맑음,단일로 - 기타,화물,남,53세,상해없음,승용,여,38세,경상
2019110300100421,2019년 11월 3일 18시,일요일,전라남도 순천시 장천동,경상사고,0,0,1,0,차대차 - 추돌,안전운전불이행,건조,맑음,단일로 - 기타,승용,남,28세,상해없음,승용,남,60세,경상
2019110300100422,2019년 11월 3일 18시,일요일,전라남도 영암군 군서면,경상사고,0,0,1,0,차대차 - 추돌,안전운전불이행,건조,맑음,단일로 - 기타,승용,남,83세,상해없음,승용,남,67세,경상
2019110300100454,2019년 11월 3일 19시,일요일,전라남도 목포시 연산동,중상사고,0,1,0,0,차대차 - 기타,교차로운행방법위반,건조,맑음,교차로 - 교차로안,승용,남,55세,상해없음,원동기,남,19세,중상
2019110300100455,2019년 11월 3일 19시,일요일,전라남도 광양시 옥곡면,경상사고,0,0,2,0,차량단독 - 공작물충돌,안전운전불이행,건조,맑음,단일로 - 기타,승용,남,72세,경상,,,,
2019110300100482,2019년 11월 3일 20시,일요일,전라남도 무안군 일로읍,경상사고,0,0,2,0,차대차 - 추돌,안전운전불이행,건조,맑음,단일로 - 기타,승합,남,56세,상해없음,승용,남,50세,경상
2019110300100502,2019년 11월 3일 21시,일요일,전라남도 나주시 보산동,중상사고,0,1,0,0,차대사람 - 횡단중,안전운전불이행,건조,맑음,단일로 - 기타,승용,여,27세,상해없음,보행자,남,30세,중상
2019110300100541,2019년 11월 3일 23시,일요일,전라남도 담양군 대전면,부상신고사고,0,0,0,1,차량단독 - 공작물충돌,안전운전불이행,건조,맑음,단일로 - 기타,승용,남,61세,부상신고,,,,
2019110400100034,2019년 11월 4일 00시,월요일,전라남도 해남군 옥천면,경상사고,0,0,7,0,차대차 - 기타,교차로운행방법위반,건조,맑음,교차로 - 교차로안,승용,여,58세,경상,승용,남,38세,경상
2019110400100087,2019년 11월 4일 06시,월요일,전라남도 보성군 미력면,경상사고,0,0,1,0,차대차 - 추돌,안전거리미확보,건조,맑음,단일로 - 기타,승용,남,21세,상해없음,화물,남,53세,경상
2019110400100088,2019년 11월 4일 06시,월요일,전라남도 강진군 강진읍,경상사고,0,0,3,0,차대차 - 기타,직진우회전진행방해,건조,맑음,교차로 - 교차로안,화물,남,77세,경상,화물,남,65세,경상
2019110400100113,2019년 11월 4일 07시,월요일,전라남도 여수시 소라면,경상사고,0,0,2,0,차대차 - 측면충돌,안전운전불이행,건조,맑음,단일로 - 기타,건설기계,남,40세,상해없음,승용,여,25세,경상
2019110400100114,2019년 11월 4일 07시,월요일,전라남도 나주시 남평읍,경상사고,0,0,1,0,차대차 - 측면충돌,신호위반,건조,맑음,교차로 - 교차로안,승용,남,47세,상해없음,승용,남,47세,경상
2019110400100160,2019년 11월 4일 08시,월요일,전라남도 목포시 상동,경상사고,0,0,4,0,차대차 - 측면충돌,교차로운행방법위반,건조,맑음,교차로 - 교차로안,승용,남,26세,상해없음,승용,남,22세,경상
2019110400100161,2019년 11월 4일 08시,월요일,전라남도 여수시 소라면,경상사고,0,0,2,0,차대차 - 기타,안전운전불이행,건조,맑음,교차로 - 교차로안,승용,여,58세,상해없음,승용,남,29세,경상
2019110400100162,2019년 11월 4일 08시,월요일,전라남도 순천시 덕월동,중상사고,0,1,0,0,차대사람 - 기타,보행자보호의무위반,건조,맑음,단일로 - 기타,화물,남,65세,상해없음,보행자,남,19세,중상
2019110400100163,2019년 11월 4일 08시,월요일,전라남도 장흥군 유치면,경상사고,0,0,1,0,차대차 - 추돌,안전운전불이행,건조,맑음,단일로 - 기타,승용,여,50세,경상,화물,남,67세,상해없음
2019110400100164,2019년 11월 4일 08시,월요일,전라남도 영암군 삼호읍,중상사고,0,1,0,0,차대차 - 기타,신호위반,건조,맑음,교차로 - 교차로안,화물,여,51세,상해없음,자전거,여,57세,중상
2019110400100215,2019년 11월 4일 09시,월요일,전라남도 목포시 상동,경상사고,0,0,1,0,차대차 - 측면충돌,안전운전불이행,건조,맑음,단일로 - 기타,승용,여,38세,상해없음,승용,여,29세,경상
2019110400100216,2019년 11월 4일 09시,월요일,전라남도 화순군 화순읍,경상사고,0,0,2,0,차대차 - 기타,안전운전불이행,건조,맑음,기타 - 기타,승용,여,57세,상해없음,승용,여,53세,경상
2019110400100217,2019년 11월 4일 09시,월요일,전라남도 광양시 중동,경상사고,0,0,1,0,차대차 - 후진중충돌,안전운전불이행,건조,맑음,단일로 - 기타,승용,남,33세,상해없음,승용,여,53세,경상
2019110400100252,2019년 11월 4일 10시,월요일,전라남도 화순군 화순읍,부상신고사고,0,0,0,1,차대차 - 측면충돌,교차로운행방법위반,건조,맑음,교차로 - 교차로안,자전거,남,83세,부상신고,화물,남,64세,상해없음
2019110400100253,2019년 11월 4일 10시,월요일,전라남도 진도군 진도읍,경상사고,0,0,1,0,차대차 - 추돌,안전거리미확보,건조,맑음,단일로 - 기타,승용,남,57세,상해없음,승용,여,47세,경상
2019110400100324,2019년 11월 4일 12시,월요일,전라남도 광양시 진월면,중상사고,0,1,0,0,차대차 - 측면충돌,안전운전불이행,건조,맑음,교차로 - 교차로부근,화물,남,66세,상해없음,자전거,여,59세,중상
2019110400100369,2019년 11월 4일 13시,월요일,전라남도 함평군 해보면,중상사고,0,2,0,0,차량단독 - 공작물충돌,안전운전불이행,건조,맑음,단일로 - 기타,화물,여,48세,중상,,,,
2019110400100370,2019년 11월 4일 13시,월요일,전라남도 무안군 삼향읍,경상사고,0,0,2,0,차대차 - 측면충돌,안전운전불이행,건조,맑음,교차로 - 교차로부근,승용,여,36세,상해없음,승용,여,45세,경상
2019110400100463,2019년 11월 4일 15시,월요일,전라남도 여수시 학동,경상사고,0,0,1,0,차대차 - 기타,교차로운행방법위반,건조,맑음,교차로 - 교차로안,승용,여,45세,상해없음,승용,남,40세,경상
2019110400100464,2019년 11월 4일 15시,월요일,전라남도 해남군 현산면,경상사고,0,0,2,0,차대차 - 측면충돌,중앙선침범,젖음/습기,비,단일로 - 기타,승용,여,55세,상해없음,승용,여,63세,경상
2019110400100465,2019년 11월 4일 15시,월요일,전라남도 보성군 문덕면,중상사고,0,2,0,0,차대차 - 측면충돌,중앙선침범,건조,맑음,단일로 - 기타,승용,남,67세,상해없음,화물,남,43세,상해없음
2019110400100510,2019년 11월 4일 16시,월요일,전라남도 진도군 진도읍,경상사고,0,0,1,0,차대차 - 측면충돌,차로위반,건조,맑음,단일로 - 기타,승용,여,59세,상해없음,승용,남,37세,경상
2019110400100558,2019년 11월 4일 17시,월요일,전라남도 보성군 득량면,경상사고,0,0,2,0,차대차 - 기타,안전운전불이행,건조,맑음,교차로 - 교차로안,화물,남,53세,상해없음,승합,남,50세,경상
2019110400100621,2019년 11월 4일 18시,월요일,전라남도 영암군 군서면,경상사고,0,0,1,0,차대차 - 측면충돌,안전운전불이행,젖음/습기,비,교차로 - 교차로안,승용,남,59세,상해없음,승용,여,55세,경상
2019110400100622,2019년 11월 4일 18시,월요일,전라남도 광양시 광양읍,경상사고,0,0,1,0,차대차 - 기타,안전운전불이행,건조,맑음,단일로 - 기타,기타불명,기타불명,미분류,기타불명,승용,여,61세,경상
2019110400100709,2019년 11월 4일 20시,월요일,전라남도 여수시 소호동,경상사고,0,0,1,0,차대사람 - 기타,안전운전불이행,건조,맑음,단일로 - 기타,승용,남,39세,상해없음,보행자,남,40세,경상
2019110400100710,2019년 11월 4일 20시,월요일,전라남도 영암군 삼호읍,경상사고,0,0,4,0,차대차 - 측면충돌,안전운전불이행,건조,맑음,교차로 - 교차로부근,승용,남,56세,상해없음,승용,남,48세,경상
2019110400100763,2019년 11월 4일 22시,월요일,전라남도 목포시 옥암동,중상사고,0,1,0,0,차대사람 - 횡단중,안전운전불이행,건조,맑음,단일로 - 기타,승용,남,36세,상해없음,보행자,남,59세,중상
2019110400100764,2019년 11월 4일 22시,월요일,전라남도 여수시 웅천동,경상사고,0,0,2,0,차대차 - 정면충돌,신호위반,건조,맑음,교차로 - 교차로안,승용,남,21세,경상,승용,남,37세,경상
2019110400100786,2019년 11월 4일 23시,월요일,전라남도 여수시 학동,경상사고,0,0,1,0,차대사람 - 길가장자리구역통행중,안전운전불이행,건조,맑음,단일로 - 기타,승용,남,24세,상해없음,보행자,남,41세,경상
2019110400100787,2019년 11월 4일 23시,월요일,전라남도 순천시 조례동,경상사고,0,0,1,0,차대사람 - 기타,안전운전불이행,건조,맑음,교차로 - 교차로부근,승용,남,58세,상해없음,보행자,남,23세,경상
2019110500100034,2019년 11월 5일 00시,화요일,전라남도 순천시 동외동,경상사고,0,0,2,0,차대차 - 기타,교차로운행방법위반,건조,맑음,교차로 - 교차로안,화물,남,66세,상해없음,승용,남,26세,경상
2019110500100059,2019년 11월 5일 04시,화요일,전라남도 목포시 해안동4가,중상사고,0,1,0,0,차대사람 - 횡단중,안전운전불이행,젖음/습기,안개,교차로 - 교차로부근,화물,남,47세,상해없음,보행자,남,69세,중상
2019110500100075,2019년 11월 5일 05시,화요일,전라남도 진도군 의신면,경상사고,0,0,1,0,차량단독 - 공작물충돌,안전운전불이행,건조,흐림,단일로 - 교량,화물,남,70세,상해없음,,,,
2019110500100095,2019년 11월 5일 06시,화요일,전라남도 목포시 죽교동,중상사고,0,1,0,0,차대사람 - 기타,안전운전불이행,건조,맑음,단일로 - 기타,화물,남,36세,상해없음,보행자,남,24세,중상
2019110500100096,2019년 11월 5일 06시,화요일,전라남도 목포시 옥암동,경상사고,0,0,1,0,차대차 - 측면충돌,안전운전불이행,건조,맑음,교차로 - 교차로횡단보도내,승용,여,59세,상해없음,자전거,남,52세,경상
2019110500100165,2019년 11월 5일 08시,화요일,전라남도 고흥군 포두면,경상사고,0,0,1,0,차대차 - 측면충돌,안전운전불이행,건조,맑음,단일로 - 기타,승용,여,44세,상해없음,자전거,여,72세,경상
2019110500100166,2019년 11월 5일 08시,화요일,전라남도 보성군 벌교읍,중상사고,0,1,0,0,차대사람 - 차도통행중,안전운전불이행,건조,맑음,교차로 - 교차로안,화물,남,46세,상해없음,보행자,여,85세,중상
2019110500100167,2019년 11월 5일 08시,화요일,전라남도 광양시 봉강면,중상사고,0,1,0,0,차대차 - 후진중충돌,안전운전불이행,건조,맑음,단일로 - 기타,화물,남,57세,상해없음,자전거,여,73세,중상
2019110500100210,2019년 11월 5일 09시,화요일,전라남도 여수시 둔덕동,경상사고,0,0,5,0,차대차 - 추돌,안전운전불이행,건조,맑음,단일로 - 기타,승용,남,25세,상해없음,승용,여,31세,경상
2019110500100211,2019년 11월 5일 09시,화요일,전라남도 영암군 영암읍,경상사고,0,0,1,0,차대차 - 기타,안전운전불이행,젖음/습기,안개,단일로 - 기타,승합,남,55세,상해없음,건설기계,남,57세,상해없음
2019110500100252,2019년 11월 5일 10시,화요일,전라남도 여수시 충무동,경상사고,0,0,1,0,차대차 - 추돌,안전운전불이행,건조,맑음,교차로 - 교차로안,화물,남,59세,상해없음,승용,남,64세,경상
2019110500100253,2019년 11월 5일 10시,화요일,전라남도 순천시 별량면,경상사고,0,0,2,0,차대차 - 측면충돌,안전운전불이행,건조,맑음,단일로 - 기타,승용,남,65세,기타불명,화물,남,61세,경상
2019110500100254,2019년 11월 5일 10시,화요일,전라남도 장성군 북이면,중상사고,0,2,0,0,차대차 - 추돌,안전운전불이행,건조,맑음,단일로 - 터널,승용,여,60세,중상,농기계,남,81세,중상
2019110500100289,2019년 11월 5일 11시,화요일,전라남도 신안군 압해읍,경상사고,0,0,2,0,차대차 - 기타,안전거리미확보,건조,맑음,단일로 - 기타,건설기계,남,51세,상해없음,화물,남,55세,경상
2019110500100290,2019년 11월 5일 11시,화요일,전라남도 목포시 용당동,경상사고,0,0,1,0,차대차 - 기타,안전거리미확보,건조,맑음,단일로 - 기타,기타불명,기타불명,미분류,기타불명,승합,남,51세,상해없음
2019110500100291,2019년 11월 5일 11시,화요일,전라남도 여수시 봉계동,경상사고,0,0,2,0,차대차 - 추돌,안전운전불이행,건조,맑음,교차로 - 교차로부근,승용,남,35세,상해없음,승용,남,36세,경상
2019110500100292,2019년 11월 5일 11시,화요일,전라남도 해남군 해남읍,부상신고사고,0,0,0,1,차대사람 - 기타,안전운전불이행,건조,맑음,단일로 - 기타,화물,남,44세,상해없음,보행자,남,70세,부상신고
2019110500100293,2019년 11월 5일 11시,화요일,전라남도 해남군 송지면,중상사고,0,1,0,0,차대사람 - 차도통행중,중앙선침범,건조,맑음,단일로 - 기타,승용,여,54세,상해없음,보행자,여,68세,중상
2019110500100324,2019년 11월 5일 12시,화요일,전라남도 고흥군 대서면,중상사고,0,1,0,0,차량단독 - 전도전복 - 전도,안전운전불이행,건조,맑음,단일로 - 기타,승용,남,30세,상해없음,,,,
2019110500100325,2019년 11월 5일 12시,화요일,전라남도 구례군 용방면,경상사고,0,0,2,0,차대차 - 추돌,안전운전불이행,건조,맑음,단일로 - 기타,화물,남,50세,상해없음,승용,남,56세,경상
2019110500100361,2019년 11월 5일 13시,화요일,전라남도 화순군 화순읍,중상사고,0,1,0,0,차대사람 - 횡단중,안전운전불이행,건조,맑음,교차로 - 교차로안,승용,여,49세,상해없음,보행자,여,67세,중상
2019110500100362,2019년 11월 5일 13시,화요일,전라남도 함평군 함평읍,경상사고,0,0,2,0,차대차 - 측면충돌,교차로운행방법위반,건조,맑음,교차로 - 교차로안,승용,남,48세,상해없음,승용,남,57세,경상
2019110500100408,2019년 11월 5일 14시,화요일,전라남도 해남군 황산면,경상사고,0,0,1,0,차대사람 - 기타,안전운전불이행,건조,맑음,단일로 - 기타,화물,남,62세,상해없음,보행자,여,69세,경상
2019110500100453,2019년 11월 5일 15시,화요일,전라남도 영암군 영암읍,중상사고,0,1,0,0,차대사람 - 횡단중,안전운전불이행,건조,맑음,교차로 - 교차로부근,특수,남,38세,상해없음,보행자,여,90세 이상,중상
2019110500100454,2019년 11월 5일 15시,화요일,전라남도 장성군 남면,중상사고,0,2,3,0,차대차 - 추돌,안전운전불이행,건조,맑음,단일로 - 기타,승용,여,44세,경상,승용,남,41세,중상
2019110500100542,2019년 11월 5일 17시,화요일,전라남도 목포시 옥암동,경상사고,0,0,6,1,차대차 - 추돌,안전운전불이행,건조,맑음,기타 - 기타,승용,남,37세,부상신고,승합,남,37세,상해없음
2019110500100543,2019년 11월 5일 17시,화요일,전라남도 목포시 달동,경상사고,0,0,2,0,차대차 - 측면충돌,안전운전불이행,건조,흐림,교차로 - 교차로부근,승용,남,47세,상해없음,승용,남,29세,경상
2019110500100544,2019년 11월 5일 17시,화요일,전라남도 여수시 주삼동,경상사고,0,0,1,0,차대차 - 기타,안전운전불이행,건조,맑음,교차로 - 교차로횡단보도내,승용,남,50세,상해없음,자전거,여,46세,경상
2019110500100599,2019년 11월 5일 18시,화요일,전라남도 나주시 송월동,중상사고,0,1,0,0,차대차 - 측면충돌,안전운전불이행,건조,맑음,단일로 - 기타,자전거,남,44세,상해없음,자전거,남,45세,중상
2019110500100600,2019년 11월 5일 18시,화요일,전라남도 완도군 고금면,경상사고,0,0,13,0,차대차 - 측면충돌,중앙선침범,건조,맑음,단일로 - 기타,화물,남,60세,상해없음,승합,남,31세,경상
2019110500100645,2019년 11월 5일 19시,화요일,전라남도 완도군 고금면,경상사고,0,0,2,0,차대차 - 정면충돌,중앙선침범,건조,맑음,단일로 - 기타,승합,남,32세,상해없음,승용,남,30세,경상
2019110500100673,2019년 11월 5일 20시,화요일,전라남도 순천시 동외동,중상사고,0,1,1,0,차대차 - 측면충돌,신호위반,건조,맑음,교차로 - 교차로안,승용,여,25세,경상,이륜,남,76세,중상
2019110500100674,2019년 11월 5일 20시,화요일,전라남도 광양시 옥곡면,경상사고,0,0,1,0,차대차 - 정면충돌,교차로운행방법위반,건조,맑음,교차로 - 교차로안,승용,여,36세,상해없음,승용,남,53세,경상
2019110500100707,2019년 11월 5일 21시,화요일,전라남도 영암군 영암읍,중상사고,0,1,1,0,차대차 - 측면충돌,신호위반,건조,맑음,교차로 - 교차로안,승용,남,23세,중상,승용,여,39세,경상
2019110600100034,2019년 11월 6일 00시,수요일,전라남도 목포시 상동,경상사고,0,0,1,0,차대차 - 측면충돌,안전운전불이행,건조,맑음,기타 - 기타,승용,남,49세,상해없음,이륜,남,18세,경상
2019110600100035,2019년 11월 6일 00시,수요일,전라남도 여수시 학동,경상사고,0,0,1,0,차대차 - 후진중충돌,안전운전불이행,건조,맑음,교차로 - 교차로부근,승용,여,34세,상해없음,승용,여,27세,기타불명
2019110600100036,2019년 11월 6일 00시,수요일,전라남도 순천시 서면,경상사고,0,0,3,0,차대차 - 측면충돌,안전운전불이행,건조,맑음,교차로 - 교차로안,승용,남,31세,경상,승용,남,61세,경상
2019110600100068,2019년 11월 6일 05시,수요일,전라남도 여수시 주삼동,경상사고,0,0,1,0,차량단독 - 공작물충돌,안전운전불이행,건조,맑음,단일로 - 기타,승용,남,39세,경상,,,,
2019110600100086,2019년 11월 6일 06시,수요일,전라남도 목포시 용당동,중상사고,0,1,0,0,차대사람 - 횡단중,과속,건조,맑음,단일로 - 기타,승용,여,59세,상해없음,보행자,남,61세,중상
2019110600100110,2019년 11월 6일 07시,수요일,전라남도 목포시 용당동,중상사고,0,1,1,0,차대차 - 기타,신호위반,건조,맑음,교차로 - 교차로안,화물,남,73세,중상,화물,남,52세,경상
2019110600100111,2019년 11월 6일 07시,수요일,전라남도 영광군 영광읍,경상사고,0,0,1,0,차대차 - 측면충돌,교차로운행방법위반,건조,맑음,교차로 - 교차로안,이륜,남,51세,경상,화물,남,26세,상해없음
2019110600100145,2019년 11월 6일 08시,수요일,전라남도 목포시 상락동2가,중상사고,0,1,0,0,차대차 - 기타,안전운전불이행,건조,맑음,단일로 - 기타,승용,남,61세,상해없음,이륜,남,78세,중상
2019110600100146,2019년 11월 6일 08시,수요일,전라남도 목포시 용해동,경상사고,0,0,1,0,차대사람 - 횡단중,보행자보호의무위반,건조,맑음,단일로 - 기타,승용,남,27세,상해없음,보행자,남,9세,경상
2019110600100147,2019년 11월 6일 08시,수요일,전라남도 담양군 대전면,경상사고,0,0,1,0,차대차 - 추돌,안전거리미확보,건조,맑음,단일로 - 기타,승용,여,53세,상해없음,승용,여,51세,경상
2019110600100183,2019년 11월 6일 09시,수요일,전라남도 여수시 화장동,중상사고,0,1,0,0,차대차 - 추돌,안전운전불이행,건조,맑음,교차로 - 교차로안,승용,남,37세,상해없음,승용,남,39세,중상
2019110600100184,2019년 11월 6일 09시,수요일,전라남도 순천시 덕암동,중상사고,0,1,0,0,차대사람 - 횡단중,안전운전불이행,건조,맑음,단일로 - 기타,자전거,남,71세,상해없음,보행자,남,85세,중상
2019110600100185,2019년 11월 6일 09시,수요일,전라남도 순천시 조례동,경상사고,0,0,1,0,차대차 - 측면충돌,안전거리미확보,건조,맑음,교차로 - 교차로안,승용,여,31세,상해없음,승용,남,29세,경상
2019110600100186,2019년 11월 6일 09시,수요일,전라남도 영암군 시종면,중상사고,0,1,0,0,차대사람 - 횡단중,중앙선침범,젖음/습기,안개,단일로 - 기타,승합,남,46세,상해없음,보행자,남,88세,중상
2019110600100187,2019년 11월 6일 09시,수요일,전라남도 광양시 성황동,경상사고,0,0,2,0,차대차 - 추돌,안전운전불이행,건조,맑음,교차로 - 교차로부근,승용,여,41세,상해없음,승용,여,53세,경상
2019110600100188,2019년 11월 6일 09시,수요일,전라남도 광양시 광양읍,경상사고,0,0,1,0,차대차 - 측면충돌,직진우회전진행방해,건조,맑음,교차로 - 교차로안,승용,여,50세,상해없음,승용,남,21세,경상
2019110600100228,2019년 11월 6일 10시,수요일,전라남도 영광군 영광읍,경상사고,0,0,1,0,차대차 - 정면충돌,교차로운행방법위반,건조,맑음,교차로 - 교차로안,원동기,남,83세,경상,승용,남,63세,상해없음
2019110600100229,2019년 11월 6일 10시,수요일,전라남도 영암군 삼호읍,경상사고,0,0,3,0,차대차 - 측면충돌,안전운전불이행,건조,맑음,교차로 - 교차로안,승용,남,61세,경상,승용,남,72세,경상
2019110600100270,2019년 11월 6일 11시,수요일,전라남도 목포시 대양동,경상사고,0,0,3,0,차대차 - 추돌,안전운전불이행,건조,맑음,단일로 - 기타,화물,남,48세,상해없음,승용,여,55세,경상
2019110600100271,2019년 11월 6일 11시,수요일,전라남도 나주시 이창동,경상사고,0,0,3,0,차대차 - 측면충돌,중앙선침범,건조,맑음,교차로 - 교차로부근,승용,남,57세,상해없음,승용,남,70세,경상