사고번호,사고일시,요일,시군구,사고내용,사망자수,중상자수,경상자수,부상신고자수,사고유형,법규위반,노면상태,기상상태,도로형태,가해운전자 차종,가해운전자 성별,가해운전자 연령,가해운전자 상해정도,피해운전자 차종,피해운전자 성별,피해운전자 연령,피해운전자 상해정도
2019110600100272,2019년 11월 6일 11시,수요일,전라남도 해남군 해남읍,경상사고,0,0,2,0,차대차 - 측면충돌,기타,건조,맑음,교차로 - 교차로안,화물,여,70세,상해없음,승용,남,75세,경상
2019110600100273,2019년 11월 6일 11시,수요일,전라남도 화순군 동면,경상사고,0,0,1,0,차대차 - 기타,기타,건조,맑음,단일로 - 기타,이륜,남,53세,경상,화물,남,74세,상해없음
2019110600100301,2019년 11월 6일 12시,수요일,전라남도 해남군 해남읍,경상사고,0,0,3,0,차대차 - 측면충돌,교차로운행방법위반,건조,맑음,교차로 - 교차로안,화물,여,62세,경상,화물,남,58세,경상
2019110600100302,2019년 11월 6일 12시,수요일,전라남도 광양시 옥곡면,경상사고,0,0,1,0,차대차 - 기타,교차로운행방법위반,건조,맑음,교차로 - 교차로안,원동기,여,78세,경상,화물,남,65세,상해없음
2019110600100364,2019년 11월 6일 14시,수요일,전라남도 신안군 자은면,경상사고,0,0,1,0,차대차 - 기타,안전운전불이행,건조,맑음,단일로 - 기타,승용,남,76세,상해없음,승용,여,58세,경상
2019110600100365,2019년 11월 6일 14시,수요일,전라남도 순천시 홍내동,중상사고,0,1,0,0,차대사람 - 기타,보행자보호의무위반,건조,맑음,교차로 - 교차로부근,이륜,남,74세,상해없음,보행자,여,10세,중상
2019110600100366,2019년 11월 6일 14시,수요일,전라남도 보성군 미력면,사망사고,2,0,0,0,차대차 - 측면충돌,직진우회전진행방해,건조,맑음,교차로 - 교차로안,이륜,남,83세,사망,화물,남,51세,상해없음
2019110600100404,2019년 11월 6일 15시,수요일,전라남도 순천시 서면,경상사고,0,0,1,0,차대차 - 측면충돌,안전거리미확보,건조,맑음,단일로 - 기타,특수,남,53세,상해없음,화물,남,59세,경상
2019110600100405,2019년 11월 6일 15시,수요일,전라남도 보성군 회천면,중상사고,0,1,0,0,차대차 - 측면충돌,안전운전불이행,건조,맑음,단일로 - 기타,이륜,남,74세,중상,승합,남,56세,상해없음
2019110600100406,2019년 11월 6일 15시,수요일,전라남도 광양시 광양읍,중상사고,0,2,2,0,차대차 - 정면충돌,신호위반,건조,맑음,단일로 - 기타,승용,남,68세,중상,특수,남,57세,상해없음
2019110600100458,2019년 11월 6일 16시,수요일,전라남도 나주시 봉황면,경상사고,0,0,2,0,차대차 - 측면충돌,안전운전불이행,건조,맑음,교차로 - 교차로안,화물,남,74세,경상,건설기계,남,54세,상해없음
2019110600100459,2019년 11월 6일 16시,수요일,전라남도 보성군 겸백면,사망사고,1,0,0,0,차대차 - 측면충돌,안전운전불이행,건조,맑음,교차로 - 교차로부근,농기계,남,86세,사망,승용,남,70세,상해없음
2019110600100460,2019년 11월 6일 16시,수요일,전라남도 담양군 담양읍,경상사고,0,0,2,0,차대차 - 측면충돌,직진우회전진행방해,건조,맑음,교차로 - 교차로안,승용,여,39세,상해없음,승합,남,44세,경상
2019110600100505,2019년 11월 6일 17시,수요일,전라남도 순천시 낙안면,경상사고,0,0,1,0,차대사람 - 차도통행중,안전운전불이행,건조,맑음,단일로 - 기타,승용,남,60세,상해없음,보행자,여,75세,경상
2019110600100506,2019년 11월 6일 17시,수요일,전라남도 순천시 풍덕동,중상사고,0,1,0,0,차대사람 - 차도통행중,보행자보호의무위반,건조,맑음,교차로 - 교차로횡단보도내,이륜,남,37세,상해없음,보행자,여,85세,중상
2019110600100507,2019년 11월 6일 17시,수요일,전라남도 나주시 다시면,경상사고,0,0,1,0,차대차 - 추돌,안전운전불이행,건조,맑음,단일로 - 기타,승용,남,66세,경상,건설기계,남,53세,상해없음
2019110600100573,2019년 11월 6일 18시,수요일,전라남도 목포시 옥암동,경상사고,0,0,1,0,차대차 - 기타,안전거리미확보,건조,맑음,단일로 - 기타,승용,남,22세,상해없음,이륜,남,17세,경상
2019110600100574,2019년 11월 6일 18시,수요일,전라남도 목포시 상동,중상사고,0,1,0,0,차대사람 - 횡단중,안전운전불이행,건조,맑음,단일로 - 기타,승용,여,62세,상해없음,보행자,여,78세,중상
2019110600100575,2019년 11월 6일 18시,수요일,전라남도 신안군 압해읍,경상사고,0,0,3,0,차대차 - 기타,안전운전불이행,건조,맑음,단일로 - 기타,승용,남,32세,상해없음,승용,남,41세,경상
2019110600100576,2019년 11월 6일 18시,수요일,전라남도 순천시 연향동,경상사고,0,0,1,0,차대차 - 측면충돌,안전운전불이행,건조,맑음,교차로 - 교차로안,승용,남,64세,상해없음,승용,여,39세,경상
2019110600100577,2019년 11월 6일 18시,수요일,전라남도 나주시 문평면,중상사고,0,1,0,0,차대사람 - 차도통행중,안전운전불이행,건조,맑음,단일로 - 기타,승용,남,76세,상해없음,보행자,남,60세,중상
2019110600100578,2019년 11월 6일 18시,수요일,전라남도 광양시 마동,경상사고,0,0,2,0,차대차 - 측면충돌,직진우회전진행방해,건조,맑음,교차로 - 교차로안,승용,여,51세,경상,승용,남,51세,경상
2019110600100579,2019년 11월 6일 18시,수요일,전라남도 순천시 주암면,중상사고,0,1,1,0,차대차 - 추돌,안전운전불이행,건조,맑음,기타 - 기타,화물,남,52세,중상,화물,남,66세,경상
2019110600100668,2019년 11월 6일 20시,수요일,전라남도 목포시 석현동,경상사고,0,0,8,0,차대차 - 기타,신호위반,건조,맑음,교차로 - 교차로안,화물,남,64세,경상,승용,여,48세,경상
2019110600100669,2019년 11월 6일 20시,수요일,전라남도 순천시 연향동,경상사고,0,0,2,0,차대차 - 추돌,안전거리미확보,건조,맑음,교차로 - 교차로부근,승용,여,40세,상해없음,승용,여,47세,경상
2019110600100694,2019년 11월 6일 21시,수요일,전라남도 여수시 학동,경상사고,0,0,1,0,차대차 - 추돌,안전운전불이행,건조,맑음,교차로 - 교차로부근,이륜,남,42세,경상,승용,남,57세,상해없음
2019110600100695,2019년 11월 6일 21시,수요일,전라남도 해남군 송지면,중상사고,0,1,0,0,차대차 - 기타,안전운전불이행,건조,맑음,단일로 - 기타,화물,남,57세,중상,화물,남,27세,상해없음
2019110600100696,2019년 11월 6일 21시,수요일,전라남도 보성군 보성읍,중상사고,0,1,0,0,차대사람 - 기타,안전운전불이행,건조,맑음,단일로 - 기타,승용,남,42세,상해없음,보행자,남,63세,중상
2019110600100726,2019년 11월 6일 22시,수요일,전라남도 목포시 옥암동,경상사고,0,0,1,0,차대차 - 기타,안전운전불이행,건조,맑음,단일로 - 기타,승용,남,22세,상해없음,승합,남,49세,경상
2019110600100727,2019년 11월 6일 22시,수요일,전라남도 영암군 삼호읍,경상사고,0,0,1,0,차대차 - 측면충돌,안전운전불이행,건조,맑음,교차로 - 교차로안,승용,남,53세,상해없음,승용,남,39세,경상
2019110700100029,2019년 11월 7일 00시,목요일,전라남도 순천시 동외동,중상사고,0,1,1,0,차대차 - 추돌,안전운전불이행,건조,맑음,교차로 - 교차로안,이륜,남,36세,상해없음,이륜,여,22세,경상
2019110700100110,2019년 11월 7일 07시,목요일,전라남도 여수시 교동,중상사고,0,1,0,0,차대사람 - 횡단중,안전운전불이행,건조,맑음,교차로 - 교차로안,승용,남,63세,상해없음,보행자,여,65세,중상
2019110700100111,2019년 11월 7일 07시,목요일,전라남도 무안군 삼향읍,경상사고,0,0,1,0,차대차 - 기타,안전거리미확보,건조,맑음,교차로 - 교차로부근,승용,여,47세,상해없음,승용,남,36세,경상
2019110700100155,2019년 11월 7일 08시,목요일,전라남도 목포시 상동,경상사고,0,0,1,0,차대사람 - 기타,안전운전불이행,건조,맑음,단일로 - 기타,승용,여,38세,상해없음,보행자,남,29세,경상
2019110700100156,2019년 11월 7일 08시,목요일,전라남도 여수시 공화동,경상사고,0,0,3,0,차대차 - 측면충돌,교차로운행방법위반,건조,맑음,교차로 - 교차로안,승용,여,22세,경상,승용,여,50세,경상
2019110700100157,2019년 11월 7일 08시,목요일,전라남도 담양군 수북면,중상사고,0,1,0,0,차대사람 - 기타,안전운전불이행,건조,맑음,교차로 - 교차로안,건설기계,남,60세,상해없음,보행자,여,60세,중상
2019110700100197,2019년 11월 7일 09시,목요일,전라남도 해남군 마산면,중상사고,0,1,1,0,차량단독 - 공작물충돌,안전운전불이행,건조,맑음,단일로 - 기타,승용,여,74세,경상,,,,
2019110700100230,2019년 11월 7일 10시,목요일,전라남도 목포시 석현동,경상사고,0,0,1,0,차대차 - 측면충돌,안전운전불이행,건조,맑음,교차로 - 교차로안,화물,남,73세,상해없음,승용,여,54세,경상
2019110700100231,2019년 11월 7일 10시,목요일,전라남도 해남군 해남읍,경상사고,0,0,1,0,차대차 - 측면충돌,직진우회전진행방해,건조,맑음,교차로 - 교차로안,화물,남,33세,기타불명,승용,여,45세,경상
2019110700100232,2019년 11월 7일 10시,목요일,전라남도 영광군 영광읍,경상사고,0,0,1,0,차대차 - 측면충돌,기타,건조,맑음,교차로 - 교차로안,화물,남,60세,상해없음,이륜,남,83세,경상
2019110700100233,2019년 11월 7일 10시,목요일,전라남도 장성군 삼계면,중상사고,0,1,0,0,차대차 - 기타,안전운전불이행,건조,맑음,단일로 - 기타,자전거,여,72세,중상,승용,여,55세,상해없음
2019110700100269,2019년 11월 7일 11시,목요일,전라남도 목포시 대양동,경상사고,0,0,1,0,차대차 - 추돌,안전운전불이행,건조,맑음,단일로 - 기타,승용,남,46세,경상,화물,남,60세,상해없음
2019110700100270,2019년 11월 7일 11시,목요일,전라남도 목포시 상동,경상사고,0,0,2,0,차대차 - 기타,안전운전불이행,건조,맑음,단일로 - 기타,승용,남,35세,경상,승용,남,40세,경상
2019110700100305,2019년 11월 7일 12시,목요일,전라남도 나주시 빛가람동,경상사고,0,0,2,0,차대차 - 측면충돌,신호위반,건조,맑음,교차로 - 교차로안,화물,남,59세,상해없음,이륜,남,73세,경상
2019110700100346,2019년 11월 7일 13시,목요일,전라남도 여수시 웅천동,경상사고,0,0,3,0,차대차 - 측면충돌,신호위반,건조,맑음,교차로 - 교차로안,승용,여,39세,경상,승합,남,48세,경상
2019110700100347,2019년 11월 7일 13시,목요일,전라남도 여수시 웅천동,중상사고,0,1,0,0,차량단독 - 기타,기타,건조,맑음,단일로 - 기타,승합,남,54세,상해없음,,,,
2019110700100348,2019년 11월 7일 13시,목요일,전라남도 완도군 완도읍,경상사고,0,0,3,0,차대차 - 기타,중앙선침범,건조,맑음,교차로 - 교차로안,승용,남,28세,상해없음,승용,남,64세,경상
2019110700100386,2019년 11월 7일 14시,목요일,전라남도 신안군 임자면,경상사고,0,0,1,0,차대차 - 기타,안전운전불이행,건조,맑음,단일로 - 기타,승용,여,53세,상해없음,자전거,남,48세,경상
2019110700100387,2019년 11월 7일 14시,목요일,전라남도 여수시 돌산읍,경상사고,0,0,1,0,차대사람 - 기타,안전운전불이행,건조,맑음,단일로 - 기타,승용,남,74세,상해없음,보행자,남,78세,경상
2019110700100388,2019년 11월 7일 14시,목요일,전라남도 순천시 가곡동,경상사고,0,0,2,0,차대차 - 측면충돌,안전운전불이행,건조,맑음,단일로 - 기타,화물,남,50세,상해없음,승용,남,53세,경상
2019110700100389,2019년 11월 7일 14시,목요일,전라남도 보성군 조성면,중상사고,0,1,0,0,차대사람 - 횡단중,안전운전불이행,건조,맑음,교차로 - 교차로안,승용,남,66세,상해없음,보행자,여,84세,중상
2019110700100390,2019년 11월 7일 14시,목요일,전라남도 영암군 영암읍,중상사고,0,1,0,0,차대차 - 추돌,안전운전불이행,건조,맑음,교차로 - 교차로부근,승용,여,48세,상해없음,승용,여,45세,중상
2019110700100421,2019년 11월 7일 15시,목요일,전라남도 목포시 용당동,중상사고,0,1,0,0,차대사람 - 기타,안전운전불이행,건조,맑음,기타 - 기타,기타불명,기타불명,미분류,기타불명,보행자,남,15세,중상
2019110700100422,2019년 11월 7일 15시,목요일,전라남도 목포시 상동,경상사고,0,0,1,0,차대차 - 기타,기타,건조,맑음,단일로 - 기타,승용,남,77세,상해없음,자전거,남,11세,경상
2019110700100423,2019년 11월 7일 15시,목요일,전라남도 여수시 여서동,중상사고,0,1,0,0,차대사람 - 횡단중,신호위반,건조,맑음,단일로 - 기타,승용,남,61세,상해없음,보행자,남,10세,중상
2019110700100424,2019년 11월 7일 15시,목요일,전라남도 여수시 평여동,경상사고,0,0,1,0,차대차 - 측면충돌,안전운전불이행,건조,맑음,교차로 - 교차로부근,건설기계,남,40세,상해없음,승용,남,46세,경상
2019110700100425,2019년 11월 7일 15시,목요일,전라남도 영암군 삼호읍,경상사고,0,0,2,0,차대차 - 추돌,안전운전불이행,건조,맑음,교차로 - 교차로부근,화물,남,61세,상해없음,승용,여,66세,경상
2019110700100426,2019년 11월 7일 15시,목요일,전라남도 담양군 용면,중상사고,0,1,1,0,차대차 - 측면충돌,직진우회전진행방해,건조,맑음,교차로 - 교차로안,화물,남,72세,경상,승용,여,49세,중상
2019110700100515,2019년 11월 7일 17시,목요일,전라남도 보성군 벌교읍,경상사고,0,0,1,0,차대사람 - 길가장자리구역통행중,안전운전불이행,건조,맑음,단일로 - 기타,승용,여,33세,상해없음,보행자,남,50세,경상
2019110700100574,2019년 11월 7일 18시,목요일,전라남도 여수시 교동,경상사고,0,0,1,0,차대사람 - 길가장자리구역통행중,안전운전불이행,건조,맑음,교차로 - 교차로부근,승용,남,46세,상해없음,보행자,여,73세,경상
2019110700100575,2019년 11월 7일 18시,목요일,전라남도 여수시 서교동,중상사고,0,1,1,0,차대사람 - 횡단중,신호위반,건조,맑음,단일로 - 기타,승용,남,24세,상해없음,보행자,여,77세,중상
2019110700100576,2019년 11월 7일 18시,목요일,전라남도 여수시 오림동,중상사고,0,1,0,0,차대차 - 정면충돌,신호위반,건조,맑음,교차로 - 교차로안,승용,여,57세,상해없음,이륜,남,50세,중상
2019110700100577,2019년 11월 7일 18시,목요일,전라남도 여수시 군자동,경상사고,0,0,1,0,차대차 - 측면충돌,안전운전불이행,건조,맑음,단일로 - 기타,승용,남,64세,상해없음,승용,남,48세,상해없음
2019110700100578,2019년 11월 7일 18시,목요일,전라남도 장성군 장성읍,중상사고,0,1,4,0,차대차 - 추돌,안전운전불이행,건조,맑음,단일로 - 기타,승용,남,69세,상해없음,승용,여,56세,경상
2019110700100579,2019년 11월 7일 18시,목요일,전라남도 담양군 봉산면,사망사고,1,0,0,0,차대사람 - 차도통행중,안전운전불이행,젖음/습기,기타,단일로 - 기타,승용,여,36세,상해없음,보행자,여,87세,사망
2019110700100580,2019년 11월 7일 18시,목요일,전라남도 진도군 진도읍,경상사고,0,0,1,0,차대차 - 추돌,안전운전불이행,건조,흐림,단일로 - 기타,승용,남,34세,경상,화물,남,53세,상해없음
2019110700100640,2019년 11월 7일 19시,목요일,전라남도 목포시 상동,경상사고,0,0,2,0,차대차 - 측면충돌,직진우회전진행방해,건조,맑음,교차로 - 교차로안,승용,남,43세,경상,승용,남,30세,경상
2019110700100641,2019년 11월 7일 19시,목요일,전라남도 무안군 삼향읍,중상사고,0,1,0,0,차대차 - 추돌,안전운전불이행,건조,맑음,단일로 - 기타,승용,여,37세,상해없음,승용,여,43세,상해없음
2019110700100746,2019년 11월 7일 22시,목요일,전라남도 순천시 석현동,경상사고,0,0,1,0,차대차 - 측면충돌,안전운전불이행,건조,맑음,단일로 - 기타,승용,여,66세,상해없음,원동기,남,19세,경상
2019110700100747,2019년 11월 7일 22시,목요일,전라남도 나주시 영산동,경상사고,0,0,1,0,차량단독 - 공작물충돌,안전운전불이행,건조,맑음,단일로 - 기타,승용,남,56세,경상,,,,
2019110700100768,2019년 11월 7일 23시,목요일,전라남도 광양시 광양읍,경상사고,0,0,1,0,차대차 - 측면충돌,안전운전불이행,건조,맑음,교차로 - 교차로안,이륜,남,23세,경상,승용,여,25세,상해없음
2019110800100042,2019년 11월 8일 01시,금요일,전라남도 여수시 웅천동,경상사고,0,0,1,0,차대차 - 측면충돌,안전거리미확보,건조,맑음,교차로 - 교차로부근,승합,남,42세,상해없음,승용,남,43세,경상
2019110800100043,2019년 11월 8일 01시,금요일,전라남도 담양군 가사문학면,경상사고,0,0,1,0,차량단독 - 기타,안전운전불이행,건조,맑음,단일로 - 기타,이륜,남,48세,경상,,,,
2019110800100118,2019년 11월 8일 07시,금요일,전라남도 목포시 대양동,경상사고,0,0,1,0,차대차 - 측면충돌,직진우회전진행방해,건조,맑음,교차로 - 교차로안,승용,여,42세,상해없음,화물,남,40세,경상
2019110800100119,2019년 11월 8일 07시,금요일,전라남도 여수시 화장동,경상사고,0,0,2,0,차대차 - 기타,교차로운행방법위반,건조,맑음,교차로 - 교차로안,승용,여,68세,상해없음,승용,남,29세,경상
2019110800100175,2019년 11월 8일 08시,금요일,전라남도 여수시 학동,경상사고,0,0,1,0,차대사람 - 기타,안전운전불이행,건조,맑음,교차로 - 교차로부근,화물,남,71세,상해없음,보행자,남,21세,경상
2019110800100176,2019년 11월 8일 08시,금요일,전라남도 여수시 학동,경상사고,0,0,1,0,차대차 - 측면충돌,교차로운행방법위반,건조,맑음,교차로 - 교차로안,승용,남,45세,상해없음,승용,여,42세,경상
2019110800100177,2019년 11월 8일 08시,금요일,전라남도 순천시 덕월동,경상사고,0,0,1,0,차대사람 - 기타,보행자보호의무위반,건조,맑음,단일로 - 기타,승용,여,48세,상해없음,보행자,여,44세,경상
2019110800100178,2019년 11월 8일 08시,금요일,전라남도 장흥군 장흥읍,중상사고,0,1,0,0,차대차 - 측면충돌,안전운전불이행,건조,맑음,단일로 - 기타,자전거,남,70세,중상,화물,남,70세,상해없음
2019110800100229,2019년 11월 8일 09시,금요일,전라남도 목포시 산정동,사망사고,1,0,0,0,차대차 - 측면충돌,신호위반,건조,맑음,교차로 - 교차로안,승용,남,60세,상해없음,이륜,남,81세,사망
2019110800100230,2019년 11월 8일 09시,금요일,전라남도 여수시 돌산읍,경상사고,0,0,4,0,차대차 - 추돌,안전운전불이행,건조,맑음,교차로 - 교차로부근,건설기계,남,63세,상해없음,화물,남,44세,경상
2019110800100231,2019년 11월 8일 09시,금요일,전라남도 영암군 서호면,중상사고,0,1,0,0,차대차 - 측면충돌,기타,건조,맑음,단일로 - 기타,화물,남,75세,상해없음,이륜,남,85세,중상
2019110800100271,2019년 11월 8일 10시,금요일,전라남도 장흥군 장흥읍,경상사고,0,0,2,0,차대차 - 측면충돌,신호위반,건조,맑음,교차로 - 교차로안,승합,남,40세,경상,승용,남,41세,경상
2019110800100295,2019년 11월 8일 11시,금요일,전라남도 순천시 덕암동,경상사고,0,0,1,0,차대차 - 기타,안전운전불이행,건조,맑음,단일로 - 기타,화물,남,81세,상해없음,승용,여,58세,경상
2019110800100296,2019년 11월 8일 11시,금요일,전라남도 순천시 조례동,중상사고,0,1,0,0,차대사람 - 횡단중,보행자보호의무위반,건조,맑음,교차로 - 교차로횡단보도내,승용,남,54세,상해없음,보행자,여,71세,중상
2019110800100297,2019년 11월 8일 11시,금요일,전라남도 나주시 다시면,중상사고,0,1,0,0,차대차 - 측면충돌,안전운전불이행,건조,맑음,단일로 - 기타,이륜,남,52세,중상,승용,남,66세,상해없음
2019110800100298,2019년 11월 8일 11시,금요일,전라남도 구례군 간전면,경상사고,0,0,1,0,차대차 - 측면충돌,기타,건조,맑음,기타 - 기타,화물,남,37세,상해없음,승용,여,58세,경상
2019110800100339,2019년 11월 8일 12시,금요일,전라남도 목포시 용당동,경상사고,0,0,1,0,차대사람 - 기타,안전운전불이행,건조,맑음,주차장 - 주차장,승용,남,40세,상해없음,보행자,여,73세,경상
2019110800100340,2019년 11월 8일 12시,금요일,전라남도 여수시 봉산동,경상사고,0,0,1,0,차대사람 - 차도통행중,안전운전불이행,건조,맑음,주차장 - 주차장,승용,남,57세,상해없음,보행자,여,48세,경상
2019110800100341,2019년 11월 8일 12시,금요일,전라남도 나주시 봉황면,사망사고,1,0,0,0,차량단독 - 전도전복 - 전도,안전운전불이행,건조,맑음,단일로 - 기타,사륜오토바이(ATV),여,80세,사망,,,,
2019110800100342,2019년 11월 8일 12시,금요일,전라남도 장흥군 관산읍,중상사고,0,1,0,0,차대차 - 추돌,안전거리미확보,건조,맑음,단일로 - 기타,화물,남,62세,상해없음,승용,여,70세,중상
2019110800100343,2019년 11월 8일 12시,금요일,전라남도 고흥군 고흥읍,경상사고,0,0,1,0,차대사람 - 기타,안전운전불이행,건조,맑음,교차로 - 교차로안,화물,남,80세,상해없음,보행자,남,88세,경상
2019110800100344,2019년 11월 8일 12시,금요일,전라남도 화순군 춘양면,경상사고,0,0,1,0,차량단독 - 기타,안전운전불이행,건조,맑음,단일로 - 기타,이륜,남,77세,경상,,,,
2019110800100373,2019년 11월 8일 13시,금요일,전라남도 목포시 석현동,경상사고,0,0,1,0,차대사람 - 횡단중,안전운전불이행,건조,맑음,단일로 - 기타,자전거,남,65세,상해없음,보행자,여,61세,경상
2019110800100374,2019년 11월 8일 13시,금요일,전라남도 여수시 신기동,경상사고,0,0,1,0,차대차 - 측면충돌,안전운전불이행,건조,맑음,단일로 - 기타,승용,여,61세,상해없음,승합,남,57세,경상
2019110800100375,2019년 11월 8일 13시,금요일,전라남도 나주시 봉황면,경상사고,0,0,2,0,차대차 - 측면충돌,중앙선침범,건조,맑음,교차로 - 교차로부근,승용,남,78세,경상,건설기계,남,48세,경상
2019110800100376,2019년 11월 8일 13시,금요일,전라남도 나주시 남평읍,중상사고,0,1,0,0,차대차 - 측면충돌,교차로운행방법위반,건조,맑음,교차로 - 교차로안,승용,남,32세,상해없음,이륜,남,65세,중상
2019110800100422,2019년 11월 8일 14시,금요일,전라남도 목포시 산정동,경상사고,0,0,1,0,차대차 - 기타,교차로운행방법위반,건조,맑음,교차로 - 교차로안,승용,여,52세,상해없음,승합,남,50세,상해없음
2019110800100423,2019년 11월 8일 14시,금요일,전라남도 나주시 다시면,경상사고,0,0,2,0,차대차 - 추돌,안전거리미확보,건조,맑음,단일로 - 기타,승용,여,70세,경상,화물,남,44세,경상
2019110800100424,2019년 11월 8일 14시,금요일,전라남도 나주시 남평읍,경상사고,0,0,1,0,차대차 - 측면충돌,중앙선침범,건조,맑음,단일로 - 기타,승용,여,50세,상해없음,승용,남,54세,경상
2019110800100425,2019년 11월 8일 14시,금요일,전라남도 구례군 구례읍,경상사고,0,0,1,0,차대사람 - 기타,안전운전불이행,건조,맑음,단일로 - 기타,승용,여,55세,상해없음,보행자,남,63세,경상
2019110800100469,2019년 11월 8일 15시,금요일,전라남도 목포시 옥암동,경상사고,0,0,1,0,차대차 - 기타,안전운전불이행,건조,맑음,단일로 - 기타,승용,여,58세,상해없음,건설기계,남,36세,경상
2019110800100470,2019년 11월 8일 15시,금요일,전라남도 순천시 풍덕동,경상사고,0,0,2,0,차대차 - 기타,차로위반,건조,맑음,단일로 - 기타,승용,남,50세,상해없음,승용,여,58세,경상
2019110800100471,2019년 11월 8일 15시,금요일,전라남도 무안군 무안읍,경상사고,0,0,1,0,차대차 - 추돌,안전운전불이행,건조,맑음,기타 - 기타,승용,남,53세,상해없음,승용,여,42세,경상
2019110800100511,2019년 11월 8일 16시,금요일,전라남도 목포시 용해동,경상사고,0,0,1,0,차대차 - 측면충돌,안전운전불이행,건조,맑음,교차로 - 교차로부근,자전거,남,19세,경상,승용,여,53세,상해없음
2019110800100512,2019년 11월 8일 16시,금요일,전라남도 여수시 문수동,경상사고,0,0,1,0,차대차 - 기타,안전운전불이행,건조,맑음,교차로 - 교차로부근,승용,여,52세,경상,건설기계,남,67세,상해없음
2019110800100513,2019년 11월 8일 16시,금요일,전라남도 여수시 소호동,경상사고,0,0,1,0,차대차 - 측면충돌,안전운전불이행,건조,맑음,교차로 - 교차로안,승용,여,33세,상해없음,자전거,남,42세,경상
2019110800100514,2019년 11월 8일 16시,금요일,전라남도 광양시 옥곡면,중상사고,0,1,0,0,차량단독 - 전도전복 - 전도,안전운전불이행,건조,맑음,단일로 - 기타,이륜,남,71세,중상,,,,
2019110800100561,2019년 11월 8일 17시,금요일,전라남도 목포시 연산동,경상사고,0,0,2,0,차대차 - 기타,안전운전불이행,건조,맑음,단일로 - 기타,승용,남,51세,상해없음,승용,남,47세,경상
2019110800100562,2019년 11월 8일 17시,금요일,전라남도 여수시 적량동,경상사고,0,0,1,0,차대차 - 측면충돌,안전운전불이행,건조,맑음,단일로 - 기타,승용,남,40세,상해없음,승용,남,68세,경상
2019110800100563,2019년 11월 8일 17시,금요일,전라남도 담양군 대전면,경상사고,0,0,1,0,차량단독 - 공작물충돌,안전운전불이행,건조,맑음,단일로 - 기타,화물,남,26세,경상,,,,
2019110800100634,2019년 11월 8일 18시,금요일,전라남도 순천시 서면,경상사고,0,0,3,0,차대차 - 기타,안전운전불이행,건조,맑음,단일로 - 기타,승용,남,24세,경상,승용,여,71세,경상
2019110800100635,2019년 11월 8일 18시,금요일,전라남도 보성군 보성읍,부상신고사고,0,0,0,1,차량단독 - 공작물충돌,안전운전불이행,건조,맑음,단일로 - 기타,승용,남,73세,부상신고,,,,
2019110800100702,2019년 11월 8일 19시,금요일,전라남도 순천시 서면,경상사고,0,0,1,0,차대사람 - 기타,안전운전불이행,건조,맑음,기타 - 기타,이륜,남,54세,상해없음,보행자,여,65세,경상
2019110800100703,2019년 11월 8일 19시,금요일,전라남도 무안군 삼향읍,경상사고,0,0,3,0,차대차 - 추돌,안전운전불이행,건조,맑음,교차로 - 교차로부근,승용,여,58세,상해없음,승용,남,27세,경상
2019110800100741,2019년 11월 8일 20시,금요일,전라남도 목포시 상동,중상사고,0,1,0,0,차대차 - 측면충돌,신호위반,건조,맑음,교차로 - 교차로안,승용,남,51세,상해없음,이륜,남,36세,중상
2019110800100742,2019년 11월 8일 20시,금요일,전라남도 여수시 소라면,경상사고,0,0,1,0,차대사람 - 횡단중,신호위반,건조,맑음,교차로 - 교차로안,이륜,남,30세,상해없음,보행자,여,14세,경상
2019110800100790,2019년 11월 8일 21시,금요일,전라남도 여수시 돌산읍,경상사고,0,0,1,0,차대차 - 측면충돌,안전운전불이행,건조,맑음,교차로 - 교차로안,승용,남,28세,상해없음,이륜,남,35세,경상
2019110900100063,2019년 11월 9일 02시,토요일,전라남도 나주시 대호동,경상사고,0,0,2,0,차대차 - 측면충돌,직진우회전진행방해,건조,맑음,교차로 - 교차로안,승용,남,19세,상해없음,승용,남,44세,경상
2019110900100150,2019년 11월 9일 08시,토요일,전라남도 여수시 학동,경상사고,0,0,1,0,차대차 - 기타,안전운전불이행,건조,맑음,교차로 - 교차로부근,승용,남,67세,상해없음,승용,남,57세,경상
2019110900100151,2019년 11월 9일 08시,토요일,전라남도 여수시 안산동,경상사고,0,0,1,0,차대차 - 측면충돌,교차로운행방법위반,건조,맑음,교차로 - 교차로안,화물,남,64세,상해없음,승용,남,48세,경상
2019110900100152,2019년 11월 9일 08시,토요일,전라남도 순천시 조곡동,경상사고,0,0,3,0,차대차 - 기타,안전운전불이행,건조,맑음,교차로 - 교차로안,승용,남,66세,경상,승용,여,44세,경상
2019110900100153,2019년 11월 9일 08시,토요일,전라남도 완도군 신지면,중상사고,0,1,0,0,차량단독 - 기타,기타,건조,맑음,교차로 - 교차로안,사륜오토바이(ATV),남,80세,상해없음,,,,
2019110900100266,2019년 11월 9일 11시,토요일,전라남도 여수시 신기동,경상사고,0,0,1,0,차대차 - 기타,안전거리미확보,건조,맑음,단일로 - 기타,건설기계,남,72세,상해없음,승용,여,42세,경상