사고번호,사고일시,요일,시군구,사고내용,사망자수,중상자수,경상자수,부상신고자수,사고유형,법규위반,노면상태,기상상태,도로형태,가해운전자 차종,가해운전자 성별,가해운전자 연령,가해운전자 상해정도,피해운전자 차종,피해운전자 성별,피해운전자 연령,피해운전자 상해정도
2019110900100267,2019년 11월 9일 11시,토요일,전라남도 강진군 성전면,경상사고,0,0,2,0,차대차 - 기타,안전거리미확보,건조,맑음,교차로 - 교차로부근,화물,남,47세,상해없음,승용,남,74세,경상
2019110900100268,2019년 11월 9일 11시,토요일,전라남도 무안군 삼향읍,경상사고,0,0,1,0,차대차 - 측면충돌,교차로운행방법위반,건조,맑음,교차로 - 교차로부근,승용,남,34세,상해없음,이륜,남,23세,경상
2019110900100322,2019년 11월 9일 12시,토요일,전라남도 여수시 소호동,경상사고,0,0,1,0,차대사람 - 기타,안전운전불이행,건조,맑음,단일로 - 기타,승용,남,64세,상해없음,보행자,남,51세,경상
2019110900100323,2019년 11월 9일 12시,토요일,전라남도 무안군 현경면,경상사고,0,0,1,0,차대차 - 측면충돌,안전운전불이행,건조,맑음,교차로 - 교차로부근,승용,남,72세,상해없음,승용,남,69세,경상
2019110900100360,2019년 11월 9일 13시,토요일,전라남도 나주시 동수동,경상사고,0,0,1,0,차대차 - 측면충돌,안전운전불이행,건조,맑음,단일로 - 기타,화물,남,76세,상해없음,승합,남,33세,경상
2019110900100361,2019년 11월 9일 13시,토요일,전라남도 강진군 군동면,중상사고,0,2,2,0,차대차 - 측면충돌,신호위반,건조,맑음,교차로 - 교차로안,승용,남,64세,중상,승용,남,24세,경상
2019110900100362,2019년 11월 9일 13시,토요일,전라남도 무안군 망운면,경상사고,0,0,1,0,차량단독 - 공작물충돌,안전운전불이행,건조,맑음,교차로 - 교차로안,승용,남,66세,경상,,,,
2019110900100413,2019년 11월 9일 14시,토요일,전라남도 신안군 압해읍,중상사고,0,3,1,0,차대차 - 정면충돌,중앙선침범,건조,맑음,기타 - 기타,승용,남,55세,중상,화물,남,56세,경상
2019110900100414,2019년 11월 9일 14시,토요일,전라남도 신안군 지도읍,경상사고,0,0,1,0,차대차 - 기타,안전운전불이행,건조,맑음,단일로 - 기타,농기계,남,82세,경상,승용,남,68세,상해없음
2019110900100415,2019년 11월 9일 14시,토요일,전라남도 나주시 대기동,경상사고,0,0,1,0,차량단독 - 공작물충돌,안전운전불이행,건조,맑음,단일로 - 기타,승용,여,44세,경상,,,,
2019110900100416,2019년 11월 9일 14시,토요일,전라남도 담양군 창평면,경상사고,0,0,1,0,차량단독 - 기타,안전운전불이행,건조,맑음,단일로 - 기타,농기계,남,77세,경상,,,,
2019110900100464,2019년 11월 9일 15시,토요일,전라남도 영광군 영광읍,경상사고,0,0,1,0,차대차 - 측면충돌,불법유턴,건조,맑음,단일로 - 기타,이륜,남,69세,경상,화물,남,62세,상해없음
2019110900100465,2019년 11월 9일 15시,토요일,전라남도 장성군 서삼면,중상사고,0,1,0,0,차대사람 - 기타,안전운전불이행,건조,맑음,교차로 - 교차로안,화물,남,62세,상해없음,보행자,여,80세,중상
2019110900100497,2019년 11월 9일 16시,토요일,전라남도 목포시 옥암동,경상사고,0,0,3,0,차대차 - 측면충돌,교차로운행방법위반,건조,맑음,교차로 - 교차로안,승용,남,25세,경상,승용,여,28세,경상
2019110900100498,2019년 11월 9일 16시,토요일,전라남도 여수시 소호동,경상사고,0,0,1,0,차대차 - 측면충돌,안전운전불이행,건조,맑음,교차로 - 교차로안,승용,남,63세,상해없음,승용,남,46세,경상
2019110900100499,2019년 11월 9일 16시,토요일,전라남도 순천시 인월동,경상사고,0,0,1,0,차대차 - 측면충돌,직진우회전진행방해,건조,맑음,교차로 - 교차로안,승용,여,60세,상해없음,화물,남,46세,경상
2019110900100500,2019년 11월 9일 16시,토요일,전라남도 순천시 중앙동,경상사고,0,0,1,0,차대차 - 기타,직진우회전진행방해,건조,맑음,교차로 - 교차로안,승용,여,63세,상해없음,승용,남,22세,경상
2019110900100501,2019년 11월 9일 16시,토요일,전라남도 곡성군 석곡면,경상사고,0,0,1,0,차대차 - 측면충돌,직진우회전진행방해,건조,맑음,교차로 - 교차로안,승용,여,46세,상해없음,이륜,여,53세,경상
2019110900100539,2019년 11월 9일 17시,토요일,전라남도 해남군 황산면,경상사고,0,0,2,0,차대차 - 측면충돌,교차로운행방법위반,건조,맑음,교차로 - 교차로안,승용,남,27세,경상,승용,여,42세,경상
2019110900100603,2019년 11월 9일 18시,토요일,전라남도 목포시 상동,경상사고,0,0,1,0,차대사람 - 횡단중,신호위반,건조,맑음,교차로 - 교차로횡단보도내,승합,남,60세,상해없음,보행자,남,10세,경상
2019110900100604,2019년 11월 9일 18시,토요일,전라남도 여수시 수정동,경상사고,0,0,1,0,차대차 - 측면충돌,교차로운행방법위반,건조,맑음,교차로 - 교차로안,승용,남,65세,상해없음,승용,남,27세,경상
2019110900100605,2019년 11월 9일 18시,토요일,전라남도 화순군 화순읍,사망사고,1,0,0,0,차대사람 - 차도통행중,안전운전불이행,건조,맑음,단일로 - 교량,승용,남,59세,상해없음,보행자,여,78세,사망
2019110900100668,2019년 11월 9일 20시,토요일,전라남도 순천시 서면,중상사고,0,1,0,0,차대사람 - 횡단중,안전운전불이행,건조,맑음,단일로 - 기타,승용,여,40세,상해없음,보행자,남,35세,중상
2019110900100696,2019년 11월 9일 21시,토요일,전라남도 담양군 대전면,경상사고,0,0,4,1,차대차 - 측면충돌,신호위반,건조,맑음,교차로 - 교차로안,승용,남,62세,경상,승용,남,51세,경상
2019110900100697,2019년 11월 9일 21시,토요일,전라남도 광양시 마동,경상사고,0,0,2,0,차대차 - 추돌,안전운전불이행,건조,맑음,교차로 - 교차로부근,승용,남,51세,상해없음,승용,남,67세,경상
2019110900100718,2019년 11월 9일 22시,토요일,전라남도 영광군 묘량면,경상사고,0,0,1,0,차량단독 - 도로외이탈 - 기타,안전운전불이행,건조,맑음,단일로 - 기타,승용,남,45세,경상,,,,
2019110900100719,2019년 11월 9일 22시,토요일,전라남도 강진군 강진읍,중상사고,0,1,4,1,차대차 - 측면충돌,직진우회전진행방해,건조,맑음,교차로 - 교차로안,승용,남,62세,상해없음,승용,여,52세,경상
2019111000100074,2019년 11월 10일 03시,일요일,전라남도 목포시 용해동,중상사고,0,3,3,0,차대차 - 기타,안전운전불이행,건조,맑음,교차로 - 교차로안,승용,남,27세,중상,승용,남,59세,중상
2019111000100075,2019년 11월 10일 03시,일요일,전라남도 장흥군 관산읍,경상사고,0,0,1,0,차량단독 - 전도전복 - 전도,안전운전불이행,건조,맑음,단일로 - 기타,이륜,남,50세,경상,,,,
2019111000100131,2019년 11월 10일 08시,일요일,전라남도 순천시 연향동,경상사고,0,0,1,0,차대차 - 기타,교차로운행방법위반,건조,맑음,교차로 - 교차로안,승용,여,42세,상해없음,승용,남,61세,경상
2019111000100153,2019년 11월 10일 09시,일요일,전라남도 장성군 남면,부상신고사고,0,0,0,1,차량단독 - 공작물충돌,안전운전불이행,건조,맑음,단일로 - 기타,승용,남,28세,부상신고,,,,
2019111000100154,2019년 11월 10일 09시,일요일,전라남도 완도군 완도읍,경상사고,0,0,1,0,차대차 - 측면충돌,안전운전불이행,건조,맑음,교차로 - 교차로안,승용,남,43세,기타불명,승용,여,35세,경상
2019111000100174,2019년 11월 10일 10시,일요일,전라남도 강진군 칠량면,중상사고,0,1,1,0,차대차 - 측면충돌,중앙선침범,건조,맑음,단일로 - 기타,이륜,남,44세,중상,화물,남,55세,경상
2019111000100200,2019년 11월 10일 11시,일요일,전라남도 순천시 덕암동,경상사고,0,0,1,0,차대차 - 기타,안전운전불이행,건조,맑음,교차로 - 교차로부근,승용,남,71세,상해없음,승용,여,48세,경상
2019111000100201,2019년 11월 10일 11시,일요일,전라남도 강진군 강진읍,경상사고,0,0,1,0,차대차 - 측면충돌,직진우회전진행방해,건조,맑음,교차로 - 교차로안,승용,남,47세,상해없음,이륜,남,75세,경상
2019111000100202,2019년 11월 10일 11시,일요일,전라남도 무안군 청계면,중상사고,0,5,1,0,차대차 - 추돌,안전운전불이행,건조,맑음,교차로 - 교차로안,승합,남,80세,상해없음,승용,여,54세,중상
2019111000100203,2019년 11월 10일 11시,일요일,전라남도 무안군 삼향읍,경상사고,0,0,2,0,차대차 - 측면충돌,교차로운행방법위반,건조,맑음,교차로 - 교차로안,승용,여,46세,상해없음,승용,남,40세,경상
2019111000100216,2019년 11월 10일 12시,일요일,전라남도 순천시 가곡동,경상사고,0,0,3,0,차대차 - 후진중충돌,안전운전불이행,건조,맑음,주차장 - 주차장,승용,남,41세,경상,승용,여,40세,경상
2019111000100246,2019년 11월 10일 13시,일요일,전라남도 순천시 가곡동,경상사고,0,0,4,0,차대차 - 추돌,안전운전불이행,건조,맑음,단일로 - 기타,승용,여,61세,상해없음,승용,남,37세,경상
2019111000100275,2019년 11월 10일 14시,일요일,전라남도 여수시 덕충동,경상사고,0,0,3,0,차대차 - 추돌,안전운전불이행,건조,맑음,단일로 - 기타,승합,남,33세,상해없음,승용,여,72세,경상
2019111000100276,2019년 11월 10일 14시,일요일,전라남도 순천시 조곡동,경상사고,0,0,1,0,차대사람 - 기타,보행자보호의무위반,건조,맑음,교차로 - 교차로안,승용,남,69세,상해없음,보행자,여,70세,경상
2019111000100277,2019년 11월 10일 14시,일요일,전라남도 완도군 신지면,경상사고,0,0,1,0,차대차 - 측면충돌,안전운전불이행,건조,맑음,단일로 - 기타,화물,여,68세,상해없음,승용,남,21세,경상
2019111000100306,2019년 11월 10일 15시,일요일,전라남도 무안군 일로읍,경상사고,0,0,2,0,차대차 - 측면충돌,교차로운행방법위반,건조,맑음,교차로 - 교차로안,승용,남,65세,기타불명,승용,여,53세,경상
2019111000100330,2019년 11월 10일 16시,일요일,전라남도 여수시 돌산읍,경상사고,0,0,1,0,차대차 - 추돌,안전운전불이행,건조,맑음,단일로 - 기타,화물,남,66세,상해없음,승용,여,42세,경상
2019111000100331,2019년 11월 10일 16시,일요일,전라남도 순천시 조곡동,경상사고,0,0,4,0,차대차 - 기타,교차로운행방법위반,건조,맑음,교차로 - 교차로안,승용,남,75세,상해없음,승용,남,25세,경상
2019111000100332,2019년 11월 10일 16시,일요일,전라남도 구례군 구례읍,경상사고,0,0,2,0,차대차 - 기타,신호위반,건조,맑음,단일로 - 기타,승합,남,51세,상해없음,승용,여,51세,경상
2019111000100419,2019년 11월 10일 18시,일요일,전라남도 목포시 상동,경상사고,0,0,2,0,차대차 - 기타,신호위반,젖음/습기,흐림,교차로 - 교차로안,승용,남,58세,상해없음,승용,남,42세,경상
2019111000100420,2019년 11월 10일 18시,일요일,전라남도 목포시 용당동,경상사고,0,0,5,0,차대차 - 측면충돌,안전운전불이행,건조,맑음,교차로 - 교차로안,승합,남,43세,상해없음,승용,남,34세,경상
2019111000100421,2019년 11월 10일 18시,일요일,전라남도 순천시 용당동,사망사고,1,0,1,0,차대사람 - 차도통행중,안전운전불이행,건조,맑음,단일로 - 기타,이륜,남,36세,경상,보행자,여,77세,사망
2019111000100485,2019년 11월 10일 19시,일요일,전라남도 신안군 자은면,경상사고,0,0,2,0,차대차 - 기타,중앙선침범,건조,맑음,단일로 - 기타,화물,남,45세,상해없음,승용,남,48세,경상
2019111000100486,2019년 11월 10일 19시,일요일,전라남도 장흥군 장흥읍,경상사고,0,0,1,0,차대차 - 측면충돌,안전운전불이행,젖음/습기,비,단일로 - 기타,자전거,남,62세,경상,승용,여,43세,상해없음
2019111000100487,2019년 11월 10일 19시,일요일,전라남도 영암군 도포면,중상사고,0,4,0,0,차량단독 - 도로외이탈 - 추락,안전운전불이행,젖음/습기,비,교차로 - 교차로부근,승용,여,53세,중상,,,,
2019111000100549,2019년 11월 10일 20시,일요일,전라남도 목포시 상동,중상사고,0,1,0,0,차대차 - 기타,신호위반,젖음/습기,비,교차로 - 교차로부근,승용,남,26세,상해없음,이륜,남,47세,중상
2019111000100550,2019년 11월 10일 20시,일요일,전라남도 여수시 소라면,경상사고,0,0,1,0,차대사람 - 기타,안전운전불이행,건조,맑음,교차로 - 교차로안,승용,여,26세,상해없음,보행자,남,43세,경상
2019111000100551,2019년 11월 10일 20시,일요일,전라남도 광양시 광양읍,경상사고,0,0,1,0,차대차 - 측면충돌,불법유턴,젖음/습기,비,교차로 - 교차로횡단보도내,자전거,남,29세,경상,승용,여,31세,상해없음
2019111000100583,2019년 11월 10일 21시,일요일,전라남도 무안군 일로읍,경상사고,0,0,1,0,차대차 - 측면충돌,차로위반,건조,맑음,단일로 - 기타,승용,남,58세,상해없음,승용,남,35세,경상
2019111000100584,2019년 11월 10일 21시,일요일,전라남도 목포시 용해동,경상사고,0,0,2,0,차대차 - 측면충돌,차로위반,건조,맑음,단일로 - 기타,승용,남,59세,상해없음,승용,여,27세,경상
2019111000100585,2019년 11월 10일 21시,일요일,전라남도 여수시 수정동,경상사고,0,0,2,0,차대차 - 측면충돌,안전운전불이행,젖음/습기,비,기타 - 기타,승용,남,59세,경상,승용,남,21세,경상
2019111000100616,2019년 11월 10일 22시,일요일,전라남도 여수시 여서동,경상사고,0,0,1,0,차대차 - 후진중충돌,안전운전불이행,젖음/습기,흐림,단일로 - 기타,승합,남,60세,상해없음,이륜,남,22세,경상
2019111000100617,2019년 11월 10일 22시,일요일,전라남도 함평군 해보면,경상사고,0,0,1,0,차대차 - 기타,과속,젖음/습기,비,단일로 - 기타,승용,남,19세,경상,승용,남,40세,상해없음
2019111100100036,2019년 11월 11일 00시,월요일,전라남도 여수시 여서동,경상사고,0,0,2,0,차대차 - 추돌,안전거리미확보,젖음/습기,비,교차로 - 교차로부근,승용,여,27세,상해없음,승용,남,56세,경상
2019111100100037,2019년 11월 11일 00시,월요일,전라남도 순천시 연향동,부상신고사고,0,0,0,2,차대차 - 기타,직진우회전진행방해,건조,맑음,교차로 - 교차로안,승용,여,50세,부상신고,승용,남,52세,부상신고
2019111100100063,2019년 11월 11일 04시,월요일,전라남도 영암군 삼호읍,경상사고,0,0,1,0,차대차 - 기타,안전운전불이행,건조,맑음,단일로 - 기타,승용,여,33세,경상,승용,남,48세,기타불명
2019111100100092,2019년 11월 11일 06시,월요일,전라남도 여수시 둔덕동,경상사고,0,0,1,0,차대차 - 측면충돌,신호위반,건조,맑음,교차로 - 교차로안,승용,남,26세,상해없음,승용,여,39세,경상
2019111100100117,2019년 11월 11일 07시,월요일,전라남도 고흥군 두원면,중상사고,0,1,0,0,차대차 - 기타,안전운전불이행,젖음/습기,흐림,단일로 - 기타,특수,남,49세,상해없음,화물,남,74세,중상
2019111100100118,2019년 11월 11일 07시,월요일,전라남도 보성군 벌교읍,사망사고,1,0,0,0,차량단독 - 도로외이탈 - 기타,안전운전불이행,건조,맑음,단일로 - 기타,이륜,남,81세,사망,,,,
2019111100100119,2019년 11월 11일 07시,월요일,전라남도 영암군 덕진면,경상사고,0,0,2,0,차대차 - 측면충돌,신호위반,건조,맑음,교차로 - 교차로안,승용,남,58세,경상,화물,남,65세,경상
2019111100100167,2019년 11월 11일 08시,월요일,전라남도 목포시 용해동,경상사고,0,0,1,0,차대차 - 기타,안전운전불이행,건조,맑음,단일로 - 기타,승용,여,41세,상해없음,승용,남,29세,경상
2019111100100168,2019년 11월 11일 08시,월요일,전라남도 여수시 선원동,경상사고,0,0,1,0,차대차 - 측면충돌,교차로운행방법위반,건조,맑음,교차로 - 교차로안,승용,남,74세,상해없음,승용,여,31세,경상
2019111100100169,2019년 11월 11일 08시,월요일,전라남도 화순군 춘양면,경상사고,0,0,1,0,차량단독 - 전도전복 - 전도,안전운전불이행,건조,맑음,단일로 - 기타,이륜,남,64세,경상,,,,
2019111100100170,2019년 11월 11일 08시,월요일,전라남도 영암군 신북면,경상사고,0,0,1,0,차대차 - 측면충돌,불법유턴,건조,맑음,교차로 - 교차로안,건설기계,남,43세,상해없음,승용,남,26세,경상
2019111100100209,2019년 11월 11일 09시,월요일,전라남도 순천시 해룡면,경상사고,0,0,1,0,차량단독 - 기타,안전운전불이행,건조,맑음,단일로 - 기타,승합,남,56세,상해없음,,,,
2019111100100210,2019년 11월 11일 09시,월요일,전라남도 고흥군 점암면,중상사고,0,1,0,0,차대차 - 기타,직진우회전진행방해,건조,맑음,교차로 - 교차로안,화물,남,73세,상해없음,이륜,남,86세,중상
2019111100100211,2019년 11월 11일 09시,월요일,전라남도 해남군 마산면,경상사고,0,0,2,0,차대차 - 추돌,안전운전불이행,건조,맑음,단일로 - 기타,승용,남,84세,경상,화물,남,45세,경상
2019111100100253,2019년 11월 11일 10시,월요일,전라남도 목포시 옥암동,경상사고,0,0,3,0,차대차 - 측면충돌,신호위반,건조,맑음,교차로 - 교차로안,화물,여,54세,상해없음,승용,남,63세,경상
2019111100100254,2019년 11월 11일 10시,월요일,전라남도 보성군 회천면,중상사고,0,1,1,0,차대차 - 정면충돌,중앙선침범,건조,맑음,단일로 - 기타,화물,여,67세,중상,승용,남,30세,경상
2019111100100255,2019년 11월 11일 10시,월요일,전라남도 영광군 영광읍,경상사고,0,0,1,0,차대차 - 측면충돌,직진우회전진행방해,건조,맑음,교차로 - 교차로안,승용,남,60세,상해없음,개인형이동수단(PM),여,62세,경상
2019111100100292,2019년 11월 11일 11시,월요일,전라남도 목포시 옥암동,경상사고,0,0,2,0,차대차 - 추돌,안전운전불이행,건조,맑음,교차로 - 교차로부근,승용,여,44세,경상,승용,남,44세,경상
2019111100100293,2019년 11월 11일 11시,월요일,전라남도 순천시 장천동,경상사고,0,0,1,0,차대차 - 측면충돌,교차로운행방법위반,건조,맑음,교차로 - 교차로안,승용,여,58세,상해없음,이륜,남,36세,경상
2019111100100294,2019년 11월 11일 11시,월요일,전라남도 영광군 군남면,중상사고,0,1,0,0,차대차 - 측면충돌,안전운전불이행,건조,흐림,교차로 - 교차로부근,화물,여,51세,상해없음,이륜,여,74세,중상
2019111100100295,2019년 11월 11일 11시,월요일,전라남도 영암군 신북면,중상사고,0,1,0,0,차대사람 - 횡단중,안전운전불이행,건조,맑음,교차로 - 교차로안,승용,남,60세,상해없음,보행자,여,82세,중상
2019111100100330,2019년 11월 11일 12시,월요일,전라남도 나주시 남평읍,경상사고,0,0,3,0,차대차 - 측면충돌,직진우회전진행방해,건조,맑음,교차로 - 교차로안,승용,여,59세,경상,승용,여,31세,경상
2019111100100371,2019년 11월 11일 13시,월요일,전라남도 보성군 보성읍,경상사고,0,0,1,0,차대차 - 측면충돌,안전운전불이행,건조,맑음,단일로 - 기타,승용,여,50세,상해없음,원동기,남,84세,경상
2019111100100414,2019년 11월 11일 14시,월요일,전라남도 보성군 득량면,중상사고,0,1,0,0,차량단독 - 전도전복 - 전도,안전운전불이행,건조,맑음,단일로 - 기타,이륜,남,62세,중상,,,,
2019111100100450,2019년 11월 11일 15시,월요일,전라남도 목포시 용당동,경상사고,0,0,1,0,차대차 - 기타,안전운전불이행,건조,맑음,교차로 - 교차로부근,승합,남,60세,상해없음,화물,남,33세,경상
2019111100100451,2019년 11월 11일 15시,월요일,전라남도 보성군 득량면,경상사고,0,0,2,0,차대차 - 측면충돌,신호위반,건조,맑음,교차로 - 교차로안,승용,여,64세,상해없음,화물,남,57세,경상
2019111100100452,2019년 11월 11일 15시,월요일,전라남도 함평군 함평읍,부상신고사고,0,0,0,1,차대차 - 측면충돌,안전운전불이행,건조,맑음,주차장 - 주차장,승용,여,61세,상해없음,승용,남,46세,부상신고
2019111100100494,2019년 11월 11일 16시,월요일,전라남도 목포시 옥암동,경상사고,0,0,1,0,차대사람 - 횡단중,안전운전불이행,건조,맑음,단일로 - 기타,이륜,남,17세,상해없음,보행자,여,10세,경상
2019111100100495,2019년 11월 11일 16시,월요일,전라남도 여수시 여서동,중상사고,0,1,0,0,차량단독 - 기타,기타,건조,맑음,단일로 - 기타,승합,남,64세,상해없음,,,,
2019111100100548,2019년 11월 11일 17시,월요일,전라남도 순천시 조례동,경상사고,0,0,3,0,차대차 - 측면충돌,직진우회전진행방해,건조,맑음,교차로 - 교차로안,승용,여,46세,경상,승용,남,59세,경상
2019111100100549,2019년 11월 11일 17시,월요일,전라남도 영암군 신북면,중상사고,0,2,1,0,차대차 - 추돌,안전운전불이행,건조,맑음,단일로 - 기타,승용,남,69세,중상,농기계,남,48세,경상
2019111100100550,2019년 11월 11일 17시,월요일,전라남도 광양시 광양읍,중상사고,0,1,1,0,차대차 - 측면충돌,신호위반,건조,맑음,교차로 - 교차로안,승용,남,56세,중상,특수,남,42세,경상
2019111100100595,2019년 11월 11일 18시,월요일,전라남도 목포시 산정동,경상사고,0,0,1,1,차대차 - 측면충돌,안전운전불이행,건조,맑음,단일로 - 기타,승용,여,53세,부상신고,승용,여,45세,경상
2019111100100596,2019년 11월 11일 18시,월요일,전라남도 순천시 서면,경상사고,0,0,1,0,차대차 - 측면충돌,안전운전불이행,건조,맑음,단일로 - 기타,승합,남,56세,상해없음,승용,여,52세,경상
2019111100100597,2019년 11월 11일 18시,월요일,전라남도 화순군 화순읍,중상사고,0,1,0,0,차대사람 - 기타,안전운전불이행,건조,맑음,단일로 - 기타,승합,여,53세,상해없음,보행자,남,62세,중상
2019111100100598,2019년 11월 11일 18시,월요일,전라남도 진도군 임회면,사망사고,1,0,0,0,차대사람 - 횡단중,안전운전불이행,건조,흐림,교차로 - 교차로횡단보도내,승용,남,30세,상해없음,보행자,여,48세,사망
2019111100100644,2019년 11월 11일 19시,월요일,전라남도 목포시 석현동,경상사고,0,0,1,0,차대차 - 기타,직진우회전진행방해,건조,맑음,교차로 - 교차로안,승용,남,32세,상해없음,승용,남,64세,경상
2019111100100676,2019년 11월 11일 20시,월요일,전라남도 담양군 무정면,사망사고,1,0,0,0,차대사람 - 기타,안전운전불이행,건조,맑음,단일로 - 기타,승용,여,63세,상해없음,보행자,여,75세,사망
2019111100100711,2019년 11월 11일 21시,월요일,전라남도 화순군 도암면,부상신고사고,0,0,0,1,차량단독 - 기타,안전운전불이행,건조,맑음,단일로 - 기타,승용,남,46세,부상신고,,,,
2019111100100712,2019년 11월 11일 21시,월요일,전라남도 장성군 장성읍,경상사고,0,0,1,0,차대차 - 측면충돌,안전운전불이행,건조,맑음,단일로 - 기타,화물,남,22세,상해없음,화물,남,47세,경상
2019111100100748,2019년 11월 11일 22시,월요일,전라남도 순천시 서면,경상사고,0,0,1,0,차대차 - 추돌,안전운전불이행,건조,맑음,단일로 - 기타,화물,남,28세,경상,특수,남,47세,상해없음
2019111200100082,2019년 11월 12일 06시,화요일,전라남도 목포시 용해동,경상사고,0,0,2,0,차대차 - 후진중충돌,안전운전불이행,건조,흐림,교차로 - 교차로부근,승용,여,60세,상해없음,승용,여,44세,경상
2019111200100099,2019년 11월 12일 07시,화요일,전라남도 순천시 연향동,경상사고,0,0,1,0,차대차 - 측면충돌,안전운전불이행,건조,맑음,교차로 - 교차로안,승용,남,29세,상해없음,승용,여,59세,경상
2019111200100143,2019년 11월 12일 08시,화요일,전라남도 순천시 낙안면,경상사고,0,0,1,0,차량단독 - 기타,안전운전불이행,건조,맑음,단일로 - 기타,승용,여,39세,경상,,,,
2019111200100144,2019년 11월 12일 08시,화요일,전라남도 광양시 광양읍,중상사고,0,1,0,0,차대차 - 측면충돌,과속,건조,맑음,교차로 - 교차로안,승용,남,42세,상해없음,자전거,남,84세,중상
2019111200100187,2019년 11월 12일 09시,화요일,전라남도 보성군 벌교읍,중상사고,0,1,0,0,차대차 - 측면충돌,교차로운행방법위반,건조,맑음,교차로 - 교차로안,화물,남,71세,상해없음,이륜,남,71세,중상
2019111200100217,2019년 11월 12일 10시,화요일,전라남도 목포시 상동,경상사고,0,0,1,0,차대차 - 추돌,안전운전불이행,건조,맑음,단일로 - 기타,승용,남,71세,상해없음,승용,남,55세,경상
2019111200100218,2019년 11월 12일 10시,화요일,전라남도 보성군 미력면,경상사고,0,0,1,0,차대차 - 추돌,안전운전불이행,건조,맑음,단일로 - 기타,화물,남,55세,경상,건설기계,남,50세,상해없음
2019111200100241,2019년 11월 12일 11시,화요일,전라남도 순천시 인월동,경상사고,0,0,1,0,차대차 - 추돌,안전운전불이행,건조,맑음,단일로 - 기타,승용,여,28세,상해없음,승용,남,71세,경상
2019111200100242,2019년 11월 12일 11시,화요일,전라남도 고흥군 두원면,중상사고,0,1,1,0,차대차 - 정면충돌,안전운전불이행,건조,맑음,단일로 - 기타,화물,남,72세,경상,이륜,남,79세,중상
2019111200100243,2019년 11월 12일 11시,화요일,전라남도 강진군 칠량면,부상신고사고,0,0,0,1,차대차 - 기타,안전운전불이행,건조,맑음,단일로 - 기타,원동기,남,44세,부상신고,화물,남,71세,상해없음
2019111200100277,2019년 11월 12일 12시,화요일,전라남도 목포시 상동,경상사고,0,0,1,0,차대차 - 기타,안전운전불이행,건조,맑음,단일로 - 기타,승용,남,60세,상해없음,자전거,남,77세,경상
2019111200100278,2019년 11월 12일 12시,화요일,전라남도 목포시 용해동,경상사고,0,0,2,0,차대차 - 기타,안전운전불이행,건조,맑음,단일로 - 기타,승용,남,49세,상해없음,승용,남,64세,경상
2019111200100279,2019년 11월 12일 12시,화요일,전라남도 목포시 산정동,경상사고,0,0,1,0,차대차 - 추돌,안전운전불이행,건조,맑음,단일로 - 기타,승용,남,23세,상해없음,승용,남,32세,경상
2019111200100309,2019년 11월 12일 13시,화요일,전라남도 담양군 수북면,중상사고,0,1,1,0,차대차 - 추돌,안전운전불이행,건조,맑음,교차로 - 교차로부근,승용,여,56세,상해없음,화물,남,58세,경상
2019111200100336,2019년 11월 12일 14시,화요일,전라남도 강진군 성전면,경상사고,0,0,1,0,차대차 - 기타,중앙선침범,건조,맑음,단일로 - 기타,화물,남,53세,상해없음,승용,남,64세,경상
2019111200100364,2019년 11월 12일 15시,화요일,전라남도 목포시 옥암동,경상사고,0,0,2,0,차대차 - 추돌,안전운전불이행,건조,맑음,단일로 - 기타,승용,남,25세,상해없음,승용,남,53세,경상
2019111200100365,2019년 11월 12일 15시,화요일,전라남도 순천시 서면,경상사고,0,0,2,0,차대차 - 기타,신호위반,건조,맑음,교차로 - 교차로안,화물,남,43세,상해없음,승용,남,51세,경상
2019111200100366,2019년 11월 12일 15시,화요일,전라남도 나주시 산포면,경상사고,0,0,1,0,차대사람 - 차도통행중,안전운전불이행,건조,맑음,단일로 - 기타,화물,남,61세,상해없음,보행자,여,58세,경상
2019111200100367,2019년 11월 12일 15시,화요일,전라남도 장흥군 용산면,경상사고,0,0,3,0,차대차 - 추돌,안전운전불이행,건조,맑음,단일로 - 기타,화물,남,67세,상해없음,승용,여,51세,경상
2019111200100406,2019년 11월 12일 16시,화요일,전라남도 여수시 덕충동,중상사고,0,1,3,0,차대차 - 기타,안전운전불이행,건조,맑음,교차로 - 교차로부근,승용,남,69세,상해없음,승합,남,57세,상해없음
2019111200100407,2019년 11월 12일 16시,화요일,전라남도 순천시 남정동,중상사고,0,1,0,0,차대사람 - 기타,안전운전불이행,건조,맑음,교차로 - 교차로안,화물,남,59세,상해없음,보행자,여,60세,중상
2019111200100408,2019년 11월 12일 16시,화요일,전라남도 장흥군 관산읍,경상사고,0,0,1,0,차대차 - 측면충돌,신호위반,건조,맑음,교차로 - 교차로안,이륜,남,27세,경상,화물,남,53세,상해없음