사고번호,사고일시,요일,시군구,사고내용,사망자수,중상자수,경상자수,부상신고자수,사고유형,법규위반,노면상태,기상상태,도로형태,가해운전자 차종,가해운전자 성별,가해운전자 연령,가해운전자 상해정도,피해운전자 차종,피해운전자 성별,피해운전자 연령,피해운전자 상해정도
2019111200100454,2019년 11월 12일 17시,화요일,전라남도 순천시 덕월동,경상사고,0,0,1,0,차대사람 - 기타,안전운전불이행,건조,맑음,단일로 - 기타,승합,남,47세,상해없음,보행자,여,39세,경상
2019111200100455,2019년 11월 12일 17시,화요일,전라남도 담양군 담양읍,경상사고,0,0,1,0,차대차 - 측면충돌,안전운전불이행,건조,맑음,교차로 - 교차로안,승용,남,20세,상해없음,화물,여,58세,경상
2019111200100456,2019년 11월 12일 17시,화요일,전라남도 완도군 신지면,경상사고,0,0,1,0,차대사람 - 횡단중,안전운전불이행,건조,맑음,교차로 - 교차로부근,화물,남,55세,상해없음,보행자,남,7세,경상
2019111200100457,2019년 11월 12일 17시,화요일,전라남도 광양시 금호동,경상사고,0,0,1,0,차대차 - 측면충돌,차로위반,건조,맑음,단일로 - 기타,승용,남,58세,상해없음,승용,남,33세,경상
2019111200100514,2019년 11월 12일 18시,화요일,전라남도 광양시 금호동,중상사고,0,1,0,0,차대차 - 추돌,안전운전불이행,건조,맑음,교차로 - 교차로부근,승용,남,52세,상해없음,이륜,남,29세,중상
2019111200100515,2019년 11월 12일 18시,화요일,전라남도 광양시 도이동,경상사고,0,0,2,0,차대차 - 측면충돌,신호위반,건조,맑음,교차로 - 교차로안,승용,남,38세,상해없음,승합,남,49세,상해없음
2019111200100588,2019년 11월 12일 20시,화요일,전라남도 목포시 상동,경상사고,0,0,1,0,차대차 - 측면충돌,교차로운행방법위반,건조,맑음,교차로 - 교차로안,승용,여,54세,상해없음,승용,남,26세,경상
2019111200100589,2019년 11월 12일 20시,화요일,전라남도 목포시 연산동,경상사고,0,0,1,0,차대차 - 기타,안전운전불이행,건조,맑음,교차로 - 교차로안,승용,남,35세,상해없음,승용,남,54세,경상
2019111200100645,2019년 11월 12일 22시,화요일,전라남도 장성군 장성읍,중상사고,0,1,0,0,차대차 - 추돌,안전운전불이행,건조,맑음,교차로 - 교차로부근,승용,남,46세,상해없음,승용,여,54세,중상
2019111200100656,2019년 11월 12일 23시,화요일,전라남도 영암군 삼호읍,경상사고,0,0,1,0,차대차 - 추돌,안전운전불이행,건조,맑음,단일로 - 기타,승용,남,55세,상해없음,화물,남,52세,기타불명
2019111300100032,2019년 11월 13일 00시,수요일,전라남도 목포시 옥암동,경상사고,0,0,2,0,차대차 - 측면충돌,신호위반,건조,맑음,교차로 - 교차로안,승용,남,25세,경상,승용,여,29세,경상
2019111300100108,2019년 11월 13일 07시,수요일,전라남도 목포시 용해동,경상사고,0,0,1,0,차대차 - 기타,안전운전불이행,건조,맑음,단일로 - 기타,승용,남,42세,경상,승용,남,60세,상해없음
2019111300100109,2019년 11월 13일 07시,수요일,전라남도 장흥군 장흥읍,사망사고,1,0,0,0,차대사람 - 횡단중,안전운전불이행,건조,맑음,교차로 - 교차로안,화물,남,48세,상해없음,보행자,여,80세,사망
2019111300100143,2019년 11월 13일 08시,수요일,전라남도 순천시 덕암동,경상사고,0,0,1,0,차대차 - 기타,안전운전불이행,건조,맑음,단일로 - 기타,승용,여,51세,상해없음,자전거,남,48세,경상
2019111300100144,2019년 11월 13일 08시,수요일,전라남도 장흥군 장흥읍,중상사고,0,1,0,0,차대사람 - 기타,안전운전불이행,건조,맑음,주차장 - 주차장,농기계,남,71세,상해없음,보행자,여,75세,중상
2019111300100175,2019년 11월 13일 09시,수요일,전라남도 여수시 시전동,경상사고,0,0,1,0,차대차 - 추돌,안전운전불이행,건조,맑음,단일로 - 기타,승용,남,60세,상해없음,승용,남,71세,경상
2019111300100176,2019년 11월 13일 09시,수요일,전라남도 광양시 중동,경상사고,0,0,1,0,차대차 - 측면충돌,안전운전불이행,건조,맑음,단일로 - 기타,화물,남,31세,상해없음,원동기,남,17세,경상
2019111300100199,2019년 11월 13일 10시,수요일,전라남도 목포시 옥암동,중상사고,0,1,1,0,차대차 - 기타,신호위반,건조,맑음,교차로 - 교차로안,이륜,남,63세,중상,승용,여,35세,경상
2019111300100200,2019년 11월 13일 10시,수요일,전라남도 담양군 담양읍,경상사고,0,0,1,0,차대차 - 측면충돌,신호위반,건조,맑음,교차로 - 교차로안,승용,남,50세,상해없음,화물,남,52세,경상
2019111300100229,2019년 11월 13일 11시,수요일,전라남도 장흥군 장동면,중상사고,0,1,0,0,차대사람 - 기타,안전운전불이행,건조,맑음,단일로 - 기타,화물,남,68세,상해없음,보행자,남,61세,중상
2019111300100230,2019년 11월 13일 11시,수요일,전라남도 영광군 영광읍,경상사고,0,0,1,0,차대차 - 측면충돌,직진우회전진행방해,건조,맑음,교차로 - 교차로안,이륜,남,78세,경상,화물,남,52세,상해없음
2019111300100297,2019년 11월 13일 13시,수요일,전라남도 순천시 저전동,중상사고,0,1,0,0,차대차 - 기타,안전운전불이행,건조,맑음,단일로 - 기타,승용,여,63세,상해없음,자전거,남,83세,중상
2019111300100323,2019년 11월 13일 14시,수요일,전라남도 순천시 덕암동,경상사고,0,0,1,0,차대차 - 기타,안전운전불이행,건조,흐림,단일로 - 기타,화물,남,36세,상해없음,원동기,남,49세,경상
2019111300100356,2019년 11월 13일 15시,수요일,전라남도 목포시 옥암동,경상사고,0,0,2,0,차대차 - 기타,직진우회전진행방해,건조,맑음,교차로 - 교차로안,승용,여,37세,상해없음,승합,남,46세,상해없음
2019111300100357,2019년 11월 13일 15시,수요일,전라남도 여수시 율촌면,경상사고,0,0,1,0,차대차 - 측면충돌,차로위반,건조,맑음,단일로 - 기타,화물,남,30세,기타불명,화물,남,65세,경상
2019111300100358,2019년 11월 13일 15시,수요일,전라남도 화순군 화순읍,경상사고,0,0,1,0,차대사람 - 기타,안전운전불이행,건조,맑음,단일로 - 기타,승용,남,27세,상해없음,보행자,여,11세,경상
2019111300100440,2019년 11월 13일 17시,수요일,전라남도 목포시 상동,중상사고,0,1,0,0,차대사람 - 기타,안전운전불이행,건조,맑음,기타 - 기타,승합,남,66세,상해없음,보행자,남,71세,중상
2019111300100441,2019년 11월 13일 17시,수요일,전라남도 신안군 암태면,경상사고,0,0,3,0,차대차 - 기타,신호위반,건조,맑음,교차로 - 교차로안,화물,남,58세,경상,화물,남,67세,경상
2019111300100442,2019년 11월 13일 17시,수요일,전라남도 여수시 학동,경상사고,0,0,2,0,차대차 - 측면충돌,안전거리미확보,건조,맑음,단일로 - 기타,승용,남,62세,상해없음,승용,여,28세,경상
2019111300100443,2019년 11월 13일 17시,수요일,전라남도 영광군 불갑면,중상사고,0,1,2,0,차량단독 - 도로외이탈 - 추락,안전운전불이행,젖음/습기,비,단일로 - 기타,화물,남,73세,상해없음,,,,
2019111300100444,2019년 11월 13일 17시,수요일,전라남도 영암군 삼호읍,경상사고,0,0,3,0,차대차 - 측면충돌,안전운전불이행,건조,맑음,단일로 - 기타,승용,남,23세,경상,승합,여,50세,경상
2019111300100445,2019년 11월 13일 17시,수요일,전라남도 구례군 용방면,부상신고사고,0,0,0,1,차대사람 - 기타,불법유턴,건조,맑음,기타 - 기타,화물,남,50세,상해없음,보행자,남,73세,부상신고
2019111300100520,2019년 11월 13일 18시,수요일,전라남도 목포시 연산동,경상사고,0,0,3,0,차대차 - 추돌,안전운전불이행,젖음/습기,비,단일로 - 기타,승용,남,29세,상해없음,승용,여,54세,경상
2019111300100589,2019년 11월 13일 19시,수요일,전라남도 목포시 상동,경상사고,0,0,1,0,차대차 - 측면충돌,교차로운행방법위반,건조,흐림,교차로 - 교차로안,승용,여,47세,상해없음,이륜,남,19세,경상
2019111300100590,2019년 11월 13일 19시,수요일,전라남도 목포시 산정동,경상사고,0,0,1,0,차대사람 - 기타,안전운전불이행,건조,맑음,단일로 - 기타,승용,남,55세,상해없음,보행자,여,29세,경상
2019111300100591,2019년 11월 13일 19시,수요일,전라남도 곡성군 곡성읍,중상사고,0,1,0,0,차량단독 - 전도전복 - 전도,안전운전불이행,젖음/습기,비,단일로 - 기타,이륜,남,47세,중상,,,,
2019111300100708,2019년 11월 13일 22시,수요일,전라남도 목포시 상동,경상사고,0,0,1,0,차대사람 - 기타,안전운전불이행,건조,맑음,단일로 - 기타,승용,남,57세,상해없음,보행자,남,32세,경상
2019111300100709,2019년 11월 13일 22시,수요일,전라남도 목포시 옥암동,경상사고,0,0,1,0,차대차 - 기타,신호위반,건조,맑음,교차로 - 교차로안,승용,남,40세,상해없음,승용,남,45세,상해없음
2019111300100728,2019년 11월 13일 23시,수요일,전라남도 광양시 광양읍,경상사고,0,0,1,1,차대차 - 측면충돌,중앙선침범,건조,맑음,단일로 - 기타,승용,남,35세,부상신고,승용,여,27세,경상
2019111400100035,2019년 11월 14일 00시,목요일,전라남도 광양시 광양읍,경상사고,0,0,1,0,차량단독 - 기타,안전운전불이행,건조,맑음,단일로 - 기타,승용,남,38세,경상,,,,
2019111400100045,2019년 11월 14일 01시,목요일,전라남도 순천시 해룡면,중상사고,0,1,2,0,차대차 - 추돌,과속,건조,맑음,교차로 - 교차로부근,승용,남,49세,상해없음,승용,여,54세,경상
2019111400100067,2019년 11월 14일 05시,목요일,전라남도 무안군 일로읍,경상사고,0,0,1,0,차대차 - 추돌,안전운전불이행,건조,맑음,단일로 - 기타,화물,남,60세,상해없음,이륜,남,58세,경상
2019111400100081,2019년 11월 14일 06시,목요일,전라남도 목포시 연산동,경상사고,0,0,3,0,차대차 - 측면충돌,신호위반,건조,맑음,교차로 - 교차로안,승용,여,45세,경상,승용,여,56세,경상
2019111400100082,2019년 11월 14일 06시,목요일,전라남도 신안군 압해읍,중상사고,0,1,0,0,차대차 - 정면충돌,안전운전불이행,건조,흐림,단일로 - 기타,화물,남,26세,상해없음,농기계,남,67세,중상
2019111400100100,2019년 11월 14일 07시,목요일,전라남도 순천시 연향동,경상사고,0,0,1,0,차대차 - 측면충돌,교차로운행방법위반,건조,맑음,교차로 - 교차로안,승용,여,38세,상해없음,승용,남,53세,경상
2019111400100134,2019년 11월 14일 08시,목요일,전라남도 목포시 옥암동,경상사고,0,0,2,0,차대차 - 기타,안전운전불이행,건조,맑음,단일로 - 기타,승용,남,47세,경상,승용,남,51세,경상
2019111400100135,2019년 11월 14일 08시,목요일,전라남도 여수시 율촌면,중상사고,0,1,0,0,차대사람 - 기타,안전운전불이행,건조,맑음,단일로 - 기타,승합,남,54세,상해없음,보행자,여,76세,중상
2019111400100136,2019년 11월 14일 08시,목요일,전라남도 강진군 강진읍,경상사고,0,0,1,0,차대사람 - 기타,안전운전불이행,건조,맑음,단일로 - 기타,승합,남,50세,상해없음,보행자,여,14세,경상
2019111400100197,2019년 11월 14일 09시,목요일,전라남도 여수시 미평동,경상사고,0,0,2,0,차대차 - 추돌,안전운전불이행,건조,맑음,기타 - 기타,화물,남,46세,상해없음,승용,남,20세,경상
2019111400100198,2019년 11월 14일 09시,목요일,전라남도 영광군 홍농읍,중상사고,0,1,0,0,차대사람 - 차도통행중,안전운전불이행,건조,맑음,교차로 - 교차로부근,화물,여,55세,상해없음,보행자,여,77세,중상
2019111400100199,2019년 11월 14일 09시,목요일,전라남도 영암군 영암읍,경상사고,0,0,1,0,차대사람 - 기타,안전운전불이행,건조,맑음,단일로 - 기타,화물,남,61세,상해없음,보행자,남,55세,경상
2019111400100200,2019년 11월 14일 09시,목요일,전라남도 담양군 무정면,경상사고,0,0,2,0,차대차 - 기타,중앙선침범,건조,맑음,단일로 - 기타,승용,남,25세,상해없음,화물,남,70세,경상
2019111400100283,2019년 11월 14일 11시,목요일,전라남도 목포시 산정동,중상사고,0,1,1,0,차대차 - 기타,안전운전불이행,건조,맑음,교차로 - 교차로부근,승용,여,64세,경상,이륜,남,56세,중상
2019111400100284,2019년 11월 14일 11시,목요일,전라남도 목포시 상동,경상사고,0,0,2,0,차대차 - 측면충돌,직진우회전진행방해,건조,맑음,교차로 - 교차로안,승용,남,47세,경상,승용,여,47세,경상
2019111400100285,2019년 11월 14일 11시,목요일,전라남도 보성군 득량면,경상사고,0,0,2,0,차대차 - 측면충돌,안전운전불이행,건조,맑음,단일로 - 기타,승용,여,59세,경상,승용,남,49세,경상
2019111400100316,2019년 11월 14일 12시,목요일,전라남도 여수시 공화동,경상사고,0,0,5,0,차대차 - 추돌,안전운전불이행,건조,맑음,교차로 - 교차로안,승용,남,46세,상해없음,승용,여,50세,경상
2019111400100317,2019년 11월 14일 12시,목요일,전라남도 순천시 왕지동,경상사고,0,0,1,0,차대차 - 측면충돌,직진우회전진행방해,건조,맑음,교차로 - 교차로안,승용,여,48세,상해없음,이륜,남,26세,경상
2019111400100318,2019년 11월 14일 12시,목요일,전라남도 무안군 무안읍,경상사고,0,0,1,0,차대사람 - 차도통행중,안전운전불이행,건조,맑음,단일로 - 기타,승용,남,71세,기타불명,보행자,남,37세,경상
2019111400100358,2019년 11월 14일 13시,목요일,전라남도 여수시 신기동,경상사고,0,0,1,0,차대차 - 측면충돌,직진우회전진행방해,건조,맑음,교차로 - 교차로안,승용,여,61세,상해없음,원동기,남,19세,경상
2019111400100359,2019년 11월 14일 13시,목요일,전라남도 여수시 문수동,경상사고,0,0,1,0,차대차 - 정면충돌,교차로운행방법위반,건조,맑음,교차로 - 교차로안,승용,여,30세,상해없음,승용,남,64세,경상
2019111400100360,2019년 11월 14일 13시,목요일,전라남도 나주시 왕곡면,경상사고,0,0,2,0,차대차 - 추돌,안전거리미확보,건조,맑음,교차로 - 교차로부근,화물,여,51세,상해없음,승용,남,72세,경상
2019111400100398,2019년 11월 14일 14시,목요일,전라남도 목포시 용해동,중상사고,0,1,0,0,차대차 - 측면충돌,안전운전불이행,건조,맑음,단일로 - 기타,이륜,남,28세,중상,승용,남,42세,상해없음
2019111400100399,2019년 11월 14일 14시,목요일,전라남도 목포시 산정동,경상사고,0,0,1,0,차대사람 - 기타,안전운전불이행,건조,맑음,단일로 - 기타,화물,남,63세,상해없음,보행자,여,78세,경상
2019111400100400,2019년 11월 14일 14시,목요일,전라남도 영광군 영광읍,경상사고,0,0,1,0,차대차 - 측면충돌,안전운전불이행,건조,맑음,교차로 - 교차로안,이륜,남,69세,경상,화물,남,61세,상해없음
2019111400100401,2019년 11월 14일 14시,목요일,전라남도 화순군 화순읍,경상사고,0,0,1,0,차대사람 - 차도통행중,안전운전불이행,건조,맑음,교차로 - 교차로안,화물,남,56세,상해없음,보행자,여,82세,경상
2019111400100402,2019년 11월 14일 14시,목요일,전라남도 강진군 대구면,경상사고,0,0,2,0,차대차 - 기타,중앙선침범,건조,맑음,단일로 - 기타,화물,남,41세,경상,화물,남,64세,경상
2019111400100403,2019년 11월 14일 14시,목요일,전라남도 무안군 삼향읍,경상사고,0,0,1,0,차대차 - 기타,안전운전불이행,건조,맑음,교차로 - 교차로안,승합,남,52세,상해없음,승용,남,39세,상해없음
2019111400100440,2019년 11월 14일 15시,목요일,전라남도 여수시 신기동,경상사고,0,0,2,0,차대차 - 측면충돌,안전운전불이행,건조,맑음,교차로 - 교차로안,승용,여,48세,상해없음,승용,남,46세,경상
2019111400100441,2019년 11월 14일 15시,목요일,전라남도 광양시 중동,중상사고,0,1,0,0,차대사람 - 횡단중,안전운전불이행,건조,맑음,교차로 - 교차로부근,승용,남,23세,상해없음,보행자,남,11세,중상
2019111400100488,2019년 11월 14일 16시,목요일,전라남도 장흥군 장흥읍,사망사고,1,0,0,0,차대사람 - 기타,안전운전불이행,건조,맑음,단일로 - 교량,승용,남,56세,상해없음,보행자,남,39세,사망
2019111400100545,2019년 11월 14일 17시,목요일,전라남도 여수시 소라면,경상사고,0,0,1,0,차대차 - 추돌,안전운전불이행,건조,맑음,단일로 - 터널,승용,남,20세,상해없음,승용,남,42세,경상
2019111400100546,2019년 11월 14일 17시,목요일,전라남도 여수시 공화동,경상사고,0,0,6,0,차대차 - 측면충돌,교차로운행방법위반,건조,맑음,교차로 - 교차로안,승용,남,63세,상해없음,승용,남,59세,경상
2019111400100547,2019년 11월 14일 17시,목요일,전라남도 여수시 소라면,경상사고,0,0,2,0,차대차 - 추돌,안전거리미확보,건조,맑음,단일로 - 터널,승용,남,71세,상해없음,승용,남,38세,경상
2019111400100548,2019년 11월 14일 17시,목요일,전라남도 순천시 황전면,중상사고,0,1,0,0,차량단독 - 전도전복 - 전복,안전운전불이행,건조,맑음,단일로 - 기타,화물,남,77세,중상,,,,
2019111400100549,2019년 11월 14일 17시,목요일,전라남도 나주시 빛가람동,경상사고,0,0,1,0,차대사람 - 횡단중,보행자보호의무위반,건조,맑음,교차로 - 교차로횡단보도내,이륜,남,53세,상해없음,보행자,남,7세,경상
2019111400100550,2019년 11월 14일 17시,목요일,전라남도 나주시 중앙동,경상사고,0,0,1,0,차대사람 - 차도통행중,안전운전불이행,건조,맑음,단일로 - 기타,승용,여,44세,상해없음,보행자,여,16세,경상
2019111400100551,2019년 11월 14일 17시,목요일,전라남도 고흥군 고흥읍,중상사고,0,1,0,0,차대차 - 측면충돌,기타,건조,맑음,교차로 - 교차로안,자전거,여,49세,중상,승용,여,59세,상해없음
2019111400100552,2019년 11월 14일 17시,목요일,전라남도 구례군 구례읍,중상사고,0,1,0,0,차대사람 - 횡단중,보행자보호의무위반,건조,맑음,교차로 - 교차로부근,승용,남,69세,상해없음,보행자,여,65세,중상
2019111400100611,2019년 11월 14일 18시,목요일,전라남도 목포시 대양동,경상사고,0,0,2,1,차대차 - 측면충돌,안전운전불이행,건조,맑음,교차로 - 교차로안,승용,여,47세,부상신고,승용,남,37세,경상
2019111400100612,2019년 11월 14일 18시,목요일,전라남도 여수시 여천동,경상사고,0,0,1,0,차대차 - 측면충돌,안전운전불이행,건조,맑음,교차로 - 교차로안,화물,남,55세,상해없음,자전거,남,77세,경상
2019111400100613,2019년 11월 14일 18시,목요일,전라남도 여수시 학동,경상사고,0,0,1,0,차대차 - 추돌,안전운전불이행,건조,맑음,교차로 - 교차로부근,승용,남,27세,상해없음,승용,여,38세,경상
2019111400100671,2019년 11월 14일 19시,목요일,전라남도 고흥군 동강면,경상사고,0,0,1,0,차량단독 - 전도전복 - 전도,안전운전불이행,건조,맑음,단일로 - 기타,원동기,여,71세,경상,,,,
2019111400100713,2019년 11월 14일 20시,목요일,전라남도 순천시 조례동,경상사고,0,0,2,0,차대차 - 측면충돌,직진우회전진행방해,건조,맑음,교차로 - 교차로안,승용,남,18세,경상,이륜,남,27세,경상
2019111400100714,2019년 11월 14일 20시,목요일,전라남도 영암군 삼호읍,경상사고,0,0,1,0,차대사람 - 차도통행중,안전운전불이행,건조,맑음,교차로 - 교차로안,승합,남,40세,상해없음,보행자,남,55세,경상
2019111400100715,2019년 11월 14일 20시,목요일,전라남도 영암군 삼호읍,경상사고,0,0,3,0,차대차 - 측면충돌,안전운전불이행,건조,맑음,교차로 - 교차로안,승용,남,41세,경상,승용,남,50세,경상
2019111400100768,2019년 11월 14일 22시,목요일,전라남도 목포시 산정동,경상사고,0,0,1,0,차대사람 - 기타,안전운전불이행,건조,맑음,단일로 - 기타,승용,남,46세,상해없음,보행자,여,32세,경상
2019111500100053,2019년 11월 15일 02시,금요일,전라남도 목포시 옥암동,경상사고,0,0,1,0,차대차 - 기타,과속,건조,맑음,교차로 - 교차로안,승용,남,46세,경상,승용,남,38세,상해없음
2019111500100070,2019년 11월 15일 05시,금요일,전라남도 화순군 화순읍,부상신고사고,0,0,0,1,차대차 - 기타,불법유턴,건조,맑음,교차로 - 교차로안,자전거,남,24세,부상신고,승용,남,47세,상해없음
2019111500100097,2019년 11월 15일 06시,금요일,전라남도 여수시 충무동,중상사고,0,1,0,0,차대사람 - 횡단중,보행자보호의무위반,건조,맑음,단일로 - 기타,화물,남,68세,상해없음,보행자,여,70세,중상
2019111500100125,2019년 11월 15일 07시,금요일,전라남도 신안군 지도읍,중상사고,0,1,1,0,차대차 - 기타,교차로운행방법위반,건조,맑음,교차로 - 교차로안,화물,남,31세,중상,화물,남,49세,경상
2019111500100126,2019년 11월 15일 07시,금요일,전라남도 보성군 미력면,중상사고,0,1,0,0,차대차 - 측면충돌,교차로운행방법위반,건조,맑음,교차로 - 교차로안,승용,남,59세,상해없음,이륜,남,77세,중상
2019111500100127,2019년 11월 15일 07시,금요일,전라남도 무안군 무안읍,경상사고,0,0,1,0,차대차 - 추돌,교차로운행방법위반,건조,맑음,교차로 - 교차로안,승합,남,56세,상해없음,건설기계,남,59세,경상
2019111500100222,2019년 11월 15일 09시,금요일,전라남도 목포시 남교동,경상사고,0,0,1,0,차대사람 - 기타,안전운전불이행,건조,맑음,단일로 - 기타,승용,여,72세,상해없음,보행자,남,35세,경상
2019111500100267,2019년 11월 15일 10시,금요일,전라남도 장성군 삼계면,사망사고,1,0,0,0,차대사람 - 횡단중,안전운전불이행,건조,맑음,단일로 - 기타,승용,남,47세,상해없음,보행자,여,90세 이상,사망
2019111500100309,2019년 11월 15일 11시,금요일,전라남도 순천시 동외동,경상사고,0,0,1,0,차대차 - 측면충돌,안전운전불이행,건조,맑음,단일로 - 기타,승용,남,41세,상해없음,자전거,남,78세,경상
2019111500100310,2019년 11월 15일 11시,금요일,전라남도 고흥군 동일면,중상사고,0,1,0,0,차량단독 - 공작물충돌,안전운전불이행,건조,맑음,단일로 - 기타,이륜,남,82세,중상,,,,
2019111500100311,2019년 11월 15일 11시,금요일,전라남도 영암군 신북면,중상사고,0,2,1,0,차대차 - 추돌,안전운전불이행,건조,맑음,교차로 - 교차로부근,화물,남,67세,중상,화물,남,41세,경상
2019111500100443,2019년 11월 15일 14시,금요일,전라남도 여수시 화장동,중상사고,0,2,0,0,차대차 - 측면충돌,신호위반,건조,맑음,교차로 - 교차로안,승용,여,45세,중상,승용,여,44세,중상
2019111500100444,2019년 11월 15일 14시,금요일,전라남도 고흥군 포두면,중상사고,0,1,0,0,차대차 - 추돌,안전운전불이행,건조,맑음,단일로 - 기타,화물,남,27세,상해없음,이륜,남,80세,중상
2019111500100445,2019년 11월 15일 14시,금요일,전라남도 영광군 영광읍,경상사고,0,0,1,0,차대차 - 측면충돌,교차로운행방법위반,건조,맑음,교차로 - 교차로안,화물,남,66세,상해없음,승용,남,57세,경상
2019111500100446,2019년 11월 15일 14시,금요일,전라남도 함평군 대동면,경상사고,0,0,1,0,차대차 - 측면충돌,안전운전불이행,건조,맑음,단일로 - 기타,이륜,남,59세,경상,승용,남,33세,상해없음
2019111500100485,2019년 11월 15일 15시,금요일,전라남도 목포시 상동,경상사고,0,0,1,0,차대차 - 기타,교차로운행방법위반,건조,맑음,교차로 - 교차로안,화물,남,73세,상해없음,승용,남,33세,경상
2019111500100486,2019년 11월 15일 15시,금요일,전라남도 보성군 노동면,경상사고,0,0,3,0,차대차 - 추돌,안전거리미확보,건조,맑음,단일로 - 터널,화물,여,68세,경상,승용,남,49세,경상
2019111500100524,2019년 11월 15일 16시,금요일,전라남도 순천시 풍덕동,중상사고,0,1,0,0,차대차 - 측면충돌,안전운전불이행,건조,맑음,교차로 - 교차로안,화물,남,56세,상해없음,승용,여,31세,중상
2019111500100525,2019년 11월 15일 16시,금요일,전라남도 해남군 삼산면,경상사고,0,0,1,0,차대차 - 추돌,안전운전불이행,건조,맑음,단일로 - 기타,승용,남,40세,기타불명,농기계,남,39세,경상
2019111500100526,2019년 11월 15일 16시,금요일,전라남도 보성군 벌교읍,경상사고,0,0,2,1,차대차 - 추돌,안전운전불이행,건조,맑음,단일로 - 기타,승용,남,31세,부상신고,화물,남,54세,경상
2019111500100527,2019년 11월 15일 16시,금요일,전라남도 영암군 신북면,중상사고,0,1,2,0,차대차 - 추돌,안전운전불이행,건조,맑음,교차로 - 교차로부근,승용,남,51세,경상,화물,남,67세,경상
2019111500100528,2019년 11월 15일 16시,금요일,전라남도 광양시 옥룡면,경상사고,0,0,4,0,차대차 - 후진중충돌,안전운전불이행,건조,맑음,교차로 - 교차로부근,승용,여,53세,상해없음,승용,여,54세,경상
2019111500100593,2019년 11월 15일 17시,금요일,전라남도 순천시 동외동,경상사고,0,0,2,0,차대차 - 측면충돌,교차로운행방법위반,건조,맑음,교차로 - 교차로부근,화물,남,57세,상해없음,승용,여,53세,경상
2019111500100594,2019년 11월 15일 17시,금요일,전라남도 무안군 청계면,경상사고,0,0,1,0,차대차 - 추돌,안전운전불이행,건조,맑음,교차로 - 교차로부근,이륜,남,53세,경상,승용,남,42세,상해없음
2019111500100667,2019년 11월 15일 18시,금요일,전라남도 여수시 미평동,중상사고,0,1,1,0,차대차 - 측면충돌,교차로운행방법위반,건조,맑음,교차로 - 교차로안,이륜,남,58세,중상,승용,남,34세,경상
2019111500100668,2019년 11월 15일 18시,금요일,전라남도 순천시 조례동,경상사고,0,0,1,0,차대차 - 측면충돌,안전운전불이행,건조,맑음,교차로 - 교차로안,승용,남,45세,상해없음,승용,여,56세,경상
2019111500100669,2019년 11월 15일 18시,금요일,전라남도 곡성군 오곡면,중상사고,0,1,0,0,차대차 - 추돌,안전운전불이행,건조,맑음,단일로 - 기타,화물,남,65세,상해없음,화물,여,53세,상해없음
2019111500100751,2019년 11월 15일 19시,금요일,전라남도 여수시 여서동,경상사고,0,0,4,0,차대차 - 측면충돌,신호위반,건조,맑음,교차로 - 교차로안,화물,남,49세,상해없음,승용,남,32세,경상
2019111500100752,2019년 11월 15일 19시,금요일,전라남도 순천시 장천동,경상사고,0,0,1,0,차대사람 - 횡단중,안전운전불이행,건조,맑음,단일로 - 기타,승용,남,35세,상해없음,보행자,여,20세,경상
2019111500100753,2019년 11월 15일 19시,금요일,전라남도 광양시 광양읍,경상사고,0,0,2,0,차대차 - 기타,교차로운행방법위반,건조,맑음,교차로 - 교차로안,승용,여,37세,경상,승용,남,25세,경상
2019111500100754,2019년 11월 15일 19시,금요일,전라남도 곡성군 석곡면,경상사고,0,0,2,0,차대차 - 기타,안전운전불이행,건조,맑음,단일로 - 터널,화물,남,45세,상해없음,승용,남,28세,경상
2019111500100808,2019년 11월 15일 20시,금요일,전라남도 목포시 용당동,경상사고,0,0,1,0,차대사람 - 기타,보행자보호의무위반,건조,맑음,단일로 - 기타,승용,남,66세,상해없음,보행자,여,66세,경상
2019111500100809,2019년 11월 15일 20시,금요일,전라남도 보성군 벌교읍,경상사고,0,0,3,0,차량단독 - 도로외이탈 - 추락,안전운전불이행,건조,맑음,단일로 - 기타,승용,남,31세,경상,,,,
2019111500100810,2019년 11월 15일 20시,금요일,전라남도 보성군 벌교읍,경상사고,0,0,2,0,차대차 - 측면충돌,직진우회전진행방해,건조,맑음,교차로 - 교차로안,승용,남,67세,상해없음,승합,남,53세,경상
2019111500100856,2019년 11월 15일 21시,금요일,전라남도 여수시 미평동,중상사고,0,1,0,0,차대사람 - 길가장자리구역통행중,안전운전불이행,건조,맑음,기타 - 기타,승용,남,53세,상해없음,보행자,여,45세,중상
2019111500100857,2019년 11월 15일 21시,금요일,전라남도 여수시 종화동,경상사고,0,0,1,0,차대사람 - 횡단중,안전운전불이행,건조,맑음,단일로 - 기타,이륜,남,42세,상해없음,보행자,여,21세,경상