사고번호,사고일시,요일,시군구,사고내용,사망자수,중상자수,경상자수,부상신고자수,사고유형,법규위반,노면상태,기상상태,도로형태,가해운전자 차종,가해운전자 성별,가해운전자 연령,가해운전자 상해정도,피해운전자 차종,피해운전자 성별,피해운전자 연령,피해운전자 상해정도
2019112300100252,2019년 11월 23일 11시,토요일,전라남도 광양시 옥곡면,경상사고,0,0,4,0,차대차 - 측면충돌,교차로운행방법위반,건조,맑음,교차로 - 교차로안,승용,남,27세,경상,화물,남,65세,경상
2019112300100287,2019년 11월 23일 12시,토요일,전라남도 목포시 산정동,경상사고,0,0,2,0,차대차 - 기타,안전운전불이행,건조,맑음,단일로 - 기타,승용,남,56세,상해없음,승용,여,29세,경상
2019112300100336,2019년 11월 23일 13시,토요일,전라남도 순천시 장천동,경상사고,0,0,4,0,차대차 - 기타,안전운전불이행,건조,맑음,교차로 - 교차로안,승용,여,24세,기타불명,승용,남,30세,경상
2019112300100337,2019년 11월 23일 13시,토요일,전라남도 담양군 고서면,경상사고,0,0,1,0,차대차 - 기타,불법유턴,건조,맑음,단일로 - 기타,승용,남,27세,상해없음,화물,남,54세,경상
2019112300100392,2019년 11월 23일 14시,토요일,전라남도 순천시 장천동,중상사고,0,1,0,0,차대차 - 측면충돌,신호위반,건조,맑음,교차로 - 교차로안,자전거,남,64세,중상,승용,남,78세,상해없음
2019112300100393,2019년 11월 23일 14시,토요일,전라남도 순천시 매곡동,경상사고,0,0,4,0,차대차 - 측면충돌,직진우회전진행방해,건조,맑음,교차로 - 교차로안,화물,남,55세,경상,승용,여,36세,경상
2019112300100394,2019년 11월 23일 14시,토요일,전라남도 담양군 창평면,경상사고,0,0,4,0,차대차 - 측면충돌,안전운전불이행,건조,맑음,교차로 - 교차로안,승합,남,35세,경상,승용,남,71세,경상
2019112300100420,2019년 11월 23일 15시,토요일,전라남도 나주시 산포면,경상사고,0,0,2,0,차대차 - 측면충돌,직진우회전진행방해,건조,맑음,교차로 - 교차로안,승용,남,31세,경상,화물,남,47세,경상
2019112300100463,2019년 11월 23일 16시,토요일,전라남도 강진군 강진읍,경상사고,0,0,1,0,차대차 - 추돌,안전운전불이행,건조,맑음,교차로 - 교차로부근,승용,남,33세,상해없음,승용,여,44세,경상
2019112300100502,2019년 11월 23일 17시,토요일,전라남도 여수시 학동,경상사고,0,0,1,0,차대차 - 측면충돌,안전운전불이행,건조,맑음,교차로 - 교차로안,승용,남,59세,상해없음,이륜,남,28세,경상
2019112300100563,2019년 11월 23일 18시,토요일,전라남도 순천시 연향동,경상사고,0,0,2,0,차대차 - 측면충돌,안전운전불이행,건조,맑음,단일로 - 기타,원동기,남,20세,상해없음,승용,여,44세,경상
2019112300100611,2019년 11월 23일 19시,토요일,전라남도 신안군 압해읍,중상사고,0,3,0,0,차대차 - 기타,안전운전불이행,건조,맑음,단일로 - 기타,화물,남,68세,중상,화물,남,43세,상해없음
2019112300100612,2019년 11월 23일 19시,토요일,전라남도 여수시 중앙동,경상사고,0,0,1,0,차대차 - 측면충돌,안전운전불이행,건조,맑음,교차로 - 교차로안,승용,남,63세,상해없음,승용,남,69세,경상
2019112300100688,2019년 11월 23일 21시,토요일,전라남도 순천시 조례동,경상사고,0,0,2,0,차대차 - 기타,안전운전불이행,건조,맑음,단일로 - 기타,기타불명,기타불명,미분류,기타불명,승용,여,27세,상해없음
2019112300100709,2019년 11월 23일 22시,토요일,전라남도 여수시 봉강동,경상사고,0,0,1,0,차대차 - 추돌,안전운전불이행,건조,맑음,교차로 - 교차로부근,이륜,남,40세,상해없음,승용,남,66세,경상
2019112300100710,2019년 11월 23일 22시,토요일,전라남도 순천시 석현동,경상사고,0,0,1,0,차대차 - 측면충돌,중앙선침범,건조,맑음,교차로 - 교차로부근,승용,남,66세,상해없음,이륜,남,21세,경상
2019112400100029,2019년 11월 24일 00시,일요일,전라남도 목포시 상동,중상사고,0,1,0,0,차대차 - 기타,직진우회전진행방해,건조,맑음,교차로 - 교차로안,이륜,남,35세,중상,승용,남,35세,상해없음
2019112400100065,2019년 11월 24일 03시,일요일,전라남도 순천시 조례동,경상사고,0,0,1,0,차대사람 - 횡단중,보행자보호의무위반,건조,맑음,교차로 - 교차로횡단보도내,승용,남,53세,상해없음,보행자,여,43세,경상
2019112400100076,2019년 11월 24일 04시,일요일,전라남도 목포시 연산동,경상사고,0,0,1,0,차대차 - 기타,안전운전불이행,건조,맑음,단일로 - 기타,승용,남,45세,상해없음,승용,남,58세,상해없음
2019112400100088,2019년 11월 24일 05시,일요일,전라남도 순천시 덕월동,중상사고,0,1,0,0,차대사람 - 차도통행중,안전운전불이행,젖음/습기,비,교차로 - 교차로안,승용,남,82세,상해없음,보행자,여,72세,중상
2019112400100089,2019년 11월 24일 05시,일요일,전라남도 해남군 해남읍,중상사고,0,3,0,0,차대차 - 기타,안전운전불이행,건조,맑음,단일로 - 기타,승용,남,34세,중상,건설기계,남,40세,상해없음
2019112400100116,2019년 11월 24일 07시,일요일,전라남도 광양시 광양읍,경상사고,0,0,1,0,차대차 - 추돌,교차로운행방법위반,건조,맑음,교차로 - 교차로안,승용,남,26세,상해없음,승용,남,29세,경상
2019112400100124,2019년 11월 24일 08시,일요일,전라남도 목포시 산정동,경상사고,0,0,1,0,차대차 - 측면충돌,안전운전불이행,건조,맑음,교차로 - 교차로횡단보도내,화물,남,45세,상해없음,자전거,여,68세,경상
2019112400100125,2019년 11월 24일 08시,일요일,전라남도 광양시 마동,중상사고,0,1,2,1,차량단독 - 공작물충돌,안전운전불이행,젖음/습기,맑음,단일로 - 기타,승용,남,20세,부상신고,,,,
2019112400100153,2019년 11월 24일 10시,일요일,전라남도 나주시 삼도동,경상사고,0,0,1,0,차대사람 - 기타,안전운전불이행,건조,맑음,단일로 - 기타,화물,남,74세,상해없음,보행자,여,64세,경상
2019112400100178,2019년 11월 24일 11시,일요일,전라남도 화순군 남면,경상사고,0,0,2,0,차대차 - 측면충돌,안전운전불이행,건조,맑음,단일로 - 기타,승용,남,51세,상해없음,승용,남,54세,경상
2019112400100197,2019년 11월 24일 12시,일요일,전라남도 화순군 화순읍,경상사고,0,0,2,0,차대차 - 추돌,안전거리미확보,건조,맑음,단일로 - 기타,승용,여,44세,상해없음,승용,남,67세,경상
2019112400100324,2019년 11월 24일 16시,일요일,전라남도 목포시 남교동,경상사고,0,0,4,0,차대차 - 측면충돌,안전운전불이행,건조,맑음,교차로 - 교차로안,승용,남,21세,경상,승용,여,42세,경상
2019112400100366,2019년 11월 24일 17시,일요일,전라남도 곡성군 오곡면,중상사고,0,1,0,0,차대차 - 기타,중앙선침범,건조,맑음,교차로 - 교차로부근,승용,남,27세,상해없음,화물,남,60세,상해없음
2019112400100419,2019년 11월 24일 18시,일요일,전라남도 무안군 망운면,중상사고,0,1,1,0,차대차 - 추돌,안전운전불이행,건조,맑음,단일로 - 기타,화물,남,64세,상해없음,화물,남,40세,기타불명
2019112400100467,2019년 11월 24일 19시,일요일,전라남도 목포시 옥암동,경상사고,0,0,1,0,차대차 - 기타,안전운전불이행,건조,맑음,교차로 - 교차로횡단보도내,승용,남,42세,상해없음,이륜,남,36세,경상
2019112400100468,2019년 11월 24일 19시,일요일,전라남도 여수시 웅천동,경상사고,0,0,3,0,차대차 - 측면충돌,안전운전불이행,건조,맑음,단일로 - 기타,승용,여,54세,경상,승용,남,50세,경상
2019112400100469,2019년 11월 24일 19시,일요일,전라남도 순천시 석현동,경상사고,0,0,1,0,차대차 - 측면충돌,안전운전불이행,건조,맑음,교차로 - 교차로안,승용,여,20세,상해없음,이륜,남,20세,경상
2019112400100470,2019년 11월 24일 19시,일요일,전라남도 고흥군 남양면,중상사고,0,1,2,0,차대차 - 추돌,과속,건조,맑음,단일로 - 기타,승용,남,40세,중상,승합,남,63세,경상
2019112400100471,2019년 11월 24일 19시,일요일,전라남도 고흥군 남양면,경상사고,0,0,2,0,차량단독 - 기타,안전운전불이행,건조,맑음,단일로 - 기타,승용,남,57세,경상,,,,
2019112400100499,2019년 11월 24일 20시,일요일,전라남도 순천시 조례동,중상사고,0,1,0,0,차대차 - 기타,안전운전불이행,건조,맑음,교차로 - 교차로안,승용,여,44세,상해없음,이륜,남,23세,중상
2019112400100523,2019년 11월 24일 21시,일요일,전라남도 해남군 옥천면,부상신고사고,0,0,0,1,차량단독 - 기타,안전운전불이행,건조,맑음,단일로 - 기타,승용,남,57세,부상신고,,,,
2019112400100551,2019년 11월 24일 23시,일요일,전라남도 순천시 대룡동,경상사고,0,0,2,0,차대차 - 추돌,안전거리미확보,건조,맑음,단일로 - 기타,승용,남,45세,상해없음,화물,남,41세,경상
2019112500100060,2019년 11월 25일 05시,월요일,전라남도 곡성군 곡성읍,중상사고,0,1,0,0,차량단독 - 공작물충돌,안전운전불이행,건조,맑음,단일로 - 기타,승용,남,59세,중상,,,,
2019112500100076,2019년 11월 25일 06시,월요일,전라남도 곡성군 삼기면,경상사고,0,0,1,0,차대차 - 기타,신호위반,건조,맑음,단일로 - 교량,화물,남,52세,상해없음,승용,남,38세,경상
2019112500100190,2019년 11월 25일 09시,월요일,전라남도 고흥군 점암면,중상사고,0,1,0,0,차대차 - 측면충돌,중앙선침범,건조,맑음,단일로 - 기타,화물,남,66세,상해없음,원동기,남,72세,중상
2019112500100226,2019년 11월 25일 10시,월요일,전라남도 여수시 묘도동,경상사고,0,0,1,0,차대차 - 측면충돌,안전거리미확보,건조,맑음,단일로 - 기타,화물,남,46세,상해없음,승용,남,43세,상해없음
2019112500100227,2019년 11월 25일 10시,월요일,전라남도 장흥군 장흥읍,경상사고,0,0,1,0,차대차 - 측면충돌,안전운전불이행,건조,맑음,단일로 - 기타,이륜,남,80세,경상,승용,남,52세,상해없음
2019112500100257,2019년 11월 25일 11시,월요일,전라남도 목포시 대양동,경상사고,0,0,2,0,차대차 - 측면충돌,중앙선침범,건조,맑음,교차로 - 교차로부근,승용,남,63세,경상,승용,남,21세,경상
2019112500100278,2019년 11월 25일 12시,월요일,전라남도 목포시 석현동,중상사고,0,1,0,0,차대사람 - 기타,안전운전불이행,건조,맑음,기타 - 기타,승용,남,20세,상해없음,보행자,여,68세,중상
2019112500100279,2019년 11월 25일 12시,월요일,전라남도 담양군 가사문학면,중상사고,0,1,0,0,차대사람 - 길가장자리구역통행중,기타,건조,맑음,단일로 - 기타,승합,남,60세,상해없음,보행자,여,79세,중상
2019112500100309,2019년 11월 25일 13시,월요일,전라남도 여수시 소라면,경상사고,0,0,1,0,차대차 - 측면충돌,차로위반,건조,맑음,교차로 - 교차로부근,원동기,남,79세,경상,승용,여,26세,상해없음
2019112500100310,2019년 11월 25일 13시,월요일,전라남도 여수시 학동,경상사고,0,0,1,0,차대차 - 측면충돌,안전운전불이행,건조,맑음,교차로 - 교차로부근,승용,남,32세,경상,승용,여,47세,상해없음
2019112500100311,2019년 11월 25일 13시,월요일,전라남도 곡성군 곡성읍,중상사고,0,1,0,0,차대차 - 측면충돌,직진우회전진행방해,건조,흐림,교차로 - 교차로안,화물,남,73세,상해없음,자전거,남,85세,중상
2019112500100312,2019년 11월 25일 13시,월요일,전라남도 광양시 옥곡면,중상사고,0,1,0,0,차대차 - 측면충돌,불법유턴,건조,맑음,교차로 - 교차로안,승용,남,59세,상해없음,이륜,남,64세,중상
2019112500100313,2019년 11월 25일 13시,월요일,전라남도 광양시 광영동,경상사고,0,0,1,1,차대차 - 후진중충돌,안전운전불이행,건조,맑음,단일로 - 기타,승용,여,35세,부상신고,승용,여,68세,경상
2019112500100379,2019년 11월 25일 15시,월요일,전라남도 목포시 대성동,경상사고,0,0,1,0,차대사람 - 횡단중,보행자보호의무위반,건조,맑음,교차로 - 교차로부근,승용,남,35세,상해없음,보행자,여,9세,경상
2019112500100467,2019년 11월 25일 17시,월요일,전라남도 순천시 조례동,경상사고,0,0,1,0,차대차 - 기타,안전운전불이행,건조,맑음,단일로 - 기타,승용,남,28세,상해없음,승용,여,52세,경상
2019112500100590,2019년 11월 25일 19시,월요일,전라남도 목포시 옥암동,경상사고,0,0,3,0,차대차 - 측면충돌,안전운전불이행,건조,흐림,단일로 - 기타,승용,여,55세,경상,승용,남,30세,경상
2019112500100630,2019년 11월 25일 20시,월요일,전라남도 목포시 상동,경상사고,0,0,4,0,차대차 - 추돌,안전운전불이행,건조,맑음,교차로 - 교차로부근,승용,남,33세,상해없음,승용,남,34세,경상
2019112500100631,2019년 11월 25일 20시,월요일,전라남도 여수시 미평동,중상사고,0,1,0,0,차량단독 - 전도전복 - 전도,안전운전불이행,건조,맑음,단일로 - 기타,이륜,남,34세,중상,,,,
2019112500100632,2019년 11월 25일 20시,월요일,전라남도 순천시 조례동,경상사고,0,0,1,0,차대차 - 기타,교차로운행방법위반,건조,맑음,교차로 - 교차로안,승용,남,43세,상해없음,승용,여,29세,경상
2019112500100660,2019년 11월 25일 21시,월요일,전라남도 순천시 조례동,경상사고,0,0,1,0,차대차 - 측면충돌,안전운전불이행,건조,맑음,단일로 - 기타,승용,남,44세,상해없음,승용,남,57세,경상
2019112500100661,2019년 11월 25일 21시,월요일,전라남도 광양시 광양읍,경상사고,0,0,1,0,차대차 - 기타,안전거리미확보,건조,맑음,단일로 - 기타,승용,남,64세,상해없음,이륜,남,20세,경상
2019112500100681,2019년 11월 25일 22시,월요일,전라남도 목포시 옥암동,경상사고,0,0,1,0,차대차 - 추돌,안전운전불이행,건조,맑음,단일로 - 기타,승용,남,58세,상해없음,승용,남,34세,경상
2019112500100682,2019년 11월 25일 22시,월요일,전라남도 나주시 대호동,경상사고,0,0,1,0,차대차 - 측면충돌,직진우회전진행방해,건조,맑음,교차로 - 교차로안,승용,남,28세,상해없음,이륜,남,21세,경상
2019112500100703,2019년 11월 25일 23시,월요일,전라남도 순천시 연향동,중상사고,0,2,1,0,차대차 - 측면충돌,신호위반,건조,맑음,교차로 - 교차로안,승용,남,39세,중상,승용,남,48세,경상
2019112500100704,2019년 11월 25일 23시,월요일,전라남도 영광군 법성면,경상사고,0,0,1,0,차대차 - 측면충돌,안전운전불이행,건조,맑음,단일로 - 기타,승용,여,64세,상해없음,승용,여,24세,경상
2019112500100705,2019년 11월 25일 23시,월요일,전라남도 광양시 중동,경상사고,0,0,6,0,차대차 - 기타,신호위반,건조,맑음,교차로 - 교차로부근,승용,남,27세,경상,승용,남,39세,경상
2019112600100062,2019년 11월 26일 02시,화요일,전라남도 순천시 연향동,중상사고,0,1,0,0,차대차 - 측면충돌,안전운전불이행,건조,맑음,단일로 - 기타,승용,여,58세,중상,승용,남,45세,상해없음
2019112600100063,2019년 11월 26일 02시,화요일,전라남도 무안군 해제면,경상사고,0,0,1,0,차대차 - 정면충돌,안전운전불이행,건조,맑음,교차로 - 교차로안,화물,남,48세,상해없음,승용,남,53세,경상
2019112600100064,2019년 11월 26일 02시,화요일,전라남도 강진군 병영면,경상사고,0,0,1,0,차대차 - 추돌,안전운전불이행,건조,맑음,기타 - 기타,승용,남,53세,상해없음,화물,남,60세,경상
2019112600100083,2019년 11월 26일 05시,화요일,전라남도 신안군 비금면,경상사고,0,0,1,0,차량단독 - 기타,안전운전불이행,건조,맑음,교차로 - 교차로안,승용,남,34세,상해없음,,,,
2019112600100084,2019년 11월 26일 05시,화요일,전라남도 순천시 남내동,중상사고,0,1,0,0,차대차 - 기타,신호위반,건조,맑음,교차로 - 교차로안,이륜,남,76세,중상,승합,남,63세,상해없음
2019112600100097,2019년 11월 26일 06시,화요일,전라남도 목포시 상동,경상사고,0,0,3,0,차대차 - 추돌,안전운전불이행,건조,흐림,교차로 - 교차로부근,승용,남,39세,경상,화물,남,50세,경상
2019112600100124,2019년 11월 26일 07시,화요일,전라남도 영암군 삼호읍,경상사고,0,0,1,0,차대차 - 측면충돌,안전운전불이행,건조,맑음,교차로 - 교차로안,승용,남,38세,상해없음,승용,남,60세,경상
2019112600100154,2019년 11월 26일 08시,화요일,전라남도 함평군 대동면,경상사고,0,0,1,0,차대차 - 기타,차로위반,건조,맑음,단일로 - 기타,화물,남,65세,상해없음,승합,남,57세,상해없음
2019112600100155,2019년 11월 26일 08시,화요일,전라남도 영암군 삼호읍,경상사고,0,0,2,0,차대차 - 기타,신호위반,건조,맑음,교차로 - 교차로안,승용,남,27세,상해없음,승용,남,42세,경상
2019112600100187,2019년 11월 26일 09시,화요일,전라남도 나주시 남평읍,경상사고,0,0,1,0,차대차 - 측면충돌,직진우회전진행방해,건조,맑음,교차로 - 교차로안,승용,남,78세,상해없음,승용,남,31세,경상
2019112600100188,2019년 11월 26일 09시,화요일,전라남도 영광군 염산면,부상신고사고,0,0,0,2,차대차 - 측면충돌,안전운전불이행,건조,맑음,단일로 - 기타,화물,남,75세,부상신고,건설기계,남,47세,상해없음
2019112600100225,2019년 11월 26일 10시,화요일,전라남도 여수시 학동,경상사고,0,0,2,0,차대차 - 측면충돌,안전운전불이행,건조,맑음,교차로 - 교차로부근,승용,남,63세,상해없음,승용,여,35세,경상
2019112600100226,2019년 11월 26일 10시,화요일,전라남도 고흥군 고흥읍,중상사고,0,1,0,0,차대차 - 측면충돌,교차로운행방법위반,건조,맑음,교차로 - 교차로안,화물,남,75세,상해없음,이륜,남,75세,중상
2019112600100227,2019년 11월 26일 10시,화요일,전라남도 광양시 진상면,경상사고,0,0,2,0,차대차 - 정면충돌,직진우회전진행방해,건조,맑음,교차로 - 교차로안,승용,여,60세,경상,승용,남,22세,경상
2019112600100260,2019년 11월 26일 11시,화요일,전라남도 여수시 학동,경상사고,0,0,1,0,차대차 - 측면충돌,안전거리미확보,건조,맑음,단일로 - 기타,건설기계,남,62세,상해없음,승용,여,26세,경상
2019112600100261,2019년 11월 26일 11시,화요일,전라남도 여수시 여서동,경상사고,0,0,1,0,차대차 - 측면충돌,안전운전불이행,건조,맑음,교차로 - 교차로부근,건설기계,남,45세,기타불명,승용,여,34세,경상
2019112600100296,2019년 11월 26일 12시,화요일,전라남도 목포시 산정동,중상사고,0,1,0,0,차대사람 - 기타,안전운전불이행,건조,맑음,교차로 - 교차로부근,승합,남,45세,상해없음,보행자,여,84세,중상
2019112600100297,2019년 11월 26일 12시,화요일,전라남도 여수시 학동,경상사고,0,0,1,0,차대차 - 측면충돌,안전거리미확보,건조,맑음,단일로 - 기타,승용,여,68세,상해없음,화물,남,27세,경상
2019112600100298,2019년 11월 26일 12시,화요일,전라남도 장흥군 장흥읍,중상사고,0,1,0,0,차대차 - 측면충돌,안전운전불이행,건조,맑음,단일로 - 기타,승용,남,49세,상해없음,이륜,여,79세,중상
2019112600100299,2019년 11월 26일 12시,화요일,전라남도 광양시 금호동,중상사고,0,1,1,0,차대차 - 기타,중앙선침범,건조,맑음,단일로 - 기타,화물,남,60세,상해없음,승용,남,27세,경상
2019112600100332,2019년 11월 26일 13시,화요일,전라남도 여수시 교동,경상사고,0,0,1,0,차대차 - 측면충돌,안전운전불이행,건조,맑음,교차로 - 교차로안,화물,남,64세,상해없음,승용,여,51세,경상
2019112600100333,2019년 11월 26일 13시,화요일,전라남도 광양시 광영동,경상사고,0,0,1,0,차대차 - 기타,직진우회전진행방해,건조,맑음,교차로 - 교차로안,화물,남,57세,상해없음,화물,남,47세,경상
2019112600100444,2019년 11월 26일 16시,화요일,전라남도 보성군 웅치면,중상사고,0,1,0,0,차량단독 - 공작물충돌,안전운전불이행,건조,맑음,단일로 - 기타,화물,남,62세,중상,,,,
2019112600100445,2019년 11월 26일 16시,화요일,전라남도 장성군 장성읍,경상사고,0,0,1,0,차대사람 - 기타,안전운전불이행,건조,맑음,단일로 - 기타,화물,남,71세,상해없음,보행자,여,82세,경상
2019112600100483,2019년 11월 26일 17시,화요일,전라남도 여수시 오림동,경상사고,0,0,2,0,차대차 - 측면충돌,차로위반,건조,맑음,교차로 - 교차로안,승용,남,59세,상해없음,승용,여,58세,경상
2019112600100484,2019년 11월 26일 17시,화요일,전라남도 순천시 조곡동,경상사고,0,0,1,0,차대차 - 추돌,교차로운행방법위반,건조,맑음,교차로 - 교차로안,승용,남,40세,상해없음,승용,남,62세,상해없음
2019112600100485,2019년 11월 26일 17시,화요일,전라남도 장흥군 장흥읍,부상신고사고,0,0,0,1,차대사람 - 차도통행중,안전운전불이행,건조,맑음,교차로 - 교차로안,승용,남,72세,기타불명,보행자,여,9세,부상신고
2019112600100486,2019년 11월 26일 17시,화요일,전라남도 고흥군 고흥읍,중상사고,0,1,1,0,차대차 - 측면충돌,중앙선침범,건조,맑음,단일로 - 기타,화물,남,28세,경상,승용,남,65세,중상
2019112600100487,2019년 11월 26일 17시,화요일,전라남도 곡성군 곡성읍,중상사고,0,2,2,0,차대차 - 측면충돌,안전운전불이행,건조,맑음,단일로 - 기타,승용,여,37세,경상,농기계,남,57세,중상
2019112600100540,2019년 11월 26일 18시,화요일,전라남도 목포시 대양동,경상사고,0,0,2,0,차대차 - 기타,안전운전불이행,건조,맑음,단일로 - 기타,화물,남,52세,상해없음,승용,남,25세,경상
2019112600100626,2019년 11월 26일 20시,화요일,전라남도 목포시 옥암동,경상사고,0,0,1,0,차대차 - 기타,신호위반,건조,맑음,교차로 - 교차로안,승용,여,45세,상해없음,승용,남,23세,경상
2019112600100627,2019년 11월 26일 20시,화요일,전라남도 순천시 연향동,경상사고,0,0,1,0,차대사람 - 횡단중,안전운전불이행,건조,맑음,단일로 - 기타,승용,남,36세,상해없음,보행자,여,83세,경상
2019112600100714,2019년 11월 26일 23시,화요일,전라남도 여수시 신기동,경상사고,0,0,2,0,차대차 - 추돌,신호위반,건조,맑음,교차로 - 교차로안,승용,남,57세,상해없음,승용,남,61세,경상
2019112600100715,2019년 11월 26일 23시,화요일,전라남도 영암군 삼호읍,경상사고,0,0,1,0,차대차 - 측면충돌,안전운전불이행,건조,맑음,단일로 - 기타,승용,남,22세,상해없음,화물,남,36세,경상
2019112700100055,2019년 11월 27일 03시,수요일,전라남도 영암군 영암읍,경상사고,0,0,1,0,차량단독 - 공작물충돌,안전운전불이행,건조,맑음,단일로 - 기타,승용,남,26세,경상,,,,
2019112700100056,2019년 11월 27일 03시,수요일,전라남도 영암군 삼호읍,경상사고,0,0,1,0,차대차 - 기타,안전운전불이행,건조,맑음,교차로 - 교차로안,승용,남,60세,상해없음,승용,남,22세,경상
2019112700100078,2019년 11월 27일 06시,수요일,전라남도 순천시 해룡면,중상사고,0,1,0,0,차대사람 - 횡단중,안전운전불이행,건조,맑음,교차로 - 교차로부근,승용,남,52세,상해없음,보행자,여,76세,중상
2019112700100142,2019년 11월 27일 08시,수요일,전라남도 목포시 산정동,경상사고,0,0,1,0,차대사람 - 횡단중,신호위반,건조,맑음,교차로 - 교차로횡단보도내,기타불명,기타불명,미분류,기타불명,보행자,여,7세,경상
2019112700100143,2019년 11월 27일 08시,수요일,전라남도 목포시 죽교동,경상사고,0,0,2,0,차대차 - 기타,교차로운행방법위반,건조,맑음,교차로 - 교차로안,화물,남,71세,경상,승용,여,34세,경상
2019112700100144,2019년 11월 27일 08시,수요일,전라남도 곡성군 옥과면,중상사고,0,1,0,0,차대사람 - 기타,안전운전불이행,건조,흐림,기타 - 기타,승용,여,47세,상해없음,보행자,여,32세,중상
2019112700100175,2019년 11월 27일 09시,수요일,전라남도 여수시 남면,부상신고사고,0,0,0,1,차량단독 - 기타,안전운전불이행,건조,맑음,단일로 - 기타,기타불명,남,70세,부상신고,,,,
2019112700100266,2019년 11월 27일 12시,수요일,전라남도 화순군 도곡면,경상사고,0,0,1,0,차대차 - 기타,안전운전불이행,건조,맑음,단일로 - 기타,이륜,남,75세,상해없음,자전거,남,45세,경상
2019112700100267,2019년 11월 27일 12시,수요일,전라남도 함평군 함평읍,중상사고,0,1,0,0,차대사람 - 횡단중,안전운전불이행,건조,맑음,교차로 - 교차로안,화물,남,76세,상해없음,보행자,남,85세,중상
2019112700100298,2019년 11월 27일 13시,수요일,전라남도 화순군 화순읍,경상사고,0,0,1,0,차대차 - 측면충돌,안전운전불이행,건조,맑음,단일로 - 기타,승용,여,21세,상해없음,승용,여,47세,경상
2019112700100420,2019년 11월 27일 16시,수요일,전라남도 여수시 서교동,경상사고,0,0,1,0,차대사람 - 기타,안전운전불이행,건조,맑음,단일로 - 기타,승합,남,19세,기타불명,보행자,여,16세,경상
2019112700100421,2019년 11월 27일 16시,수요일,전라남도 광양시 마동,경상사고,0,0,1,0,차대차 - 측면충돌,교차로운행방법위반,건조,맑음,교차로 - 교차로안,화물,남,66세,상해없음,승용,남,53세,경상
2019112700100457,2019년 11월 27일 17시,수요일,전라남도 나주시 빛가람동,경상사고,0,0,1,0,차대차 - 추돌,안전운전불이행,건조,맑음,교차로 - 교차로부근,승용,여,68세,상해없음,승용,여,42세,경상
2019112700100458,2019년 11월 27일 17시,수요일,전라남도 함평군 학교면,경상사고,0,0,5,1,차대차 - 측면충돌,직진우회전진행방해,건조,맑음,교차로 - 교차로안,승용,남,56세,부상신고,승용,남,50세,경상
2019112700100459,2019년 11월 27일 17시,수요일,전라남도 구례군 토지면,경상사고,0,0,1,0,차대사람 - 보도통행중,안전운전불이행,건조,맑음,단일로 - 기타,승용,여,41세,상해없음,보행자,남,73세,경상
2019112700100518,2019년 11월 27일 18시,수요일,전라남도 목포시 상동,경상사고,0,0,2,0,차대차 - 측면충돌,교차로운행방법위반,건조,맑음,교차로 - 교차로안,승용,남,47세,상해없음,승용,남,22세,경상
2019112700100519,2019년 11월 27일 18시,수요일,전라남도 순천시 매곡동,경상사고,0,0,7,0,차대차 - 측면충돌,안전운전불이행,건조,맑음,단일로 - 기타,승용,남,27세,경상,승합,남,61세,경상
2019112700100520,2019년 11월 27일 18시,수요일,전라남도 순천시 해룡면,경상사고,0,0,2,0,차대차 - 측면충돌,안전운전불이행,건조,맑음,교차로 - 교차로안,승용,여,42세,기타불명,승용,남,38세,경상
2019112700100521,2019년 11월 27일 18시,수요일,전라남도 광양시 광양읍,경상사고,0,0,1,0,차대차 - 측면충돌,교차로운행방법위반,건조,맑음,교차로 - 교차로안,승용,남,65세,상해없음,이륜,남,20세,경상
2019112700100578,2019년 11월 27일 19시,수요일,전라남도 목포시 산정동,경상사고,0,0,2,0,차대차 - 기타,안전운전불이행,건조,맑음,단일로 - 기타,승용,남,63세,상해없음,승용,남,51세,경상
2019112700100579,2019년 11월 27일 19시,수요일,전라남도 여수시 율촌면,중상사고,0,2,0,0,차대차 - 추돌,안전운전불이행,건조,맑음,단일로 - 기타,화물,남,46세,중상,승용,여,54세,중상
2019112700100616,2019년 11월 27일 20시,수요일,전라남도 여수시 화장동,중상사고,0,2,0,0,차대사람 - 횡단중,보행자보호의무위반,건조,맑음,교차로 - 교차로부근,승용,남,58세,상해없음,보행자,여,58세,중상
2019112700100617,2019년 11월 27일 20시,수요일,전라남도 영암군 삼호읍,경상사고,0,0,1,0,차대차 - 추돌,안전운전불이행,건조,맑음,교차로 - 교차로부근,화물,남,67세,상해없음,승용,남,50세,경상
2019112700100688,2019년 11월 27일 23시,수요일,전라남도 나주시 빛가람동,경상사고,0,0,1,0,차대차 - 추돌,안전운전불이행,건조,맑음,교차로 - 교차로부근,승용,여,38세,상해없음,화물,남,42세,경상
2019112800100029,2019년 11월 28일 00시,목요일,전라남도 목포시 상동,경상사고,0,0,1,0,차대차 - 측면충돌,신호위반,건조,맑음,교차로 - 교차로안,이륜,남,19세,경상,승용,남,49세,상해없음