사고번호,사고일시,요일,시군구,사고내용,사망자수,중상자수,경상자수,부상신고자수,사고유형,법규위반,노면상태,기상상태,도로형태,가해운전자 차종,가해운전자 성별,가해운전자 연령,가해운전자 상해정도,피해운전자 차종,피해운전자 성별,피해운전자 연령,피해운전자 상해정도
2019120100100488,2019년 12월 1일 19시,일요일,전라남도 여수시 둔덕동,경상사고,0,0,4,0,차대차 - 추돌,안전거리미확보,젖음/습기,비,교차로 - 교차로부근,승용,남,49세,상해없음,승용,남,38세,경상
2019120100100528,2019년 12월 1일 20시,일요일,전라남도 광양시 중동,경상사고,0,0,3,0,차대차 - 측면충돌,신호위반,젖음/습기,비,교차로 - 교차로안,승용,여,45세,상해없음,승용,남,50세,경상
2019120100100556,2019년 12월 1일 21시,일요일,전라남도 목포시 산정동,경상사고,0,0,1,0,차대사람 - 길가장자리구역통행중,안전운전불이행,젖음/습기,비,교차로 - 교차로부근,승용,남,38세,상해없음,보행자,남,20세,경상
2019120100100577,2019년 12월 1일 22시,일요일,전라남도 광양시 광양읍,중상사고,0,1,0,0,차대사람 - 횡단중,안전운전불이행,젖음/습기,비,단일로 - 기타,승용,남,44세,상해없음,보행자,남,59세,중상
2019120100100598,2019년 12월 1일 23시,일요일,전라남도 여수시 학동,경상사고,0,0,1,0,차대사람 - 차도통행중,안전운전불이행,젖음/습기,흐림,교차로 - 교차로안,승용,남,65세,상해없음,보행자,남,28세,경상
2019120200100119,2019년 12월 2일 08시,월요일,전라남도 여수시 학동,경상사고,0,0,1,0,차대차 - 측면충돌,교차로운행방법위반,건조,맑음,교차로 - 교차로안,승용,여,50세,상해없음,승용,남,80세,경상
2019120200100120,2019년 12월 2일 08시,월요일,전라남도 장흥군 부산면,중상사고,0,1,0,0,차대차 - 추돌,기타,건조,맑음,교차로 - 교차로안,승용,여,52세,상해없음,승용,남,77세,중상
2019120200100121,2019년 12월 2일 08시,월요일,전라남도 고흥군 고흥읍,경상사고,0,0,1,0,차대사람 - 횡단중,안전운전불이행,건조,맑음,교차로 - 교차로안,화물,남,60세,상해없음,보행자,여,48세,경상
2019120200100231,2019년 12월 2일 11시,월요일,전라남도 목포시 상동,경상사고,0,0,3,0,차대차 - 기타,안전운전불이행,건조,맑음,단일로 - 기타,승용,여,32세,경상,승용,남,38세,경상
2019120200100232,2019년 12월 2일 11시,월요일,전라남도 여수시 동산동,중상사고,0,1,0,0,차대차 - 기타,안전운전불이행,건조,맑음,단일로 - 기타,이륜,남,77세,중상,승합,남,53세,기타불명
2019120200100233,2019년 12월 2일 11시,월요일,전라남도 영광군 영광읍,경상사고,0,0,1,0,차대차 - 측면충돌,교차로운행방법위반,건조,맑음,교차로 - 교차로부근,화물,남,19세,상해없음,화물,남,51세,경상
2019120200100254,2019년 12월 2일 12시,월요일,전라남도 순천시 연향동,경상사고,0,0,1,0,차대차 - 기타,기타,건조,맑음,단일로 - 기타,화물,남,56세,상해없음,원동기,남,24세,경상
2019120200100255,2019년 12월 2일 12시,월요일,전라남도 영암군 삼호읍,중상사고,0,1,1,0,차대차 - 측면충돌,교차로운행방법위반,건조,맑음,교차로 - 교차로안,승용,남,78세,경상,승용,남,46세,상해없음
2019120200100286,2019년 12월 2일 13시,월요일,전라남도 여수시 신기동,경상사고,0,0,1,0,차대차 - 측면충돌,안전거리미확보,건조,맑음,단일로 - 기타,승용,남,55세,상해없음,승용,여,83세,경상
2019120200100287,2019년 12월 2일 13시,월요일,전라남도 순천시 풍덕동,경상사고,0,0,1,0,차대차 - 기타,안전운전불이행,건조,맑음,단일로 - 기타,승용,남,48세,상해없음,승용,여,55세,경상
2019120200100288,2019년 12월 2일 13시,월요일,전라남도 담양군 담양읍,경상사고,0,0,1,0,차대차 - 측면충돌,안전운전불이행,건조,흐림,교차로 - 교차로안,승용,여,66세,상해없음,원동기,남,70세,경상
2019120200100289,2019년 12월 2일 13시,월요일,전라남도 무안군 무안읍,경상사고,0,0,1,0,차대차 - 기타,과속,젖음/습기,비,교차로 - 교차로안,승용,남,22세,경상,승용,여,47세,상해없음
2019120200100290,2019년 12월 2일 13시,월요일,전라남도 광양시 중동,경상사고,0,0,5,0,차대차 - 측면충돌,교차로운행방법위반,건조,맑음,교차로 - 교차로안,화물,여,55세,경상,승용,여,39세,경상
2019120200100308,2019년 12월 2일 14시,월요일,전라남도 순천시 남정동,경상사고,0,0,2,0,차대차 - 기타,교차로운행방법위반,건조,맑음,교차로 - 교차로안,화물,남,65세,경상,승용,남,62세,경상
2019120200100337,2019년 12월 2일 15시,월요일,전라남도 나주시 대호동,경상사고,0,0,1,0,차대사람 - 차도통행중,안전운전불이행,건조,맑음,단일로 - 기타,화물,남,78세,상해없음,보행자,여,21세,경상
2019120200100338,2019년 12월 2일 15시,월요일,전라남도 해남군 해남읍,경상사고,0,0,2,0,차대차 - 기타,안전운전불이행,건조,맑음,단일로 - 기타,이륜,남,22세,상해없음,승용,여,35세,경상
2019120200100339,2019년 12월 2일 15시,월요일,전라남도 담양군 담양읍,경상사고,0,0,1,0,차대차 - 측면충돌,안전운전불이행,건조,맑음,단일로 - 기타,승용,여,52세,상해없음,자전거,남,81세,경상
2019120200100507,2019년 12월 2일 18시,월요일,전라남도 목포시 용당동,경상사고,0,0,1,0,차대차 - 측면충돌,안전운전불이행,건조,맑음,단일로 - 기타,승용,남,57세,상해없음,승용,여,51세,경상
2019120200100508,2019년 12월 2일 18시,월요일,전라남도 목포시 옥암동,중상사고,0,1,1,0,차대차 - 기타,차로위반,건조,맑음,단일로 - 기타,승용,여,45세,경상,승용,여,51세,중상
2019120200100509,2019년 12월 2일 18시,월요일,전라남도 무안군 현경면,중상사고,0,1,1,0,차대차 - 측면충돌,안전운전불이행,건조,맑음,기타 - 기타,화물,남,62세,상해없음,화물,남,22세,경상
2019120200100547,2019년 12월 2일 19시,월요일,전라남도 목포시 상동,중상사고,0,1,2,0,차대차 - 측면충돌,안전운전불이행,건조,맑음,단일로 - 기타,이륜,남,46세,중상,승용,남,27세,경상
2019120200100548,2019년 12월 2일 19시,월요일,전라남도 여수시 봉강동,경상사고,0,0,1,0,차대차 - 측면충돌,신호위반,건조,맑음,교차로 - 교차로안,승용,남,75세,상해없음,승용,여,30세,경상
2019120200100549,2019년 12월 2일 19시,월요일,전라남도 담양군 무정면,경상사고,0,0,1,0,차량단독 - 공작물충돌,안전운전불이행,건조,기타,단일로 - 기타,승용,남,77세,상해없음,,,,
2019120200100592,2019년 12월 2일 21시,월요일,전라남도 영암군 삼호읍,경상사고,0,0,1,0,차대차 - 정면충돌,안전운전불이행,건조,맑음,교차로 - 교차로안,승용,남,67세,경상,이륜,남,29세,기타불명
2019120200100619,2019년 12월 2일 22시,월요일,전라남도 순천시 연향동,중상사고,0,1,2,0,차대차 - 측면충돌,안전운전불이행,건조,맑음,교차로 - 교차로안,승용,남,49세,경상,승용,남,26세,상해없음
2019120200100620,2019년 12월 2일 22시,월요일,전라남도 해남군 해남읍,경상사고,0,0,1,0,차대차 - 추돌,안전운전불이행,건조,맑음,교차로 - 교차로부근,승용,남,59세,상해없음,승용,남,36세,경상
2019120300100034,2019년 12월 3일 01시,화요일,전라남도 광양시 중군동,경상사고,0,0,1,0,차량단독 - 공작물충돌,안전운전불이행,건조,맑음,단일로 - 기타,화물,남,32세,경상,,,,
2019120300100050,2019년 12월 3일 03시,화요일,전라남도 여수시 웅천동,경상사고,0,0,1,0,차량단독 - 기타,안전운전불이행,건조,맑음,교차로 - 교차로안,승용,남,32세,경상,,,,
2019120300100135,2019년 12월 3일 08시,화요일,전라남도 목포시 상동,경상사고,0,0,2,0,차대차 - 측면충돌,교차로운행방법위반,건조,맑음,교차로 - 교차로안,승용,여,59세,경상,승용,여,52세,경상
2019120300100136,2019년 12월 3일 08시,화요일,전라남도 나주시 산포면,경상사고,0,0,2,0,차대차 - 정면충돌,안전운전불이행,건조,맑음,교차로 - 교차로안,승용,여,39세,경상,승용,여,54세,경상
2019120300100137,2019년 12월 3일 08시,화요일,전라남도 장흥군 장흥읍,중상사고,0,1,0,0,차대차 - 측면충돌,직진우회전진행방해,건조,맑음,교차로 - 교차로안,이륜,여,50세,중상,특수,남,32세,상해없음
2019120300100241,2019년 12월 3일 11시,화요일,전라남도 여수시 서교동,경상사고,0,0,1,0,차대사람 - 기타,안전운전불이행,건조,맑음,단일로 - 기타,승합,남,61세,상해없음,보행자,여,81세,경상
2019120300100270,2019년 12월 3일 12시,화요일,전라남도 목포시 상동,경상사고,0,0,1,0,차대차 - 측면충돌,안전운전불이행,건조,맑음,교차로 - 교차로안,승용,여,56세,상해없음,승용,남,54세,경상
2019120300100271,2019년 12월 3일 12시,화요일,전라남도 목포시 상동,경상사고,0,0,3,0,차대차 - 기타,안전운전불이행,건조,맑음,단일로 - 기타,승용,남,66세,경상,승용,여,39세,경상
2019120300100272,2019년 12월 3일 12시,화요일,전라남도 여수시 교동,경상사고,0,0,1,0,차대사람 - 차도통행중,안전운전불이행,건조,맑음,단일로 - 기타,화물,남,53세,상해없음,보행자,여,57세,경상
2019120300100273,2019년 12월 3일 12시,화요일,전라남도 나주시 이창동,중상사고,0,1,0,0,차대차 - 측면충돌,안전거리미확보,건조,맑음,교차로 - 교차로부근,승용,남,67세,상해없음,이륜,남,70세,중상
2019120300100274,2019년 12월 3일 12시,화요일,전라남도 구례군 구례읍,경상사고,0,0,1,0,차대차 - 후진중충돌,안전운전불이행,건조,맑음,주차장 - 주차장,승용,남,57세,상해없음,자전거,여,64세,경상
2019120300100316,2019년 12월 3일 13시,화요일,전라남도 목포시 산정동,경상사고,0,0,2,0,차대차 - 기타,안전운전불이행,건조,맑음,교차로 - 교차로안,승용,여,42세,경상,화물,남,63세,경상
2019120300100317,2019년 12월 3일 13시,화요일,전라남도 목포시 용당동,중상사고,0,1,0,0,차대사람 - 기타,안전운전불이행,건조,맑음,단일로 - 기타,기타불명,기타불명,미분류,기타불명,보행자,남,54세,중상
2019120300100390,2019년 12월 3일 15시,화요일,전라남도 화순군 화순읍,경상사고,0,0,1,0,차대차 - 측면충돌,기타,건조,맑음,단일로 - 기타,승용,남,38세,상해없음,승용,남,40세,경상
2019120300100422,2019년 12월 3일 16시,화요일,전라남도 여수시 문수동,경상사고,0,0,1,0,차대차 - 기타,안전운전불이행,건조,맑음,교차로 - 교차로안,승용,여,47세,상해없음,자전거,여,59세,경상
2019120300100423,2019년 12월 3일 16시,화요일,전라남도 순천시 용당동,중상사고,0,1,0,0,차대사람 - 기타,안전운전불이행,건조,맑음,단일로 - 기타,승용,여,37세,상해없음,보행자,여,59세,중상
2019120300100461,2019년 12월 3일 17시,화요일,전라남도 강진군 강진읍,경상사고,0,0,2,0,차대차 - 기타,안전운전불이행,건조,맑음,교차로 - 교차로안,원동기,남,18세,경상,승용,남,72세,상해없음
2019120300100514,2019년 12월 3일 18시,화요일,전라남도 나주시 노안면,중상사고,0,1,1,0,차대차 - 측면충돌,안전운전불이행,건조,맑음,교차로 - 교차로부근,화물,남,68세,경상,승용,남,72세,중상
2019120300100582,2019년 12월 3일 20시,화요일,전라남도 강진군 강진읍,경상사고,0,0,1,0,차대차 - 기타,교차로운행방법위반,건조,맑음,교차로 - 교차로안,승용,남,21세,상해없음,승용,남,34세,경상
2019120300100583,2019년 12월 3일 20시,화요일,전라남도 곡성군 곡성읍,경상사고,0,0,1,0,차대차 - 기타,직진우회전진행방해,건조,맑음,교차로 - 교차로안,원동기,여,66세,상해없음,자전거,여,26세,경상
2019120300100612,2019년 12월 3일 21시,화요일,전라남도 목포시 연산동,경상사고,0,0,4,0,차대차 - 측면충돌,안전거리미확보,건조,맑음,단일로 - 기타,승용,여,48세,상해없음,승용,남,50세,경상
2019120400100115,2019년 12월 4일 05시,수요일,전라남도 목포시 상동,경상사고,0,0,2,0,차대사람 - 기타,안전운전불이행,건조,맑음,교차로 - 교차로안,승용,남,61세,상해없음,보행자,여,24세,경상
2019120400100116,2019년 12월 4일 05시,수요일,전라남도 고흥군 동강면,중상사고,0,2,0,0,차대차 - 추돌,안전운전불이행,건조,맑음,단일로 - 기타,화물,남,35세,중상,특수,남,43세,중상
2019120400100259,2019년 12월 4일 09시,수요일,전라남도 장흥군 장흥읍,경상사고,0,0,1,0,차대사람 - 차도통행중,안전운전불이행,건조,맑음,교차로 - 교차로안,승용,여,46세,상해없음,보행자,여,75세,경상
2019120400100295,2019년 12월 4일 10시,수요일,전라남도 여수시 신기동,경상사고,0,0,1,0,차대차 - 측면충돌,신호위반,건조,맑음,교차로 - 교차로안,승용,남,52세,상해없음,승용,남,37세,경상
2019120400100296,2019년 12월 4일 10시,수요일,전라남도 순천시 덕암동,경상사고,0,0,1,0,차대차 - 추돌,안전운전불이행,건조,맑음,교차로 - 교차로부근,승용,남,38세,상해없음,승용,여,59세,경상
2019120400100343,2019년 12월 4일 11시,수요일,전라남도 담양군 대전면,경상사고,0,0,2,0,차량단독 - 전도전복 - 전도,안전운전불이행,건조,맑음,단일로 - 기타,화물,남,58세,경상,,,,
2019120400100377,2019년 12월 4일 12시,수요일,전라남도 여수시 공화동,중상사고,0,1,0,0,차량단독 - 기타,안전운전불이행,건조,맑음,단일로 - 기타,승합,남,57세,상해없음,,,,
2019120400100429,2019년 12월 4일 14시,수요일,전라남도 목포시 석현동,경상사고,0,0,1,0,차대차 - 기타,안전운전불이행,젖음/습기,비,교차로 - 교차로안,승용,여,25세,상해없음,승용,여,50세,경상
2019120400100430,2019년 12월 4일 14시,수요일,전라남도 담양군 대전면,경상사고,0,0,1,0,차대사람 - 기타,안전운전불이행,건조,맑음,교차로 - 교차로부근,화물,남,64세,상해없음,보행자,남,57세,경상
2019120400100457,2019년 12월 4일 15시,수요일,전라남도 목포시 석현동,경상사고,0,0,1,0,차대차 - 기타,안전운전불이행,건조,맑음,교차로 - 교차로안,화물,남,21세,상해없음,화물,남,32세,경상
2019120400100458,2019년 12월 4일 15시,수요일,전라남도 여수시 안산동,경상사고,0,0,1,0,차대차 - 측면충돌,차로위반,건조,맑음,단일로 - 기타,승용,남,79세,기타불명,승합,남,37세,경상
2019120400100459,2019년 12월 4일 15시,수요일,전라남도 해남군 삼산면,경상사고,0,0,1,0,차량단독 - 기타,안전운전불이행,건조,맑음,단일로 - 기타,화물,남,54세,경상,,,,
2019120400100491,2019년 12월 4일 16시,수요일,전라남도 강진군 강진읍,중상사고,0,2,0,0,차대차 - 측면충돌,중앙선침범,건조,맑음,단일로 - 기타,승용,남,67세,상해없음,승용,여,45세,중상
2019120400100534,2019년 12월 4일 17시,수요일,전라남도 목포시 상동,경상사고,0,0,1,0,차대차 - 기타,교차로운행방법위반,건조,맑음,교차로 - 교차로안,승용,남,38세,경상,승용,여,49세,상해없음
2019120400100535,2019년 12월 4일 17시,수요일,전라남도 여수시 미평동,경상사고,0,0,1,0,차대차 - 기타,기타,건조,맑음,단일로 - 기타,화물,남,36세,상해없음,이륜,남,32세,경상
2019120400100536,2019년 12월 4일 17시,수요일,전라남도 화순군 능주면,경상사고,0,0,1,0,차대차 - 추돌,안전운전불이행,건조,맑음,단일로 - 기타,승용,여,70세,경상,건설기계,남,56세,상해없음
2019120400100537,2019년 12월 4일 17시,수요일,전라남도 영암군 영암읍,경상사고,0,0,1,0,차대차 - 측면충돌,안전운전불이행,건조,맑음,단일로 - 기타,화물,여,69세,상해없음,화물,남,34세,경상
2019120400100592,2019년 12월 4일 18시,수요일,전라남도 순천시 연향동,경상사고,0,0,3,0,차대차 - 측면충돌,직진우회전진행방해,건조,맑음,교차로 - 교차로안,승용,남,42세,경상,이륜,남,23세,경상
2019120400100676,2019년 12월 4일 20시,수요일,전라남도 나주시 왕곡면,사망사고,1,0,0,0,차대사람 - 횡단중,안전운전불이행,건조,맑음,교차로 - 교차로안,승합,남,48세,상해없음,보행자,남,58세,사망
2019120400100739,2019년 12월 4일 23시,수요일,전라남도 순천시 가곡동,사망사고,1,0,0,0,차대사람 - 횡단중,안전운전불이행,건조,맑음,교차로 - 교차로부근,승용,여,48세,상해없음,보행자,남,46세,사망
2019120400100740,2019년 12월 4일 23시,수요일,전라남도 진도군 진도읍,경상사고,0,0,3,0,차대차 - 측면충돌,안전운전불이행,건조,맑음,기타 - 기타,승용,남,61세,경상,승용,남,21세,경상
2019120500100051,2019년 12월 5일 01시,목요일,전라남도 여수시 신기동,중상사고,0,1,0,0,차대사람 - 횡단중,신호위반,건조,맑음,교차로 - 교차로부근,승용,남,64세,상해없음,보행자,남,37세,중상
2019120500100073,2019년 12월 5일 04시,목요일,전라남도 화순군 이양면,사망사고,1,4,0,0,차대차 - 정면충돌,중앙선침범,건조,맑음,단일로 - 기타,승용,남,76세,사망,승용,남,59세,중상
2019120500100074,2019년 12월 5일 04시,목요일,전라남도 무안군 현경면,사망사고,1,0,0,0,차대사람 - 기타,안전운전불이행,건조,맑음,교차로 - 교차로횡단보도내,승합,남,40세,상해없음,보행자,남,52세,사망
2019120500100080,2019년 12월 5일 05시,목요일,전라남도 순천시 연향동,경상사고,0,0,2,0,차대차 - 추돌,안전운전불이행,건조,맑음,교차로 - 교차로안,승용,남,27세,상해없음,화물,남,56세,경상
2019120500100081,2019년 12월 5일 05시,목요일,전라남도 영암군 신북면,중상사고,0,1,0,0,차량단독 - 기타,안전운전불이행,건조,맑음,단일로 - 기타,승용,남,45세,중상,,,,
2019120500100092,2019년 12월 5일 06시,목요일,전라남도 완도군 완도읍,중상사고,0,1,0,0,차대사람 - 횡단중,보행자보호의무위반,건조,맑음,단일로 - 기타,승용,남,42세,상해없음,보행자,남,74세,중상
2019120500100115,2019년 12월 5일 07시,목요일,전라남도 목포시 대성동,사망사고,1,0,0,0,차대사람 - 횡단중,안전운전불이행,건조,맑음,단일로 - 기타,승용,남,38세,상해없음,보행자,여,81세,사망
2019120500100154,2019년 12월 5일 08시,목요일,전라남도 완도군 신지면,중상사고,0,1,0,0,차대차 - 측면충돌,중앙선침범,건조,맑음,단일로 - 기타,화물,남,55세,상해없음,승용,남,67세,중상
2019120500100192,2019년 12월 5일 09시,목요일,전라남도 순천시 대룡동,경상사고,0,0,1,0,차대차 - 기타,안전거리미확보,건조,맑음,단일로 - 기타,승용,남,70세,상해없음,화물,남,71세,경상
2019120500100220,2019년 12월 5일 10시,목요일,전라남도 화순군 동복면,사망사고,1,0,0,0,차량단독 - 기타,안전운전불이행,건조,맑음,단일로 - 교량,이륜,남,72세,사망,,,,
2019120500100221,2019년 12월 5일 10시,목요일,전라남도 광양시 광양읍,경상사고,0,0,2,1,차대차 - 추돌,안전운전불이행,건조,맑음,교차로 - 교차로안,승용,남,25세,부상신고,승용,남,71세,경상
2019120500100248,2019년 12월 5일 11시,목요일,전라남도 화순군 화순읍,경상사고,0,0,2,0,차대차 - 기타,교차로운행방법위반,건조,맑음,교차로 - 교차로안,승용,남,77세,상해없음,승용,남,57세,경상
2019120500100285,2019년 12월 5일 12시,목요일,전라남도 화순군 춘양면,중상사고,0,1,0,0,차대차 - 측면충돌,기타,건조,맑음,교차로 - 교차로안,화물,남,74세,상해없음,이륜,남,72세,중상
2019120500100312,2019년 12월 5일 13시,목요일,전라남도 광양시 광양읍,경상사고,0,0,1,0,차대차 - 측면충돌,직진우회전진행방해,건조,맑음,교차로 - 교차로안,승용,여,61세,상해없음,승용,남,55세,경상
2019120500100349,2019년 12월 5일 14시,목요일,전라남도 담양군 창평면,경상사고,0,0,1,0,차대차 - 정면충돌,교차로운행방법위반,건조,맑음,교차로 - 교차로안,승용,남,62세,상해없음,이륜,남,35세,경상
2019120500100386,2019년 12월 5일 15시,목요일,전라남도 화순군 화순읍,경상사고,0,0,4,0,차대차 - 후진중충돌,안전운전불이행,건조,맑음,단일로 - 기타,승용,여,26세,상해없음,승용,남,18세,경상
2019120500100475,2019년 12월 5일 17시,목요일,전라남도 고흥군 도양읍,중상사고,0,1,0,0,차대차 - 추돌,교차로운행방법위반,건조,맑음,교차로 - 교차로안,화물,남,54세,상해없음,자전거,여,71세,중상
2019120500100476,2019년 12월 5일 17시,목요일,전라남도 강진군 대구면,부상신고사고,0,0,0,1,차량단독 - 도로외이탈 - 추락,안전운전불이행,건조,맑음,단일로 - 기타,화물,남,74세,부상신고,,,,
2019120500100477,2019년 12월 5일 17시,목요일,전라남도 광양시 금호동,중상사고,0,1,0,1,차대차 - 정면충돌,중앙선침범,건조,맑음,교차로 - 교차로부근,승용,남,24세,부상신고,승용,여,51세,중상
2019120500100478,2019년 12월 5일 17시,목요일,전라남도 광양시 금호동,경상사고,0,0,1,0,차대차 - 측면충돌,안전운전불이행,건조,맑음,단일로 - 기타,승용,남,58세,상해없음,승용,남,53세,경상
2019120500100530,2019년 12월 5일 18시,목요일,전라남도 순천시 해룡면,경상사고,0,0,2,0,차대사람 - 차도통행중,안전운전불이행,건조,맑음,교차로 - 교차로안,화물,남,52세,상해없음,보행자,여,48세,경상
2019120500100531,2019년 12월 5일 18시,목요일,전라남도 영암군 신북면,경상사고,0,0,2,0,차대차 - 측면충돌,안전운전불이행,건조,맑음,교차로 - 교차로부근,화물,남,43세,상해없음,화물,남,61세,경상
2019120500100576,2019년 12월 5일 19시,목요일,전라남도 목포시 상동,경상사고,0,0,2,0,차대사람 - 기타,중앙선침범,건조,맑음,기타 - 기타,승용,여,48세,상해없음,보행자,여,59세,경상
2019120500100609,2019년 12월 5일 20시,목요일,전라남도 영암군 삼호읍,경상사고,0,0,1,0,차대차 - 측면충돌,안전운전불이행,건조,맑음,단일로 - 기타,승용,남,57세,상해없음,승용,남,22세,경상
2019120500100610,2019년 12월 5일 20시,목요일,전라남도 장성군 장성읍,경상사고,0,0,1,0,차대사람 - 횡단중,보행자보호의무위반,건조,맑음,교차로 - 교차로횡단보도내,승용,남,47세,상해없음,보행자,남,23세,경상
2019120500100637,2019년 12월 5일 21시,목요일,전라남도 진도군 진도읍,경상사고,0,0,1,0,차대차 - 추돌,안전운전불이행,건조,맑음,교차로 - 교차로부근,화물,여,57세,상해없음,승용,여,47세,경상
2019120600100038,2019년 12월 6일 00시,금요일,전라남도 여수시 여서동,경상사고,0,0,1,0,차대차 - 측면충돌,중앙선침범,건조,맑음,단일로 - 기타,승용,남,39세,상해없음,승용,남,48세,경상
2019120600100062,2019년 12월 6일 04시,금요일,전라남도 목포시 옥암동,중상사고,0,1,0,0,차대차 - 기타,중앙선침범,건조,맑음,교차로 - 교차로횡단보도내,자전거,남,55세,중상,승용,남,36세,상해없음
2019120600100063,2019년 12월 6일 04시,금요일,전라남도 여수시 여서동,경상사고,0,0,1,0,차대사람 - 길가장자리구역통행중,안전운전불이행,건조,맑음,단일로 - 기타,승용,남,45세,상해없음,보행자,남,38세,경상
2019120600100087,2019년 12월 6일 06시,금요일,전라남도 광양시 마동,중상사고,0,2,0,0,차대사람 - 보도통행중,신호위반,건조,맑음,교차로 - 교차로횡단보도내,화물,남,61세,상해없음,보행자,남,71세,중상
2019120600100106,2019년 12월 6일 07시,금요일,전라남도 진도군 임회면,중상사고,0,2,3,0,차대차 - 정면충돌,중앙선침범,건조,맑음,단일로 - 기타,화물,남,58세,경상,승용,남,75세,중상
2019120600100150,2019년 12월 6일 08시,금요일,전라남도 목포시 산정동,경상사고,0,0,2,0,차대차 - 기타,직진우회전진행방해,건조,맑음,교차로 - 교차로안,승용,여,37세,경상,승용,여,41세,경상
2019120600100151,2019년 12월 6일 08시,금요일,전라남도 순천시 조례동,경상사고,0,0,1,0,차대사람 - 횡단중,보행자보호의무위반,건조,맑음,교차로 - 교차로횡단보도내,승용,여,33세,상해없음,보행자,여,11세,경상
2019120600100152,2019년 12월 6일 08시,금요일,전라남도 화순군 화순읍,경상사고,0,0,2,0,차대차 - 측면충돌,교차로운행방법위반,건조,맑음,교차로 - 교차로안,승용,여,43세,상해없음,승용,남,73세,경상
2019120600100153,2019년 12월 6일 08시,금요일,전라남도 영암군 영암읍,경상사고,0,0,1,0,차대차 - 추돌,안전운전불이행,건조,맑음,교차로 - 교차로부근,화물,남,75세,상해없음,승용,여,45세,경상
2019120600100256,2019년 12월 6일 11시,금요일,전라남도 보성군 벌교읍,경상사고,0,0,1,0,차대사람 - 기타,안전운전불이행,건조,맑음,단일로 - 기타,이륜,남,84세,상해없음,보행자,여,85세,경상
2019120600100257,2019년 12월 6일 11시,금요일,전라남도 장성군 북일면,경상사고,0,0,2,0,차대차 - 측면충돌,직진우회전진행방해,건조,맑음,교차로 - 교차로안,화물,남,49세,경상,승용,여,46세,경상
2019120600100326,2019년 12월 6일 13시,금요일,전라남도 장성군 삼서면,경상사고,0,0,1,0,차대차 - 기타,안전운전불이행,건조,맑음,교차로 - 교차로안,화물,여,52세,상해없음,승용,남,41세,경상
2019120600100327,2019년 12월 6일 13시,금요일,전라남도 진도군 진도읍,중상사고,0,1,0,0,차량단독 - 기타,안전운전불이행,건조,맑음,기타 - 기타,이륜,남,69세,상해없음,,,,
2019120600100328,2019년 12월 6일 13시,금요일,전라남도 광양시 중동,경상사고,0,0,3,0,차대차 - 추돌,안전운전불이행,건조,맑음,교차로 - 교차로부근,승용,여,36세,경상,화물,남,70세,경상
2019120600100363,2019년 12월 6일 14시,금요일,전라남도 목포시 석현동,경상사고,0,0,1,0,차대사람 - 횡단중,보행자보호의무위반,건조,맑음,교차로 - 교차로부근,승용,여,53세,상해없음,보행자,여,62세,경상
2019120600100400,2019년 12월 6일 15시,금요일,전라남도 목포시 산정동,중상사고,0,2,0,0,차대차 - 측면충돌,직진우회전진행방해,건조,맑음,교차로 - 교차로안,승용,남,49세,중상,이륜,남,23세,중상
2019120600100401,2019년 12월 6일 15시,금요일,전라남도 여수시 신기동,경상사고,0,0,1,0,차대차 - 측면충돌,안전운전불이행,건조,맑음,교차로 - 교차로부근,승용,남,48세,상해없음,승용,남,68세,경상
2019120600100402,2019년 12월 6일 15시,금요일,전라남도 여수시 둔덕동,경상사고,0,0,1,0,차대차 - 기타,교차로운행방법위반,건조,맑음,교차로 - 교차로안,승용,여,63세,상해없음,이륜,남,36세,경상
2019120600100403,2019년 12월 6일 15시,금요일,전라남도 영암군 삼호읍,경상사고,0,0,1,0,차대차 - 추돌,안전운전불이행,건조,맑음,교차로 - 교차로부근,승용,남,56세,상해없음,화물,남,57세,경상
2019120600100404,2019년 12월 6일 15시,금요일,전라남도 무안군 청계면,중상사고,0,1,2,0,차대차 - 측면충돌,과속,서리/결빙,맑음,단일로 - 기타,화물,남,59세,상해없음,승용,여,39세,중상
2019120600100475,2019년 12월 6일 17시,금요일,전라남도 목포시 상동,부상신고사고,0,0,0,1,차대차 - 측면충돌,안전운전불이행,건조,맑음,단일로 - 기타,자전거,남,63세,부상신고,승용,남,39세,상해없음
2019120600100476,2019년 12월 6일 17시,금요일,전라남도 보성군 보성읍,중상사고,0,1,0,0,차량단독 - 공작물충돌,안전운전불이행,건조,맑음,교차로 - 교차로안,사륜오토바이(ATV),여,82세,중상,,,,
2019120600100477,2019년 12월 6일 17시,금요일,전라남도 광양시 광양읍,중상사고,0,1,3,0,차대차 - 추돌,안전거리미확보,건조,맑음,단일로 - 기타,승용,남,31세,상해없음,화물,남,37세,경상
2019120600100537,2019년 12월 6일 18시,금요일,전라남도 목포시 산정동,경상사고,0,0,1,0,차대차 - 기타,안전운전불이행,건조,맑음,단일로 - 기타,원동기,남,32세,경상,승용,여,47세,상해없음
2019120600100538,2019년 12월 6일 18시,금요일,전라남도 여수시 둔덕동,중상사고,0,1,0,0,차대사람 - 기타,안전운전불이행,건조,맑음,단일로 - 기타,승용,남,38세,상해없음,보행자,남,56세,중상