사고번호,사고일시,요일,시군구,사고내용,사망자수,중상자수,경상자수,부상신고자수,사고유형,법규위반,노면상태,기상상태,도로형태,가해운전자 차종,가해운전자 성별,가해운전자 연령,가해운전자 상해정도,피해운전자 차종,피해운전자 성별,피해운전자 연령,피해운전자 상해정도
2019121100100053,2019년 12월 11일 01시,수요일,전라남도 나주시 빛가람동,경상사고,0,0,1,0,차대차 - 측면충돌,차로위반,건조,맑음,단일로 - 기타,승용,남,26세,상해없음,화물,남,38세,경상
2019121100100075,2019년 12월 11일 04시,수요일,전라남도 나주시 평산동,사망사고,1,1,0,0,차대차 - 추돌,안전운전불이행,건조,맑음,단일로 - 기타,화물,남,42세,중상,승용,남,26세,상해없음
2019121100100121,2019년 12월 11일 07시,수요일,전라남도 무안군 일로읍,중상사고,0,1,0,0,차대차 - 기타,교차로운행방법위반,젖음/습기,안개,교차로 - 교차로안,화물,남,69세,상해없음,승합,남,59세,상해없음
2019121100100178,2019년 12월 11일 09시,수요일,전라남도 목포시 용해동,경상사고,0,0,1,0,차대차 - 측면충돌,신호위반,건조,맑음,교차로 - 교차로안,승용,남,75세,상해없음,승용,여,35세,경상
2019121100100179,2019년 12월 11일 09시,수요일,전라남도 나주시 중앙동,중상사고,0,1,0,0,차대차 - 측면충돌,직진우회전진행방해,건조,맑음,교차로 - 교차로안,자전거,남,80세,중상,승합,남,58세,상해없음
2019121100100207,2019년 12월 11일 10시,수요일,전라남도 여수시 중흥동,경상사고,0,0,2,0,차대차 - 측면충돌,안전운전불이행,건조,맑음,교차로 - 교차로안,화물,남,61세,경상,승용,남,40세,경상
2019121100100208,2019년 12월 11일 10시,수요일,전라남도 나주시 왕곡면,경상사고,0,0,2,0,차대차 - 측면충돌,안전거리미확보,건조,맑음,단일로 - 기타,특수,남,34세,경상,승용,남,54세,경상
2019121100100209,2019년 12월 11일 10시,수요일,전라남도 무안군 삼향읍,경상사고,0,0,4,0,차대차 - 측면충돌,직진우회전진행방해,건조,맑음,교차로 - 교차로안,승용,여,32세,경상,화물,남,70세,경상
2019121100100241,2019년 12월 11일 11시,수요일,전라남도 광양시 광양읍,중상사고,0,1,0,0,차대차 - 측면충돌,안전운전불이행,건조,맑음,단일로 - 기타,승용,여,46세,상해없음,자전거,남,77세,중상
2019121100100242,2019년 12월 11일 11시,수요일,전라남도 광양시 광양읍,부상신고사고,0,0,0,1,차량단독 - 공작물충돌,안전운전불이행,건조,맑음,단일로 - 기타,농기계,남,76세,부상신고,,,,
2019121100100274,2019년 12월 11일 12시,수요일,전라남도 목포시 용당동,경상사고,0,0,1,0,차대차 - 측면충돌,교차로운행방법위반,건조,흐림,교차로 - 교차로안,화물,남,57세,상해없음,이륜,남,22세,경상
2019121100100296,2019년 12월 11일 13시,수요일,전라남도 해남군 황산면,경상사고,0,0,2,0,차대차 - 기타,교차로운행방법위반,건조,맑음,교차로 - 교차로안,승용,여,48세,경상,화물,남,72세,경상
2019121100100297,2019년 12월 11일 13시,수요일,전라남도 화순군 화순읍,중상사고,0,2,1,0,차대차 - 기타,신호위반,건조,맑음,교차로 - 교차로안,승용,여,35세,경상,이륜,남,82세,중상
2019121100100298,2019년 12월 11일 13시,수요일,전라남도 광양시 광양읍,경상사고,0,0,1,0,차대차 - 측면충돌,안전운전불이행,건조,맑음,교차로 - 교차로안,이륜,남,79세,경상,승용,남,45세,상해없음
2019121100100353,2019년 12월 11일 15시,수요일,전라남도 나주시 남평읍,경상사고,0,0,2,0,차대차 - 측면충돌,안전거리미확보,건조,맑음,단일로 - 기타,특수,남,54세,상해없음,승용,여,46세,경상
2019121100100397,2019년 12월 11일 16시,수요일,전라남도 목포시 산정동,중상사고,0,1,3,0,차대차 - 측면충돌,중앙선침범,건조,맑음,단일로 - 기타,승용,남,24세,경상,승용,여,49세,경상
2019121100100398,2019년 12월 11일 16시,수요일,전라남도 해남군 황산면,경상사고,0,0,1,0,차대차 - 추돌,안전운전불이행,건조,맑음,교차로 - 교차로부근,화물,남,58세,상해없음,승용,남,62세,경상
2019121100100442,2019년 12월 11일 17시,수요일,전라남도 영암군 삼호읍,경상사고,0,0,1,0,차대차 - 측면충돌,안전운전불이행,건조,맑음,교차로 - 교차로부근,승용,남,67세,상해없음,승용,남,47세,경상
2019121100100492,2019년 12월 11일 18시,수요일,전라남도 여수시 미평동,경상사고,0,0,1,0,차대차 - 추돌,안전거리미확보,건조,맑음,교차로 - 교차로안,이륜,남,25세,상해없음,승용,남,25세,경상
2019121100100493,2019년 12월 11일 18시,수요일,전라남도 순천시 상사면,사망사고,1,0,0,0,차대사람 - 기타,안전운전불이행,건조,맑음,단일로 - 기타,승용,남,28세,상해없음,보행자,여,85세,사망
2019121100100494,2019년 12월 11일 18시,수요일,전라남도 순천시 조례동,중상사고,0,1,0,0,차대사람 - 기타,신호위반,건조,맑음,교차로 - 교차로안,이륜,남,38세,상해없음,보행자,여,58세,중상
2019121100100495,2019년 12월 11일 18시,수요일,전라남도 장흥군 장흥읍,중상사고,0,1,0,0,차대사람 - 기타,안전운전불이행,건조,맑음,단일로 - 기타,승용,남,37세,상해없음,보행자,남,61세,중상
2019121100100544,2019년 12월 11일 19시,수요일,전라남도 목포시 용해동,경상사고,0,0,2,0,차대차 - 추돌,안전운전불이행,건조,맑음,교차로 - 교차로안,승용,여,37세,상해없음,승용,남,29세,상해없음
2019121100100545,2019년 12월 11일 19시,수요일,전라남도 순천시 장천동,경상사고,0,0,1,0,차대차 - 측면충돌,신호위반,건조,맑음,교차로 - 교차로안,화물,남,58세,상해없음,이륜,남,38세,경상
2019121100100546,2019년 12월 11일 19시,수요일,전라남도 장흥군 장흥읍,경상사고,0,0,1,0,차량단독 - 전도전복 - 전도,안전운전불이행,건조,맑음,단일로 - 기타,이륜,남,57세,경상,,,,
2019121100100618,2019년 12월 11일 22시,수요일,전라남도 순천시 저전동,경상사고,0,0,4,0,차대차 - 기타,직진우회전진행방해,건조,맑음,교차로 - 교차로안,승용,남,44세,경상,승용,여,58세,경상
2019121100100637,2019년 12월 11일 23시,수요일,전라남도 담양군 무정면,경상사고,0,0,1,0,차대차 - 기타,안전운전불이행,건조,맑음,단일로 - 기타,승용,여,52세,상해없음,승용,남,40세,경상
2019121200100101,2019년 12월 12일 06시,목요일,전라남도 광양시 옥곡면,경상사고,0,0,2,0,차대차 - 측면충돌,교차로운행방법위반,건조,맑음,교차로 - 교차로안,승용,여,60세,경상,승용,남,56세,경상
2019121200100132,2019년 12월 12일 07시,목요일,전라남도 순천시 서면,경상사고,0,0,2,0,차대차 - 기타,기타,건조,맑음,단일로 - 기타,특수,남,36세,상해없음,승용,여,50세,경상
2019121200100166,2019년 12월 12일 08시,목요일,전라남도 목포시 산정동,경상사고,0,0,1,0,차대차 - 기타,안전운전불이행,건조,맑음,교차로 - 교차로부근,승용,남,82세,상해없음,자전거,여,29세,경상
2019121200100167,2019년 12월 12일 08시,목요일,전라남도 순천시 해룡면,경상사고,0,0,2,0,차대차 - 기타,교차로운행방법위반,건조,맑음,교차로 - 교차로안,승용,남,41세,경상,승용,남,37세,경상
2019121200100206,2019년 12월 12일 09시,목요일,전라남도 장성군 장성읍,중상사고,0,1,1,1,차대차 - 측면충돌,신호위반,건조,맑음,교차로 - 교차로안,화물,남,52세,부상신고,승용,남,62세,중상
2019121200100238,2019년 12월 12일 10시,목요일,전라남도 여수시 충무동,경상사고,0,0,1,0,차대차 - 측면충돌,안전운전불이행,건조,맑음,교차로 - 교차로안,승용,여,53세,상해없음,자전거,남,78세,경상
2019121200100271,2019년 12월 12일 11시,목요일,전라남도 여수시 학동,경상사고,0,0,2,0,차대차 - 추돌,신호위반,건조,맑음,교차로 - 교차로부근,승용,여,29세,경상,승합,남,28세,경상
2019121200100272,2019년 12월 12일 11시,목요일,전라남도 순천시 해룡면,경상사고,0,0,3,0,차대차 - 기타,안전운전불이행,건조,맑음,단일로 - 기타,특수,남,53세,상해없음,화물,남,63세,경상
2019121200100273,2019년 12월 12일 11시,목요일,전라남도 해남군 옥천면,경상사고,0,0,1,0,차대차 - 기타,교차로운행방법위반,건조,맑음,교차로 - 교차로안,화물,남,76세,기타불명,화물,남,23세,경상
2019121200100274,2019년 12월 12일 11시,목요일,전라남도 담양군 담양읍,경상사고,0,0,1,0,차대사람 - 차도통행중,안전운전불이행,건조,맑음,단일로 - 기타,승용,여,73세,상해없음,보행자,남,83세,경상
2019121200100332,2019년 12월 12일 13시,목요일,전라남도 여수시 남산동,중상사고,0,1,0,0,차대사람 - 보도통행중,안전운전불이행,건조,맑음,단일로 - 기타,승용,여,76세,기타불명,보행자,남,68세,중상
2019121200100333,2019년 12월 12일 13시,목요일,전라남도 화순군 화순읍,경상사고,0,0,3,0,차대차 - 추돌,안전거리미확보,건조,맑음,단일로 - 기타,화물,남,30세,경상,승용,남,24세,경상
2019121200100334,2019년 12월 12일 13시,목요일,전라남도 장성군 남면,경상사고,0,0,2,0,차대차 - 측면충돌,안전운전불이행,건조,맑음,교차로 - 교차로안,승용,여,54세,경상,승용,남,57세,경상
2019121200100335,2019년 12월 12일 13시,목요일,전라남도 무안군 몽탄면,사망사고,1,0,0,0,차량단독 - 전도전복 - 전도,안전운전불이행,건조,맑음,단일로 - 기타,사륜오토바이(ATV),여,74세,사망,,,,
2019121200100365,2019년 12월 12일 14시,목요일,전라남도 순천시 해룡면,사망사고,1,0,1,0,차대차 - 추돌,안전운전불이행,건조,맑음,단일로 - 기타,화물,남,38세,사망,특수,남,66세,경상
2019121200100391,2019년 12월 12일 15시,목요일,전라남도 신안군 신의면,중상사고,0,1,2,0,차대차 - 기타,교차로운행방법위반,건조,맑음,교차로 - 교차로안,화물,남,49세,상해없음,승용,여,58세,경상
2019121200100392,2019년 12월 12일 15시,목요일,전라남도 여수시 둔덕동,중상사고,0,1,0,0,차대사람 - 차도통행중,기타,건조,맑음,단일로 - 기타,승합,남,39세,상해없음,보행자,남,67세,중상
2019121200100393,2019년 12월 12일 15시,목요일,전라남도 여수시 웅천동,경상사고,0,0,1,0,차대차 - 측면충돌,차로위반,건조,맑음,교차로 - 교차로부근,승용,남,55세,경상,건설기계,남,60세,상해없음
2019121200100394,2019년 12월 12일 15시,목요일,전라남도 나주시 금천면,중상사고,0,1,0,0,차대차 - 측면충돌,안전운전불이행,건조,맑음,교차로 - 교차로안,승합,남,74세,상해없음,자전거,여,85세,중상
2019121200100429,2019년 12월 12일 16시,목요일,전라남도 영암군 영암읍,경상사고,0,0,3,0,차대차 - 기타,중앙선침범,건조,맑음,단일로 - 기타,건설기계,남,47세,상해없음,승용,여,41세,경상
2019121200100430,2019년 12월 12일 16시,목요일,전라남도 강진군 강진읍,중상사고,0,1,0,0,차대사람 - 기타,안전운전불이행,건조,맑음,교차로 - 교차로부근,승용,남,46세,상해없음,보행자,여,77세,중상
2019121200100473,2019년 12월 12일 17시,목요일,전라남도 순천시 해룡면,경상사고,0,0,1,0,차대차 - 측면충돌,안전운전불이행,건조,맑음,단일로 - 기타,승용,남,40세,상해없음,승용,여,50세,경상
2019121200100474,2019년 12월 12일 17시,목요일,전라남도 보성군 득량면,부상신고사고,0,0,0,1,차대차 - 추돌,안전운전불이행,건조,맑음,단일로 - 기타,승용,남,23세,부상신고,농기계,남,57세,상해없음
2019121200100475,2019년 12월 12일 17시,목요일,전라남도 장성군 황룡면,중상사고,0,1,0,0,차대사람 - 길가장자리구역통행중,안전운전불이행,건조,맑음,단일로 - 기타,승용,남,69세,기타불명,보행자,여,66세,중상
2019121200100476,2019년 12월 12일 17시,목요일,전라남도 광양시 금호동,경상사고,0,0,1,0,차대차 - 기타,교차로운행방법위반,건조,맑음,교차로 - 교차로안,화물,남,55세,상해없음,승용,남,57세,경상
2019121200100477,2019년 12월 12일 17시,목요일,전라남도 광양시 중동,경상사고,0,0,1,0,차대차 - 기타,안전거리미확보,건조,맑음,단일로 - 기타,승용,여,67세,상해없음,승용,남,38세,경상
2019121200100544,2019년 12월 12일 18시,목요일,전라남도 목포시 용해동,경상사고,0,0,6,0,차대차 - 기타,안전운전불이행,건조,맑음,단일로 - 기타,승용,여,24세,경상,승용,남,61세,경상
2019121200100545,2019년 12월 12일 18시,목요일,전라남도 목포시 상동,경상사고,0,0,3,0,차대차 - 기타,안전운전불이행,건조,맑음,단일로 - 기타,승용,남,24세,경상,승용,여,56세,경상
2019121200100546,2019년 12월 12일 18시,목요일,전라남도 목포시 죽교동,경상사고,0,0,6,0,차대차 - 기타,안전운전불이행,건조,맑음,단일로 - 기타,승용,남,64세,경상,승합,남,56세,경상
2019121200100547,2019년 12월 12일 18시,목요일,전라남도 여수시 관문동,중상사고,0,1,0,0,차대차 - 측면충돌,불법유턴,건조,맑음,단일로 - 기타,승용,여,47세,상해없음,원동기,남,42세,중상
2019121200100548,2019년 12월 12일 18시,목요일,전라남도 여수시 돌산읍,경상사고,0,0,1,0,차대차 - 측면충돌,안전운전불이행,건조,맑음,교차로 - 교차로안,승용,여,29세,상해없음,승용,남,61세,경상
2019121200100606,2019년 12월 12일 19시,목요일,전라남도 영광군 영광읍,경상사고,0,0,1,0,차대차 - 측면충돌,직진우회전진행방해,건조,맑음,교차로 - 교차로안,승용,남,74세,상해없음,승합,남,42세,경상
2019121200100661,2019년 12월 12일 21시,목요일,전라남도 여수시 둔덕동,중상사고,0,1,0,0,차대차 - 측면충돌,중앙선침범,건조,맑음,단일로 - 기타,승용,남,45세,상해없음,이륜,남,38세,중상
2019121200100662,2019년 12월 12일 21시,목요일,전라남도 여수시 학동,중상사고,0,1,0,0,차대사람 - 횡단중,보행자보호의무위반,건조,맑음,교차로 - 교차로횡단보도내,화물,남,49세,상해없음,보행자,여,58세,중상
2019121200100686,2019년 12월 12일 22시,목요일,전라남도 광양시 중동,중상사고,0,1,0,0,차대차 - 기타,안전운전불이행,건조,맑음,교차로 - 교차로부근,승용,여,53세,상해없음,자전거,여,22세,중상
2019121300100054,2019년 12월 13일 01시,금요일,전라남도 순천시 조례동,경상사고,0,0,1,0,차대차 - 기타,교차로운행방법위반,건조,맑음,교차로 - 교차로안,승합,남,58세,상해없음,이륜,남,26세,경상
2019121300100101,2019년 12월 13일 06시,금요일,전라남도 여수시 화장동,경상사고,0,0,1,0,차대차 - 측면충돌,교차로운행방법위반,건조,맑음,교차로 - 교차로안,화물,남,64세,상해없음,승용,남,50세,경상
2019121300100102,2019년 12월 13일 06시,금요일,전라남도 진도군 의신면,사망사고,1,0,0,0,차대차 - 추돌,안전운전불이행,건조,기타,기타 - 기타,승용,남,78세,상해없음,농기계,남,83세,사망
2019121300100120,2019년 12월 13일 07시,금요일,전라남도 영광군 영광읍,경상사고,0,0,1,0,차대차 - 추돌,안전거리미확보,서리/결빙,맑음,교차로 - 교차로안,승용,남,48세,상해없음,승용,여,26세,경상
2019121300100151,2019년 12월 13일 08시,금요일,전라남도 목포시 동명동,중상사고,0,1,0,0,차대차 - 기타,신호위반,건조,맑음,교차로 - 교차로안,자전거,남,76세,중상,승용,남,54세,상해없음
2019121300100152,2019년 12월 13일 08시,금요일,전라남도 영암군 삼호읍,경상사고,0,0,1,0,차대차 - 측면충돌,안전운전불이행,건조,맑음,단일로 - 기타,승용,여,33세,상해없음,승용,여,23세,경상
2019121300100153,2019년 12월 13일 08시,금요일,전라남도 곡성군 곡성읍,경상사고,0,0,3,0,차대차 - 추돌,안전운전불이행,건조,맑음,교차로 - 교차로부근,승용,여,51세,경상,화물,남,53세,경상
2019121300100194,2019년 12월 13일 09시,금요일,전라남도 강진군 마량면,중상사고,0,1,0,0,차대사람 - 기타,안전운전불이행,건조,맑음,교차로 - 교차로안,승용,남,68세,상해없음,보행자,남,75세,중상
2019121300100195,2019년 12월 13일 09시,금요일,전라남도 광양시 광양읍,경상사고,0,0,1,0,차대사람 - 횡단중,안전운전불이행,건조,맑음,단일로 - 기타,승용,여,34세,상해없음,보행자,남,5세,경상
2019121300100196,2019년 12월 13일 09시,금요일,전라남도 광양시 광양읍,중상사고,0,1,1,0,차대차 - 측면충돌,교차로운행방법위반,건조,맑음,교차로 - 교차로안,화물,남,25세,중상,화물,남,52세,경상
2019121300100227,2019년 12월 13일 10시,금요일,전라남도 여수시 주삼동,경상사고,0,0,1,0,차량단독 - 기타,안전운전불이행,건조,맑음,단일로 - 고가도로위,특수,남,41세,경상,,,,
2019121300100228,2019년 12월 13일 10시,금요일,전라남도 고흥군 과역면,중상사고,0,1,0,0,차대차 - 추돌,안전운전불이행,건조,맑음,단일로 - 기타,화물,남,36세,중상,화물,남,66세,상해없음
2019121300100251,2019년 12월 13일 11시,금요일,전라남도 광양시 광양읍,중상사고,0,1,0,0,차대차 - 측면충돌,교차로운행방법위반,건조,맑음,교차로 - 교차로안,승용,남,61세,상해없음,이륜,남,77세,중상
2019121300100276,2019년 12월 13일 12시,금요일,전라남도 여수시 돌산읍,중상사고,0,1,0,0,차량단독 - 전도전복 - 전복,안전운전불이행,건조,맑음,주차장 - 주차장,승용,여,28세,중상,,,,
2019121300100277,2019년 12월 13일 12시,금요일,전라남도 장흥군 장동면,중상사고,0,1,0,0,차대사람 - 횡단중,신호위반,건조,맑음,교차로 - 교차로안,승용,남,41세,상해없음,보행자,여,76세,중상
2019121300100278,2019년 12월 13일 12시,금요일,전라남도 장성군 북이면,중상사고,0,1,0,0,차대차 - 추돌,안전운전불이행,건조,맑음,단일로 - 기타,이륜,남,75세,중상,승용,남,42세,상해없음
2019121300100310,2019년 12월 13일 13시,금요일,전라남도 구례군 간전면,경상사고,0,0,1,0,차대차 - 정면충돌,안전운전불이행,건조,맑음,단일로 - 기타,화물,남,50세,상해없음,이륜,남,27세,경상
2019121300100333,2019년 12월 13일 14시,금요일,전라남도 목포시 용해동,중상사고,0,1,0,0,차대사람 - 횡단중,보행자보호의무위반,건조,맑음,교차로 - 교차로안,승용,남,35세,상해없음,보행자,남,65세,중상
2019121300100334,2019년 12월 13일 14시,금요일,전라남도 여수시 신기동,경상사고,0,0,2,0,차대차 - 측면충돌,차로위반,건조,맑음,교차로 - 교차로부근,승용,남,29세,경상,승용,남,26세,경상
2019121300100335,2019년 12월 13일 14시,금요일,전라남도 여수시 학동,경상사고,0,0,1,0,차대차 - 측면충돌,차로위반,건조,맑음,교차로 - 교차로안,건설기계,남,68세,상해없음,승용,여,30세,경상
2019121300100336,2019년 12월 13일 14시,금요일,전라남도 화순군 동면,중상사고,0,1,1,0,차대차 - 기타,안전운전불이행,건조,맑음,교차로 - 교차로안,건설기계,남,54세,상해없음,승용,남,65세,경상
2019121300100337,2019년 12월 13일 14시,금요일,전라남도 광양시 광양읍,경상사고,0,0,1,0,차대차 - 추돌,안전거리미확보,건조,맑음,단일로 - 기타,승용,남,34세,상해없음,승용,여,38세,경상
2019121300100378,2019년 12월 13일 15시,금요일,전라남도 화순군 화순읍,경상사고,0,0,1,0,차대차 - 측면충돌,불법유턴,건조,맑음,단일로 - 기타,승용,남,54세,상해없음,화물,남,43세,경상
2019121300100431,2019년 12월 13일 16시,금요일,전라남도 장성군 장성읍,경상사고,0,0,1,0,차대차 - 기타,신호위반,건조,맑음,교차로 - 교차로안,승용,남,19세,상해없음,승용,남,39세,경상
2019121300100432,2019년 12월 13일 16시,금요일,전라남도 강진군 강진읍,중상사고,0,1,0,0,차대사람 - 차도통행중,중앙선침범,건조,맑음,단일로 - 기타,이륜,여,62세,상해없음,보행자,여,59세,중상
2019121300100433,2019년 12월 13일 16시,금요일,전라남도 구례군 마산면,경상사고,0,0,2,0,차대차 - 측면충돌,안전운전불이행,건조,맑음,교차로 - 교차로안,승합,남,57세,상해없음,화물,남,58세,경상
2019121300100486,2019년 12월 13일 17시,금요일,전라남도 여수시 학동,경상사고,0,0,1,0,차대차 - 추돌,안전운전불이행,건조,맑음,단일로 - 기타,승용,남,61세,상해없음,승용,여,50세,경상
2019121300100487,2019년 12월 13일 17시,금요일,전라남도 여수시 만흥동,경상사고,0,0,5,0,차대차 - 추돌,안전거리미확보,건조,맑음,단일로 - 기타,승용,여,45세,경상,승용,남,39세,경상
2019121300100488,2019년 12월 13일 17시,금요일,전라남도 여수시 미평동,경상사고,0,0,3,0,차대차 - 추돌,안전운전불이행,건조,맑음,단일로 - 기타,승용,남,52세,상해없음,승용,남,44세,경상
2019121300100489,2019년 12월 13일 17시,금요일,전라남도 여수시 선원동,경상사고,0,0,1,0,차대차 - 측면충돌,교차로운행방법위반,건조,맑음,교차로 - 교차로부근,승용,남,26세,상해없음,승용,남,74세,경상
2019121300100490,2019년 12월 13일 17시,금요일,전라남도 순천시 장천동,경상사고,0,0,1,0,차대차 - 기타,안전거리미확보,건조,맑음,단일로 - 기타,화물,남,40세,상해없음,화물,남,54세,상해없음
2019121300100491,2019년 12월 13일 17시,금요일,전라남도 순천시 해룡면,경상사고,0,0,2,0,차대차 - 기타,안전운전불이행,건조,맑음,단일로 - 기타,승용,여,29세,기타불명,화물,남,69세,경상
2019121300100492,2019년 12월 13일 17시,금요일,전라남도 나주시 금천면,경상사고,0,0,4,0,차대차 - 측면충돌,안전운전불이행,건조,맑음,단일로 - 기타,승용,여,51세,경상,승용,남,69세,경상
2019121300100493,2019년 12월 13일 17시,금요일,전라남도 화순군 화순읍,중상사고,0,1,4,0,차대차 - 측면충돌,중앙선침범,건조,맑음,단일로 - 기타,승용,남,41세,상해없음,승합,남,60세,경상
2019121300100494,2019년 12월 13일 17시,금요일,전라남도 담양군 담양읍,경상사고,0,0,2,0,차대차 - 기타,안전운전불이행,건조,맑음,교차로 - 교차로안,승용,여,63세,경상,화물,여,69세,경상
2019121300100559,2019년 12월 13일 18시,금요일,전라남도 순천시 조곡동,중상사고,0,1,0,0,차대차 - 기타,안전운전불이행,건조,맑음,단일로 - 기타,승용,남,64세,상해없음,이륜,남,23세,중상
2019121300100560,2019년 12월 13일 18시,금요일,전라남도 순천시 동외동,경상사고,0,0,2,0,차대차 - 측면충돌,안전운전불이행,건조,맑음,교차로 - 교차로부근,승용,여,50세,경상,승용,여,42세,경상
2019121300100561,2019년 12월 13일 18시,금요일,전라남도 화순군 화순읍,중상사고,0,1,3,0,차대차 - 추돌,안전운전불이행,건조,맑음,단일로 - 기타,화물,남,61세,중상,화물,남,64세,경상
2019121300100562,2019년 12월 13일 18시,금요일,전라남도 함평군 함평읍,중상사고,0,1,1,0,차대차 - 추돌,안전운전불이행,건조,맑음,단일로 - 기타,승용,여,25세,상해없음,화물,남,66세,경상
2019121300100623,2019년 12월 13일 19시,금요일,전라남도 목포시 상동,경상사고,0,0,3,0,차대차 - 기타,안전운전불이행,건조,맑음,단일로 - 기타,승용,남,57세,경상,화물,남,51세,경상
2019121300100624,2019년 12월 13일 19시,금요일,전라남도 목포시 상동,경상사고,0,0,2,0,차대차 - 측면충돌,안전운전불이행,건조,맑음,단일로 - 기타,승용,여,31세,경상,승용,남,46세,경상
2019121300100625,2019년 12월 13일 19시,금요일,전라남도 영암군 신북면,경상사고,0,0,2,0,차대차 - 추돌,안전거리미확보,건조,맑음,단일로 - 기타,승용,여,60세,상해없음,승용,남,40세,경상
2019121300100626,2019년 12월 13일 19시,금요일,전라남도 영암군 도포면,경상사고,0,0,3,0,차대차 - 추돌,안전거리미확보,건조,맑음,단일로 - 기타,승용,남,28세,경상,승용,여,60세,경상
2019121300100627,2019년 12월 13일 19시,금요일,전라남도 영암군 도포면,경상사고,0,0,2,0,차대차 - 추돌,안전거리미확보,건조,맑음,기타 - 기타,승용,여,31세,상해없음,승용,남,28세,경상
2019121300100628,2019년 12월 13일 19시,금요일,전라남도 광양시 광영동,중상사고,0,1,0,0,차대사람 - 횡단중,안전운전불이행,건조,맑음,교차로 - 교차로부근,승용,남,53세,상해없음,보행자,여,59세,중상
2019121300100704,2019년 12월 13일 21시,금요일,전라남도 목포시 산정동,경상사고,0,0,1,0,차대차 - 기타,교차로운행방법위반,건조,맑음,교차로 - 교차로안,승용,남,57세,상해없음,이륜,남,51세,경상
2019121300100705,2019년 12월 13일 21시,금요일,전라남도 목포시 산정동,경상사고,0,0,2,0,차대차 - 후진중충돌,안전운전불이행,건조,맑음,단일로 - 기타,승용,여,64세,상해없음,승용,남,32세,경상
2019121300100706,2019년 12월 13일 21시,금요일,전라남도 장흥군 장흥읍,경상사고,0,0,1,0,차대차 - 측면충돌,교차로운행방법위반,건조,맑음,교차로 - 교차로안,승용,남,24세,상해없음,승용,여,40세,경상
2019121300100741,2019년 12월 13일 22시,금요일,전라남도 여수시 충무동,부상신고사고,0,0,0,1,차대사람 - 횡단중,안전운전불이행,건조,맑음,단일로 - 기타,승용,남,63세,상해없음,보행자,남,65세,부상신고
2019121300100742,2019년 12월 13일 22시,금요일,전라남도 순천시 풍덕동,경상사고,0,0,2,0,차대차 - 측면충돌,교차로운행방법위반,건조,맑음,단일로 - 기타,승용,여,66세,상해없음,승용,남,33세,경상
2019121400100076,2019년 12월 14일 02시,토요일,전라남도 목포시 상동,경상사고,0,0,2,0,차대차 - 후진중충돌,안전운전불이행,건조,맑음,교차로 - 교차로부근,승용,남,31세,상해없음,승용,남,34세,경상
2019121400100077,2019년 12월 14일 02시,토요일,전라남도 광양시 황길동,경상사고,0,0,1,0,차량단독 - 공작물충돌,안전운전불이행,건조,맑음,교차로 - 교차로안,승용,남,37세,경상,,,,
2019121400100087,2019년 12월 14일 03시,토요일,전라남도 순천시 조례동,경상사고,0,0,1,0,차대차 - 기타,안전운전불이행,건조,맑음,단일로 - 기타,승용,남,34세,상해없음,승용,남,71세,경상
2019121400100098,2019년 12월 14일 04시,토요일,전라남도 곡성군 목사동면,중상사고,0,1,0,0,차량단독 - 기타,안전운전불이행,건조,맑음,기타 - 기타,승용,남,18세,상해없음,,,,
2019121400100142,2019년 12월 14일 06시,토요일,전라남도 목포시 상동,경상사고,0,0,1,0,차대차 - 기타,교차로운행방법위반,건조,맑음,교차로 - 교차로안,승합,남,53세,상해없음,승용,여,25세,경상
2019121400100143,2019년 12월 14일 06시,토요일,전라남도 영광군 영광읍,중상사고,0,1,0,0,차대사람 - 횡단중,보행자보호의무위반,건조,맑음,단일로 - 기타,승용,남,25세,상해없음,보행자,남,39세,중상
2019121400100212,2019년 12월 14일 08시,토요일,전라남도 화순군 북면,중상사고,0,1,0,0,차량단독 - 공작물충돌,안전운전불이행,젖음/습기,비,단일로 - 기타,화물,남,47세,중상,,,,
2019121400100213,2019년 12월 14일 08시,토요일,전라남도 담양군 담양읍,경상사고,0,0,1,0,차대차 - 기타,교차로운행방법위반,건조,맑음,교차로 - 교차로부근,화물,남,55세,상해없음,승용,여,60세,경상
2019121400100246,2019년 12월 14일 09시,토요일,전라남도 광양시 태인동,경상사고,0,0,1,0,차대차 - 측면충돌,직진우회전진행방해,건조,맑음,교차로 - 교차로안,승용,여,25세,경상,특수,남,43세,상해없음
2019121400100284,2019년 12월 14일 10시,토요일,전라남도 순천시 연향동,경상사고,0,0,2,0,차대차 - 측면충돌,안전운전불이행,건조,맑음,교차로 - 교차로안,승용,남,59세,경상,승용,남,45세,경상
2019121400100285,2019년 12월 14일 10시,토요일,전라남도 보성군 벌교읍,경상사고,0,0,1,0,차대사람 - 보도통행중,보행자보호의무위반,건조,맑음,교차로 - 교차로부근,승합,남,19세,상해없음,보행자,여,53세,경상