사고번호,사고일시,요일,시군구,사고내용,사망자수,중상자수,경상자수,부상신고자수,사고유형,법규위반,노면상태,기상상태,도로형태,가해운전자 차종,가해운전자 성별,가해운전자 연령,가해운전자 상해정도,피해운전자 차종,피해운전자 성별,피해운전자 연령,피해운전자 상해정도
2019121800100389,2019년 12월 18일 17시,수요일,전라남도 목포시 산정동,사망사고,1,0,4,0,차대차 - 측면충돌,신호위반,건조,맑음,교차로 - 교차로안,승합,남,32세,경상,승용,남,50세,경상
2019121800100390,2019년 12월 18일 17시,수요일,전라남도 여수시 안산동,경상사고,0,0,1,0,차대차 - 측면충돌,차로위반,건조,맑음,단일로 - 기타,승용,여,58세,상해없음,승용,남,50세,경상
2019121800100448,2019년 12월 18일 18시,수요일,전라남도 목포시 산정동,경상사고,0,0,2,0,차대차 - 측면충돌,안전거리미확보,건조,맑음,교차로 - 교차로부근,승용,남,63세,상해없음,승용,남,25세,경상
2019121800100449,2019년 12월 18일 18시,수요일,전라남도 목포시 상동,경상사고,0,0,1,0,차대차 - 측면충돌,안전운전불이행,건조,맑음,교차로 - 교차로안,승용,여,54세,상해없음,이륜,남,56세,경상
2019121800100450,2019년 12월 18일 18시,수요일,전라남도 순천시 서면,경상사고,0,0,3,0,차대차 - 추돌,안전운전불이행,건조,맑음,단일로 - 기타,승용,여,18세,상해없음,승용,남,49세,경상
2019121800100451,2019년 12월 18일 18시,수요일,전라남도 순천시 연향동,경상사고,0,0,2,0,차대사람 - 횡단중,보행자보호의무위반,건조,맑음,교차로 - 교차로횡단보도내,승용,남,67세,상해없음,보행자,여,13세,경상
2019121800100452,2019년 12월 18일 18시,수요일,전라남도 장흥군 유치면,경상사고,0,0,1,0,차대차 - 측면충돌,신호위반,건조,맑음,교차로 - 교차로안,승용,남,30세,상해없음,화물,남,59세,경상
2019121800100497,2019년 12월 18일 19시,수요일,전라남도 여수시 관문동,경상사고,0,0,1,0,차대차 - 측면충돌,안전운전불이행,건조,맑음,교차로 - 교차로안,승용,남,62세,상해없음,이륜,남,26세,경상
2019121800100566,2019년 12월 18일 21시,수요일,전라남도 목포시 용당동,경상사고,0,0,3,0,차대차 - 정면충돌,신호위반,건조,맑음,교차로 - 교차로안,승용,남,24세,상해없음,승용,남,55세,경상
2019121800100591,2019년 12월 18일 22시,수요일,전라남도 나주시 빛가람동,경상사고,0,0,1,0,차대차 - 측면충돌,안전운전불이행,건조,맑음,교차로 - 교차로부근,승용,남,32세,상해없음,승용,여,21세,경상
2019121800100613,2019년 12월 18일 23시,수요일,전라남도 광양시 광양읍,경상사고,0,0,3,0,차대차 - 측면충돌,차로위반,건조,맑음,단일로 - 기타,승용,남,52세,상해없음,승용,남,64세,경상
2019121900100035,2019년 12월 19일 00시,목요일,전라남도 광양시 중동,경상사고,0,0,2,0,차대차 - 측면충돌,직진우회전진행방해,건조,흐림,교차로 - 교차로안,승용,남,66세,상해없음,이륜,남,19세,경상
2019121900100052,2019년 12월 19일 01시,목요일,전라남도 고흥군 풍양면,사망사고,1,0,0,0,차량단독 - 도로외이탈 - 기타,안전운전불이행,건조,맑음,단일로 - 기타,원동기,남,38세,사망,,,,
2019121900100100,2019년 12월 19일 06시,목요일,전라남도 목포시 석현동,중상사고,0,1,0,0,차량단독 - 기타,안전운전불이행,건조,맑음,단일로 - 기타,이륜,남,18세,중상,,,,
2019121900100148,2019년 12월 19일 08시,목요일,전라남도 장흥군 회진면,사망사고,1,0,0,0,차대차 - 측면충돌,교차로운행방법위반,건조,맑음,교차로 - 교차로안,이륜,남,90세 이상,사망,화물,남,66세,상해없음
2019121900100149,2019년 12월 19일 08시,목요일,전라남도 영암군 삼호읍,경상사고,0,0,3,0,차대차 - 측면충돌,안전운전불이행,건조,맑음,단일로 - 기타,승용,남,75세,경상,승용,여,44세,경상
2019121900100183,2019년 12월 19일 09시,목요일,전라남도 장성군 장성읍,경상사고,0,0,2,0,차대사람 - 기타,안전운전불이행,건조,맑음,단일로 - 기타,승합,남,55세,경상,보행자,여,17세,경상
2019121900100236,2019년 12월 19일 11시,목요일,전라남도 영암군 삼호읍,경상사고,0,0,1,0,차대차 - 측면충돌,신호위반,건조,맑음,교차로 - 교차로안,화물,남,69세,상해없음,승용,여,48세,경상
2019121900100282,2019년 12월 19일 12시,목요일,전라남도 목포시 대양동,경상사고,0,0,1,0,차대차 - 추돌,안전운전불이행,건조,맑음,단일로 - 기타,승용,남,67세,상해없음,승용,여,56세,경상
2019121900100283,2019년 12월 19일 12시,목요일,전라남도 여수시 학동,중상사고,0,1,0,0,차대차 - 측면충돌,신호위반,건조,맑음,교차로 - 교차로안,승용,남,70세,상해없음,이륜,남,19세,중상
2019121900100320,2019년 12월 19일 13시,목요일,전라남도 여수시 주삼동,중상사고,0,1,7,0,차대차 - 측면충돌,신호위반,건조,맑음,교차로 - 교차로안,승합,남,65세,상해없음,승용,남,42세,중상
2019121900100321,2019년 12월 19일 13시,목요일,전라남도 구례군 구례읍,경상사고,0,0,1,0,차대차 - 기타,안전운전불이행,건조,맑음,교차로 - 교차로안,이륜,여,71세,경상,승용,남,49세,상해없음
2019121900100351,2019년 12월 19일 14시,목요일,전라남도 여수시 주삼동,중상사고,0,1,0,0,차대차 - 측면충돌,안전운전불이행,건조,맑음,단일로 - 기타,건설기계,남,56세,상해없음,승용,여,60세,중상
2019121900100352,2019년 12월 19일 14시,목요일,전라남도 나주시 다시면,경상사고,0,0,1,0,차대차 - 측면충돌,기타,건조,맑음,교차로 - 교차로안,승용,여,31세,경상,화물,남,76세,상해없음
2019121900100353,2019년 12월 19일 14시,목요일,전라남도 고흥군 도양읍,부상신고사고,0,0,0,1,차대차 - 측면충돌,안전운전불이행,건조,맑음,교차로 - 교차로안,승용,남,30세,부상신고,건설기계,남,57세,상해없음
2019121900100354,2019년 12월 19일 14시,목요일,전라남도 장성군 장성읍,경상사고,0,0,1,0,차대차 - 기타,안전운전불이행,건조,맑음,교차로 - 교차로안,승용,남,71세,상해없음,승용,남,71세,경상
2019121900100391,2019년 12월 19일 15시,목요일,전라남도 여수시 여서동,중상사고,0,1,0,0,차대사람 - 횡단중,보행자보호의무위반,건조,맑음,교차로 - 교차로부근,승용,남,32세,상해없음,보행자,여,69세,중상
2019121900100392,2019년 12월 19일 15시,목요일,전라남도 순천시 조례동,경상사고,0,0,1,0,차대차 - 측면충돌,안전운전불이행,건조,맑음,단일로 - 기타,승용,여,53세,상해없음,자전거,남,69세,경상
2019121900100393,2019년 12월 19일 15시,목요일,전라남도 장흥군 용산면,중상사고,0,1,3,0,차대차 - 측면충돌,직진우회전진행방해,건조,맑음,교차로 - 교차로안,승용,여,52세,경상,승용,여,69세,중상
2019121900100427,2019년 12월 19일 16시,목요일,전라남도 나주시 삼도동,중상사고,0,1,2,0,차대차 - 측면충돌,안전운전불이행,건조,맑음,교차로 - 교차로안,승용,여,66세,경상,화물,남,60세,경상
2019121900100428,2019년 12월 19일 16시,목요일,전라남도 구례군 구례읍,중상사고,0,1,0,0,차대사람 - 기타,보행자보호의무위반,건조,맑음,교차로 - 교차로횡단보도내,화물,남,72세,상해없음,보행자,여,27세,중상
2019121900100516,2019년 12월 19일 18시,목요일,전라남도 목포시 달동,경상사고,0,0,1,0,차대차 - 기타,교차로운행방법위반,건조,맑음,교차로 - 교차로안,건설기계,남,53세,상해없음,승용,남,29세,경상
2019121900100517,2019년 12월 19일 18시,목요일,전라남도 순천시 동외동,경상사고,0,0,1,0,차대차 - 기타,안전운전불이행,건조,맑음,교차로 - 교차로부근,승용,남,59세,상해없음,승용,남,18세,경상
2019121900100518,2019년 12월 19일 18시,목요일,전라남도 장흥군 부산면,경상사고,0,0,2,0,차대차 - 추돌,안전거리미확보,건조,흐림,단일로 - 기타,승용,남,54세,경상,승용,남,26세,경상
2019121900100519,2019년 12월 19일 18시,목요일,전라남도 장흥군 부산면,경상사고,0,0,2,0,차대차 - 추돌,안전거리미확보,건조,흐림,단일로 - 기타,승합,남,47세,경상,승용,남,26세,상해없음
2019121900100520,2019년 12월 19일 18시,목요일,전라남도 장흥군 부산면,중상사고,0,1,0,0,차대차 - 추돌,안전거리미확보,건조,흐림,단일로 - 기타,화물,남,60세,중상,승용,남,26세,상해없음
2019121900100521,2019년 12월 19일 18시,목요일,전라남도 진도군 진도읍,경상사고,0,0,1,0,차대차 - 측면충돌,안전운전불이행,건조,맑음,기타 - 기타,승용,남,33세,상해없음,승용,남,47세,경상
2019121900100570,2019년 12월 19일 19시,목요일,전라남도 여수시 교동,중상사고,0,1,0,0,차대사람 - 횡단중,보행자보호의무위반,건조,맑음,교차로 - 교차로횡단보도내,승용,남,68세,상해없음,보행자,남,64세,중상
2019121900100571,2019년 12월 19일 19시,목요일,전라남도 나주시 산포면,경상사고,0,0,1,0,차량단독 - 공작물충돌,안전운전불이행,건조,맑음,단일로 - 기타,화물,남,48세,경상,,,,
2019121900100608,2019년 12월 19일 20시,목요일,전라남도 여수시 돌산읍,경상사고,0,0,1,0,차대차 - 측면충돌,중앙선침범,건조,맑음,교차로 - 교차로부근,승용,남,56세,상해없음,승합,남,33세,경상
2019121900100639,2019년 12월 19일 21시,목요일,전라남도 순천시 해룡면,경상사고,0,0,3,0,차대차 - 기타,안전운전불이행,건조,맑음,교차로 - 교차로부근,승용,남,55세,상해없음,승용,남,45세,경상
2019121900100667,2019년 12월 19일 22시,목요일,전라남도 목포시 상동,사망사고,1,0,0,0,차대사람 - 기타,보행자보호의무위반,건조,흐림,단일로 - 기타,승용,남,51세,상해없음,보행자,여,22세,사망
2019121900100668,2019년 12월 19일 22시,목요일,전라남도 목포시 옥암동,경상사고,0,0,1,0,차대차 - 기타,안전운전불이행,건조,맑음,교차로 - 교차로부근,승용,여,60세,상해없음,승용,남,45세,경상
2019121900100669,2019년 12월 19일 22시,목요일,전라남도 여수시 수정동,경상사고,0,0,1,0,차대차 - 기타,차로위반,건조,맑음,단일로 - 기타,승용,남,40세,상해없음,승합,남,60세,상해없음
2019122000100044,2019년 12월 20일 01시,금요일,전라남도 순천시 서면,중상사고,0,1,2,0,차대사람 - 차도통행중,안전운전불이행,건조,맑음,단일로 - 기타,승용,남,21세,경상,보행자,남,20세,중상
2019122000100090,2019년 12월 20일 06시,금요일,전라남도 해남군 해남읍,경상사고,0,0,2,0,차대차 - 기타,교차로운행방법위반,건조,맑음,교차로 - 교차로안,승용,남,24세,경상,승용,남,56세,경상
2019122000100091,2019년 12월 20일 06시,금요일,전라남도 해남군 해남읍,사망사고,1,0,0,0,차대사람 - 횡단중,안전운전불이행,건조,맑음,교차로 - 교차로안,승용,여,50세,상해없음,보행자,여,81세,사망
2019122000100112,2019년 12월 20일 07시,금요일,전라남도 강진군 성전면,중상사고,0,1,0,0,차대사람 - 기타,안전운전불이행,건조,맑음,교차로 - 교차로부근,특수,남,60세,기타불명,보행자,여,81세,중상
2019122000100137,2019년 12월 20일 08시,금요일,전라남도 목포시 용해동,경상사고,0,0,1,0,차대사람 - 횡단중,신호위반,건조,맑음,교차로 - 교차로횡단보도내,승용,여,43세,상해없음,보행자,여,10세,경상
2019122000100138,2019년 12월 20일 08시,금요일,전라남도 여수시 중흥동,경상사고,0,0,2,0,차대차 - 측면충돌,안전거리미확보,건조,맑음,단일로 - 지하차도(도로)내,건설기계,남,31세,경상,승용,남,19세,경상
2019122000100139,2019년 12월 20일 08시,금요일,전라남도 영암군 학산면,경상사고,0,0,1,0,차대차 - 정면충돌,안전운전불이행,건조,맑음,교차로 - 교차로안,승용,여,53세,경상,승합,남,56세,상해없음
2019122000100189,2019년 12월 20일 10시,금요일,전라남도 순천시 조례동,경상사고,0,0,2,0,차대차 - 추돌,안전운전불이행,건조,맑음,교차로 - 교차로부근,승용,남,50세,상해없음,승용,남,38세,경상
2019122000100190,2019년 12월 20일 10시,금요일,전라남도 해남군 해남읍,경상사고,0,0,2,0,차대차 - 측면충돌,교차로운행방법위반,건조,맑음,교차로 - 교차로안,승용,남,81세,기타불명,화물,남,76세,경상
2019122000100191,2019년 12월 20일 10시,금요일,전라남도 곡성군 입면,경상사고,0,0,4,0,차대차 - 측면충돌,신호위반,건조,맑음,교차로 - 교차로안,화물,남,73세,경상,승용,남,51세,경상
2019122000100221,2019년 12월 20일 11시,금요일,전라남도 담양군 수북면,경상사고,0,0,2,0,차대차 - 측면충돌,안전운전불이행,건조,맑음,교차로 - 교차로안,화물,남,49세,경상,화물,남,57세,경상
2019122000100255,2019년 12월 20일 12시,금요일,전라남도 목포시 중동1가,경상사고,0,0,4,0,차대차 - 기타,교차로운행방법위반,건조,맑음,교차로 - 교차로안,승용,남,60세,경상,승용,여,29세,경상
2019122000100292,2019년 12월 20일 13시,금요일,전라남도 순천시 조례동,경상사고,0,0,1,0,차대차 - 기타,교차로운행방법위반,건조,맑음,교차로 - 교차로부근,화물,남,66세,상해없음,자전거,남,21세,경상
2019122000100293,2019년 12월 20일 13시,금요일,전라남도 장흥군 회진면,중상사고,0,1,0,0,차량단독 - 기타,안전운전불이행,건조,맑음,교차로 - 교차로부근,이륜,남,77세,중상,,,,
2019122000100294,2019년 12월 20일 13시,금요일,전라남도 함평군 학교면,중상사고,0,1,0,0,차량단독 - 전도전복 - 전도,안전운전불이행,건조,맑음,단일로 - 기타,이륜,남,65세,중상,,,,
2019122000100331,2019년 12월 20일 14시,금요일,전라남도 순천시 해룡면,경상사고,0,0,1,0,차대차 - 측면충돌,교차로운행방법위반,건조,맑음,교차로 - 교차로안,승용,여,47세,상해없음,승용,여,48세,경상
2019122000100332,2019년 12월 20일 14시,금요일,전라남도 화순군 화순읍,중상사고,0,1,0,0,차대사람 - 횡단중,보행자보호의무위반,건조,맑음,교차로 - 교차로횡단보도내,화물,남,41세,상해없음,보행자,여,71세,중상
2019122000100333,2019년 12월 20일 14시,금요일,전라남도 담양군 대전면,경상사고,0,0,1,0,차량단독 - 공작물충돌,안전운전불이행,건조,맑음,단일로 - 기타,승용,남,42세,경상,,,,
2019122000100334,2019년 12월 20일 14시,금요일,전라남도 완도군 완도읍,경상사고,0,0,1,0,차대차 - 기타,안전운전불이행,건조,맑음,단일로 - 기타,화물,남,49세,상해없음,승용,남,47세,경상
2019122000100335,2019년 12월 20일 14시,금요일,전라남도 광양시 광양읍,경상사고,0,0,2,0,차대차 - 기타,안전거리미확보,건조,맑음,단일로 - 기타,건설기계,남,41세,경상,특수,남,52세,상해없음
2019122000100416,2019년 12월 20일 16시,금요일,전라남도 강진군 성전면,경상사고,0,0,1,0,차대차 - 측면충돌,직진우회전진행방해,건조,맑음,교차로 - 교차로안,승용,여,65세,상해없음,승용,여,48세,상해없음
2019122000100417,2019년 12월 20일 16시,금요일,전라남도 광양시 광양읍,경상사고,0,0,1,0,차대차 - 추돌,안전운전불이행,건조,맑음,교차로 - 교차로부근,승용,남,51세,상해없음,승용,남,46세,경상
2019122000100418,2019년 12월 20일 16시,금요일,전라남도 광양시 중동,경상사고,0,0,1,0,차대차 - 측면충돌,기타,건조,맑음,교차로 - 교차로부근,이륜,남,33세,경상,승용,여,39세,상해없음
2019122000100472,2019년 12월 20일 17시,금요일,전라남도 여수시 상암동,중상사고,0,1,0,0,차대차 - 측면충돌,안전운전불이행,건조,맑음,교차로 - 교차로안,화물,남,49세,상해없음,승용,남,33세,중상
2019122000100473,2019년 12월 20일 17시,금요일,전라남도 나주시 남내동,경상사고,0,0,2,0,차대차 - 기타,안전거리미확보,건조,맑음,단일로 - 기타,화물,남,57세,상해없음,승합,남,58세,상해없음
2019122000100536,2019년 12월 20일 18시,금요일,전라남도 목포시 상동,경상사고,0,0,1,0,차대차 - 기타,안전운전불이행,건조,맑음,교차로 - 교차로부근,화물,남,55세,상해없음,승용,여,33세,경상
2019122000100537,2019년 12월 20일 18시,금요일,전라남도 여수시 신월동,경상사고,0,0,1,0,차대사람 - 횡단중,보행자보호의무위반,건조,맑음,단일로 - 기타,승용,여,73세,상해없음,보행자,여,69세,경상
2019122000100538,2019년 12월 20일 18시,금요일,전라남도 여수시 문수동,중상사고,0,1,1,0,차대사람 - 횡단중,신호위반,건조,맑음,교차로 - 교차로횡단보도내,이륜,남,30세,경상,보행자,여,59세,중상
2019122000100595,2019년 12월 20일 19시,금요일,전라남도 여수시 신기동,경상사고,0,0,1,0,차대사람 - 길가장자리구역통행중,안전운전불이행,건조,맑음,교차로 - 교차로안,기타불명,기타불명,미분류,기타불명,보행자,여,25세,경상
2019122000100637,2019년 12월 20일 20시,금요일,전라남도 순천시 해룡면,중상사고,0,1,0,0,차대차 - 기타,안전운전불이행,건조,맑음,단일로 - 기타,특수,남,30세,상해없음,자전거,남,57세,중상
2019122000100671,2019년 12월 20일 21시,금요일,전라남도 순천시 매곡동,경상사고,0,0,1,0,차대차 - 측면충돌,직진우회전진행방해,건조,맑음,교차로 - 교차로안,승용,여,49세,경상,승용,남,34세,상해없음
2019122000100672,2019년 12월 20일 21시,금요일,전라남도 영광군 영광읍,경상사고,0,0,1,0,차대사람 - 횡단중,보행자보호의무위반,건조,맑음,교차로 - 교차로횡단보도내,승용,남,53세,상해없음,보행자,남,9세,경상
2019122000100726,2019년 12월 20일 23시,금요일,전라남도 나주시 금성동,경상사고,0,0,2,0,차대차 - 측면충돌,직진우회전진행방해,건조,맑음,교차로 - 교차로안,승용,남,20세,상해없음,승용,여,51세,경상
2019122000100727,2019년 12월 20일 23시,금요일,전라남도 해남군 해남읍,경상사고,0,0,2,0,차대차 - 기타,신호위반,건조,맑음,교차로 - 교차로안,화물,남,19세,상해없음,승용,여,50세,경상
2019122100100039,2019년 12월 21일 00시,토요일,전라남도 함평군 월야면,경상사고,0,0,2,0,차대차 - 측면충돌,안전운전불이행,건조,맑음,단일로 - 기타,승용,여,48세,경상,승용,여,63세,경상
2019122100100066,2019년 12월 21일 01시,토요일,전라남도 함평군 함평읍,경상사고,0,0,2,0,차대차 - 후진중충돌,안전운전불이행,건조,맑음,기타 - 기타,승용,남,47세,상해없음,승용,남,36세,경상
2019122100100086,2019년 12월 21일 02시,토요일,전라남도 목포시 대성동,경상사고,0,0,4,0,차대차 - 기타,신호위반,건조,맑음,교차로 - 교차로안,승용,여,57세,경상,승용,남,57세,경상
2019122100100087,2019년 12월 21일 02시,토요일,전라남도 여수시 광무동,경상사고,0,0,2,0,차대차 - 기타,신호위반,건조,맑음,교차로 - 교차로안,승용,여,50세,상해없음,승용,남,23세,경상
2019122100100121,2019년 12월 21일 05시,토요일,전라남도 보성군 벌교읍,중상사고,0,1,0,0,차량단독 - 도로외이탈 - 추락,안전운전불이행,건조,맑음,단일로 - 기타,화물,남,60세,중상,,,,
2019122100100151,2019년 12월 21일 07시,토요일,전라남도 장성군 진원면,경상사고,0,0,3,0,차대차 - 기타,중앙선침범,건조,맑음,단일로 - 기타,승용,남,72세,상해없음,화물,남,56세,경상
2019122100100161,2019년 12월 21일 08시,토요일,전라남도 화순군 화순읍,경상사고,0,0,1,0,차대차 - 기타,신호위반,건조,맑음,교차로 - 교차로안,승용,여,37세,상해없음,승용,여,36세,경상
2019122100100182,2019년 12월 21일 09시,토요일,전라남도 순천시 조례동,경상사고,0,0,1,0,차대차 - 기타,안전운전불이행,건조,맑음,단일로 - 기타,승용,남,26세,상해없음,화물,남,44세,경상
2019122100100201,2019년 12월 21일 10시,토요일,전라남도 순천시 저전동,경상사고,0,0,1,0,차대차 - 측면충돌,신호위반,건조,맑음,교차로 - 교차로안,승용,남,63세,상해없음,승용,여,44세,경상
2019122100100260,2019년 12월 21일 12시,토요일,전라남도 해남군 마산면,경상사고,0,0,2,0,차대차 - 정면충돌,안전운전불이행,건조,맑음,교차로 - 교차로안,승합,남,78세,기타불명,승용,남,67세,경상
2019122100100261,2019년 12월 21일 12시,토요일,전라남도 무안군 해제면,중상사고,0,2,2,0,차대차 - 측면충돌,신호위반,건조,맑음,교차로 - 교차로안,화물,남,73세,경상,화물,남,66세,중상
2019122100100299,2019년 12월 21일 13시,토요일,전라남도 목포시 석현동,경상사고,0,0,4,0,차대차 - 측면충돌,안전거리미확보,건조,맑음,단일로 - 기타,승용,남,48세,상해없음,승용,남,24세,경상
2019122100100300,2019년 12월 21일 13시,토요일,전라남도 목포시 죽교동,경상사고,0,0,2,0,차대차 - 추돌,안전운전불이행,건조,맑음,단일로 - 기타,승용,남,34세,상해없음,승용,남,78세,경상
2019122100100333,2019년 12월 21일 14시,토요일,전라남도 고흥군 풍양면,중상사고,0,1,1,0,차대차 - 기타,안전운전불이행,건조,흐림,단일로 - 기타,화물,남,62세,경상,승용,남,57세,중상
2019122100100334,2019년 12월 21일 14시,토요일,전라남도 영암군 시종면,중상사고,0,1,1,0,차대차 - 측면충돌,안전운전불이행,건조,맑음,교차로 - 교차로안,승용,남,60세,중상,화물,남,49세,경상
2019122100100356,2019년 12월 21일 15시,토요일,전라남도 여수시 신기동,경상사고,0,0,1,0,차대차 - 측면충돌,교차로운행방법위반,건조,맑음,교차로 - 교차로안,승용,여,57세,상해없음,승용,남,52세,경상
2019122100100393,2019년 12월 21일 16시,토요일,전라남도 여수시 신기동,부상신고사고,0,0,0,1,차대사람 - 횡단중,보행자보호의무위반,건조,맑음,단일로 - 기타,승용,여,26세,상해없음,보행자,여,70세,부상신고
2019122100100418,2019년 12월 21일 17시,토요일,전라남도 담양군 담양읍,경상사고,0,0,2,0,차대차 - 기타,안전거리미확보,건조,맑음,교차로 - 교차로부근,승용,남,40세,상해없음,승용,남,62세,경상
2019122100100419,2019년 12월 21일 17시,토요일,전라남도 무안군 무안읍,중상사고,0,1,0,0,차대사람 - 기타,안전운전불이행,건조,맑음,교차로 - 교차로안,승용,남,53세,상해없음,보행자,남,78세,중상
2019122100100465,2019년 12월 21일 18시,토요일,전라남도 광양시 광양읍,중상사고,0,1,0,0,차대사람 - 횡단중,안전운전불이행,건조,맑음,교차로 - 교차로부근,승용,남,36세,상해없음,보행자,여,12세,중상
2019122100100519,2019년 12월 21일 19시,토요일,전라남도 여수시 선원동,경상사고,0,0,1,0,차대차 - 기타,안전운전불이행,건조,맑음,단일로 - 기타,승용,여,56세,상해없음,승용,남,33세,경상
2019122100100520,2019년 12월 21일 19시,토요일,전라남도 곡성군 곡성읍,경상사고,0,0,1,0,차량단독 - 공작물충돌,안전운전불이행,건조,맑음,교차로 - 교차로안,승용,남,71세,경상,,,,
2019122100100559,2019년 12월 21일 20시,토요일,전라남도 목포시 상동,경상사고,0,0,4,0,차대차 - 기타,중앙선침범,건조,맑음,단일로 - 기타,승용,남,53세,상해없음,승용,남,70세,경상
2019122100100574,2019년 12월 21일 21시,토요일,전라남도 순천시 조례동,경상사고,0,0,1,0,차대차 - 측면충돌,직진우회전진행방해,건조,맑음,교차로 - 교차로안,승용,여,42세,상해없음,승용,남,62세,상해없음
2019122100100575,2019년 12월 21일 21시,토요일,전라남도 영암군 삼호읍,경상사고,0,0,2,0,차대차 - 기타,안전운전불이행,건조,맑음,교차로 - 교차로부근,화물,남,51세,상해없음,승용,남,61세,경상
2019122100100603,2019년 12월 21일 22시,토요일,전라남도 목포시 산정동,경상사고,0,0,1,0,차대차 - 기타,교차로운행방법위반,건조,맑음,교차로 - 교차로안,승용,남,49세,상해없음,이륜,남,17세,경상
2019122100100604,2019년 12월 21일 22시,토요일,전라남도 여수시 웅천동,경상사고,0,0,2,0,차대차 - 측면충돌,교차로운행방법위반,건조,맑음,교차로 - 교차로안,승용,여,29세,상해없음,승용,여,40세,경상
2019122100100630,2019년 12월 21일 23시,토요일,전라남도 여수시 안산동,경상사고,0,0,1,0,차대차 - 추돌,안전운전불이행,건조,맑음,교차로 - 교차로안,승용,남,29세,상해없음,이륜,남,31세,경상
2019122100100631,2019년 12월 21일 23시,토요일,전라남도 무안군 삼향읍,경상사고,0,0,1,0,차대차 - 추돌,안전운전불이행,건조,맑음,단일로 - 기타,승용,남,26세,경상,특수,남,52세,상해없음
2019122200100102,2019년 12월 22일 04시,일요일,전라남도 목포시 옥암동,경상사고,0,0,1,0,차대차 - 기타,신호위반,건조,맑음,교차로 - 교차로안,승용,남,21세,상해없음,승용,남,22세,경상
2019122200100123,2019년 12월 22일 06시,일요일,전라남도 고흥군 점암면,중상사고,0,1,0,0,차대차 - 추돌,안전운전불이행,건조,맑음,단일로 - 기타,승용,남,24세,중상,건설기계,남,64세,상해없음
2019122200100124,2019년 12월 22일 06시,일요일,전라남도 해남군 해남읍,경상사고,0,0,1,0,차대차 - 측면충돌,직진우회전진행방해,건조,맑음,교차로 - 교차로안,승용,남,64세,기타불명,승용,여,26세,경상
2019122200100138,2019년 12월 22일 08시,일요일,전라남도 순천시 홍내동,중상사고,0,2,0,0,차대차 - 기타,신호위반,건조,맑음,교차로 - 교차로안,건설기계,남,64세,상해없음,화물,남,71세,중상
2019122200100139,2019년 12월 22일 08시,일요일,전라남도 순천시 별량면,중상사고,0,1,0,0,차량단독 - 기타,안전운전불이행,건조,맑음,단일로 - 기타,승용,남,27세,중상,,,,
2019122200100140,2019년 12월 22일 08시,일요일,전라남도 나주시 남평읍,경상사고,0,0,1,0,차대차 - 측면충돌,신호위반,건조,맑음,교차로 - 교차로안,승용,여,46세,상해없음,승합,남,45세,경상
2019122200100163,2019년 12월 22일 09시,일요일,전라남도 목포시 호남동,경상사고,0,0,1,0,차대차 - 측면충돌,안전거리미확보,건조,맑음,단일로 - 기타,승용,남,70세,상해없음,승용,남,37세,경상
2019122200100164,2019년 12월 22일 09시,일요일,전라남도 고흥군 금산면,중상사고,0,1,1,1,차대차 - 추돌,안전운전불이행,건조,맑음,단일로 - 기타,화물,남,56세,상해없음,승합,남,57세,부상신고
2019122200100165,2019년 12월 22일 09시,일요일,전라남도 함평군 월야면,부상신고사고,0,0,0,1,차대차 - 기타,기타,건조,맑음,단일로 - 기타,화물,남,35세,상해없음,승용,여,41세,부상신고
2019122200100192,2019년 12월 22일 11시,일요일,전라남도 담양군 담양읍,경상사고,0,0,4,0,차대차 - 추돌,안전운전불이행,건조,흐림,교차로 - 교차로부근,승용,남,30세,상해없음,승용,남,28세,경상
2019122200100210,2019년 12월 22일 12시,일요일,전라남도 여수시 학동,중상사고,0,2,4,1,차대차 - 측면충돌,안전운전불이행,건조,맑음,교차로 - 교차로안,승용,남,33세,경상,승용,남,73세,경상
2019122200100211,2019년 12월 22일 12시,일요일,전라남도 나주시 부덕동,경상사고,0,0,3,0,차대차 - 측면충돌,신호위반,건조,맑음,교차로 - 교차로안,승용,여,44세,경상,승용,남,65세,상해없음
2019122200100273,2019년 12월 22일 14시,일요일,전라남도 목포시 명륜동,경상사고,0,0,2,0,차대차 - 추돌,안전운전불이행,건조,맑음,교차로 - 교차로부근,승용,남,15세,상해없음,승용,남,55세,경상
2019122200100274,2019년 12월 22일 14시,일요일,전라남도 순천시 서면,중상사고,0,1,0,0,차대차 - 기타,안전운전불이행,건조,맑음,교차로 - 교차로부근,자전거,남,10세,중상,승용,여,42세,상해없음
2019122200100275,2019년 12월 22일 14시,일요일,전라남도 장성군 장성읍,경상사고,0,0,1,0,차대차 - 측면충돌,안전운전불이행,건조,맑음,교차로 - 교차로부근,승용,남,32세,상해없음,승용,남,48세,경상