사고번호,사고일시,요일,시군구,사고내용,사망자수,중상자수,경상자수,부상신고자수,사고유형,법규위반,노면상태,기상상태,도로형태,가해운전자 차종,가해운전자 성별,가해운전자 연령,가해운전자 상해정도,피해운전자 차종,피해운전자 성별,피해운전자 연령,피해운전자 상해정도
2019122700100030,2019년 12월 27일 00시,금요일,전라남도 목포시 옥암동,경상사고,0,0,1,0,차대사람 - 기타,교차로운행방법위반,건조,맑음,교차로 - 교차로안,화물,남,45세,상해없음,보행자,여,49세,경상
2019122700100066,2019년 12월 27일 03시,금요일,전라남도 목포시 죽교동,경상사고,0,0,1,0,차대사람 - 기타,안전운전불이행,건조,맑음,단일로 - 기타,승용,여,68세,상해없음,보행자,남,51세,경상
2019122700100082,2019년 12월 27일 06시,금요일,전라남도 장흥군 안양면,경상사고,0,0,1,0,차대차 - 기타,안전운전불이행,건조,맑음,교차로 - 교차로안,화물,여,60세,경상,화물,남,24세,상해없음
2019122700100083,2019년 12월 27일 06시,금요일,전라남도 함평군 해보면,중상사고,0,1,0,1,차대차 - 추돌,안전운전불이행,건조,맑음,단일로 - 기타,승용,남,35세,부상신고,승용,남,50세,중상
2019122700100103,2019년 12월 27일 07시,금요일,전라남도 장흥군 장흥읍,경상사고,0,0,1,0,차대차 - 정면충돌,중앙선침범,건조,맑음,단일로 - 기타,승용,여,49세,상해없음,승합,남,46세,경상
2019122700100142,2019년 12월 27일 08시,금요일,전라남도 순천시 연향동,경상사고,0,0,2,0,차대차 - 기타,신호위반,건조,맑음,교차로 - 교차로안,승용,여,52세,상해없음,승용,여,37세,경상
2019122700100143,2019년 12월 27일 08시,금요일,전라남도 담양군 담양읍,중상사고,0,1,2,0,차대차 - 측면충돌,신호위반,건조,맑음,교차로 - 교차로안,승용,남,68세,중상,승용,여,27세,경상
2019122700100170,2019년 12월 27일 09시,금요일,전라남도 목포시 상동,경상사고,0,0,2,0,차대차 - 측면충돌,안전거리미확보,건조,맑음,단일로 - 기타,승용,남,71세,경상,승용,남,75세,경상
2019122700100171,2019년 12월 27일 09시,금요일,전라남도 여수시 문수동,경상사고,0,0,1,0,차대차 - 추돌,안전운전불이행,건조,맑음,단일로 - 기타,화물,남,44세,상해없음,이륜,남,21세,경상
2019122700100172,2019년 12월 27일 09시,금요일,전라남도 순천시 덕암동,중상사고,0,1,1,0,차대차 - 추돌,안전운전불이행,건조,맑음,교차로 - 교차로부근,승용,여,38세,상해없음,이륜,남,64세,중상
2019122700100173,2019년 12월 27일 09시,금요일,전라남도 화순군 화순읍,경상사고,0,0,1,0,차대사람 - 기타,안전운전불이행,건조,맑음,단일로 - 기타,승용,여,27세,상해없음,보행자,여,56세,경상
2019122700100201,2019년 12월 27일 10시,금요일,전라남도 고흥군 고흥읍,중상사고,0,1,0,0,차대사람 - 횡단중,보행자보호의무위반,건조,맑음,교차로 - 교차로횡단보도내,승용,남,62세,상해없음,보행자,여,85세,중상
2019122700100202,2019년 12월 27일 10시,금요일,전라남도 영광군 염산면,중상사고,0,1,3,0,차대차 - 기타,안전운전불이행,건조,맑음,단일로 - 기타,승용,남,49세,상해없음,승합,남,43세,상해없음
2019122700100228,2019년 12월 27일 11시,금요일,전라남도 목포시 상동,중상사고,0,1,0,0,차대차 - 기타,안전운전불이행,건조,맑음,교차로 - 교차로안,화물,남,49세,상해없음,이륜,남,39세,중상
2019122700100229,2019년 12월 27일 11시,금요일,전라남도 해남군 송지면,경상사고,0,0,1,0,차대차 - 추돌,안전운전불이행,건조,맑음,단일로 - 기타,화물,남,43세,기타불명,승용,여,39세,경상
2019122700100230,2019년 12월 27일 11시,금요일,전라남도 영광군 불갑면,부상신고사고,0,0,0,1,차대차 - 측면충돌,안전운전불이행,건조,맑음,단일로 - 기타,이륜,남,67세,부상신고,화물,남,51세,상해없음
2019122700100292,2019년 12월 27일 13시,금요일,전라남도 목포시 산정동,경상사고,0,0,1,0,차대사람 - 횡단중,안전운전불이행,건조,맑음,단일로 - 기타,승용,남,59세,상해없음,보행자,남,72세,경상
2019122700100293,2019년 12월 27일 13시,금요일,전라남도 해남군 해남읍,경상사고,0,0,2,0,차대차 - 측면충돌,신호위반,건조,맑음,교차로 - 교차로안,승용,남,49세,기타불명,승용,여,48세,경상
2019122700100365,2019년 12월 27일 15시,금요일,전라남도 여수시 둔덕동,중상사고,0,1,0,0,차대차 - 측면충돌,안전운전불이행,건조,맑음,교차로 - 교차로안,승용,남,49세,상해없음,이륜,남,41세,중상
2019122700100366,2019년 12월 27일 15시,금요일,전라남도 구례군 구례읍,부상신고사고,0,0,0,1,차대차 - 측면충돌,교차로운행방법위반,건조,맑음,교차로 - 교차로안,원동기,남,85세,부상신고,승용,남,58세,상해없음
2019122700100404,2019년 12월 27일 16시,금요일,전라남도 광양시 황길동,경상사고,0,0,2,0,차대차 - 측면충돌,교차로운행방법위반,건조,맑음,교차로 - 교차로안,건설기계,남,55세,경상,화물,남,42세,경상
2019122700100440,2019년 12월 27일 17시,금요일,전라남도 여수시 학동,중상사고,0,1,0,0,차대사람 - 차도통행중,안전운전불이행,건조,맑음,교차로 - 교차로안,승용,남,69세,상해없음,보행자,남,10세,중상
2019122700100441,2019년 12월 27일 17시,금요일,전라남도 여수시 중앙동,경상사고,0,0,3,0,차대차 - 측면충돌,안전운전불이행,건조,맑음,교차로 - 교차로부근,승용,남,65세,상해없음,승용,남,21세,경상
2019122700100442,2019년 12월 27일 17시,금요일,전라남도 나주시 빛가람동,경상사고,0,0,1,0,차대차 - 측면충돌,안전운전불이행,건조,맑음,교차로 - 교차로안,승용,여,34세,상해없음,승용,남,34세,경상
2019122700100484,2019년 12월 27일 18시,금요일,전라남도 해남군 해남읍,중상사고,0,1,0,0,차대차 - 추돌,안전운전불이행,건조,맑음,단일로 - 기타,승용,여,48세,기타불명,승용,여,60세,중상
2019122700100485,2019년 12월 27일 18시,금요일,전라남도 해남군 해남읍,경상사고,0,0,2,0,차대차 - 추돌,안전운전불이행,건조,맑음,단일로 - 기타,승용,남,36세,기타불명,승용,남,63세,경상
2019122700100545,2019년 12월 27일 19시,금요일,전라남도 순천시 연향동,중상사고,0,1,0,0,차대차 - 기타,안전운전불이행,건조,맑음,단일로 - 기타,원동기,남,40세,상해없음,원동기,남,34세,중상
2019122700100546,2019년 12월 27일 19시,금요일,전라남도 강진군 강진읍,경상사고,0,0,1,0,차대차 - 측면충돌,직진우회전진행방해,건조,맑음,교차로 - 교차로안,승용,여,59세,상해없음,승용,남,40세,경상
2019122800100036,2019년 12월 28일 00시,토요일,전라남도 보성군 노동면,중상사고,0,6,2,0,차대차 - 측면충돌,신호위반,건조,맑음,단일로 - 터널,승용,남,37세,상해없음,승합,남,59세,중상
2019122800100118,2019년 12월 28일 06시,토요일,전라남도 고흥군 풍양면,사망사고,1,0,0,0,차대사람 - 차도통행중,과속,건조,맑음,단일로 - 기타,화물,남,63세,상해없음,보행자,남,60세,사망
2019122800100132,2019년 12월 28일 07시,토요일,전라남도 영광군 법성면,경상사고,0,0,1,0,차대차 - 추돌,안전운전불이행,건조,맑음,단일로 - 기타,화물,남,43세,상해없음,이륜,남,52세,경상
2019122800100183,2019년 12월 28일 10시,토요일,전라남도 영암군 신북면,경상사고,0,0,2,0,차대차 - 추돌,안전운전불이행,건조,맑음,단일로 - 기타,승용,여,54세,경상,승용,여,51세,경상
2019122800100214,2019년 12월 28일 11시,토요일,전라남도 광양시 광양읍,경상사고,0,0,2,0,차대차 - 측면충돌,안전운전불이행,건조,맑음,단일로 - 기타,승용,여,58세,경상,승용,남,60세,경상
2019122800100237,2019년 12월 28일 12시,토요일,전라남도 목포시 석현동,부상신고사고,0,0,0,1,차대사람 - 차도통행중,안전운전불이행,건조,맑음,단일로 - 기타,자전거,남,10세,상해없음,보행자,여,67세,부상신고
2019122800100264,2019년 12월 28일 13시,토요일,전라남도 해남군 계곡면,중상사고,0,1,2,0,차량단독 - 전도전복 - 전도,안전운전불이행,건조,맑음,단일로 - 기타,승용,남,60세,경상,,,,
2019122800100316,2019년 12월 28일 15시,토요일,전라남도 목포시 상동,경상사고,0,0,1,0,차대차 - 측면충돌,안전거리미확보,건조,맑음,교차로 - 교차로안,승용,남,46세,상해없음,승용,남,28세,경상
2019122800100348,2019년 12월 28일 16시,토요일,전라남도 목포시 용해동,경상사고,0,0,1,0,차대사람 - 횡단중,안전운전불이행,건조,맑음,교차로 - 교차로안,화물,남,52세,상해없음,보행자,남,75세,경상
2019122800100349,2019년 12월 28일 16시,토요일,전라남도 여수시 학동,경상사고,0,0,1,0,차대차 - 측면충돌,교차로운행방법위반,건조,맑음,교차로 - 교차로안,승용,여,45세,상해없음,승용,여,59세,경상
2019122800100350,2019년 12월 28일 16시,토요일,전라남도 영광군 법성면,부상신고사고,0,0,0,1,차대차 - 추돌,안전거리미확보,건조,맑음,단일로 - 기타,승용,남,65세,상해없음,승용,남,26세,부상신고
2019122800100351,2019년 12월 28일 16시,토요일,전라남도 영광군 법성면,경상사고,0,0,3,0,차대차 - 측면충돌,안전운전불이행,건조,맑음,단일로 - 기타,승용,남,60세,경상,승용,남,23세,경상
2019122800100388,2019년 12월 28일 17시,토요일,전라남도 여수시 돌산읍,경상사고,0,0,1,0,차대차 - 측면충돌,신호위반,건조,맑음,교차로 - 교차로안,승용,여,23세,상해없음,승용,여,21세,경상
2019122800100389,2019년 12월 28일 17시,토요일,전라남도 여수시 문수동,중상사고,0,1,1,0,차대차 - 기타,차로위반,건조,맑음,교차로 - 교차로안,기타불명,기타불명,미분류,기타불명,승합,남,61세,상해없음
2019122800100390,2019년 12월 28일 17시,토요일,전라남도 순천시 별량면,경상사고,0,0,1,0,차대차 - 추돌,안전운전불이행,건조,맑음,교차로 - 교차로부근,승용,남,65세,상해없음,승용,남,48세,경상
2019122800100431,2019년 12월 28일 18시,토요일,전라남도 목포시 산정동,중상사고,0,1,0,0,차대사람 - 기타,교차로운행방법위반,건조,맑음,교차로 - 교차로안,승용,여,35세,상해없음,보행자,남,63세,중상
2019122800100432,2019년 12월 28일 18시,토요일,전라남도 신안군 압해읍,경상사고,0,0,2,0,차대차 - 정면충돌,중앙선침범,건조,맑음,단일로 - 기타,승용,남,70세,경상,승용,남,35세,경상
2019122800100433,2019년 12월 28일 18시,토요일,전라남도 순천시 조례동,경상사고,0,0,1,0,차대사람 - 횡단중,안전운전불이행,건조,맑음,단일로 - 기타,이륜,남,37세,기타불명,보행자,남,8세,경상
2019122800100434,2019년 12월 28일 18시,토요일,전라남도 영광군 염산면,중상사고,0,2,0,2,차대차 - 측면충돌,직진우회전진행방해,건조,맑음,교차로 - 교차로안,승용,남,53세,상해없음,승용,여,50세,중상
2019122800100470,2019년 12월 28일 19시,토요일,전라남도 순천시 홍내동,경상사고,0,0,1,0,차량단독 - 기타,안전운전불이행,건조,맑음,단일로 - 기타,화물,남,60세,경상,,,,
2019122800100471,2019년 12월 28일 19시,토요일,전라남도 해남군 화산면,중상사고,0,1,0,0,차대사람 - 기타,안전운전불이행,건조,맑음,단일로 - 기타,승용,여,44세,상해없음,보행자,남,87세,중상
2019122800100495,2019년 12월 28일 20시,토요일,전라남도 여수시 문수동,경상사고,0,0,1,0,차대차 - 기타,안전운전불이행,건조,맑음,단일로 - 기타,기타불명,기타불명,미분류,기타불명,승용,남,35세,상해없음
2019122800100496,2019년 12월 28일 20시,토요일,전라남도 순천시 조례동,경상사고,0,0,1,0,차대차 - 기타,안전운전불이행,건조,맑음,교차로 - 교차로안,승합,남,37세,상해없음,승용,남,63세,경상
2019122900100020,2019년 12월 29일 00시,일요일,전라남도 여수시 웅천동,경상사고,0,0,2,0,차대차 - 측면충돌,안전운전불이행,건조,맑음,교차로 - 교차로부근,승용,남,59세,상해없음,승용,남,28세,경상
2019122900100050,2019년 12월 29일 02시,일요일,전라남도 보성군 겸백면,경상사고,0,0,1,0,차대차 - 추돌,안전운전불이행,건조,맑음,단일로 - 기타,승용,남,40세,상해없음,화물,남,41세,경상
2019122900100111,2019년 12월 29일 08시,일요일,전라남도 광양시 봉강면,경상사고,0,0,1,0,차량단독 - 공작물충돌,안전운전불이행,건조,맑음,단일로 - 기타,화물,남,23세,경상,,,,
2019122900100112,2019년 12월 29일 08시,일요일,전라남도 광양시 광양읍,경상사고,0,0,3,0,차대차 - 기타,직진우회전진행방해,건조,맑음,교차로 - 교차로안,승용,남,41세,상해없음,승용,남,77세,경상
2019122900100124,2019년 12월 29일 09시,일요일,전라남도 고흥군 금산면,중상사고,0,1,0,0,차대차 - 측면충돌,신호위반,건조,맑음,교차로 - 교차로안,건설기계,남,62세,상해없음,이륜,남,80세,중상
2019122900100125,2019년 12월 29일 09시,일요일,전라남도 강진군 강진읍,중상사고,0,1,0,0,차대차 - 기타,직진우회전진행방해,건조,맑음,교차로 - 교차로안,승용,남,56세,상해없음,이륜,남,69세,중상
2019122900100155,2019년 12월 29일 11시,일요일,전라남도 목포시 옥암동,중상사고,0,1,3,0,차대차 - 추돌,안전운전불이행,건조,맑음,교차로 - 교차로부근,화물,남,43세,경상,승용,남,49세,중상
2019122900100172,2019년 12월 29일 12시,일요일,전라남도 목포시 용당동,경상사고,0,0,1,0,차대차 - 기타,차로위반,젖음/습기,비,단일로 - 기타,화물,남,71세,상해없음,화물,여,49세,경상
2019122900100188,2019년 12월 29일 13시,일요일,전라남도 목포시 산정동,중상사고,0,1,0,0,차대차 - 기타,직진우회전진행방해,젖음/습기,비,교차로 - 교차로안,이륜,남,40세,중상,승용,남,48세,상해없음
2019122900100207,2019년 12월 29일 14시,일요일,전라남도 목포시 옥암동,중상사고,0,1,2,0,차대차 - 기타,교차로운행방법위반,젖음/습기,비,교차로 - 교차로부근,승용,남,60세,중상,승용,남,31세,상해없음
2019122900100221,2019년 12월 29일 15시,일요일,전라남도 장흥군 장흥읍,경상사고,0,0,1,0,차대차 - 측면충돌,직진우회전진행방해,젖음/습기,비,교차로 - 교차로안,승용,여,64세,상해없음,승용,남,27세,경상
2019122900100262,2019년 12월 29일 17시,일요일,전라남도 순천시 별량면,중상사고,0,1,1,0,차대차 - 측면충돌,안전운전불이행,젖음/습기,비,교차로 - 교차로안,화물,남,72세,중상,승용,남,53세,경상
2019122900100263,2019년 12월 29일 17시,일요일,전라남도 영암군 삼호읍,경상사고,0,0,3,0,차대차 - 추돌,안전운전불이행,젖음/습기,비,단일로 - 기타,이륜,남,37세,경상,승용,여,26세,경상
2019122900100303,2019년 12월 29일 18시,일요일,전라남도 목포시 상락동2가,경상사고,0,0,2,0,차대차 - 측면충돌,안전운전불이행,건조,맑음,단일로 - 기타,승용,여,48세,상해없음,승용,여,58세,경상
2019122900100304,2019년 12월 29일 18시,일요일,전라남도 여수시 웅천동,경상사고,0,0,1,0,차대사람 - 횡단중,안전운전불이행,건조,맑음,교차로 - 교차로안,승용,남,30세,상해없음,보행자,여,29세,경상
2019122900100305,2019년 12월 29일 18시,일요일,전라남도 광양시 광양읍,경상사고,0,0,1,0,차대차 - 기타,직진우회전진행방해,젖음/습기,비,교차로 - 교차로안,승용,남,61세,상해없음,승용,여,61세,경상
2019122900100337,2019년 12월 29일 19시,일요일,전라남도 여수시 봉산동,경상사고,0,0,1,0,차대차 - 측면충돌,차로위반,젖음/습기,비,교차로 - 교차로부근,화물,남,68세,상해없음,이륜,남,18세,경상
2019122900100377,2019년 12월 29일 20시,일요일,전라남도 순천시 장천동,경상사고,0,0,1,0,차대차 - 측면충돌,신호위반,젖음/습기,비,교차로 - 교차로안,승용,남,54세,상해없음,승용,남,41세,경상
2019122900100421,2019년 12월 29일 21시,일요일,전라남도 완도군 완도읍,중상사고,0,1,1,0,차량단독 - 공작물충돌,안전운전불이행,젖음/습기,비,단일로 - 기타,승용,남,51세,경상,,,,
2019122900100444,2019년 12월 29일 22시,일요일,전라남도 순천시 가곡동,경상사고,0,0,1,0,차대사람 - 횡단중,신호위반,건조,맑음,교차로 - 교차로부근,승용,남,41세,상해없음,보행자,여,28세,경상
2019123000100046,2019년 12월 30일 02시,월요일,전라남도 목포시 용당동,경상사고,0,0,1,0,차대차 - 기타,안전운전불이행,건조,맑음,기타 - 기타,승용,남,32세,상해없음,승용,남,67세,기타불명
2019123000100060,2019년 12월 30일 05시,월요일,전라남도 보성군 회천면,중상사고,0,1,0,0,차대사람 - 횡단중,안전운전불이행,건조,흐림,단일로 - 기타,승용,여,54세,상해없음,보행자,여,87세,중상
2019123000100088,2019년 12월 30일 07시,월요일,전라남도 순천시 인제동,경상사고,0,0,2,0,차대차 - 기타,교차로운행방법위반,건조,맑음,교차로 - 교차로안,승용,여,55세,경상,승용,여,62세,경상
2019123000100111,2019년 12월 30일 08시,월요일,전라남도 목포시 옥암동,경상사고,0,0,1,0,차대차 - 기타,안전운전불이행,건조,맑음,교차로 - 교차로안,승용,여,47세,상해없음,승용,남,51세,경상
2019123000100133,2019년 12월 30일 09시,월요일,전라남도 장흥군 대덕읍,중상사고,0,2,4,0,차량단독 - 공작물충돌,안전운전불이행,젖음/습기,비,단일로 - 기타,승합,남,45세,경상,,,,
2019123000100194,2019년 12월 30일 11시,월요일,전라남도 목포시 상동,경상사고,0,0,2,0,차대차 - 기타,교차로운행방법위반,건조,맑음,교차로 - 교차로안,승용,여,57세,경상,승용,남,47세,경상
2019123000100195,2019년 12월 30일 11시,월요일,전라남도 나주시 안창동,경상사고,0,0,2,0,차대차 - 측면충돌,중앙선침범,건조,맑음,단일로 - 기타,화물,남,66세,경상,승용,남,36세,경상
2019123000100196,2019년 12월 30일 11시,월요일,전라남도 나주시 빛가람동,경상사고,0,0,1,0,차대차 - 기타,안전거리미확보,건조,맑음,교차로 - 교차로부근,승용,남,58세,상해없음,이륜,남,53세,경상
2019123000100197,2019년 12월 30일 11시,월요일,전라남도 광양시 중동,경상사고,0,0,1,0,차대사람 - 횡단중,안전운전불이행,건조,맑음,단일로 - 기타,승용,남,78세,상해없음,보행자,남,86세,경상
2019123000100228,2019년 12월 30일 12시,월요일,전라남도 나주시 산포면,경상사고,0,0,1,0,차대차 - 측면충돌,직진우회전진행방해,건조,맑음,교차로 - 교차로안,승용,남,70세,상해없음,화물,남,45세,경상
2019123000100283,2019년 12월 30일 14시,월요일,전라남도 목포시 산정동,경상사고,0,0,1,0,차대차 - 추돌,안전운전불이행,건조,맑음,교차로 - 교차로부근,화물,남,54세,상해없음,화물,남,48세,경상
2019123000100284,2019년 12월 30일 14시,월요일,전라남도 목포시 남교동,경상사고,0,0,2,0,차대차 - 정면충돌,안전운전불이행,건조,맑음,교차로 - 교차로안,승용,여,43세,경상,승용,여,42세,경상
2019123000100285,2019년 12월 30일 14시,월요일,전라남도 여수시 국동,부상신고사고,0,0,0,1,차대차 - 측면충돌,중앙선침범,건조,맑음,단일로 - 기타,승용,여,48세,상해없음,이륜,남,72세,부상신고
2019123000100286,2019년 12월 30일 14시,월요일,전라남도 순천시 조례동,경상사고,0,0,1,0,차대차 - 측면충돌,신호위반,건조,맑음,교차로 - 교차로안,승용,남,70세,상해없음,승용,남,60세,경상
2019123000100353,2019년 12월 30일 16시,월요일,전라남도 순천시 연향동,경상사고,0,0,2,0,차대차 - 후진중충돌,안전운전불이행,건조,맑음,단일로 - 기타,승용,남,39세,상해없음,화물,남,55세,경상
2019123000100394,2019년 12월 30일 17시,월요일,전라남도 여수시 웅천동,경상사고,0,0,2,0,차대차 - 측면충돌,신호위반,건조,맑음,교차로 - 교차로안,승용,남,64세,상해없음,승용,남,47세,경상
2019123000100395,2019년 12월 30일 17시,월요일,전라남도 나주시 봉황면,중상사고,0,1,1,0,차대차 - 측면충돌,중앙선침범,건조,맑음,단일로 - 기타,승용,남,69세,상해없음,승용,남,27세,경상
2019123000100454,2019년 12월 30일 18시,월요일,전라남도 여수시 신기동,경상사고,0,0,1,0,차대차 - 측면충돌,안전거리미확보,건조,맑음,단일로 - 기타,승용,남,21세,상해없음,승용,남,23세,경상
2019123000100455,2019년 12월 30일 18시,월요일,전라남도 순천시 연향동,중상사고,0,1,0,0,차대사람 - 기타,안전운전불이행,건조,맑음,단일로 - 기타,승용,남,62세,상해없음,보행자,남,66세,중상
2019123000100456,2019년 12월 30일 18시,월요일,전라남도 영광군 영광읍,사망사고,1,0,0,0,차대차 - 측면충돌,직진우회전진행방해,건조,맑음,교차로 - 교차로안,승용,남,59세,상해없음,이륜,남,64세,사망
2019123000100506,2019년 12월 30일 19시,월요일,전라남도 영광군 군남면,경상사고,0,0,1,0,차량단독 - 공작물충돌,안전운전불이행,건조,맑음,교차로 - 교차로안,승용,남,47세,경상,,,,
2019123000100507,2019년 12월 30일 19시,월요일,전라남도 광양시 광양읍,경상사고,0,0,1,0,차대차 - 측면충돌,안전거리미확보,건조,맑음,교차로 - 교차로안,승합,남,66세,상해없음,승용,남,26세,경상
2019123000100575,2019년 12월 30일 21시,월요일,전라남도 목포시 용당동,경상사고,0,0,1,0,차대차 - 측면충돌,안전운전불이행,건조,맑음,단일로 - 기타,승용,남,63세,상해없음,승용,여,30세,경상
2019123000100576,2019년 12월 30일 21시,월요일,전라남도 여수시 학동,경상사고,0,0,1,0,차대차 - 추돌,안전운전불이행,건조,맑음,단일로 - 기타,승용,남,39세,상해없음,승용,여,37세,경상
2019123000100600,2019년 12월 30일 22시,월요일,전라남도 순천시 해룡면,경상사고,0,0,1,0,차대차 - 측면충돌,차로위반,건조,맑음,교차로 - 교차로부근,승용,남,54세,상해없음,이륜,남,27세,경상
2019123000100601,2019년 12월 30일 22시,월요일,전라남도 영암군 삼호읍,중상사고,0,1,0,0,차대사람 - 차도통행중,안전운전불이행,건조,흐림,교차로 - 교차로안,승용,남,48세,상해없음,보행자,남,71세,중상
2019123100100127,2019년 12월 31일 08시,화요일,전라남도 담양군 수북면,경상사고,0,0,1,0,차대차 - 정면충돌,안전운전불이행,건조,맑음,단일로 - 교량,승용,남,42세,상해없음,화물,남,69세,상해없음
2019123100100128,2019년 12월 31일 08시,화요일,전라남도 광양시 마동,경상사고,0,0,1,0,차대차 - 측면충돌,안전운전불이행,건조,맑음,교차로 - 교차로부근,특수,남,69세,기타불명,승용,남,26세,경상
2019123100100151,2019년 12월 31일 09시,화요일,전라남도 여수시 웅천동,경상사고,0,0,1,0,차대차 - 측면충돌,안전운전불이행,건조,맑음,단일로 - 기타,화물,남,71세,상해없음,승용,남,42세,경상
2019123100100205,2019년 12월 31일 11시,화요일,전라남도 영암군 시종면,경상사고,0,0,1,0,차대사람 - 기타,안전운전불이행,젖음/습기,흐림,기타 - 기타,기타불명,기타불명,미분류,기타불명,보행자,남,59세,경상
2019123100100206,2019년 12월 31일 11시,화요일,전라남도 광양시 광양읍,중상사고,0,1,1,0,차대차 - 기타,불법유턴,건조,맑음,교차로 - 교차로부근,화물,남,50세,경상,승용,여,42세,중상
2019123100100265,2019년 12월 31일 13시,화요일,전라남도 여수시 봉산동,중상사고,0,1,0,0,차대차 - 측면충돌,차로위반,건조,맑음,단일로 - 기타,화물,남,46세,상해없음,원동기,남,78세,중상
2019123100100266,2019년 12월 31일 13시,화요일,전라남도 순천시 연향동,중상사고,0,1,0,0,차대사람 - 차도통행중,신호위반,건조,맑음,교차로 - 교차로안,화물,여,40세,상해없음,보행자,남,64세,중상
2019123100100267,2019년 12월 31일 13시,화요일,전라남도 순천시 가곡동,경상사고,0,0,2,0,차대차 - 기타,직진우회전진행방해,건조,맑음,교차로 - 교차로안,승용,여,48세,경상,승합,남,47세,경상
2019123100100268,2019년 12월 31일 13시,화요일,전라남도 순천시 홍내동,경상사고,0,0,1,0,차대차 - 기타,교차로운행방법위반,건조,맑음,단일로 - 교량,승용,남,48세,상해없음,승용,남,62세,경상
2019123100100308,2019년 12월 31일 14시,화요일,전라남도 목포시 용해동,경상사고,0,0,4,0,차대차 - 추돌,안전거리미확보,건조,맑음,교차로 - 교차로부근,승용,남,60세,경상,승용,여,52세,경상
2019123100100309,2019년 12월 31일 14시,화요일,전라남도 순천시 연향동,경상사고,0,0,1,0,차대차 - 기타,안전운전불이행,건조,맑음,단일로 - 기타,승용,남,57세,상해없음,원동기,남,33세,경상
2019123100100310,2019년 12월 31일 14시,화요일,전라남도 순천시 풍덕동,중상사고,0,1,0,0,차대차 - 측면충돌,안전운전불이행,건조,맑음,단일로 - 기타,승용,남,43세,상해없음,이륜,남,18세,중상
2019123100100336,2019년 12월 31일 15시,화요일,전라남도 순천시 조례동,경상사고,0,0,1,0,차대사람 - 기타,안전운전불이행,건조,맑음,단일로 - 기타,승용,남,33세,상해없음,보행자,남,70세,경상
2019123100100337,2019년 12월 31일 15시,화요일,전라남도 장성군 북일면,경상사고,0,0,3,0,차대차 - 기타,안전운전불이행,건조,맑음,단일로 - 기타,승용,기타불명,미분류,기타불명,승용,남,28세,경상
2019123100100378,2019년 12월 31일 16시,화요일,전라남도 해남군 북일면,경상사고,0,0,1,0,차대차 - 추돌,안전운전불이행,건조,맑음,교차로 - 교차로부근,승합,기타불명,미분류,기타불명,승용,여,56세,경상
2019123100100409,2019년 12월 31일 17시,화요일,전라남도 장성군 북이면,경상사고,0,0,1,0,차대차 - 측면충돌,신호위반,건조,맑음,단일로 - 터널,승용,남,49세,상해없음,승용,남,27세,경상
2019123100100467,2019년 12월 31일 18시,화요일,전라남도 여수시 둔덕동,경상사고,0,0,2,0,차대차 - 추돌,안전운전불이행,건조,맑음,단일로 - 기타,승용,남,72세,상해없음,승용,남,26세,경상
2019123100100468,2019년 12월 31일 18시,화요일,전라남도 여수시 신기동,경상사고,0,0,4,0,차대차 - 추돌,안전운전불이행,건조,맑음,단일로 - 기타,승용,남,70세,상해없음,승용,남,36세,경상
2019123100100469,2019년 12월 31일 18시,화요일,전라남도 나주시 이창동,경상사고,0,0,3,0,차대차 - 추돌,안전운전불이행,건조,맑음,교차로 - 교차로부근,화물,남,56세,상해없음,승용,남,47세,경상
2019123100100470,2019년 12월 31일 18시,화요일,전라남도 광양시 중동,중상사고,0,1,0,0,차대차 - 정면충돌,신호위반,건조,맑음,교차로 - 교차로안,승용,남,54세,상해없음,이륜,남,36세,중상
2019123100100523,2019년 12월 31일 19시,화요일,전라남도 여수시 신기동,경상사고,0,0,1,0,차대사람 - 횡단중,신호위반,건조,맑음,교차로 - 교차로횡단보도내,승용,여,32세,상해없음,보행자,여,32세,경상
2019123100100524,2019년 12월 31일 19시,화요일,전라남도 여수시 선원동,경상사고,0,0,1,0,차대차 - 정면충돌,중앙선침범,건조,맑음,단일로 - 기타,승용,남,19세,상해없음,이륜,남,24세,경상
2019123100100564,2019년 12월 31일 20시,화요일,전라남도 보성군 보성읍,경상사고,0,0,6,0,차대차 - 추돌,안전운전불이행,건조,맑음,단일로 - 기타,승용,남,39세,상해없음,승용,남,57세,경상
2019123100100565,2019년 12월 31일 20시,화요일,전라남도 영암군 삼호읍,경상사고,0,0,2,0,차대차 - 측면충돌,신호위반,건조,맑음,교차로 - 교차로안,화물,남,58세,경상,승용,남,62세,경상
2019123100100641,2019년 12월 31일 23시,화요일,전라남도 영암군 삼호읍,부상신고사고,0,0,0,1,차대차 - 기타,안전운전불이행,건조,맑음,단일로 - 기타,기타불명,기타불명,미분류,기타불명,승용,남,52세,상해없음